2025-07-16 10:00:49,619 - Process Job Mp: worker_3 - INFO - Process Job Mp: AST Toolbox imported successfully in worker.
2025-07-16 10:00:49,620 - Process Job Mp: worker_3 - DEBUG - Process Job Mp: Job Parameters: ['South_Coast', '\\\\spatialfiles.bcgov\\work\\srm\\nel\\Local\\Geomatics\\Workarea\\csostad\\Statusing\\v3 4 JOBS\\636\\636.shp', '', '', '', '\\\\spatialfiles.bcgov\\work\\srm\\nel\\Local\\Geomatics\\Workarea\\csostad\\Statusing\\v3 4 JOBS\\outputs\\636', False, False, False, False, False, True]
2025-07-16 10:00:49,620 - Process Job Mp: worker_3 - INFO - Process Job Mp: Running MakeAutomatedStatusSpreadsheet_ast...
2025-07-16 10:00:50,805 - root - INFO - Logger initialized
2025-07-16 10:00:51,744 - root - ERROR - Failed to import tools
Traceback (most recent call last):
  File "P:\corp\central_clones\python_geopandas\lib\site-packages\XTools Pro\esri\toolboxes\XTools Pro.pyt", line 95, in <module>
    from Tools.FeaturesToPointsTool import *
  File "E:\sw_nt\XTools\XTools AGP\Python\Tools\FeaturesToPointsTool.py", line 1, in <module>
    from Tools.BaseTool import BaseTool
  File "E:\sw_nt\XTools\XTools AGP\Python\Tools\BaseTool.py", line 7, in <module>
    from Scripts.Base.PythonCancelTracker import PythonCancelTracker
  File "E:\sw_nt\XTools\XTools AGP\Python\Scripts\Base\PythonCancelTracker.py", line 20, in <module>
    from XTools.XToolsAGP.Core import ICancelTracker
ModuleNotFoundError: No module named 'XTools'
2025-07-16 10:00:51,749 - root - ERROR - No module named 'XTools'
Traceback (most recent call last):
  File "P:\corp\central_clones\python_geopandas\lib\site-packages\XTools Pro\esri\toolboxes\XTools Pro.pyt", line 95, in <module>
    from Tools.FeaturesToPointsTool import *
  File "E:\sw_nt\XTools\XTools AGP\Python\Tools\FeaturesToPointsTool.py", line 1, in <module>
    from Tools.BaseTool import BaseTool
  File "E:\sw_nt\XTools\XTools AGP\Python\Tools\BaseTool.py", line 7, in <module>
    from Scripts.Base.PythonCancelTracker import PythonCancelTracker
  File "E:\sw_nt\XTools\XTools AGP\Python\Scripts\Base\PythonCancelTracker.py", line 20, in <module>
    from XTools.XToolsAGP.Core import ICancelTracker
ModuleNotFoundError: No module named 'XTools'
2025-07-16 10:20:36,791 - fiona.session - DEBUG - Could not import boto3, continuing with reduced functionality.
2025-07-16 10:20:36,795 - fiona.env - DEBUG - PROJ data found in package: path='P:\\corp\\central_clones\\python_geopandas\\Lib\\site-packages\\fiona\\proj_data'.
2025-07-16 10:20:36,841 - fiona._env - DEBUG - GDAL_DATA found in environment.
2025-07-16 10:20:36,842 - fiona._env - DEBUG - PROJ data found in package: path='P:\\corp\\central_clones\\python_geopandas\\Lib\\site-packages\\fiona\\proj_data'.
2025-07-16 10:20:37,604 - HTMLGenerator - INFO - [INFO] Starting HTML map generation process.
2025-07-16 10:20:37,605 - HTMLGenerator - INFO - [TIMER] Starting: Reading input xlsxs
2025-07-16 10:20:37,874 - HTMLGenerator - INFO - [TIMER] Finished: Reading input xlsxs in 0.17 sec | Mem: 1020.30 MB (+1.99 MB) | CPU: 0.00%
2025-07-16 10:20:37,875 - HTMLGenerator - INFO - [TIMER] Starting: Reading AOI layer
2025-07-16 10:20:37,910 - fiona._env - DEBUG - GDAL_DATA found in environment.
2025-07-16 10:20:37,911 - fiona._env - DEBUG - PROJ data found in package: path='P:\\corp\\central_clones\\python_geopandas\\Lib\\site-packages\\fiona\\proj_data'.
2025-07-16 10:20:40,356 - fiona._env - WARNING - PROJ: proj_identify: P:\corp\central_clones\python_geopandas\Lib\site-packages\fiona\proj_data\proj.db contains DATABASE.LAYOUT.VERSION.MINOR = 2 whereas a number >= 3 is expected. It comes from another PROJ installation.
2025-07-16 10:20:46,202 - fiona._env - WARNING - PROJ: proj_identify: P:\corp\central_clones\python_geopandas\Lib\site-packages\fiona\proj_data\proj.db contains DATABASE.LAYOUT.VERSION.MINOR = 2 whereas a number >= 3 is expected. It comes from another PROJ installation.
2025-07-16 10:20:46,426 - fiona._env - WARNING - PROJ: proj_identify: P:\corp\central_clones\python_geopandas\Lib\site-packages\fiona\proj_data\proj.db contains DATABASE.LAYOUT.VERSION.MINOR = 2 whereas a number >= 3 is expected. It comes from another PROJ installation.
2025-07-16 10:20:47,127 - fiona._env - DEBUG - GDAL_DATA found in environment.
2025-07-16 10:20:47,129 - fiona._env - DEBUG - PROJ data found in package: path='P:\\corp\\central_clones\\python_geopandas\\Lib\\site-packages\\fiona\\proj_data'.
2025-07-16 10:20:47,129 - fiona.ogrext - DEBUG - Got coordinate system
2025-07-16 10:20:47,141 - fiona.ogrext - DEBUG - Got coordinate system
2025-07-16 10:20:47,173 - fiona._env - WARNING - PROJ: proj_identify: P:\corp\central_clones\python_geopandas\Lib\site-packages\fiona\proj_data\proj.db contains DATABASE.LAYOUT.VERSION.MINOR = 2 whereas a number >= 3 is expected. It comes from another PROJ installation.
2025-07-16 10:20:47,174 - fiona.ogrext - DEBUG - OLC_FASTSETNEXTBYINDEX: 1
2025-07-16 10:20:47,174 - fiona.ogrext - DEBUG - OLC_FASTFEATURECOUNT: 1
2025-07-16 10:20:47,174 - fiona.ogrext - DEBUG - Next index: 0
2025-07-16 10:20:47,174 - fiona.ogrext - DEBUG - Next index: 1
2025-07-16 10:20:47,213 - fiona.collection - DEBUG - Flushed buffer
2025-07-16 10:20:47,215 - fiona.collection - DEBUG - Stopped session
2025-07-16 10:20:47,316 - HTMLGenerator - INFO - [TIMER] Finished: Reading AOI layer in 9.34 sec | Mem: 1023.16 MB (+2.86 MB) | CPU: 0.00%
2025-07-16 10:20:47,316 - HTMLGenerator - INFO - [TIMER] Starting: Creating all Buffers
2025-07-16 10:20:47,446 - HTMLGenerator - INFO - [TIMER] Finished: Creating all Buffers in 0.03 sec | Mem: 1023.66 MB (+0.50 MB) | CPU: 0.00%
2025-07-16 10:20:47,447 - HTMLGenerator - INFO - [TIMER] Starting: Getting total bounds
2025-07-16 10:20:47,588 - HTMLGenerator - INFO - [TIMER] Finished: Getting total bounds in 0.04 sec | Mem: 1024.38 MB (+0.73 MB) | CPU: 0.00%
2025-07-16 10:20:47,588 - HTMLGenerator - INFO - [TIMER] Starting: Create Map Template and fit to bounding box
2025-07-16 10:20:47,727 - HTMLGenerator - INFO - [TIMER] Finished: Create Map Template and fit to bounding box in 0.04 sec | Mem: 1024.40 MB (+0.02 MB) | CPU: 0.00%
2025-07-16 10:20:47,728 - HTMLGenerator - INFO - [TIMER] Starting: Add AOI to All-layers Map
2025-07-16 10:20:47,840 - HTMLGenerator - INFO - [TIMER] Finished: Add AOI to All-layers Map in 0.01 sec | Mem: 1024.44 MB (+0.04 MB) | CPU: 0.00%
2025-07-16 10:20:47,840 - HTMLGenerator - INFO - [TIMER] Starting: Add Buffers to All-layers Map
2025-07-16 10:20:47,981 - HTMLGenerator - INFO - [TIMER] Finished: Add Buffers to All-layers Map in 0.04 sec | Mem: 1024.48 MB (+0.04 MB) | CPU: 0.00%
2025-07-16 10:20:47,982 - HTMLGenerator - INFO - [TIMER] Starting: Acquire Categories and list of feature classes
2025-07-16 10:20:48,006 - fiona._env - DEBUG - GDAL_DATA found in environment.
2025-07-16 10:20:48,007 - fiona._env - DEBUG - PROJ data found in package: path='P:\\corp\\central_clones\\python_geopandas\\Lib\\site-packages\\fiona\\proj_data'.
2025-07-16 10:20:49,964 - fiona._env - WARNING - PROJ: proj_identify: P:\corp\central_clones\python_geopandas\Lib\site-packages\fiona\proj_data\proj.db contains DATABASE.LAYOUT.VERSION.MINOR = 2 whereas a number >= 3 is expected. It comes from another PROJ installation.
2025-07-16 10:20:55,380 - fiona._env - WARNING - PROJ: proj_identify: P:\corp\central_clones\python_geopandas\Lib\site-packages\fiona\proj_data\proj.db contains DATABASE.LAYOUT.VERSION.MINOR = 2 whereas a number >= 3 is expected. It comes from another PROJ installation.
2025-07-16 10:20:55,592 - fiona._env - WARNING - PROJ: proj_identify: P:\corp\central_clones\python_geopandas\Lib\site-packages\fiona\proj_data\proj.db contains DATABASE.LAYOUT.VERSION.MINOR = 2 whereas a number >= 3 is expected. It comes from another PROJ installation.
2025-07-16 10:20:56,370 - HTMLGenerator - INFO - [TIMER] Finished: Acquire Categories and list of feature classes in 8.29 sec | Mem: 1024.47 MB (-0.00 MB) | CPU: 0.00%
2025-07-16 10:20:56,373 - HTMLGenerator - INFO - [TIMER] Starting: Acquire geodataframe for Crossed_by_River_or_Creek_FWA
2025-07-16 10:20:56,398 - fiona._env - DEBUG - GDAL_DATA found in environment.
2025-07-16 10:20:56,400 - fiona._env - DEBUG - PROJ data found in package: path='P:\\corp\\central_clones\\python_geopandas\\Lib\\site-packages\\fiona\\proj_data'.
2025-07-16 10:20:58,487 - fiona._env - WARNING - PROJ: proj_identify: P:\corp\central_clones\python_geopandas\Lib\site-packages\fiona\proj_data\proj.db contains DATABASE.LAYOUT.VERSION.MINOR = 2 whereas a number >= 3 is expected. It comes from another PROJ installation.
2025-07-16 10:21:06,188 - fiona._env - WARNING - PROJ: proj_identify: P:\corp\central_clones\python_geopandas\Lib\site-packages\fiona\proj_data\proj.db contains DATABASE.LAYOUT.VERSION.MINOR = 2 whereas a number >= 3 is expected. It comes from another PROJ installation.
2025-07-16 10:21:06,487 - fiona._env - WARNING - PROJ: proj_identify: P:\corp\central_clones\python_geopandas\Lib\site-packages\fiona\proj_data\proj.db contains DATABASE.LAYOUT.VERSION.MINOR = 2 whereas a number >= 3 is expected. It comes from another PROJ installation.
2025-07-16 10:21:07,527 - fiona._env - DEBUG - GDAL_DATA found in environment.
2025-07-16 10:21:07,528 - fiona._env - DEBUG - PROJ data found in package: path='P:\\corp\\central_clones\\python_geopandas\\Lib\\site-packages\\fiona\\proj_data'.
2025-07-16 10:21:07,529 - fiona.ogrext - DEBUG - Got coordinate system
2025-07-16 10:21:07,545 - fiona.ogrext - DEBUG - Got coordinate system
2025-07-16 10:21:07,581 - fiona._env - WARNING - PROJ: proj_identify: P:\corp\central_clones\python_geopandas\Lib\site-packages\fiona\proj_data\proj.db contains DATABASE.LAYOUT.VERSION.MINOR = 2 whereas a number >= 3 is expected. It comes from another PROJ installation.
2025-07-16 10:21:07,582 - fiona.ogrext - DEBUG - OLC_FASTSETNEXTBYINDEX: 1
2025-07-16 10:21:07,582 - fiona.ogrext - DEBUG - OLC_FASTFEATURECOUNT: 1
2025-07-16 10:21:07,582 - fiona.ogrext - DEBUG - Next index: 0
2025-07-16 10:21:07,582 - fiona.ogrext - DEBUG - Next index: 1
2025-07-16 10:21:07,584 - fiona.ogrext - DEBUG - Next index: 2
2025-07-16 10:21:07,634 - fiona.collection - DEBUG - Flushed buffer
2025-07-16 10:21:07,636 - fiona.collection - DEBUG - Stopped session
2025-07-16 10:21:07,737 - HTMLGenerator - INFO - [TIMER] Finished: Acquire geodataframe for Crossed_by_River_or_Creek_FWA in 11.26 sec | Mem: 1024.52 MB (+0.04 MB) | CPU: 0.00%
2025-07-16 10:21:07,738 - HTMLGenerator - INFO - [TIMER] Starting: Acquire geometry for Crossed_by_River_or_Creek_FWA
2025-07-16 10:21:07,841 - HTMLGenerator - INFO - [TIMER] Finished: Acquire geometry for Crossed_by_River_or_Creek_FWA in 0.00 sec | Mem: 1024.54 MB (+0.02 MB) | CPU: 0.00%
2025-07-16 10:21:07,842 - HTMLGenerator - INFO - [TIMER] Starting: Convert Columns to strings
2025-07-16 10:21:07,951 - HTMLGenerator - INFO - [TIMER] Finished: Convert Columns to strings in 0.01 sec | Mem: 1024.54 MB (+0.00 MB) | CPU: 0.00%
2025-07-16 10:21:07,952 - HTMLGenerator - INFO - [TIMER] Starting: Acquire field data from spreadsheet; build out fields to summarize for popups
2025-07-16 10:21:08,054 - HTMLGenerator - INFO - [TIMER] Finished: Acquire field data from spreadsheet; build out fields to summarize for popups in 0.00 sec | Mem: 1024.55 MB (+0.00 MB) | CPU: 0.00%
2025-07-16 10:21:08,055 - HTMLGenerator - INFO - [TIMER] Starting: Get all popup fields and format
2025-07-16 10:21:08,159 - HTMLGenerator - INFO - [TIMER] Finished: Get all popup fields and format in 0.00 sec | Mem: 1024.55 MB (+0.00 MB) | CPU: 0.00%
2025-07-16 10:21:08,160 - HTMLGenerator - INFO - [TIMER] Starting: Determine all values and symbology to show in legend and map.
2025-07-16 10:21:08,264 - HTMLGenerator - INFO - [TIMER] Finished: Determine all values and symbology to show in legend and map. in 0.00 sec | Mem: 1024.58 MB (+0.03 MB) | CPU: 0.00%
2025-07-16 10:21:08,265 - HTMLGenerator - INFO - [TIMER] Starting: Get total bounds for the layer and set up map template.
2025-07-16 10:21:08,394 - HTMLGenerator - INFO - [TIMER] Finished: Get total bounds for the layer and set up map template. in 0.03 sec | Mem: 1024.61 MB (+0.03 MB) | CPU: 0.00%
2025-07-16 10:21:08,395 - HTMLGenerator - INFO - [TIMER] Starting: Create feature class layer and add to individual group and map
2025-07-16 10:21:08,509 - HTMLGenerator - INFO - [TIMER] Finished: Create feature class layer and add to individual group and map in 0.01 sec | Mem: 1024.61 MB (+0.00 MB) | CPU: 0.00%
2025-07-16 10:21:08,510 - HTMLGenerator - INFO - [TIMER] Starting: Create AOI layer and add to map
2025-07-16 10:21:08,662 - HTMLGenerator - INFO - [TIMER] Finished: Create AOI layer and add to map in 0.05 sec | Mem: 1024.71 MB (+0.10 MB) | CPU: 0.00%
2025-07-16 10:21:08,663 - HTMLGenerator - INFO - [TIMER] Starting: Generate tooltip fields
2025-07-16 10:21:08,765 - HTMLGenerator - INFO - [TIMER] Finished: Generate tooltip fields in 0.00 sec | Mem: 1024.71 MB (+0.00 MB) | CPU: 0.00%
2025-07-16 10:21:08,766 - HTMLGenerator - INFO - [TIMER] Starting: Create a feature group in the layers list to house all unique values
2025-07-16 10:21:08,880 - HTMLGenerator - INFO - [TIMER] Finished: Create a feature group in the layers list to house all unique values in 0.01 sec | Mem: 1024.72 MB (+0.01 MB) | CPU: 0.00%
2025-07-16 10:21:08,881 - HTMLGenerator - INFO - [TIMER] Starting: Create popup for each layer with overlap reporting
2025-07-16 10:21:09,002 - HTMLGenerator - INFO - [TIMER] Finished: Create popup for each layer with overlap reporting in 0.02 sec | Mem: 1024.74 MB (+0.02 MB) | CPU: 0.00%
2025-07-16 10:21:09,003 - HTMLGenerator - INFO - [TIMER] Starting: Create legend HTML for individual maps
2025-07-16 10:21:09,104 - HTMLGenerator - INFO - [TIMER] Finished: Create legend HTML for individual maps in 0.00 sec | Mem: 1024.75 MB (+0.00 MB) | CPU: 0.00%
2025-07-16 10:21:09,105 - HTMLGenerator - INFO - [TIMER] Starting: Add layer control for individual maps
2025-07-16 10:21:09,206 - HTMLGenerator - INFO - [TIMER] Finished: Add layer control for individual maps in 0.00 sec | Mem: 1024.75 MB (+0.00 MB) | CPU: 0.00%
2025-07-16 10:21:09,206 - HTMLGenerator - INFO - [TIMER] Starting: Add grouped layer control for individual maps; AOI, feature class
2025-07-16 10:21:09,308 - HTMLGenerator - INFO - [TIMER] Finished: Add grouped layer control for individual maps; AOI, feature class in 0.00 sec | Mem: 1024.75 MB (+0.00 MB) | CPU: 0.00%
2025-07-16 10:21:09,309 - HTMLGenerator - INFO - [TIMER] Starting: Save ind. map and cleanup
2025-07-16 10:21:09,495 - HTMLGenerator - INFO - [TIMER] Finished: Save ind. map and cleanup in 0.08 sec | Mem: 1024.87 MB (+0.12 MB) | CPU: 0.00%
2025-07-16 10:21:09,496 - HTMLGenerator - INFO - [TIMER] Starting: Acquire geodataframe for Crossed_by_River_or_Creek_TRIM
2025-07-16 10:21:09,526 - fiona._env - DEBUG - GDAL_DATA found in environment.
2025-07-16 10:21:09,528 - fiona._env - DEBUG - PROJ data found in package: path='P:\\corp\\central_clones\\python_geopandas\\Lib\\site-packages\\fiona\\proj_data'.
2025-07-16 10:21:11,676 - fiona._env - WARNING - PROJ: proj_identify: P:\corp\central_clones\python_geopandas\Lib\site-packages\fiona\proj_data\proj.db contains DATABASE.LAYOUT.VERSION.MINOR = 2 whereas a number >= 3 is expected. It comes from another PROJ installation.
2025-07-16 10:21:18,948 - fiona._env - WARNING - PROJ: proj_identify: P:\corp\central_clones\python_geopandas\Lib\site-packages\fiona\proj_data\proj.db contains DATABASE.LAYOUT.VERSION.MINOR = 2 whereas a number >= 3 is expected. It comes from another PROJ installation.
2025-07-16 10:21:19,294 - fiona._env - WARNING - PROJ: proj_identify: P:\corp\central_clones\python_geopandas\Lib\site-packages\fiona\proj_data\proj.db contains DATABASE.LAYOUT.VERSION.MINOR = 2 whereas a number >= 3 is expected. It comes from another PROJ installation.
2025-07-16 10:21:20,490 - fiona._env - DEBUG - GDAL_DATA found in environment.
2025-07-16 10:21:20,491 - fiona._env - DEBUG - PROJ data found in package: path='P:\\corp\\central_clones\\python_geopandas\\Lib\\site-packages\\fiona\\proj_data'.
2025-07-16 10:21:20,492 - fiona.ogrext - DEBUG - Got coordinate system
2025-07-16 10:21:20,508 - fiona.ogrext - DEBUG - Got coordinate system
2025-07-16 10:21:20,537 - fiona._env - WARNING - PROJ: proj_identify: P:\corp\central_clones\python_geopandas\Lib\site-packages\fiona\proj_data\proj.db contains DATABASE.LAYOUT.VERSION.MINOR = 2 whereas a number >= 3 is expected. It comes from another PROJ installation.
2025-07-16 10:21:20,537 - fiona.ogrext - DEBUG - OLC_FASTSETNEXTBYINDEX: 1
2025-07-16 10:21:20,537 - fiona.ogrext - DEBUG - OLC_FASTFEATURECOUNT: 1
2025-07-16 10:21:20,537 - fiona.ogrext - DEBUG - Next index: 0
2025-07-16 10:21:20,538 - fiona.ogrext - DEBUG - Next index: 1
2025-07-16 10:21:20,539 - fiona.ogrext - DEBUG - Next index: 2
2025-07-16 10:21:20,541 - fiona.ogrext - DEBUG - Next index: 3
2025-07-16 10:21:20,542 - fiona.ogrext - DEBUG - Next index: 4
2025-07-16 10:21:20,582 - fiona.collection - DEBUG - Flushed buffer
2025-07-16 10:21:20,584 - fiona.collection - DEBUG - Stopped session
2025-07-16 10:21:20,684 - HTMLGenerator - INFO - [TIMER] Finished: Acquire geodataframe for Crossed_by_River_or_Creek_TRIM in 11.09 sec | Mem: 1024.91 MB (+0.04 MB) | CPU: 0.00%
2025-07-16 10:21:20,685 - HTMLGenerator - INFO - [TIMER] Starting: Acquire geometry for Crossed_by_River_or_Creek_TRIM
2025-07-16 10:21:20,786 - HTMLGenerator - INFO - [TIMER] Finished: Acquire geometry for Crossed_by_River_or_Creek_TRIM in 0.00 sec | Mem: 1024.91 MB (+0.00 MB) | CPU: 0.00%
2025-07-16 10:21:20,787 - HTMLGenerator - INFO - [TIMER] Starting: Convert Columns to strings
2025-07-16 10:21:20,899 - HTMLGenerator - INFO - [TIMER] Finished: Convert Columns to strings in 0.01 sec | Mem: 1024.92 MB (+0.00 MB) | CPU: 0.00%
2025-07-16 10:21:20,900 - HTMLGenerator - INFO - [TIMER] Starting: Acquire field data from spreadsheet; build out fields to summarize for popups
2025-07-16 10:21:21,002 - HTMLGenerator - INFO - [TIMER] Finished: Acquire field data from spreadsheet; build out fields to summarize for popups in 0.00 sec | Mem: 1024.92 MB (+0.00 MB) | CPU: 0.00%
2025-07-16 10:21:21,003 - HTMLGenerator - INFO - [TIMER] Starting: Get all popup fields and format
2025-07-16 10:21:21,109 - HTMLGenerator - INFO - [TIMER] Finished: Get all popup fields and format in 0.01 sec | Mem: 1024.92 MB (+0.00 MB) | CPU: 0.00%
2025-07-16 10:21:21,110 - HTMLGenerator - INFO - [TIMER] Starting: Determine all values and symbology to show in legend and map.
2025-07-16 10:21:21,211 - HTMLGenerator - INFO - [TIMER] Finished: Determine all values and symbology to show in legend and map. in 0.00 sec | Mem: 1024.92 MB (+0.00 MB) | CPU: 0.00%
2025-07-16 10:21:21,212 - HTMLGenerator - INFO - [TIMER] Starting: Get total bounds for the layer and set up map template.
2025-07-16 10:21:21,342 - HTMLGenerator - INFO - [TIMER] Finished: Get total bounds for the layer and set up map template. in 0.03 sec | Mem: 1024.97 MB (+0.05 MB) | CPU: 0.00%
2025-07-16 10:21:21,343 - HTMLGenerator - INFO - [TIMER] Starting: Create feature class layer and add to individual group and map
2025-07-16 10:21:21,455 - HTMLGenerator - INFO - [TIMER] Finished: Create feature class layer and add to individual group and map in 0.01 sec | Mem: 1024.97 MB (+0.00 MB) | CPU: 0.00%
2025-07-16 10:21:21,464 - HTMLGenerator - INFO - [TIMER] Starting: Create AOI layer and add to map
2025-07-16 10:21:21,635 - HTMLGenerator - INFO - [TIMER] Finished: Create AOI layer and add to map in 0.07 sec | Mem: 1025.14 MB (+0.16 MB) | CPU: 0.00%
2025-07-16 10:21:21,636 - HTMLGenerator - INFO - [TIMER] Starting: Generate tooltip fields
2025-07-16 10:21:21,739 - HTMLGenerator - INFO - [TIMER] Finished: Generate tooltip fields in 0.00 sec | Mem: 1025.14 MB (+0.00 MB) | CPU: 0.00%
2025-07-16 10:21:21,740 - HTMLGenerator - INFO - [TIMER] Starting: Create a feature group in the layers list to house all unique values
2025-07-16 10:21:21,858 - HTMLGenerator - INFO - [TIMER] Finished: Create a feature group in the layers list to house all unique values in 0.02 sec | Mem: 1025.17 MB (+0.03 MB) | CPU: 0.00%
2025-07-16 10:21:21,859 - HTMLGenerator - INFO - [TIMER] Starting: Create popup for each layer with overlap reporting
2025-07-16 10:21:21,984 - HTMLGenerator - INFO - [TIMER] Finished: Create popup for each layer with overlap reporting in 0.02 sec | Mem: 1025.21 MB (+0.05 MB) | CPU: 0.00%
2025-07-16 10:21:21,985 - HTMLGenerator - INFO - [TIMER] Starting: Create legend HTML for individual maps
2025-07-16 10:21:22,087 - HTMLGenerator - INFO - [TIMER] Finished: Create legend HTML for individual maps in 0.00 sec | Mem: 1025.21 MB (+0.00 MB) | CPU: 0.00%
2025-07-16 10:21:22,088 - HTMLGenerator - INFO - [TIMER] Starting: Add layer control for individual maps
2025-07-16 10:21:22,189 - HTMLGenerator - INFO - [TIMER] Finished: Add layer control for individual maps in 0.00 sec | Mem: 1025.21 MB (+0.00 MB) | CPU: 0.00%
2025-07-16 10:21:22,190 - HTMLGenerator - INFO - [TIMER] Starting: Add grouped layer control for individual maps; AOI, feature class
2025-07-16 10:21:22,291 - HTMLGenerator - INFO - [TIMER] Finished: Add grouped layer control for individual maps; AOI, feature class in 0.00 sec | Mem: 1025.21 MB (+0.00 MB) | CPU: 0.00%
2025-07-16 10:21:22,292 - HTMLGenerator - INFO - [TIMER] Starting: Save ind. map and cleanup
2025-07-16 10:21:22,467 - HTMLGenerator - INFO - [TIMER] Finished: Save ind. map and cleanup in 0.07 sec | Mem: 1025.30 MB (+0.09 MB) | CPU: 0.00%
2025-07-16 10:21:22,468 - HTMLGenerator - INFO - [TIMER] Starting: Acquire geodataframe for Crossed_by_Road_or_Highway_DRA
2025-07-16 10:21:22,497 - fiona._env - DEBUG - GDAL_DATA found in environment.
2025-07-16 10:21:22,499 - fiona._env - DEBUG - PROJ data found in package: path='P:\\corp\\central_clones\\python_geopandas\\Lib\\site-packages\\fiona\\proj_data'.
2025-07-16 10:21:24,538 - fiona._env - WARNING - PROJ: proj_identify: P:\corp\central_clones\python_geopandas\Lib\site-packages\fiona\proj_data\proj.db contains DATABASE.LAYOUT.VERSION.MINOR = 2 whereas a number >= 3 is expected. It comes from another PROJ installation.
2025-07-16 10:21:32,072 - fiona._env - WARNING - PROJ: proj_identify: P:\corp\central_clones\python_geopandas\Lib\site-packages\fiona\proj_data\proj.db contains DATABASE.LAYOUT.VERSION.MINOR = 2 whereas a number >= 3 is expected. It comes from another PROJ installation.
2025-07-16 10:21:32,384 - fiona._env - WARNING - PROJ: proj_identify: P:\corp\central_clones\python_geopandas\Lib\site-packages\fiona\proj_data\proj.db contains DATABASE.LAYOUT.VERSION.MINOR = 2 whereas a number >= 3 is expected. It comes from another PROJ installation.
2025-07-16 10:21:33,342 - fiona._env - DEBUG - GDAL_DATA found in environment.
2025-07-16 10:21:33,344 - fiona._env - DEBUG - PROJ data found in package: path='P:\\corp\\central_clones\\python_geopandas\\Lib\\site-packages\\fiona\\proj_data'.
2025-07-16 10:21:33,344 - fiona.ogrext - DEBUG - Got coordinate system
2025-07-16 10:21:33,360 - fiona.ogrext - DEBUG - Got coordinate system
2025-07-16 10:21:33,395 - fiona._env - WARNING - PROJ: proj_identify: P:\corp\central_clones\python_geopandas\Lib\site-packages\fiona\proj_data\proj.db contains DATABASE.LAYOUT.VERSION.MINOR = 2 whereas a number >= 3 is expected. It comes from another PROJ installation.
2025-07-16 10:21:33,396 - fiona.ogrext - DEBUG - OLC_FASTSETNEXTBYINDEX: 1
2025-07-16 10:21:33,396 - fiona.ogrext - DEBUG - OLC_FASTFEATURECOUNT: 1
2025-07-16 10:21:33,396 - fiona.ogrext - DEBUG - Next index: 0
2025-07-16 10:21:33,396 - fiona.ogrext - DEBUG - Next index: 1
2025-07-16 10:21:33,397 - fiona.ogrext - DEBUG - Next index: 2
2025-07-16 10:21:33,398 - fiona.ogrext - DEBUG - Next index: 3
2025-07-16 10:21:33,400 - fiona.ogrext - DEBUG - Next index: 4
2025-07-16 10:21:33,465 - fiona.collection - DEBUG - Flushed buffer
2025-07-16 10:21:33,467 - fiona.collection - DEBUG - Stopped session
2025-07-16 10:21:33,568 - HTMLGenerator - INFO - [TIMER] Finished: Acquire geodataframe for Crossed_by_Road_or_Highway_DRA in 11.00 sec | Mem: 1025.60 MB (+0.30 MB) | CPU: 0.00%
2025-07-16 10:21:33,569 - HTMLGenerator - INFO - [TIMER] Starting: Acquire geometry for Crossed_by_Road_or_Highway_DRA
2025-07-16 10:21:33,672 - HTMLGenerator - INFO - [TIMER] Finished: Acquire geometry for Crossed_by_Road_or_Highway_DRA in 0.00 sec | Mem: 1025.60 MB (+0.00 MB) | CPU: 0.00%
2025-07-16 10:21:33,673 - HTMLGenerator - INFO - [TIMER] Starting: Convert Columns to strings
2025-07-16 10:21:33,783 - HTMLGenerator - INFO - [TIMER] Finished: Convert Columns to strings in 0.01 sec | Mem: 1025.64 MB (+0.04 MB) | CPU: 0.00%
2025-07-16 10:21:33,784 - HTMLGenerator - INFO - [TIMER] Starting: Acquire field data from spreadsheet; build out fields to summarize for popups
2025-07-16 10:21:33,886 - HTMLGenerator - INFO - [TIMER] Finished: Acquire field data from spreadsheet; build out fields to summarize for popups in 0.00 sec | Mem: 1025.64 MB (+0.00 MB) | CPU: 0.00%
2025-07-16 10:21:33,887 - HTMLGenerator - INFO - [TIMER] Starting: Get all popup fields and format
2025-07-16 10:21:33,992 - HTMLGenerator - INFO - [TIMER] Finished: Get all popup fields and format in 0.00 sec | Mem: 1025.64 MB (+0.00 MB) | CPU: 0.00%
2025-07-16 10:21:33,993 - HTMLGenerator - INFO - [TIMER] Starting: Determine all values and symbology to show in legend and map.
2025-07-16 10:21:34,098 - HTMLGenerator - INFO - [TIMER] Finished: Determine all values and symbology to show in legend and map. in 0.00 sec | Mem: 1025.64 MB (+0.00 MB) | CPU: 0.00%
2025-07-16 10:21:34,099 - HTMLGenerator - INFO - [TIMER] Starting: Get total bounds for the layer and set up map template.
2025-07-16 10:21:34,244 - HTMLGenerator - INFO - [TIMER] Finished: Get total bounds for the layer and set up map template. in 0.04 sec | Mem: 1025.64 MB (+0.00 MB) | CPU: 0.00%
2025-07-16 10:21:34,245 - HTMLGenerator - INFO - [TIMER] Starting: Create feature class layer and add to individual group and map
2025-07-16 10:21:34,362 - HTMLGenerator - INFO - [TIMER] Finished: Create feature class layer and add to individual group and map in 0.01 sec | Mem: 1025.64 MB (+0.00 MB) | CPU: 0.00%
2025-07-16 10:21:34,362 - HTMLGenerator - INFO - [TIMER] Starting: Create AOI layer and add to map
2025-07-16 10:21:34,525 - HTMLGenerator - INFO - [TIMER] Finished: Create AOI layer and add to map in 0.06 sec | Mem: 1025.64 MB (+0.00 MB) | CPU: 0.00%
2025-07-16 10:21:34,526 - HTMLGenerator - INFO - [TIMER] Starting: Generate tooltip fields
2025-07-16 10:21:34,628 - HTMLGenerator - INFO - [TIMER] Finished: Generate tooltip fields in 0.00 sec | Mem: 1025.64 MB (+0.00 MB) | CPU: 0.00%
2025-07-16 10:21:34,629 - HTMLGenerator - INFO - [TIMER] Starting: Create a feature group in the layers list to house all unique values
2025-07-16 10:21:34,781 - HTMLGenerator - INFO - [TIMER] Finished: Create a feature group in the layers list to house all unique values in 0.05 sec | Mem: 1025.64 MB (+0.00 MB) | CPU: 0.00%
2025-07-16 10:21:34,782 - HTMLGenerator - INFO - [TIMER] Starting: Create popup for each layer with overlap reporting
2025-07-16 10:21:34,912 - HTMLGenerator - INFO - [TIMER] Finished: Create popup for each layer with overlap reporting in 0.03 sec | Mem: 1025.64 MB (+0.01 MB) | CPU: 0.00%
2025-07-16 10:21:34,913 - HTMLGenerator - INFO - [TIMER] Starting: Create legend HTML for individual maps
2025-07-16 10:21:35,016 - HTMLGenerator - INFO - [TIMER] Finished: Create legend HTML for individual maps in 0.00 sec | Mem: 1025.64 MB (+0.00 MB) | CPU: 0.00%
2025-07-16 10:21:35,017 - HTMLGenerator - INFO - [TIMER] Starting: Add layer control for individual maps
2025-07-16 10:21:35,118 - HTMLGenerator - INFO - [TIMER] Finished: Add layer control for individual maps in 0.00 sec | Mem: 1025.64 MB (+0.00 MB) | CPU: 0.00%
2025-07-16 10:21:35,119 - HTMLGenerator - INFO - [TIMER] Starting: Add grouped layer control for individual maps; AOI, feature class
2025-07-16 10:21:35,220 - HTMLGenerator - INFO - [TIMER] Finished: Add grouped layer control for individual maps; AOI, feature class in 0.00 sec | Mem: 1025.64 MB (+0.00 MB) | CPU: 0.00%
2025-07-16 10:21:35,221 - HTMLGenerator - INFO - [TIMER] Starting: Save ind. map and cleanup
2025-07-16 10:21:35,419 - HTMLGenerator - INFO - [TIMER] Finished: Save ind. map and cleanup in 0.10 sec | Mem: 1025.71 MB (+0.07 MB) | CPU: 0.00%
2025-07-16 10:21:35,421 - HTMLGenerator - INFO - [TIMER] Starting: Acquire geodataframe for Crossed_by_FSR_or_Permit_Roads
2025-07-16 10:21:35,455 - fiona._env - DEBUG - GDAL_DATA found in environment.
2025-07-16 10:21:35,457 - fiona._env - DEBUG - PROJ data found in package: path='P:\\corp\\central_clones\\python_geopandas\\Lib\\site-packages\\fiona\\proj_data'.
2025-07-16 10:21:37,517 - fiona._env - WARNING - PROJ: proj_identify: P:\corp\central_clones\python_geopandas\Lib\site-packages\fiona\proj_data\proj.db contains DATABASE.LAYOUT.VERSION.MINOR = 2 whereas a number >= 3 is expected. It comes from another PROJ installation.
2025-07-16 10:21:45,367 - fiona._env - WARNING - PROJ: proj_identify: P:\corp\central_clones\python_geopandas\Lib\site-packages\fiona\proj_data\proj.db contains DATABASE.LAYOUT.VERSION.MINOR = 2 whereas a number >= 3 is expected. It comes from another PROJ installation.
2025-07-16 10:21:45,727 - fiona._env - WARNING - PROJ: proj_identify: P:\corp\central_clones\python_geopandas\Lib\site-packages\fiona\proj_data\proj.db contains DATABASE.LAYOUT.VERSION.MINOR = 2 whereas a number >= 3 is expected. It comes from another PROJ installation.
2025-07-16 10:21:46,853 - fiona._env - DEBUG - GDAL_DATA found in environment.
2025-07-16 10:21:46,854 - fiona._env - DEBUG - PROJ data found in package: path='P:\\corp\\central_clones\\python_geopandas\\Lib\\site-packages\\fiona\\proj_data'.
2025-07-16 10:21:46,855 - fiona.ogrext - DEBUG - Got coordinate system
2025-07-16 10:21:46,872 - fiona.ogrext - DEBUG - Got coordinate system
2025-07-16 10:21:46,907 - fiona._env - WARNING - PROJ: proj_identify: P:\corp\central_clones\python_geopandas\Lib\site-packages\fiona\proj_data\proj.db contains DATABASE.LAYOUT.VERSION.MINOR = 2 whereas a number >= 3 is expected. It comes from another PROJ installation.
2025-07-16 10:21:46,907 - fiona.ogrext - DEBUG - OLC_FASTSETNEXTBYINDEX: 1
2025-07-16 10:21:46,908 - fiona.ogrext - DEBUG - OLC_FASTFEATURECOUNT: 1
2025-07-16 10:21:46,908 - fiona.ogrext - DEBUG - Next index: 0
2025-07-16 10:21:46,956 - fiona.collection - DEBUG - Flushed buffer
2025-07-16 10:21:46,959 - fiona.collection - DEBUG - Stopped session
2025-07-16 10:21:47,059 - HTMLGenerator - INFO - [TIMER] Finished: Acquire geodataframe for Crossed_by_FSR_or_Permit_Roads in 11.54 sec | Mem: 1025.73 MB (+0.01 MB) | CPU: 0.00%
2025-07-16 10:21:47,060 - HTMLGenerator - INFO - [TIMER] Starting: Acquire geodataframe for Crossed_by_FSR_or_Permit_Roads_within_right_of_way_allowance
2025-07-16 10:21:47,091 - fiona._env - DEBUG - GDAL_DATA found in environment.
2025-07-16 10:21:47,094 - fiona._env - DEBUG - PROJ data found in package: path='P:\\corp\\central_clones\\python_geopandas\\Lib\\site-packages\\fiona\\proj_data'.
2025-07-16 10:21:49,708 - fiona._env - WARNING - PROJ: proj_identify: P:\corp\central_clones\python_geopandas\Lib\site-packages\fiona\proj_data\proj.db contains DATABASE.LAYOUT.VERSION.MINOR = 2 whereas a number >= 3 is expected. It comes from another PROJ installation.
2025-07-16 10:21:56,679 - fiona._env - WARNING - PROJ: proj_identify: P:\corp\central_clones\python_geopandas\Lib\site-packages\fiona\proj_data\proj.db contains DATABASE.LAYOUT.VERSION.MINOR = 2 whereas a number >= 3 is expected. It comes from another PROJ installation.
2025-07-16 10:21:56,914 - fiona._env - WARNING - PROJ: proj_identify: P:\corp\central_clones\python_geopandas\Lib\site-packages\fiona\proj_data\proj.db contains DATABASE.LAYOUT.VERSION.MINOR = 2 whereas a number >= 3 is expected. It comes from another PROJ installation.
2025-07-16 10:21:57,699 - fiona._env - DEBUG - GDAL_DATA found in environment.
2025-07-16 10:21:57,700 - fiona._env - DEBUG - PROJ data found in package: path='P:\\corp\\central_clones\\python_geopandas\\Lib\\site-packages\\fiona\\proj_data'.
2025-07-16 10:21:57,701 - fiona.ogrext - DEBUG - Got coordinate system
2025-07-16 10:21:57,714 - fiona.ogrext - DEBUG - Got coordinate system
2025-07-16 10:21:57,740 - fiona._env - WARNING - PROJ: proj_identify: P:\corp\central_clones\python_geopandas\Lib\site-packages\fiona\proj_data\proj.db contains DATABASE.LAYOUT.VERSION.MINOR = 2 whereas a number >= 3 is expected. It comes from another PROJ installation.
2025-07-16 10:21:57,741 - fiona.ogrext - DEBUG - OLC_FASTSETNEXTBYINDEX: 1
2025-07-16 10:21:57,741 - fiona.ogrext - DEBUG - OLC_FASTFEATURECOUNT: 1
2025-07-16 10:21:57,741 - fiona.ogrext - DEBUG - Next index: 0
2025-07-16 10:21:57,777 - fiona.collection - DEBUG - Flushed buffer
2025-07-16 10:21:57,779 - fiona.collection - DEBUG - Stopped session
2025-07-16 10:21:57,879 - HTMLGenerator - INFO - [TIMER] Finished: Acquire geodataframe for Crossed_by_FSR_or_Permit_Roads_within_right_of_way_allowance in 10.72 sec | Mem: 1025.72 MB (-0.00 MB) | CPU: 0.00%
2025-07-16 10:21:57,880 - HTMLGenerator - INFO - [TIMER] Starting: Acquire geodataframe for Crossed_by_Surveyed_Right_of_way
2025-07-16 10:21:57,902 - fiona._env - DEBUG - GDAL_DATA found in environment.
2025-07-16 10:21:57,903 - fiona._env - DEBUG - PROJ data found in package: path='P:\\corp\\central_clones\\python_geopandas\\Lib\\site-packages\\fiona\\proj_data'.
2025-07-16 10:21:59,722 - fiona._env - WARNING - PROJ: proj_identify: P:\corp\central_clones\python_geopandas\Lib\site-packages\fiona\proj_data\proj.db contains DATABASE.LAYOUT.VERSION.MINOR = 2 whereas a number >= 3 is expected. It comes from another PROJ installation.
2025-07-16 10:22:05,613 - fiona._env - WARNING - PROJ: proj_identify: P:\corp\central_clones\python_geopandas\Lib\site-packages\fiona\proj_data\proj.db contains DATABASE.LAYOUT.VERSION.MINOR = 2 whereas a number >= 3 is expected. It comes from another PROJ installation.
2025-07-16 10:22:05,833 - fiona._env - WARNING - PROJ: proj_identify: P:\corp\central_clones\python_geopandas\Lib\site-packages\fiona\proj_data\proj.db contains DATABASE.LAYOUT.VERSION.MINOR = 2 whereas a number >= 3 is expected. It comes from another PROJ installation.
2025-07-16 10:22:06,709 - fiona._env - DEBUG - GDAL_DATA found in environment.
2025-07-16 10:22:06,712 - fiona._env - DEBUG - PROJ data found in package: path='P:\\corp\\central_clones\\python_geopandas\\Lib\\site-packages\\fiona\\proj_data'.
2025-07-16 10:22:06,713 - fiona.ogrext - DEBUG - Got coordinate system
2025-07-16 10:22:06,733 - fiona.ogrext - DEBUG - Got coordinate system
2025-07-16 10:22:06,760 - fiona._env - WARNING - PROJ: proj_identify: P:\corp\central_clones\python_geopandas\Lib\site-packages\fiona\proj_data\proj.db contains DATABASE.LAYOUT.VERSION.MINOR = 2 whereas a number >= 3 is expected. It comes from another PROJ installation.
2025-07-16 10:22:06,761 - fiona.ogrext - DEBUG - OLC_FASTSETNEXTBYINDEX: 1
2025-07-16 10:22:06,761 - fiona.ogrext - DEBUG - OLC_FASTFEATURECOUNT: 1
2025-07-16 10:22:06,761 - fiona.ogrext - DEBUG - Next index: 0
2025-07-16 10:22:06,804 - fiona.collection - DEBUG - Flushed buffer
2025-07-16 10:22:06,806 - fiona.collection - DEBUG - Stopped session
2025-07-16 10:22:06,907 - HTMLGenerator - INFO - [TIMER] Finished: Acquire geodataframe for Crossed_by_Surveyed_Right_of_way in 8.93 sec | Mem: 1025.72 MB (+0.00 MB) | CPU: 0.00%
2025-07-16 10:22:06,908 - HTMLGenerator - INFO - [TIMER] Starting: Acquire geodataframe for Crossed_by_Right_of_way
2025-07-16 10:22:06,939 - fiona._env - DEBUG - GDAL_DATA found in environment.
2025-07-16 10:22:06,941 - fiona._env - DEBUG - PROJ data found in package: path='P:\\corp\\central_clones\\python_geopandas\\Lib\\site-packages\\fiona\\proj_data'.
2025-07-16 10:22:08,692 - fiona._env - WARNING - PROJ: proj_identify: P:\corp\central_clones\python_geopandas\Lib\site-packages\fiona\proj_data\proj.db contains DATABASE.LAYOUT.VERSION.MINOR = 2 whereas a number >= 3 is expected. It comes from another PROJ installation.
2025-07-16 10:22:15,296 - fiona._env - WARNING - PROJ: proj_identify: P:\corp\central_clones\python_geopandas\Lib\site-packages\fiona\proj_data\proj.db contains DATABASE.LAYOUT.VERSION.MINOR = 2 whereas a number >= 3 is expected. It comes from another PROJ installation.
2025-07-16 10:22:15,519 - fiona._env - WARNING - PROJ: proj_identify: P:\corp\central_clones\python_geopandas\Lib\site-packages\fiona\proj_data\proj.db contains DATABASE.LAYOUT.VERSION.MINOR = 2 whereas a number >= 3 is expected. It comes from another PROJ installation.
2025-07-16 10:22:16,278 - fiona._env - DEBUG - GDAL_DATA found in environment.
2025-07-16 10:22:16,279 - fiona._env - DEBUG - PROJ data found in package: path='P:\\corp\\central_clones\\python_geopandas\\Lib\\site-packages\\fiona\\proj_data'.
2025-07-16 10:22:16,280 - fiona.ogrext - DEBUG - Got coordinate system
2025-07-16 10:22:16,291 - fiona.ogrext - DEBUG - Got coordinate system
2025-07-16 10:22:16,314 - fiona._env - WARNING - PROJ: proj_identify: P:\corp\central_clones\python_geopandas\Lib\site-packages\fiona\proj_data\proj.db contains DATABASE.LAYOUT.VERSION.MINOR = 2 whereas a number >= 3 is expected. It comes from another PROJ installation.
2025-07-16 10:22:16,314 - fiona.ogrext - DEBUG - OLC_FASTSETNEXTBYINDEX: 1
2025-07-16 10:22:16,315 - fiona.ogrext - DEBUG - OLC_FASTFEATURECOUNT: 1
2025-07-16 10:22:16,315 - fiona.ogrext - DEBUG - Next index: 0
2025-07-16 10:22:16,349 - fiona.collection - DEBUG - Flushed buffer
2025-07-16 10:22:16,351 - fiona.collection - DEBUG - Stopped session
2025-07-16 10:22:16,451 - HTMLGenerator - INFO - [TIMER] Finished: Acquire geodataframe for Crossed_by_Right_of_way in 9.44 sec | Mem: 1025.73 MB (+0.00 MB) | CPU: 0.00%
2025-07-16 10:22:16,452 - HTMLGenerator - INFO - [TIMER] Starting: Acquire geodataframe for Crossed_by_Railway_Tracks
2025-07-16 10:22:16,476 - fiona._env - DEBUG - GDAL_DATA found in environment.
2025-07-16 10:22:16,477 - fiona._env - DEBUG - PROJ data found in package: path='P:\\corp\\central_clones\\python_geopandas\\Lib\\site-packages\\fiona\\proj_data'.
2025-07-16 10:22:18,006 - fiona._env - WARNING - PROJ: proj_identify: P:\corp\central_clones\python_geopandas\Lib\site-packages\fiona\proj_data\proj.db contains DATABASE.LAYOUT.VERSION.MINOR = 2 whereas a number >= 3 is expected. It comes from another PROJ installation.
2025-07-16 10:22:24,446 - fiona._env - WARNING - PROJ: proj_identify: P:\corp\central_clones\python_geopandas\Lib\site-packages\fiona\proj_data\proj.db contains DATABASE.LAYOUT.VERSION.MINOR = 2 whereas a number >= 3 is expected. It comes from another PROJ installation.
2025-07-16 10:22:24,674 - fiona._env - WARNING - PROJ: proj_identify: P:\corp\central_clones\python_geopandas\Lib\site-packages\fiona\proj_data\proj.db contains DATABASE.LAYOUT.VERSION.MINOR = 2 whereas a number >= 3 is expected. It comes from another PROJ installation.
2025-07-16 10:22:25,417 - fiona._env - DEBUG - GDAL_DATA found in environment.
2025-07-16 10:22:25,418 - fiona._env - DEBUG - PROJ data found in package: path='P:\\corp\\central_clones\\python_geopandas\\Lib\\site-packages\\fiona\\proj_data'.
2025-07-16 10:22:25,419 - fiona.ogrext - DEBUG - Got coordinate system
2025-07-16 10:22:25,430 - fiona.ogrext - DEBUG - Got coordinate system
2025-07-16 10:22:25,452 - fiona._env - WARNING - PROJ: proj_identify: P:\corp\central_clones\python_geopandas\Lib\site-packages\fiona\proj_data\proj.db contains DATABASE.LAYOUT.VERSION.MINOR = 2 whereas a number >= 3 is expected. It comes from another PROJ installation.
2025-07-16 10:22:25,453 - fiona.ogrext - DEBUG - OLC_FASTSETNEXTBYINDEX: 1
2025-07-16 10:22:25,453 - fiona.ogrext - DEBUG - OLC_FASTFEATURECOUNT: 1
2025-07-16 10:22:25,453 - fiona.ogrext - DEBUG - Next index: 0
2025-07-16 10:22:25,489 - fiona.collection - DEBUG - Flushed buffer
2025-07-16 10:22:25,491 - fiona.collection - DEBUG - Stopped session
2025-07-16 10:22:25,592 - HTMLGenerator - INFO - [TIMER] Finished: Acquire geodataframe for Crossed_by_Railway_Tracks in 9.04 sec | Mem: 1025.73 MB (+0.00 MB) | CPU: 0.00%
2025-07-16 10:22:25,593 - HTMLGenerator - INFO - [TIMER] Starting: Acquire geodataframe for Crossed_by_Railway_Crossings
2025-07-16 10:22:25,616 - fiona._env - DEBUG - GDAL_DATA found in environment.
2025-07-16 10:22:25,618 - fiona._env - DEBUG - PROJ data found in package: path='P:\\corp\\central_clones\\python_geopandas\\Lib\\site-packages\\fiona\\proj_data'.
2025-07-16 10:22:27,843 - fiona._env - WARNING - PROJ: proj_identify: P:\corp\central_clones\python_geopandas\Lib\site-packages\fiona\proj_data\proj.db contains DATABASE.LAYOUT.VERSION.MINOR = 2 whereas a number >= 3 is expected. It comes from another PROJ installation.
2025-07-16 10:22:33,933 - fiona._env - WARNING - PROJ: proj_identify: P:\corp\central_clones\python_geopandas\Lib\site-packages\fiona\proj_data\proj.db contains DATABASE.LAYOUT.VERSION.MINOR = 2 whereas a number >= 3 is expected. It comes from another PROJ installation.
2025-07-16 10:22:34,177 - fiona._env - WARNING - PROJ: proj_identify: P:\corp\central_clones\python_geopandas\Lib\site-packages\fiona\proj_data\proj.db contains DATABASE.LAYOUT.VERSION.MINOR = 2 whereas a number >= 3 is expected. It comes from another PROJ installation.
2025-07-16 10:22:34,922 - fiona._env - DEBUG - GDAL_DATA found in environment.
2025-07-16 10:22:34,924 - fiona._env - DEBUG - PROJ data found in package: path='P:\\corp\\central_clones\\python_geopandas\\Lib\\site-packages\\fiona\\proj_data'.
2025-07-16 10:22:34,925 - fiona.ogrext - DEBUG - Got coordinate system
2025-07-16 10:22:34,938 - fiona.ogrext - DEBUG - Got coordinate system
2025-07-16 10:22:34,961 - fiona._env - WARNING - PROJ: proj_identify: P:\corp\central_clones\python_geopandas\Lib\site-packages\fiona\proj_data\proj.db contains DATABASE.LAYOUT.VERSION.MINOR = 2 whereas a number >= 3 is expected. It comes from another PROJ installation.
2025-07-16 10:22:34,962 - fiona.ogrext - DEBUG - OLC_FASTSETNEXTBYINDEX: 1
2025-07-16 10:22:34,962 - fiona.ogrext - DEBUG - OLC_FASTFEATURECOUNT: 1
2025-07-16 10:22:34,962 - fiona.ogrext - DEBUG - Next index: 0
2025-07-16 10:22:34,998 - fiona.collection - DEBUG - Flushed buffer
2025-07-16 10:22:35,000 - fiona.collection - DEBUG - Stopped session
2025-07-16 10:22:35,100 - HTMLGenerator - INFO - [TIMER] Finished: Acquire geodataframe for Crossed_by_Railway_Crossings in 9.41 sec | Mem: 1025.74 MB (+0.01 MB) | CPU: 0.00%
2025-07-16 10:22:35,102 - HTMLGenerator - INFO - [TIMER] Starting: Acquire geodataframe for Adjoined_by_River_or_Creek_FWA
2025-07-16 10:22:35,124 - fiona._env - DEBUG - GDAL_DATA found in environment.
2025-07-16 10:22:35,125 - fiona._env - DEBUG - PROJ data found in package: path='P:\\corp\\central_clones\\python_geopandas\\Lib\\site-packages\\fiona\\proj_data'.
2025-07-16 10:22:37,248 - fiona._env - WARNING - PROJ: proj_identify: P:\corp\central_clones\python_geopandas\Lib\site-packages\fiona\proj_data\proj.db contains DATABASE.LAYOUT.VERSION.MINOR = 2 whereas a number >= 3 is expected. It comes from another PROJ installation.
2025-07-16 10:22:44,399 - fiona._env - WARNING - PROJ: proj_identify: P:\corp\central_clones\python_geopandas\Lib\site-packages\fiona\proj_data\proj.db contains DATABASE.LAYOUT.VERSION.MINOR = 2 whereas a number >= 3 is expected. It comes from another PROJ installation.
2025-07-16 10:22:44,716 - fiona._env - WARNING - PROJ: proj_identify: P:\corp\central_clones\python_geopandas\Lib\site-packages\fiona\proj_data\proj.db contains DATABASE.LAYOUT.VERSION.MINOR = 2 whereas a number >= 3 is expected. It comes from another PROJ installation.
2025-07-16 10:22:45,718 - fiona._env - DEBUG - GDAL_DATA found in environment.
2025-07-16 10:22:45,720 - fiona._env - DEBUG - PROJ data found in package: path='P:\\corp\\central_clones\\python_geopandas\\Lib\\site-packages\\fiona\\proj_data'.
2025-07-16 10:22:45,720 - fiona.ogrext - DEBUG - Got coordinate system
2025-07-16 10:22:45,736 - fiona.ogrext - DEBUG - Got coordinate system
2025-07-16 10:22:45,767 - fiona._env - WARNING - PROJ: proj_identify: P:\corp\central_clones\python_geopandas\Lib\site-packages\fiona\proj_data\proj.db contains DATABASE.LAYOUT.VERSION.MINOR = 2 whereas a number >= 3 is expected. It comes from another PROJ installation.
2025-07-16 10:22:45,767 - fiona.ogrext - DEBUG - OLC_FASTSETNEXTBYINDEX: 1
2025-07-16 10:22:45,767 - fiona.ogrext - DEBUG - OLC_FASTFEATURECOUNT: 1
2025-07-16 10:22:45,768 - fiona.ogrext - DEBUG - Next index: 0
2025-07-16 10:22:45,768 - fiona.ogrext - DEBUG - Next index: 1
2025-07-16 10:22:45,769 - fiona.ogrext - DEBUG - Next index: 2
2025-07-16 10:22:45,826 - fiona.collection - DEBUG - Flushed buffer
2025-07-16 10:22:45,828 - fiona.collection - DEBUG - Stopped session
2025-07-16 10:22:45,928 - HTMLGenerator - INFO - [TIMER] Finished: Acquire geodataframe for Adjoined_by_River_or_Creek_FWA in 10.73 sec | Mem: 1025.74 MB (+0.00 MB) | CPU: 0.00%
2025-07-16 10:22:45,928 - HTMLGenerator - INFO - [TIMER] Starting: Acquire geometry for Adjoined_by_River_or_Creek_FWA
2025-07-16 10:22:46,031 - HTMLGenerator - INFO - [TIMER] Finished: Acquire geometry for Adjoined_by_River_or_Creek_FWA in 0.00 sec | Mem: 1025.74 MB (+0.00 MB) | CPU: 0.00%
2025-07-16 10:22:46,032 - HTMLGenerator - INFO - [TIMER] Starting: Convert Columns to strings
2025-07-16 10:22:46,142 - HTMLGenerator - INFO - [TIMER] Finished: Convert Columns to strings in 0.01 sec | Mem: 1025.74 MB (+0.00 MB) | CPU: 0.00%
2025-07-16 10:22:46,143 - HTMLGenerator - INFO - [TIMER] Starting: Acquire field data from spreadsheet; build out fields to summarize for popups
2025-07-16 10:22:46,246 - HTMLGenerator - INFO - [TIMER] Finished: Acquire field data from spreadsheet; build out fields to summarize for popups in 0.00 sec | Mem: 1025.74 MB (+0.00 MB) | CPU: 0.00%
2025-07-16 10:22:46,247 - HTMLGenerator - INFO - [TIMER] Starting: Get all popup fields and format
2025-07-16 10:22:46,350 - HTMLGenerator - INFO - [TIMER] Finished: Get all popup fields and format in 0.00 sec | Mem: 1025.74 MB (+0.00 MB) | CPU: 0.00%
2025-07-16 10:22:46,351 - HTMLGenerator - INFO - [TIMER] Starting: Determine all values and symbology to show in legend and map.
2025-07-16 10:22:46,454 - HTMLGenerator - INFO - [TIMER] Finished: Determine all values and symbology to show in legend and map. in 0.00 sec | Mem: 1025.74 MB (+0.00 MB) | CPU: 0.00%
2025-07-16 10:22:46,455 - HTMLGenerator - INFO - [TIMER] Starting: Get total bounds for the layer and set up map template.
2025-07-16 10:22:46,600 - HTMLGenerator - INFO - [TIMER] Finished: Get total bounds for the layer and set up map template. in 0.04 sec | Mem: 1025.76 MB (+0.02 MB) | CPU: 0.00%
2025-07-16 10:22:46,601 - HTMLGenerator - INFO - [TIMER] Starting: Create feature class layer and add to individual group and map
2025-07-16 10:22:46,716 - HTMLGenerator - INFO - [TIMER] Finished: Create feature class layer and add to individual group and map in 0.01 sec | Mem: 1025.78 MB (+0.02 MB) | CPU: 0.00%
2025-07-16 10:22:46,716 - HTMLGenerator - INFO - [TIMER] Starting: Create AOI layer and add to map
2025-07-16 10:22:46,857 - HTMLGenerator - INFO - [TIMER] Finished: Create AOI layer and add to map in 0.04 sec | Mem: 1025.98 MB (+0.20 MB) | CPU: 0.00%
2025-07-16 10:22:46,857 - HTMLGenerator - INFO - [TIMER] Starting: Generate tooltip fields
2025-07-16 10:22:46,959 - HTMLGenerator - INFO - [TIMER] Finished: Generate tooltip fields in 0.00 sec | Mem: 1025.98 MB (+0.00 MB) | CPU: 0.00%
2025-07-16 10:22:46,959 - HTMLGenerator - INFO - [TIMER] Starting: Create a feature group in the layers list to house all unique values
2025-07-16 10:22:47,071 - HTMLGenerator - INFO - [TIMER] Finished: Create a feature group in the layers list to house all unique values in 0.01 sec | Mem: 1025.98 MB (+0.00 MB) | CPU: 0.00%
2025-07-16 10:22:47,072 - HTMLGenerator - INFO - [TIMER] Starting: Create popup for each layer with overlap reporting
2025-07-16 10:22:47,188 - HTMLGenerator - INFO - [TIMER] Finished: Create popup for each layer with overlap reporting in 0.02 sec | Mem: 1025.99 MB (+0.02 MB) | CPU: 0.00%
2025-07-16 10:22:47,189 - HTMLGenerator - INFO - [TIMER] Starting: Create legend HTML for individual maps
2025-07-16 10:22:47,290 - HTMLGenerator - INFO - [TIMER] Finished: Create legend HTML for individual maps in 0.00 sec | Mem: 1025.99 MB (+0.00 MB) | CPU: 0.00%
2025-07-16 10:22:47,291 - HTMLGenerator - INFO - [TIMER] Starting: Add layer control for individual maps
2025-07-16 10:22:47,455 - HTMLGenerator - INFO - [TIMER] Finished: Add layer control for individual maps in 0.00 sec | Mem: 1025.99 MB (+0.00 MB) | CPU: 0.00%
2025-07-16 10:22:47,455 - HTMLGenerator - INFO - [TIMER] Starting: Add grouped layer control for individual maps; AOI, feature class
2025-07-16 10:22:47,557 - HTMLGenerator - INFO - [TIMER] Finished: Add grouped layer control for individual maps; AOI, feature class in 0.00 sec | Mem: 1025.99 MB (+0.00 MB) | CPU: 0.00%
2025-07-16 10:22:47,558 - HTMLGenerator - INFO - [TIMER] Starting: Save ind. map and cleanup
2025-07-16 10:22:47,713 - HTMLGenerator - INFO - [TIMER] Finished: Save ind. map and cleanup in 0.06 sec | Mem: 1026.10 MB (+0.11 MB) | CPU: 0.00%
2025-07-16 10:22:47,714 - HTMLGenerator - INFO - [TIMER] Starting: Acquire geodataframe for Adjoined_by_River_or_Creek_TRIM
2025-07-16 10:22:47,736 - fiona._env - DEBUG - GDAL_DATA found in environment.
2025-07-16 10:22:47,737 - fiona._env - DEBUG - PROJ data found in package: path='P:\\corp\\central_clones\\python_geopandas\\Lib\\site-packages\\fiona\\proj_data'.
2025-07-16 10:22:49,829 - fiona._env - WARNING - PROJ: proj_identify: P:\corp\central_clones\python_geopandas\Lib\site-packages\fiona\proj_data\proj.db contains DATABASE.LAYOUT.VERSION.MINOR = 2 whereas a number >= 3 is expected. It comes from another PROJ installation.
2025-07-16 10:22:56,621 - fiona._env - WARNING - PROJ: proj_identify: P:\corp\central_clones\python_geopandas\Lib\site-packages\fiona\proj_data\proj.db contains DATABASE.LAYOUT.VERSION.MINOR = 2 whereas a number >= 3 is expected. It comes from another PROJ installation.
2025-07-16 10:22:56,937 - fiona._env - WARNING - PROJ: proj_identify: P:\corp\central_clones\python_geopandas\Lib\site-packages\fiona\proj_data\proj.db contains DATABASE.LAYOUT.VERSION.MINOR = 2 whereas a number >= 3 is expected. It comes from another PROJ installation.
2025-07-16 10:22:58,032 - fiona._env - DEBUG - GDAL_DATA found in environment.
2025-07-16 10:22:58,034 - fiona._env - DEBUG - PROJ data found in package: path='P:\\corp\\central_clones\\python_geopandas\\Lib\\site-packages\\fiona\\proj_data'.
2025-07-16 10:22:58,035 - fiona.ogrext - DEBUG - Got coordinate system
2025-07-16 10:22:58,051 - fiona.ogrext - DEBUG - Got coordinate system
2025-07-16 10:22:58,081 - fiona._env - WARNING - PROJ: proj_identify: P:\corp\central_clones\python_geopandas\Lib\site-packages\fiona\proj_data\proj.db contains DATABASE.LAYOUT.VERSION.MINOR = 2 whereas a number >= 3 is expected. It comes from another PROJ installation.
2025-07-16 10:22:58,082 - fiona.ogrext - DEBUG - OLC_FASTSETNEXTBYINDEX: 1
2025-07-16 10:22:58,082 - fiona.ogrext - DEBUG - OLC_FASTFEATURECOUNT: 1
2025-07-16 10:22:58,082 - fiona.ogrext - DEBUG - Next index: 0
2025-07-16 10:22:58,082 - fiona.ogrext - DEBUG - Next index: 1
2025-07-16 10:22:58,083 - fiona.ogrext - DEBUG - Next index: 2
2025-07-16 10:22:58,085 - fiona.ogrext - DEBUG - Next index: 3
2025-07-16 10:22:58,124 - fiona.collection - DEBUG - Flushed buffer
2025-07-16 10:22:58,126 - fiona.collection - DEBUG - Stopped session
2025-07-16 10:22:58,227 - HTMLGenerator - INFO - [TIMER] Finished: Acquire geodataframe for Adjoined_by_River_or_Creek_TRIM in 10.41 sec | Mem: 1026.11 MB (+0.01 MB) | CPU: 0.00%
2025-07-16 10:22:58,228 - HTMLGenerator - INFO - [TIMER] Starting: Acquire geometry for Adjoined_by_River_or_Creek_TRIM
2025-07-16 10:22:58,329 - HTMLGenerator - INFO - [TIMER] Finished: Acquire geometry for Adjoined_by_River_or_Creek_TRIM in 0.00 sec | Mem: 1026.11 MB (+0.00 MB) | CPU: 0.00%
2025-07-16 10:22:58,330 - HTMLGenerator - INFO - [TIMER] Starting: Convert Columns to strings
2025-07-16 10:22:58,445 - HTMLGenerator - INFO - [TIMER] Finished: Convert Columns to strings in 0.01 sec | Mem: 1026.12 MB (+0.01 MB) | CPU: 0.00%
2025-07-16 10:22:58,446 - HTMLGenerator - INFO - [TIMER] Starting: Acquire field data from spreadsheet; build out fields to summarize for popups
2025-07-16 10:22:58,548 - HTMLGenerator - INFO - [TIMER] Finished: Acquire field data from spreadsheet; build out fields to summarize for popups in 0.00 sec | Mem: 1026.12 MB (+0.00 MB) | CPU: 0.00%
2025-07-16 10:22:58,549 - HTMLGenerator - INFO - [TIMER] Starting: Get all popup fields and format
2025-07-16 10:22:58,658 - HTMLGenerator - INFO - [TIMER] Finished: Get all popup fields and format in 0.01 sec | Mem: 1026.13 MB (+0.01 MB) | CPU: 0.00%
2025-07-16 10:22:58,659 - HTMLGenerator - INFO - [TIMER] Starting: Determine all values and symbology to show in legend and map.
2025-07-16 10:22:58,761 - HTMLGenerator - INFO - [TIMER] Finished: Determine all values and symbology to show in legend and map. in 0.00 sec | Mem: 1026.13 MB (+0.00 MB) | CPU: 0.00%
2025-07-16 10:22:58,763 - HTMLGenerator - INFO - [TIMER] Starting: Get total bounds for the layer and set up map template.
2025-07-16 10:22:58,899 - HTMLGenerator - INFO - [TIMER] Finished: Get total bounds for the layer and set up map template. in 0.03 sec | Mem: 1026.17 MB (+0.04 MB) | CPU: 0.00%
2025-07-16 10:22:58,900 - HTMLGenerator - INFO - [TIMER] Starting: Create feature class layer and add to individual group and map
2025-07-16 10:22:59,015 - HTMLGenerator - INFO - [TIMER] Finished: Create feature class layer and add to individual group and map in 0.01 sec | Mem: 1026.18 MB (+0.01 MB) | CPU: 0.00%
2025-07-16 10:22:59,016 - HTMLGenerator - INFO - [TIMER] Starting: Create AOI layer and add to map
2025-07-16 10:22:59,180 - HTMLGenerator - INFO - [TIMER] Finished: Create AOI layer and add to map in 0.06 sec | Mem: 1026.34 MB (+0.16 MB) | CPU: 0.00%
2025-07-16 10:22:59,181 - HTMLGenerator - INFO - [TIMER] Starting: Generate tooltip fields
2025-07-16 10:22:59,283 - HTMLGenerator - INFO - [TIMER] Finished: Generate tooltip fields in 0.00 sec | Mem: 1026.34 MB (+0.00 MB) | CPU: 0.00%
2025-07-16 10:22:59,284 - HTMLGenerator - INFO - [TIMER] Starting: Create a feature group in the layers list to house all unique values
2025-07-16 10:22:59,403 - HTMLGenerator - INFO - [TIMER] Finished: Create a feature group in the layers list to house all unique values in 0.02 sec | Mem: 1026.36 MB (+0.02 MB) | CPU: 0.00%
2025-07-16 10:22:59,404 - HTMLGenerator - INFO - [TIMER] Starting: Create popup for each layer with overlap reporting
2025-07-16 10:22:59,531 - HTMLGenerator - INFO - [TIMER] Finished: Create popup for each layer with overlap reporting in 0.03 sec | Mem: 1026.38 MB (+0.02 MB) | CPU: 0.00%
2025-07-16 10:22:59,532 - HTMLGenerator - INFO - [TIMER] Starting: Create legend HTML for individual maps
2025-07-16 10:22:59,634 - HTMLGenerator - INFO - [TIMER] Finished: Create legend HTML for individual maps in 0.00 sec | Mem: 1026.39 MB (+0.00 MB) | CPU: 0.00%
2025-07-16 10:22:59,635 - HTMLGenerator - INFO - [TIMER] Starting: Add layer control for individual maps
2025-07-16 10:22:59,736 - HTMLGenerator - INFO - [TIMER] Finished: Add layer control for individual maps in 0.00 sec | Mem: 1026.39 MB (+0.00 MB) | CPU: 0.00%
2025-07-16 10:22:59,737 - HTMLGenerator - INFO - [TIMER] Starting: Add grouped layer control for individual maps; AOI, feature class
2025-07-16 10:22:59,839 - HTMLGenerator - INFO - [TIMER] Finished: Add grouped layer control for individual maps; AOI, feature class in 0.00 sec | Mem: 1026.39 MB (+0.00 MB) | CPU: 0.00%
2025-07-16 10:22:59,840 - HTMLGenerator - INFO - [TIMER] Starting: Save ind. map and cleanup
2025-07-16 10:23:00,004 - HTMLGenerator - INFO - [TIMER] Finished: Save ind. map and cleanup in 0.06 sec | Mem: 1026.52 MB (+0.14 MB) | CPU: 0.00%
2025-07-16 10:23:00,005 - HTMLGenerator - INFO - [TIMER] Starting: Acquire geodataframe for Adjoined_by_Highway_DRA
2025-07-16 10:23:00,034 - fiona._env - DEBUG - GDAL_DATA found in environment.
2025-07-16 10:23:00,035 - fiona._env - DEBUG - PROJ data found in package: path='P:\\corp\\central_clones\\python_geopandas\\Lib\\site-packages\\fiona\\proj_data'.
2025-07-16 10:23:01,815 - fiona._env - WARNING - PROJ: proj_identify: P:\corp\central_clones\python_geopandas\Lib\site-packages\fiona\proj_data\proj.db contains DATABASE.LAYOUT.VERSION.MINOR = 2 whereas a number >= 3 is expected. It comes from another PROJ installation.
2025-07-16 10:23:07,969 - fiona._env - WARNING - PROJ: proj_identify: P:\corp\central_clones\python_geopandas\Lib\site-packages\fiona\proj_data\proj.db contains DATABASE.LAYOUT.VERSION.MINOR = 2 whereas a number >= 3 is expected. It comes from another PROJ installation.
2025-07-16 10:23:08,218 - fiona._env - WARNING - PROJ: proj_identify: P:\corp\central_clones\python_geopandas\Lib\site-packages\fiona\proj_data\proj.db contains DATABASE.LAYOUT.VERSION.MINOR = 2 whereas a number >= 3 is expected. It comes from another PROJ installation.
2025-07-16 10:23:09,078 - fiona._env - DEBUG - GDAL_DATA found in environment.
2025-07-16 10:23:09,079 - fiona._env - DEBUG - PROJ data found in package: path='P:\\corp\\central_clones\\python_geopandas\\Lib\\site-packages\\fiona\\proj_data'.
2025-07-16 10:23:09,080 - fiona.ogrext - DEBUG - Got coordinate system
2025-07-16 10:23:09,092 - fiona.ogrext - DEBUG - Got coordinate system
2025-07-16 10:23:09,121 - fiona._env - WARNING - PROJ: proj_identify: P:\corp\central_clones\python_geopandas\Lib\site-packages\fiona\proj_data\proj.db contains DATABASE.LAYOUT.VERSION.MINOR = 2 whereas a number >= 3 is expected. It comes from another PROJ installation.
2025-07-16 10:23:09,121 - fiona.ogrext - DEBUG - OLC_FASTSETNEXTBYINDEX: 1
2025-07-16 10:23:09,121 - fiona.ogrext - DEBUG - OLC_FASTFEATURECOUNT: 1
2025-07-16 10:23:09,122 - fiona.ogrext - DEBUG - Next index: 0
2025-07-16 10:23:09,156 - fiona.collection - DEBUG - Flushed buffer
2025-07-16 10:23:09,158 - fiona.collection - DEBUG - Stopped session
2025-07-16 10:23:09,258 - HTMLGenerator - INFO - [TIMER] Finished: Acquire geodataframe for Adjoined_by_Highway_DRA in 9.15 sec | Mem: 1026.52 MB (+0.00 MB) | CPU: 0.00%
2025-07-16 10:23:09,259 - HTMLGenerator - INFO - [TIMER] Starting: Acquire geodataframe for Adjoined_by_Road_DRA
2025-07-16 10:23:09,281 - fiona._env - DEBUG - GDAL_DATA found in environment.
2025-07-16 10:23:09,282 - fiona._env - DEBUG - PROJ data found in package: path='P:\\corp\\central_clones\\python_geopandas\\Lib\\site-packages\\fiona\\proj_data'.
2025-07-16 10:23:11,111 - fiona._env - WARNING - PROJ: proj_identify: P:\corp\central_clones\python_geopandas\Lib\site-packages\fiona\proj_data\proj.db contains DATABASE.LAYOUT.VERSION.MINOR = 2 whereas a number >= 3 is expected. It comes from another PROJ installation.
2025-07-16 10:23:17,793 - fiona._env - WARNING - PROJ: proj_identify: P:\corp\central_clones\python_geopandas\Lib\site-packages\fiona\proj_data\proj.db contains DATABASE.LAYOUT.VERSION.MINOR = 2 whereas a number >= 3 is expected. It comes from another PROJ installation.
2025-07-16 10:23:18,073 - fiona._env - WARNING - PROJ: proj_identify: P:\corp\central_clones\python_geopandas\Lib\site-packages\fiona\proj_data\proj.db contains DATABASE.LAYOUT.VERSION.MINOR = 2 whereas a number >= 3 is expected. It comes from another PROJ installation.
2025-07-16 10:23:18,902 - fiona._env - DEBUG - GDAL_DATA found in environment.
2025-07-16 10:23:18,903 - fiona._env - DEBUG - PROJ data found in package: path='P:\\corp\\central_clones\\python_geopandas\\Lib\\site-packages\\fiona\\proj_data'.
2025-07-16 10:23:18,904 - fiona.ogrext - DEBUG - Got coordinate system
2025-07-16 10:23:18,916 - fiona.ogrext - DEBUG - Got coordinate system
2025-07-16 10:23:18,941 - fiona._env - WARNING - PROJ: proj_identify: P:\corp\central_clones\python_geopandas\Lib\site-packages\fiona\proj_data\proj.db contains DATABASE.LAYOUT.VERSION.MINOR = 2 whereas a number >= 3 is expected. It comes from another PROJ installation.
2025-07-16 10:23:18,941 - fiona.ogrext - DEBUG - OLC_FASTSETNEXTBYINDEX: 1
2025-07-16 10:23:18,941 - fiona.ogrext - DEBUG - OLC_FASTFEATURECOUNT: 1
2025-07-16 10:23:18,941 - fiona.ogrext - DEBUG - Next index: 0
2025-07-16 10:23:18,942 - fiona.ogrext - DEBUG - Next index: 1
2025-07-16 10:23:18,943 - fiona.ogrext - DEBUG - Next index: 2
2025-07-16 10:23:18,944 - fiona.ogrext - DEBUG - Next index: 3
2025-07-16 10:23:18,945 - fiona.ogrext - DEBUG - Next index: 4
2025-07-16 10:23:18,945 - fiona.ogrext - DEBUG - Next index: 5
2025-07-16 10:23:18,946 - fiona.ogrext - DEBUG - Next index: 6
2025-07-16 10:23:18,947 - fiona.ogrext - DEBUG - Next index: 7
2025-07-16 10:23:18,948 - fiona.ogrext - DEBUG - Next index: 8
2025-07-16 10:23:18,948 - fiona.ogrext - DEBUG - Next index: 9
2025-07-16 10:23:18,949 - fiona.ogrext - DEBUG - Next index: 10
2025-07-16 10:23:18,950 - fiona.ogrext - DEBUG - Next index: 11
2025-07-16 10:23:18,951 - fiona.ogrext - DEBUG - Next index: 12
2025-07-16 10:23:18,952 - fiona.ogrext - DEBUG - Next index: 13
2025-07-16 10:23:18,952 - fiona.ogrext - DEBUG - Next index: 14
2025-07-16 10:23:18,953 - fiona.ogrext - DEBUG - Next index: 15
2025-07-16 10:23:18,954 - fiona.ogrext - DEBUG - Next index: 16
2025-07-16 10:23:18,955 - fiona.ogrext - DEBUG - Next index: 17
2025-07-16 10:23:18,991 - fiona.collection - DEBUG - Flushed buffer
2025-07-16 10:23:18,993 - fiona.collection - DEBUG - Stopped session
2025-07-16 10:23:19,093 - HTMLGenerator - INFO - [TIMER] Finished: Acquire geodataframe for Adjoined_by_Road_DRA in 9.73 sec | Mem: 1026.55 MB (+0.02 MB) | CPU: 0.00%
2025-07-16 10:23:19,094 - HTMLGenerator - INFO - [TIMER] Starting: Acquire geometry for Adjoined_by_Road_DRA
2025-07-16 10:23:19,196 - HTMLGenerator - INFO - [TIMER] Finished: Acquire geometry for Adjoined_by_Road_DRA in 0.00 sec | Mem: 1026.55 MB (+0.00 MB) | CPU: 0.00%
2025-07-16 10:23:19,196 - HTMLGenerator - INFO - [TIMER] Starting: Convert Columns to strings
2025-07-16 10:23:19,304 - HTMLGenerator - INFO - [TIMER] Finished: Convert Columns to strings in 0.01 sec | Mem: 1026.55 MB (+0.01 MB) | CPU: 0.00%
2025-07-16 10:23:19,305 - HTMLGenerator - INFO - [TIMER] Starting: Acquire field data from spreadsheet; build out fields to summarize for popups
2025-07-16 10:23:19,407 - HTMLGenerator - INFO - [TIMER] Finished: Acquire field data from spreadsheet; build out fields to summarize for popups in 0.00 sec | Mem: 1026.55 MB (+0.00 MB) | CPU: 0.00%
2025-07-16 10:23:19,407 - HTMLGenerator - INFO - [TIMER] Starting: Get all popup fields and format
2025-07-16 10:23:19,511 - HTMLGenerator - INFO - [TIMER] Finished: Get all popup fields and format in 0.00 sec | Mem: 1026.56 MB (+0.01 MB) | CPU: 0.00%
2025-07-16 10:23:19,511 - HTMLGenerator - INFO - [TIMER] Starting: Determine all values and symbology to show in legend and map.
2025-07-16 10:23:19,614 - HTMLGenerator - INFO - [TIMER] Finished: Determine all values and symbology to show in legend and map. in 0.00 sec | Mem: 1026.56 MB (+0.00 MB) | CPU: 0.00%
2025-07-16 10:23:19,615 - HTMLGenerator - INFO - [TIMER] Starting: Get total bounds for the layer and set up map template.
2025-07-16 10:23:19,751 - HTMLGenerator - INFO - [TIMER] Finished: Get total bounds for the layer and set up map template. in 0.04 sec | Mem: 1026.59 MB (+0.03 MB) | CPU: 0.00%
2025-07-16 10:23:19,751 - HTMLGenerator - INFO - [TIMER] Starting: Create feature class layer and add to individual group and map
2025-07-16 10:23:19,862 - HTMLGenerator - INFO - [TIMER] Finished: Create feature class layer and add to individual group and map in 0.01 sec | Mem: 1026.60 MB (+0.00 MB) | CPU: 0.00%
2025-07-16 10:23:19,862 - HTMLGenerator - INFO - [TIMER] Starting: Create AOI layer and add to map
2025-07-16 10:23:20,003 - HTMLGenerator - INFO - [TIMER] Finished: Create AOI layer and add to map in 0.04 sec | Mem: 1026.64 MB (+0.04 MB) | CPU: 0.00%
2025-07-16 10:23:20,003 - HTMLGenerator - INFO - [TIMER] Starting: Generate tooltip fields
2025-07-16 10:23:20,105 - HTMLGenerator - INFO - [TIMER] Finished: Generate tooltip fields in 0.00 sec | Mem: 1026.64 MB (+0.00 MB) | CPU: 0.00%
2025-07-16 10:23:20,106 - HTMLGenerator - INFO - [TIMER] Starting: Create a feature group in the layers list to house all unique values
2025-07-16 10:23:20,233 - HTMLGenerator - INFO - [TIMER] Finished: Create a feature group in the layers list to house all unique values in 0.03 sec | Mem: 1026.64 MB (+0.00 MB) | CPU: 0.00%
2025-07-16 10:23:20,234 - HTMLGenerator - INFO - [TIMER] Starting: Create popup for each layer with overlap reporting
2025-07-16 10:23:20,358 - HTMLGenerator - INFO - [TIMER] Finished: Create popup for each layer with overlap reporting in 0.02 sec | Mem: 1026.64 MB (+0.00 MB) | CPU: 0.00%
2025-07-16 10:23:20,359 - HTMLGenerator - INFO - [TIMER] Starting: Create legend HTML for individual maps
2025-07-16 10:23:20,461 - HTMLGenerator - INFO - [TIMER] Finished: Create legend HTML for individual maps in 0.00 sec | Mem: 1026.64 MB (+0.00 MB) | CPU: 0.00%
2025-07-16 10:23:20,461 - HTMLGenerator - INFO - [TIMER] Starting: Add layer control for individual maps
2025-07-16 10:23:20,562 - HTMLGenerator - INFO - [TIMER] Finished: Add layer control for individual maps in 0.00 sec | Mem: 1026.64 MB (+0.00 MB) | CPU: 0.00%
2025-07-16 10:23:20,563 - HTMLGenerator - INFO - [TIMER] Starting: Add grouped layer control for individual maps; AOI, feature class
2025-07-16 10:23:20,663 - HTMLGenerator - INFO - [TIMER] Finished: Add grouped layer control for individual maps; AOI, feature class in 0.00 sec | Mem: 1026.64 MB (+0.00 MB) | CPU: 0.00%
2025-07-16 10:23:20,664 - HTMLGenerator - INFO - [TIMER] Starting: Save ind. map and cleanup
2025-07-16 10:23:20,826 - HTMLGenerator - INFO - [TIMER] Finished: Save ind. map and cleanup in 0.06 sec | Mem: 1026.65 MB (+0.01 MB) | CPU: 0.00%
2025-07-16 10:23:20,827 - HTMLGenerator - INFO - [TIMER] Starting: Acquire geodataframe for Adjoined_by_FSR_or_Permit_Roads
2025-07-16 10:23:20,850 - fiona._env - DEBUG - GDAL_DATA found in environment.
2025-07-16 10:23:20,852 - fiona._env - DEBUG - PROJ data found in package: path='P:\\corp\\central_clones\\python_geopandas\\Lib\\site-packages\\fiona\\proj_data'.
2025-07-16 10:23:22,845 - fiona._env - WARNING - PROJ: proj_identify: P:\corp\central_clones\python_geopandas\Lib\site-packages\fiona\proj_data\proj.db contains DATABASE.LAYOUT.VERSION.MINOR = 2 whereas a number >= 3 is expected. It comes from another PROJ installation.
2025-07-16 10:23:29,123 - fiona._env - WARNING - PROJ: proj_identify: P:\corp\central_clones\python_geopandas\Lib\site-packages\fiona\proj_data\proj.db contains DATABASE.LAYOUT.VERSION.MINOR = 2 whereas a number >= 3 is expected. It comes from another PROJ installation.
2025-07-16 10:23:29,354 - fiona._env - WARNING - PROJ: proj_identify: P:\corp\central_clones\python_geopandas\Lib\site-packages\fiona\proj_data\proj.db contains DATABASE.LAYOUT.VERSION.MINOR = 2 whereas a number >= 3 is expected. It comes from another PROJ installation.
2025-07-16 10:23:30,150 - fiona._env - DEBUG - GDAL_DATA found in environment.
2025-07-16 10:23:30,151 - fiona._env - DEBUG - PROJ data found in package: path='P:\\corp\\central_clones\\python_geopandas\\Lib\\site-packages\\fiona\\proj_data'.
2025-07-16 10:23:30,152 - fiona.ogrext - DEBUG - Got coordinate system
2025-07-16 10:23:30,165 - fiona.ogrext - DEBUG - Got coordinate system
2025-07-16 10:23:30,194 - fiona._env - WARNING - PROJ: proj_identify: P:\corp\central_clones\python_geopandas\Lib\site-packages\fiona\proj_data\proj.db contains DATABASE.LAYOUT.VERSION.MINOR = 2 whereas a number >= 3 is expected. It comes from another PROJ installation.
2025-07-16 10:23:30,195 - fiona.ogrext - DEBUG - OLC_FASTSETNEXTBYINDEX: 1
2025-07-16 10:23:30,195 - fiona.ogrext - DEBUG - OLC_FASTFEATURECOUNT: 1
2025-07-16 10:23:30,195 - fiona.ogrext - DEBUG - Next index: 0
2025-07-16 10:23:30,231 - fiona.collection - DEBUG - Flushed buffer
2025-07-16 10:23:30,233 - fiona.collection - DEBUG - Stopped session
2025-07-16 10:23:30,333 - HTMLGenerator - INFO - [TIMER] Finished: Acquire geodataframe for Adjoined_by_FSR_or_Permit_Roads in 9.41 sec | Mem: 1026.64 MB (-0.00 MB) | CPU: 0.00%
2025-07-16 10:23:30,334 - HTMLGenerator - INFO - [TIMER] Starting: Acquire geodataframe for Adjoined_by_Surveyed_Right_of_way
2025-07-16 10:23:30,356 - fiona._env - DEBUG - GDAL_DATA found in environment.
2025-07-16 10:23:30,358 - fiona._env - DEBUG - PROJ data found in package: path='P:\\corp\\central_clones\\python_geopandas\\Lib\\site-packages\\fiona\\proj_data'.
2025-07-16 10:23:31,840 - fiona._env - WARNING - PROJ: proj_identify: P:\corp\central_clones\python_geopandas\Lib\site-packages\fiona\proj_data\proj.db contains DATABASE.LAYOUT.VERSION.MINOR = 2 whereas a number >= 3 is expected. It comes from another PROJ installation.
2025-07-16 10:23:38,241 - fiona._env - WARNING - PROJ: proj_identify: P:\corp\central_clones\python_geopandas\Lib\site-packages\fiona\proj_data\proj.db contains DATABASE.LAYOUT.VERSION.MINOR = 2 whereas a number >= 3 is expected. It comes from another PROJ installation.
2025-07-16 10:23:38,503 - fiona._env - WARNING - PROJ: proj_identify: P:\corp\central_clones\python_geopandas\Lib\site-packages\fiona\proj_data\proj.db contains DATABASE.LAYOUT.VERSION.MINOR = 2 whereas a number >= 3 is expected. It comes from another PROJ installation.
2025-07-16 10:23:39,516 - fiona._env - DEBUG - GDAL_DATA found in environment.
2025-07-16 10:23:39,519 - fiona._env - DEBUG - PROJ data found in package: path='P:\\corp\\central_clones\\python_geopandas\\Lib\\site-packages\\fiona\\proj_data'.
2025-07-16 10:23:39,519 - fiona.ogrext - DEBUG - Got coordinate system
2025-07-16 10:23:39,535 - fiona.ogrext - DEBUG - Got coordinate system
2025-07-16 10:23:39,567 - fiona._env - WARNING - PROJ: proj_identify: P:\corp\central_clones\python_geopandas\Lib\site-packages\fiona\proj_data\proj.db contains DATABASE.LAYOUT.VERSION.MINOR = 2 whereas a number >= 3 is expected. It comes from another PROJ installation.
2025-07-16 10:23:39,568 - fiona.ogrext - DEBUG - OLC_FASTSETNEXTBYINDEX: 1
2025-07-16 10:23:39,568 - fiona.ogrext - DEBUG - OLC_FASTFEATURECOUNT: 1
2025-07-16 10:23:39,568 - fiona.ogrext - DEBUG - Next index: 0
2025-07-16 10:23:39,601 - fiona.collection - DEBUG - Flushed buffer
2025-07-16 10:23:39,603 - fiona.collection - DEBUG - Stopped session
2025-07-16 10:23:39,703 - HTMLGenerator - INFO - [TIMER] Finished: Acquire geodataframe for Adjoined_by_Surveyed_Right_of_way in 9.27 sec | Mem: 1026.64 MB (+0.00 MB) | CPU: 0.00%
2025-07-16 10:23:39,704 - HTMLGenerator - INFO - [TIMER] Starting: Acquire geodataframe for Adjoined_by_Right_of_way
2025-07-16 10:23:39,727 - fiona._env - DEBUG - GDAL_DATA found in environment.
2025-07-16 10:23:39,729 - fiona._env - DEBUG - PROJ data found in package: path='P:\\corp\\central_clones\\python_geopandas\\Lib\\site-packages\\fiona\\proj_data'.
2025-07-16 10:23:41,441 - fiona._env - WARNING - PROJ: proj_identify: P:\corp\central_clones\python_geopandas\Lib\site-packages\fiona\proj_data\proj.db contains DATABASE.LAYOUT.VERSION.MINOR = 2 whereas a number >= 3 is expected. It comes from another PROJ installation.
2025-07-16 10:23:48,074 - fiona._env - WARNING - PROJ: proj_identify: P:\corp\central_clones\python_geopandas\Lib\site-packages\fiona\proj_data\proj.db contains DATABASE.LAYOUT.VERSION.MINOR = 2 whereas a number >= 3 is expected. It comes from another PROJ installation.
2025-07-16 10:23:48,347 - fiona._env - WARNING - PROJ: proj_identify: P:\corp\central_clones\python_geopandas\Lib\site-packages\fiona\proj_data\proj.db contains DATABASE.LAYOUT.VERSION.MINOR = 2 whereas a number >= 3 is expected. It comes from another PROJ installation.
2025-07-16 10:23:49,251 - fiona._env - DEBUG - GDAL_DATA found in environment.
2025-07-16 10:23:49,252 - fiona._env - DEBUG - PROJ data found in package: path='P:\\corp\\central_clones\\python_geopandas\\Lib\\site-packages\\fiona\\proj_data'.
2025-07-16 10:23:49,253 - fiona.ogrext - DEBUG - Got coordinate system
2025-07-16 10:23:49,266 - fiona.ogrext - DEBUG - Got coordinate system
2025-07-16 10:23:49,293 - fiona._env - WARNING - PROJ: proj_identify: P:\corp\central_clones\python_geopandas\Lib\site-packages\fiona\proj_data\proj.db contains DATABASE.LAYOUT.VERSION.MINOR = 2 whereas a number >= 3 is expected. It comes from another PROJ installation.
2025-07-16 10:23:49,294 - fiona.ogrext - DEBUG - OLC_FASTSETNEXTBYINDEX: 1
2025-07-16 10:23:49,294 - fiona.ogrext - DEBUG - OLC_FASTFEATURECOUNT: 1
2025-07-16 10:23:49,294 - fiona.ogrext - DEBUG - Next index: 0
2025-07-16 10:23:49,328 - fiona.collection - DEBUG - Flushed buffer
2025-07-16 10:23:49,330 - fiona.collection - DEBUG - Stopped session
2025-07-16 10:23:49,430 - HTMLGenerator - INFO - [TIMER] Finished: Acquire geodataframe for Adjoined_by_Right_of_way in 9.63 sec | Mem: 1026.65 MB (+0.00 MB) | CPU: 0.00%
2025-07-16 10:23:49,431 - HTMLGenerator - INFO - [TIMER] Starting: Acquire geodataframe for Adjoined_by_Transportation_Corridors
2025-07-16 10:23:49,454 - fiona._env - DEBUG - GDAL_DATA found in environment.
2025-07-16 10:23:49,456 - fiona._env - DEBUG - PROJ data found in package: path='P:\\corp\\central_clones\\python_geopandas\\Lib\\site-packages\\fiona\\proj_data'.
2025-07-16 10:23:51,293 - fiona._env - WARNING - PROJ: proj_identify: P:\corp\central_clones\python_geopandas\Lib\site-packages\fiona\proj_data\proj.db contains DATABASE.LAYOUT.VERSION.MINOR = 2 whereas a number >= 3 is expected. It comes from another PROJ installation.
2025-07-16 10:23:57,357 - fiona._env - WARNING - PROJ: proj_identify: P:\corp\central_clones\python_geopandas\Lib\site-packages\fiona\proj_data\proj.db contains DATABASE.LAYOUT.VERSION.MINOR = 2 whereas a number >= 3 is expected. It comes from another PROJ installation.
2025-07-16 10:23:57,636 - fiona._env - WARNING - PROJ: proj_identify: P:\corp\central_clones\python_geopandas\Lib\site-packages\fiona\proj_data\proj.db contains DATABASE.LAYOUT.VERSION.MINOR = 2 whereas a number >= 3 is expected. It comes from another PROJ installation.
2025-07-16 10:23:58,719 - fiona._env - DEBUG - GDAL_DATA found in environment.
2025-07-16 10:23:58,721 - fiona._env - DEBUG - PROJ data found in package: path='P:\\corp\\central_clones\\python_geopandas\\Lib\\site-packages\\fiona\\proj_data'.
2025-07-16 10:23:58,721 - fiona.ogrext - DEBUG - Got coordinate system
2025-07-16 10:23:58,738 - fiona.ogrext - DEBUG - Got coordinate system
2025-07-16 10:23:58,769 - fiona._env - WARNING - PROJ: proj_identify: P:\corp\central_clones\python_geopandas\Lib\site-packages\fiona\proj_data\proj.db contains DATABASE.LAYOUT.VERSION.MINOR = 2 whereas a number >= 3 is expected. It comes from another PROJ installation.
2025-07-16 10:23:58,769 - fiona.ogrext - DEBUG - OLC_FASTSETNEXTBYINDEX: 1
2025-07-16 10:23:58,770 - fiona.ogrext - DEBUG - OLC_FASTFEATURECOUNT: 1
2025-07-16 10:23:58,770 - fiona.ogrext - DEBUG - Next index: 0
2025-07-16 10:23:58,804 - fiona.collection - DEBUG - Flushed buffer
2025-07-16 10:23:58,805 - fiona.collection - DEBUG - Stopped session
2025-07-16 10:23:58,906 - HTMLGenerator - INFO - [TIMER] Finished: Acquire geodataframe for Adjoined_by_Transportation_Corridors in 9.37 sec | Mem: 1026.65 MB (+0.00 MB) | CPU: 0.00%
2025-07-16 10:23:58,907 - HTMLGenerator - INFO - [TIMER] Starting: Acquire geodataframe for Adjoined_by_Railway_Tracks
2025-07-16 10:23:58,929 - fiona._env - DEBUG - GDAL_DATA found in environment.
2025-07-16 10:23:58,930 - fiona._env - DEBUG - PROJ data found in package: path='P:\\corp\\central_clones\\python_geopandas\\Lib\\site-packages\\fiona\\proj_data'.
2025-07-16 10:24:00,411 - fiona._env - WARNING - PROJ: proj_identify: P:\corp\central_clones\python_geopandas\Lib\site-packages\fiona\proj_data\proj.db contains DATABASE.LAYOUT.VERSION.MINOR = 2 whereas a number >= 3 is expected. It comes from another PROJ installation.
2025-07-16 10:24:06,024 - fiona._env - WARNING - PROJ: proj_identify: P:\corp\central_clones\python_geopandas\Lib\site-packages\fiona\proj_data\proj.db contains DATABASE.LAYOUT.VERSION.MINOR = 2 whereas a number >= 3 is expected. It comes from another PROJ installation.
2025-07-16 10:24:06,265 - fiona._env - WARNING - PROJ: proj_identify: P:\corp\central_clones\python_geopandas\Lib\site-packages\fiona\proj_data\proj.db contains DATABASE.LAYOUT.VERSION.MINOR = 2 whereas a number >= 3 is expected. It comes from another PROJ installation.
2025-07-16 10:24:07,078 - fiona._env - DEBUG - GDAL_DATA found in environment.
2025-07-16 10:24:07,080 - fiona._env - DEBUG - PROJ data found in package: path='P:\\corp\\central_clones\\python_geopandas\\Lib\\site-packages\\fiona\\proj_data'.
2025-07-16 10:24:07,080 - fiona.ogrext - DEBUG - Got coordinate system
2025-07-16 10:24:07,098 - fiona.ogrext - DEBUG - Got coordinate system
2025-07-16 10:24:07,124 - fiona._env - WARNING - PROJ: proj_identify: P:\corp\central_clones\python_geopandas\Lib\site-packages\fiona\proj_data\proj.db contains DATABASE.LAYOUT.VERSION.MINOR = 2 whereas a number >= 3 is expected. It comes from another PROJ installation.
2025-07-16 10:24:07,124 - fiona.ogrext - DEBUG - OLC_FASTSETNEXTBYINDEX: 1
2025-07-16 10:24:07,125 - fiona.ogrext - DEBUG - OLC_FASTFEATURECOUNT: 1
2025-07-16 10:24:07,125 - fiona.ogrext - DEBUG - Next index: 0
2025-07-16 10:24:07,161 - fiona.collection - DEBUG - Flushed buffer
2025-07-16 10:24:07,163 - fiona.collection - DEBUG - Stopped session
2025-07-16 10:24:07,263 - HTMLGenerator - INFO - [TIMER] Finished: Acquire geodataframe for Adjoined_by_Railway_Tracks in 8.26 sec | Mem: 1026.65 MB (+0.00 MB) | CPU: 0.00%
2025-07-16 10:24:07,264 - HTMLGenerator - INFO - [TIMER] Starting: Acquire geodataframe for Adjoined_by_Railway_Crossings
2025-07-16 10:24:07,287 - fiona._env - DEBUG - GDAL_DATA found in environment.
2025-07-16 10:24:07,289 - fiona._env - DEBUG - PROJ data found in package: path='P:\\corp\\central_clones\\python_geopandas\\Lib\\site-packages\\fiona\\proj_data'.
2025-07-16 10:24:09,296 - fiona._env - WARNING - PROJ: proj_identify: P:\corp\central_clones\python_geopandas\Lib\site-packages\fiona\proj_data\proj.db contains DATABASE.LAYOUT.VERSION.MINOR = 2 whereas a number >= 3 is expected. It comes from another PROJ installation.
2025-07-16 10:24:16,749 - fiona._env - WARNING - PROJ: proj_identify: P:\corp\central_clones\python_geopandas\Lib\site-packages\fiona\proj_data\proj.db contains DATABASE.LAYOUT.VERSION.MINOR = 2 whereas a number >= 3 is expected. It comes from another PROJ installation.
2025-07-16 10:24:17,069 - fiona._env - WARNING - PROJ: proj_identify: P:\corp\central_clones\python_geopandas\Lib\site-packages\fiona\proj_data\proj.db contains DATABASE.LAYOUT.VERSION.MINOR = 2 whereas a number >= 3 is expected. It comes from another PROJ installation.
2025-07-16 10:24:18,159 - fiona._env - DEBUG - GDAL_DATA found in environment.
2025-07-16 10:24:18,160 - fiona._env - DEBUG - PROJ data found in package: path='P:\\corp\\central_clones\\python_geopandas\\Lib\\site-packages\\fiona\\proj_data'.
2025-07-16 10:24:18,161 - fiona.ogrext - DEBUG - Got coordinate system
2025-07-16 10:24:18,181 - fiona.ogrext - DEBUG - Got coordinate system
2025-07-16 10:24:18,227 - fiona._env - WARNING - PROJ: proj_identify: P:\corp\central_clones\python_geopandas\Lib\site-packages\fiona\proj_data\proj.db contains DATABASE.LAYOUT.VERSION.MINOR = 2 whereas a number >= 3 is expected. It comes from another PROJ installation.
2025-07-16 10:24:18,228 - fiona.ogrext - DEBUG - OLC_FASTSETNEXTBYINDEX: 1
2025-07-16 10:24:18,228 - fiona.ogrext - DEBUG - OLC_FASTFEATURECOUNT: 1
2025-07-16 10:24:18,228 - fiona.ogrext - DEBUG - Next index: 0
2025-07-16 10:24:18,280 - fiona.collection - DEBUG - Flushed buffer
2025-07-16 10:24:18,282 - fiona.collection - DEBUG - Stopped session
2025-07-16 10:24:18,382 - HTMLGenerator - INFO - [TIMER] Finished: Acquire geodataframe for Adjoined_by_Railway_Crossings in 11.02 sec | Mem: 1026.64 MB (-0.00 MB) | CPU: 0.00%
2025-07-16 10:24:18,385 - HTMLGenerator - INFO - [TIMER] Starting: Acquire geodataframe for Indian_Reserves
2025-07-16 10:24:18,413 - fiona._env - DEBUG - GDAL_DATA found in environment.
2025-07-16 10:24:18,415 - fiona._env - DEBUG - PROJ data found in package: path='P:\\corp\\central_clones\\python_geopandas\\Lib\\site-packages\\fiona\\proj_data'.
2025-07-16 10:24:20,521 - fiona._env - WARNING - PROJ: proj_identify: P:\corp\central_clones\python_geopandas\Lib\site-packages\fiona\proj_data\proj.db contains DATABASE.LAYOUT.VERSION.MINOR = 2 whereas a number >= 3 is expected. It comes from another PROJ installation.
2025-07-16 10:24:28,063 - fiona._env - WARNING - PROJ: proj_identify: P:\corp\central_clones\python_geopandas\Lib\site-packages\fiona\proj_data\proj.db contains DATABASE.LAYOUT.VERSION.MINOR = 2 whereas a number >= 3 is expected. It comes from another PROJ installation.
2025-07-16 10:24:28,412 - fiona._env - WARNING - PROJ: proj_identify: P:\corp\central_clones\python_geopandas\Lib\site-packages\fiona\proj_data\proj.db contains DATABASE.LAYOUT.VERSION.MINOR = 2 whereas a number >= 3 is expected. It comes from another PROJ installation.
2025-07-16 10:24:29,563 - fiona._env - DEBUG - GDAL_DATA found in environment.
2025-07-16 10:24:29,565 - fiona._env - DEBUG - PROJ data found in package: path='P:\\corp\\central_clones\\python_geopandas\\Lib\\site-packages\\fiona\\proj_data'.
2025-07-16 10:24:29,565 - fiona.ogrext - DEBUG - Got coordinate system
2025-07-16 10:24:29,589 - fiona.ogrext - DEBUG - Got coordinate system
2025-07-16 10:24:29,638 - fiona._env - WARNING - PROJ: proj_identify: P:\corp\central_clones\python_geopandas\Lib\site-packages\fiona\proj_data\proj.db contains DATABASE.LAYOUT.VERSION.MINOR = 2 whereas a number >= 3 is expected. It comes from another PROJ installation.
2025-07-16 10:24:29,639 - fiona.ogrext - DEBUG - OLC_FASTSETNEXTBYINDEX: 1
2025-07-16 10:24:29,639 - fiona.ogrext - DEBUG - OLC_FASTFEATURECOUNT: 1
2025-07-16 10:24:29,639 - fiona.ogrext - DEBUG - Next index: 0
2025-07-16 10:24:29,687 - fiona.collection - DEBUG - Flushed buffer
2025-07-16 10:24:29,689 - fiona.collection - DEBUG - Stopped session
2025-07-16 10:24:29,789 - HTMLGenerator - INFO - [TIMER] Finished: Acquire geodataframe for Indian_Reserves in 11.30 sec | Mem: 1026.64 MB (+0.00 MB) | CPU: 0.00%
2025-07-16 10:24:29,790 - HTMLGenerator - INFO - [TIMER] Starting: Acquire geodataframe for IR_within_2_km
2025-07-16 10:24:29,819 - fiona._env - DEBUG - GDAL_DATA found in environment.
2025-07-16 10:24:29,820 - fiona._env - DEBUG - PROJ data found in package: path='P:\\corp\\central_clones\\python_geopandas\\Lib\\site-packages\\fiona\\proj_data'.
2025-07-16 10:24:32,093 - fiona._env - WARNING - PROJ: proj_identify: P:\corp\central_clones\python_geopandas\Lib\site-packages\fiona\proj_data\proj.db contains DATABASE.LAYOUT.VERSION.MINOR = 2 whereas a number >= 3 is expected. It comes from another PROJ installation.
2025-07-16 10:24:39,826 - fiona._env - WARNING - PROJ: proj_identify: P:\corp\central_clones\python_geopandas\Lib\site-packages\fiona\proj_data\proj.db contains DATABASE.LAYOUT.VERSION.MINOR = 2 whereas a number >= 3 is expected. It comes from another PROJ installation.
2025-07-16 10:24:40,106 - fiona._env - WARNING - PROJ: proj_identify: P:\corp\central_clones\python_geopandas\Lib\site-packages\fiona\proj_data\proj.db contains DATABASE.LAYOUT.VERSION.MINOR = 2 whereas a number >= 3 is expected. It comes from another PROJ installation.
2025-07-16 10:24:41,037 - fiona._env - DEBUG - GDAL_DATA found in environment.
2025-07-16 10:24:41,039 - fiona._env - DEBUG - PROJ data found in package: path='P:\\corp\\central_clones\\python_geopandas\\Lib\\site-packages\\fiona\\proj_data'.
2025-07-16 10:24:41,040 - fiona.ogrext - DEBUG - Got coordinate system
2025-07-16 10:24:41,054 - fiona.ogrext - DEBUG - Got coordinate system
2025-07-16 10:24:41,084 - fiona._env - WARNING - PROJ: proj_identify: P:\corp\central_clones\python_geopandas\Lib\site-packages\fiona\proj_data\proj.db contains DATABASE.LAYOUT.VERSION.MINOR = 2 whereas a number >= 3 is expected. It comes from another PROJ installation.
2025-07-16 10:24:41,085 - fiona.ogrext - DEBUG - OLC_FASTSETNEXTBYINDEX: 1
2025-07-16 10:24:41,085 - fiona.ogrext - DEBUG - OLC_FASTFEATURECOUNT: 1
2025-07-16 10:24:41,085 - fiona.ogrext - DEBUG - Next index: 0
2025-07-16 10:24:41,119 - fiona.collection - DEBUG - Flushed buffer
2025-07-16 10:24:41,121 - fiona.collection - DEBUG - Stopped session
2025-07-16 10:24:41,221 - HTMLGenerator - INFO - [TIMER] Finished: Acquire geodataframe for IR_within_2_km in 11.33 sec | Mem: 1026.64 MB (+0.00 MB) | CPU: 0.00%
2025-07-16 10:24:41,222 - HTMLGenerator - INFO - [TIMER] Starting: Acquire geodataframe for National_Park
2025-07-16 10:24:41,245 - fiona._env - DEBUG - GDAL_DATA found in environment.
2025-07-16 10:24:41,246 - fiona._env - DEBUG - PROJ data found in package: path='P:\\corp\\central_clones\\python_geopandas\\Lib\\site-packages\\fiona\\proj_data'.
2025-07-16 10:24:42,874 - fiona._env - WARNING - PROJ: proj_identify: P:\corp\central_clones\python_geopandas\Lib\site-packages\fiona\proj_data\proj.db contains DATABASE.LAYOUT.VERSION.MINOR = 2 whereas a number >= 3 is expected. It comes from another PROJ installation.
2025-07-16 10:24:50,028 - fiona._env - WARNING - PROJ: proj_identify: P:\corp\central_clones\python_geopandas\Lib\site-packages\fiona\proj_data\proj.db contains DATABASE.LAYOUT.VERSION.MINOR = 2 whereas a number >= 3 is expected. It comes from another PROJ installation.
2025-07-16 10:24:50,353 - fiona._env - WARNING - PROJ: proj_identify: P:\corp\central_clones\python_geopandas\Lib\site-packages\fiona\proj_data\proj.db contains DATABASE.LAYOUT.VERSION.MINOR = 2 whereas a number >= 3 is expected. It comes from another PROJ installation.
2025-07-16 10:24:51,622 - fiona._env - DEBUG - GDAL_DATA found in environment.
2025-07-16 10:24:51,624 - fiona._env - DEBUG - PROJ data found in package: path='P:\\corp\\central_clones\\python_geopandas\\Lib\\site-packages\\fiona\\proj_data'.
2025-07-16 10:24:51,625 - fiona.ogrext - DEBUG - Got coordinate system
2025-07-16 10:24:51,646 - fiona.ogrext - DEBUG - Got coordinate system
2025-07-16 10:24:51,706 - fiona._env - WARNING - PROJ: proj_identify: P:\corp\central_clones\python_geopandas\Lib\site-packages\fiona\proj_data\proj.db contains DATABASE.LAYOUT.VERSION.MINOR = 2 whereas a number >= 3 is expected. It comes from another PROJ installation.
2025-07-16 10:24:51,706 - fiona.ogrext - DEBUG - OLC_FASTSETNEXTBYINDEX: 1
2025-07-16 10:24:51,707 - fiona.ogrext - DEBUG - OLC_FASTFEATURECOUNT: 1
2025-07-16 10:24:51,707 - fiona.ogrext - DEBUG - Next index: 0
2025-07-16 10:24:51,759 - fiona.collection - DEBUG - Flushed buffer
2025-07-16 10:24:51,761 - fiona.collection - DEBUG - Stopped session
2025-07-16 10:24:51,861 - HTMLGenerator - INFO - [TIMER] Finished: Acquire geodataframe for National_Park in 10.54 sec | Mem: 1026.65 MB (+0.00 MB) | CPU: 0.00%
2025-07-16 10:24:51,863 - HTMLGenerator - INFO - [TIMER] Starting: Acquire geodataframe for Park_and_Protected_Areas
2025-07-16 10:24:51,898 - fiona._env - DEBUG - GDAL_DATA found in environment.
2025-07-16 10:24:51,900 - fiona._env - DEBUG - PROJ data found in package: path='P:\\corp\\central_clones\\python_geopandas\\Lib\\site-packages\\fiona\\proj_data'.
2025-07-16 10:24:53,865 - fiona._env - WARNING - PROJ: proj_identify: P:\corp\central_clones\python_geopandas\Lib\site-packages\fiona\proj_data\proj.db contains DATABASE.LAYOUT.VERSION.MINOR = 2 whereas a number >= 3 is expected. It comes from another PROJ installation.
2025-07-16 10:25:00,691 - fiona._env - WARNING - PROJ: proj_identify: P:\corp\central_clones\python_geopandas\Lib\site-packages\fiona\proj_data\proj.db contains DATABASE.LAYOUT.VERSION.MINOR = 2 whereas a number >= 3 is expected. It comes from another PROJ installation.
2025-07-16 10:25:00,947 - fiona._env - WARNING - PROJ: proj_identify: P:\corp\central_clones\python_geopandas\Lib\site-packages\fiona\proj_data\proj.db contains DATABASE.LAYOUT.VERSION.MINOR = 2 whereas a number >= 3 is expected. It comes from another PROJ installation.
2025-07-16 10:25:01,787 - fiona._env - DEBUG - GDAL_DATA found in environment.
2025-07-16 10:25:01,790 - fiona._env - DEBUG - PROJ data found in package: path='P:\\corp\\central_clones\\python_geopandas\\Lib\\site-packages\\fiona\\proj_data'.
2025-07-16 10:25:01,791 - fiona.ogrext - DEBUG - Got coordinate system
2025-07-16 10:25:01,805 - fiona.ogrext - DEBUG - Got coordinate system
2025-07-16 10:25:01,833 - fiona._env - WARNING - PROJ: proj_identify: P:\corp\central_clones\python_geopandas\Lib\site-packages\fiona\proj_data\proj.db contains DATABASE.LAYOUT.VERSION.MINOR = 2 whereas a number >= 3 is expected. It comes from another PROJ installation.
2025-07-16 10:25:01,834 - fiona.ogrext - DEBUG - OLC_FASTSETNEXTBYINDEX: 1
2025-07-16 10:25:01,834 - fiona.ogrext - DEBUG - OLC_FASTFEATURECOUNT: 1
2025-07-16 10:25:01,834 - fiona.ogrext - DEBUG - Next index: 0
2025-07-16 10:25:01,868 - fiona.collection - DEBUG - Flushed buffer
2025-07-16 10:25:01,870 - fiona.collection - DEBUG - Stopped session
2025-07-16 10:25:01,970 - HTMLGenerator - INFO - [TIMER] Finished: Acquire geodataframe for Park_and_Protected_Areas in 10.01 sec | Mem: 1026.64 MB (-0.01 MB) | CPU: 0.00%
2025-07-16 10:25:01,971 - HTMLGenerator - INFO - [TIMER] Starting: Acquire geodataframe for Conservancy_Areas
2025-07-16 10:25:01,993 - fiona._env - DEBUG - GDAL_DATA found in environment.
2025-07-16 10:25:01,995 - fiona._env - DEBUG - PROJ data found in package: path='P:\\corp\\central_clones\\python_geopandas\\Lib\\site-packages\\fiona\\proj_data'.
2025-07-16 10:25:03,606 - fiona._env - WARNING - PROJ: proj_identify: P:\corp\central_clones\python_geopandas\Lib\site-packages\fiona\proj_data\proj.db contains DATABASE.LAYOUT.VERSION.MINOR = 2 whereas a number >= 3 is expected. It comes from another PROJ installation.
2025-07-16 10:25:10,540 - fiona._env - WARNING - PROJ: proj_identify: P:\corp\central_clones\python_geopandas\Lib\site-packages\fiona\proj_data\proj.db contains DATABASE.LAYOUT.VERSION.MINOR = 2 whereas a number >= 3 is expected. It comes from another PROJ installation.
2025-07-16 10:25:10,812 - fiona._env - WARNING - PROJ: proj_identify: P:\corp\central_clones\python_geopandas\Lib\site-packages\fiona\proj_data\proj.db contains DATABASE.LAYOUT.VERSION.MINOR = 2 whereas a number >= 3 is expected. It comes from another PROJ installation.
2025-07-16 10:25:11,691 - fiona._env - DEBUG - GDAL_DATA found in environment.
2025-07-16 10:25:11,693 - fiona._env - DEBUG - PROJ data found in package: path='P:\\corp\\central_clones\\python_geopandas\\Lib\\site-packages\\fiona\\proj_data'.
2025-07-16 10:25:11,694 - fiona.ogrext - DEBUG - Got coordinate system
2025-07-16 10:25:11,711 - fiona.ogrext - DEBUG - Got coordinate system
2025-07-16 10:25:11,742 - fiona._env - WARNING - PROJ: proj_identify: P:\corp\central_clones\python_geopandas\Lib\site-packages\fiona\proj_data\proj.db contains DATABASE.LAYOUT.VERSION.MINOR = 2 whereas a number >= 3 is expected. It comes from another PROJ installation.
2025-07-16 10:25:11,743 - fiona.ogrext - DEBUG - OLC_FASTSETNEXTBYINDEX: 1
2025-07-16 10:25:11,743 - fiona.ogrext - DEBUG - OLC_FASTFEATURECOUNT: 1
2025-07-16 10:25:11,743 - fiona.ogrext - DEBUG - Next index: 0
2025-07-16 10:25:11,787 - fiona.collection - DEBUG - Flushed buffer
2025-07-16 10:25:11,789 - fiona.collection - DEBUG - Stopped session
2025-07-16 10:25:11,890 - HTMLGenerator - INFO - [TIMER] Finished: Acquire geodataframe for Conservancy_Areas in 9.82 sec | Mem: 1026.64 MB (-0.00 MB) | CPU: 0.00%
2025-07-16 10:25:11,891 - HTMLGenerator - INFO - [TIMER] Starting: Acquire geodataframe for Conservation_Lands_including_Wildlife_Managment_Areas
2025-07-16 10:25:11,914 - fiona._env - DEBUG - GDAL_DATA found in environment.
2025-07-16 10:25:11,915 - fiona._env - DEBUG - PROJ data found in package: path='P:\\corp\\central_clones\\python_geopandas\\Lib\\site-packages\\fiona\\proj_data'.
2025-07-16 10:25:13,675 - fiona._env - WARNING - PROJ: proj_identify: P:\corp\central_clones\python_geopandas\Lib\site-packages\fiona\proj_data\proj.db contains DATABASE.LAYOUT.VERSION.MINOR = 2 whereas a number >= 3 is expected. It comes from another PROJ installation.
2025-07-16 10:25:20,020 - fiona._env - WARNING - PROJ: proj_identify: P:\corp\central_clones\python_geopandas\Lib\site-packages\fiona\proj_data\proj.db contains DATABASE.LAYOUT.VERSION.MINOR = 2 whereas a number >= 3 is expected. It comes from another PROJ installation.
2025-07-16 10:25:20,273 - fiona._env - WARNING - PROJ: proj_identify: P:\corp\central_clones\python_geopandas\Lib\site-packages\fiona\proj_data\proj.db contains DATABASE.LAYOUT.VERSION.MINOR = 2 whereas a number >= 3 is expected. It comes from another PROJ installation.
2025-07-16 10:25:21,109 - fiona._env - DEBUG - GDAL_DATA found in environment.
2025-07-16 10:25:21,110 - fiona._env - DEBUG - PROJ data found in package: path='P:\\corp\\central_clones\\python_geopandas\\Lib\\site-packages\\fiona\\proj_data'.
2025-07-16 10:25:21,111 - fiona.ogrext - DEBUG - Got coordinate system
2025-07-16 10:25:21,124 - fiona.ogrext - DEBUG - Got coordinate system
2025-07-16 10:25:21,155 - fiona._env - WARNING - PROJ: proj_identify: P:\corp\central_clones\python_geopandas\Lib\site-packages\fiona\proj_data\proj.db contains DATABASE.LAYOUT.VERSION.MINOR = 2 whereas a number >= 3 is expected. It comes from another PROJ installation.
2025-07-16 10:25:21,155 - fiona.ogrext - DEBUG - OLC_FASTSETNEXTBYINDEX: 1
2025-07-16 10:25:21,155 - fiona.ogrext - DEBUG - OLC_FASTFEATURECOUNT: 1
2025-07-16 10:25:21,155 - fiona.ogrext - DEBUG - Next index: 0
2025-07-16 10:25:21,189 - fiona.collection - DEBUG - Flushed buffer
2025-07-16 10:25:21,191 - fiona.collection - DEBUG - Stopped session
2025-07-16 10:25:21,291 - HTMLGenerator - INFO - [TIMER] Finished: Acquire geodataframe for Conservation_Lands_including_Wildlife_Managment_Areas in 9.30 sec | Mem: 1026.64 MB (+0.00 MB) | CPU: 0.00%
2025-07-16 10:25:21,292 - HTMLGenerator - INFO - [TIMER] Starting: Acquire geodataframe for NGO_Conservation_Areas
2025-07-16 10:25:21,316 - fiona._env - DEBUG - GDAL_DATA found in environment.
2025-07-16 10:25:21,317 - fiona._env - DEBUG - PROJ data found in package: path='P:\\corp\\central_clones\\python_geopandas\\Lib\\site-packages\\fiona\\proj_data'.
2025-07-16 10:25:23,359 - fiona._env - WARNING - PROJ: proj_identify: P:\corp\central_clones\python_geopandas\Lib\site-packages\fiona\proj_data\proj.db contains DATABASE.LAYOUT.VERSION.MINOR = 2 whereas a number >= 3 is expected. It comes from another PROJ installation.
2025-07-16 10:25:30,022 - fiona._env - WARNING - PROJ: proj_identify: P:\corp\central_clones\python_geopandas\Lib\site-packages\fiona\proj_data\proj.db contains DATABASE.LAYOUT.VERSION.MINOR = 2 whereas a number >= 3 is expected. It comes from another PROJ installation.
2025-07-16 10:25:30,255 - fiona._env - WARNING - PROJ: proj_identify: P:\corp\central_clones\python_geopandas\Lib\site-packages\fiona\proj_data\proj.db contains DATABASE.LAYOUT.VERSION.MINOR = 2 whereas a number >= 3 is expected. It comes from another PROJ installation.
2025-07-16 10:25:31,002 - fiona._env - DEBUG - GDAL_DATA found in environment.
2025-07-16 10:25:31,004 - fiona._env - DEBUG - PROJ data found in package: path='P:\\corp\\central_clones\\python_geopandas\\Lib\\site-packages\\fiona\\proj_data'.
2025-07-16 10:25:31,004 - fiona.ogrext - DEBUG - Got coordinate system
2025-07-16 10:25:31,016 - fiona.ogrext - DEBUG - Got coordinate system
2025-07-16 10:25:31,040 - fiona._env - WARNING - PROJ: proj_identify: P:\corp\central_clones\python_geopandas\Lib\site-packages\fiona\proj_data\proj.db contains DATABASE.LAYOUT.VERSION.MINOR = 2 whereas a number >= 3 is expected. It comes from another PROJ installation.
2025-07-16 10:25:31,040 - fiona.ogrext - DEBUG - OLC_FASTSETNEXTBYINDEX: 1
2025-07-16 10:25:31,040 - fiona.ogrext - DEBUG - OLC_FASTFEATURECOUNT: 1
2025-07-16 10:25:31,040 - fiona.ogrext - DEBUG - Next index: 0
2025-07-16 10:25:31,075 - fiona.collection - DEBUG - Flushed buffer
2025-07-16 10:25:31,077 - fiona.collection - DEBUG - Stopped session
2025-07-16 10:25:31,178 - HTMLGenerator - INFO - [TIMER] Finished: Acquire geodataframe for NGO_Conservation_Areas in 9.79 sec | Mem: 1026.64 MB (+0.00 MB) | CPU: 0.00%
2025-07-16 10:25:31,180 - HTMLGenerator - INFO - [TIMER] Starting: Acquire geodataframe for Consultative_Areas
2025-07-16 10:25:31,205 - fiona._env - DEBUG - GDAL_DATA found in environment.
2025-07-16 10:25:31,207 - fiona._env - DEBUG - PROJ data found in package: path='P:\\corp\\central_clones\\python_geopandas\\Lib\\site-packages\\fiona\\proj_data'.
2025-07-16 10:25:32,696 - fiona._env - WARNING - PROJ: proj_identify: P:\corp\central_clones\python_geopandas\Lib\site-packages\fiona\proj_data\proj.db contains DATABASE.LAYOUT.VERSION.MINOR = 2 whereas a number >= 3 is expected. It comes from another PROJ installation.
2025-07-16 10:25:38,875 - fiona._env - WARNING - PROJ: proj_identify: P:\corp\central_clones\python_geopandas\Lib\site-packages\fiona\proj_data\proj.db contains DATABASE.LAYOUT.VERSION.MINOR = 2 whereas a number >= 3 is expected. It comes from another PROJ installation.
2025-07-16 10:25:39,158 - fiona._env - WARNING - PROJ: proj_identify: P:\corp\central_clones\python_geopandas\Lib\site-packages\fiona\proj_data\proj.db contains DATABASE.LAYOUT.VERSION.MINOR = 2 whereas a number >= 3 is expected. It comes from another PROJ installation.
2025-07-16 10:25:39,977 - fiona._env - DEBUG - GDAL_DATA found in environment.
2025-07-16 10:25:39,979 - fiona._env - DEBUG - PROJ data found in package: path='P:\\corp\\central_clones\\python_geopandas\\Lib\\site-packages\\fiona\\proj_data'.
2025-07-16 10:25:39,980 - fiona.ogrext - DEBUG - Got coordinate system
2025-07-16 10:25:39,992 - fiona.ogrext - DEBUG - Got coordinate system
2025-07-16 10:25:40,015 - fiona._env - WARNING - PROJ: proj_identify: P:\corp\central_clones\python_geopandas\Lib\site-packages\fiona\proj_data\proj.db contains DATABASE.LAYOUT.VERSION.MINOR = 2 whereas a number >= 3 is expected. It comes from another PROJ installation.
2025-07-16 10:25:40,015 - fiona.ogrext - DEBUG - OLC_FASTSETNEXTBYINDEX: 1
2025-07-16 10:25:40,015 - fiona.ogrext - DEBUG - OLC_FASTFEATURECOUNT: 1
2025-07-16 10:25:40,015 - fiona.ogrext - DEBUG - Next index: 0
2025-07-16 10:25:40,015 - fiona.ogrext - DEBUG - Next index: 1
2025-07-16 10:25:40,055 - fiona.collection - DEBUG - Flushed buffer
2025-07-16 10:25:40,057 - fiona.collection - DEBUG - Stopped session
2025-07-16 10:25:40,157 - HTMLGenerator - INFO - [TIMER] Finished: Acquire geodataframe for Consultative_Areas in 8.88 sec | Mem: 1026.64 MB (+0.00 MB) | CPU: 0.00%
2025-07-16 10:25:40,157 - HTMLGenerator - INFO - [TIMER] Starting: Acquire geometry for Consultative_Areas
2025-07-16 10:25:40,259 - HTMLGenerator - INFO - [TIMER] Finished: Acquire geometry for Consultative_Areas in 0.00 sec | Mem: 1026.64 MB (+0.00 MB) | CPU: 0.00%
2025-07-16 10:25:40,259 - HTMLGenerator - INFO - [TIMER] Starting: Convert Columns to strings
2025-07-16 10:25:40,370 - HTMLGenerator - INFO - [TIMER] Finished: Convert Columns to strings in 0.01 sec | Mem: 1026.64 MB (+0.00 MB) | CPU: 0.00%
2025-07-16 10:25:40,371 - HTMLGenerator - INFO - [TIMER] Starting: Acquire field data from spreadsheet; build out fields to summarize for popups
2025-07-16 10:25:40,472 - HTMLGenerator - INFO - [TIMER] Finished: Acquire field data from spreadsheet; build out fields to summarize for popups in 0.00 sec | Mem: 1026.64 MB (+0.00 MB) | CPU: 0.00%
2025-07-16 10:25:40,473 - HTMLGenerator - INFO - [TIMER] Starting: Get all popup fields and format
2025-07-16 10:25:40,577 - HTMLGenerator - INFO - [TIMER] Finished: Get all popup fields and format in 0.00 sec | Mem: 1026.64 MB (+0.00 MB) | CPU: 0.00%
2025-07-16 10:25:40,577 - HTMLGenerator - INFO - [TIMER] Starting: Determine all values and symbology to show in legend and map.
2025-07-16 10:25:40,680 - HTMLGenerator - INFO - [TIMER] Finished: Determine all values and symbology to show in legend and map. in 0.00 sec | Mem: 1026.64 MB (+0.00 MB) | CPU: 0.00%
2025-07-16 10:25:40,681 - HTMLGenerator - INFO - [TIMER] Starting: Get total bounds for the layer and set up map template.
2025-07-16 10:25:40,823 - HTMLGenerator - INFO - [TIMER] Finished: Get total bounds for the layer and set up map template. in 0.04 sec | Mem: 1026.64 MB (+0.00 MB) | CPU: 0.00%
2025-07-16 10:25:40,824 - HTMLGenerator - INFO - [TIMER] Starting: Create feature class layer and add to individual group and map
2025-07-16 10:25:40,936 - HTMLGenerator - INFO - [TIMER] Finished: Create feature class layer and add to individual group and map in 0.01 sec | Mem: 1026.64 MB (+0.00 MB) | CPU: 0.00%
2025-07-16 10:25:40,937 - HTMLGenerator - INFO - [TIMER] Starting: Create AOI layer and add to map
2025-07-16 10:25:41,083 - HTMLGenerator - INFO - [TIMER] Finished: Create AOI layer and add to map in 0.05 sec | Mem: 1026.64 MB (+0.00 MB) | CPU: 0.00%
2025-07-16 10:25:41,084 - HTMLGenerator - INFO - [TIMER] Starting: Generate tooltip fields
2025-07-16 10:25:41,185 - HTMLGenerator - INFO - [TIMER] Finished: Generate tooltip fields in 0.00 sec | Mem: 1026.64 MB (+0.00 MB) | CPU: 0.00%
2025-07-16 10:25:41,186 - HTMLGenerator - INFO - [TIMER] Starting: Create a feature group in the layers list to house all unique values
2025-07-16 10:25:41,297 - HTMLGenerator - INFO - [TIMER] Finished: Create a feature group in the layers list to house all unique values in 0.01 sec | Mem: 1026.64 MB (+0.00 MB) | CPU: 0.00%
2025-07-16 10:25:41,298 - HTMLGenerator - INFO - [TIMER] Starting: Create popup for each layer with overlap reporting
2025-07-16 10:25:41,415 - HTMLGenerator - INFO - [TIMER] Finished: Create popup for each layer with overlap reporting in 0.02 sec | Mem: 1026.65 MB (+0.02 MB) | CPU: 0.00%
2025-07-16 10:25:41,416 - HTMLGenerator - INFO - [TIMER] Starting: Create legend HTML for individual maps
2025-07-16 10:25:41,517 - HTMLGenerator - INFO - [TIMER] Finished: Create legend HTML for individual maps in 0.00 sec | Mem: 1026.65 MB (+0.00 MB) | CPU: 0.00%
2025-07-16 10:25:41,518 - HTMLGenerator - INFO - [TIMER] Starting: Add layer control for individual maps
2025-07-16 10:25:41,618 - HTMLGenerator - INFO - [TIMER] Finished: Add layer control for individual maps in 0.00 sec | Mem: 1026.65 MB (+0.00 MB) | CPU: 0.00%
2025-07-16 10:25:41,618 - HTMLGenerator - INFO - [TIMER] Starting: Add grouped layer control for individual maps; AOI, feature class
2025-07-16 10:25:41,719 - HTMLGenerator - INFO - [TIMER] Finished: Add grouped layer control for individual maps; AOI, feature class in 0.00 sec | Mem: 1026.65 MB (+0.00 MB) | CPU: 0.00%
2025-07-16 10:25:41,719 - HTMLGenerator - INFO - [TIMER] Starting: Save ind. map and cleanup
2025-07-16 10:25:41,875 - HTMLGenerator - INFO - [TIMER] Finished: Save ind. map and cleanup in 0.05 sec | Mem: 1026.71 MB (+0.05 MB) | CPU: 0.00%
2025-07-16 10:25:41,876 - HTMLGenerator - INFO - [TIMER] Starting: Acquire geodataframe for First_Nation_Statement_of_Intent_Boundaries_
2025-07-16 10:25:41,899 - fiona._env - DEBUG - GDAL_DATA found in environment.
2025-07-16 10:25:41,900 - fiona._env - DEBUG - PROJ data found in package: path='P:\\corp\\central_clones\\python_geopandas\\Lib\\site-packages\\fiona\\proj_data'.
2025-07-16 10:25:43,420 - fiona._env - WARNING - PROJ: proj_identify: P:\corp\central_clones\python_geopandas\Lib\site-packages\fiona\proj_data\proj.db contains DATABASE.LAYOUT.VERSION.MINOR = 2 whereas a number >= 3 is expected. It comes from another PROJ installation.
2025-07-16 10:25:49,838 - fiona._env - WARNING - PROJ: proj_identify: P:\corp\central_clones\python_geopandas\Lib\site-packages\fiona\proj_data\proj.db contains DATABASE.LAYOUT.VERSION.MINOR = 2 whereas a number >= 3 is expected. It comes from another PROJ installation.
2025-07-16 10:25:50,092 - fiona._env - WARNING - PROJ: proj_identify: P:\corp\central_clones\python_geopandas\Lib\site-packages\fiona\proj_data\proj.db contains DATABASE.LAYOUT.VERSION.MINOR = 2 whereas a number >= 3 is expected. It comes from another PROJ installation.
2025-07-16 10:25:50,926 - fiona._env - DEBUG - GDAL_DATA found in environment.
2025-07-16 10:25:50,928 - fiona._env - DEBUG - PROJ data found in package: path='P:\\corp\\central_clones\\python_geopandas\\Lib\\site-packages\\fiona\\proj_data'.
2025-07-16 10:25:50,928 - fiona.ogrext - DEBUG - Got coordinate system
2025-07-16 10:25:50,942 - fiona.ogrext - DEBUG - Got coordinate system
2025-07-16 10:25:50,966 - fiona._env - WARNING - PROJ: proj_identify: P:\corp\central_clones\python_geopandas\Lib\site-packages\fiona\proj_data\proj.db contains DATABASE.LAYOUT.VERSION.MINOR = 2 whereas a number >= 3 is expected. It comes from another PROJ installation.
2025-07-16 10:25:50,966 - fiona.ogrext - DEBUG - OLC_FASTSETNEXTBYINDEX: 1
2025-07-16 10:25:50,966 - fiona.ogrext - DEBUG - OLC_FASTFEATURECOUNT: 1
2025-07-16 10:25:50,966 - fiona.ogrext - DEBUG - Next index: 0
2025-07-16 10:25:51,000 - fiona.collection - DEBUG - Flushed buffer
2025-07-16 10:25:51,002 - fiona.collection - DEBUG - Stopped session
2025-07-16 10:25:51,103 - HTMLGenerator - INFO - [TIMER] Finished: Acquire geodataframe for First_Nation_Statement_of_Intent_Boundaries_ in 9.13 sec | Mem: 1026.71 MB (+0.00 MB) | CPU: 0.00%
2025-07-16 10:25:51,105 - HTMLGenerator - INFO - [TIMER] Starting: Acquire geodataframe for MFR_First_Nation_Agreement_Boundaries
2025-07-16 10:25:51,127 - fiona._env - DEBUG - GDAL_DATA found in environment.
2025-07-16 10:25:51,129 - fiona._env - DEBUG - PROJ data found in package: path='P:\\corp\\central_clones\\python_geopandas\\Lib\\site-packages\\fiona\\proj_data'.
2025-07-16 10:25:52,937 - fiona._env - WARNING - PROJ: proj_identify: P:\corp\central_clones\python_geopandas\Lib\site-packages\fiona\proj_data\proj.db contains DATABASE.LAYOUT.VERSION.MINOR = 2 whereas a number >= 3 is expected. It comes from another PROJ installation.
2025-07-16 10:25:59,917 - fiona._env - WARNING - PROJ: proj_identify: P:\corp\central_clones\python_geopandas\Lib\site-packages\fiona\proj_data\proj.db contains DATABASE.LAYOUT.VERSION.MINOR = 2 whereas a number >= 3 is expected. It comes from another PROJ installation.
2025-07-16 10:26:00,172 - fiona._env - WARNING - PROJ: proj_identify: P:\corp\central_clones\python_geopandas\Lib\site-packages\fiona\proj_data\proj.db contains DATABASE.LAYOUT.VERSION.MINOR = 2 whereas a number >= 3 is expected. It comes from another PROJ installation.
2025-07-16 10:26:01,069 - fiona._env - DEBUG - GDAL_DATA found in environment.
2025-07-16 10:26:01,072 - fiona._env - DEBUG - PROJ data found in package: path='P:\\corp\\central_clones\\python_geopandas\\Lib\\site-packages\\fiona\\proj_data'.
2025-07-16 10:26:01,073 - fiona.ogrext - DEBUG - Got coordinate system
2025-07-16 10:26:01,087 - fiona.ogrext - DEBUG - Got coordinate system
2025-07-16 10:26:01,116 - fiona._env - WARNING - PROJ: proj_identify: P:\corp\central_clones\python_geopandas\Lib\site-packages\fiona\proj_data\proj.db contains DATABASE.LAYOUT.VERSION.MINOR = 2 whereas a number >= 3 is expected. It comes from another PROJ installation.
2025-07-16 10:26:01,116 - fiona.ogrext - DEBUG - OLC_FASTSETNEXTBYINDEX: 1
2025-07-16 10:26:01,117 - fiona.ogrext - DEBUG - OLC_FASTFEATURECOUNT: 1
2025-07-16 10:26:01,117 - fiona.ogrext - DEBUG - Next index: 0
2025-07-16 10:26:01,117 - fiona.ogrext - DEBUG - Next index: 1
2025-07-16 10:26:01,118 - fiona.ogrext - DEBUG - Next index: 2
2025-07-16 10:26:01,119 - fiona.ogrext - DEBUG - Next index: 3
2025-07-16 10:26:01,120 - fiona.ogrext - DEBUG - Next index: 4
2025-07-16 10:26:01,121 - fiona.ogrext - DEBUG - Next index: 5
2025-07-16 10:26:01,122 - fiona.ogrext - DEBUG - Next index: 6
2025-07-16 10:26:01,160 - fiona.collection - DEBUG - Flushed buffer
2025-07-16 10:26:01,161 - fiona.collection - DEBUG - Stopped session
2025-07-16 10:26:01,262 - HTMLGenerator - INFO - [TIMER] Finished: Acquire geodataframe for MFR_First_Nation_Agreement_Boundaries in 10.06 sec | Mem: 1026.72 MB (+0.02 MB) | CPU: 0.00%
2025-07-16 10:26:01,263 - HTMLGenerator - INFO - [TIMER] Starting: Acquire geometry for MFR_First_Nation_Agreement_Boundaries
2025-07-16 10:26:01,364 - HTMLGenerator - INFO - [TIMER] Finished: Acquire geometry for MFR_First_Nation_Agreement_Boundaries in 0.00 sec | Mem: 1026.72 MB (+0.00 MB) | CPU: 0.00%
2025-07-16 10:26:01,365 - HTMLGenerator - INFO - [TIMER] Starting: Convert Columns to strings
2025-07-16 10:26:01,471 - HTMLGenerator - INFO - [TIMER] Finished: Convert Columns to strings in 0.01 sec | Mem: 1026.73 MB (+0.01 MB) | CPU: 0.00%
2025-07-16 10:26:01,472 - HTMLGenerator - INFO - [TIMER] Starting: Acquire field data from spreadsheet; build out fields to summarize for popups
2025-07-16 10:26:01,573 - HTMLGenerator - INFO - [TIMER] Finished: Acquire field data from spreadsheet; build out fields to summarize for popups in 0.00 sec | Mem: 1026.73 MB (+0.00 MB) | CPU: 0.00%
2025-07-16 10:26:01,574 - HTMLGenerator - INFO - [TIMER] Starting: Get all popup fields and format
2025-07-16 10:26:01,677 - HTMLGenerator - INFO - [TIMER] Finished: Get all popup fields and format in 0.00 sec | Mem: 1026.73 MB (+0.00 MB) | CPU: 0.00%
2025-07-16 10:26:01,677 - HTMLGenerator - INFO - [TIMER] Starting: Determine all values and symbology to show in legend and map.
2025-07-16 10:26:01,780 - HTMLGenerator - INFO - [TIMER] Finished: Determine all values and symbology to show in legend and map. in 0.00 sec | Mem: 1026.73 MB (+0.00 MB) | CPU: 0.00%
2025-07-16 10:26:01,781 - HTMLGenerator - INFO - [TIMER] Starting: Get total bounds for the layer and set up map template.
2025-07-16 10:26:01,916 - HTMLGenerator - INFO - [TIMER] Finished: Get total bounds for the layer and set up map template. in 0.03 sec | Mem: 1026.77 MB (+0.03 MB) | CPU: 0.00%
2025-07-16 10:26:01,917 - HTMLGenerator - INFO - [TIMER] Starting: Create feature class layer and add to individual group and map
2025-07-16 10:26:02,028 - HTMLGenerator - INFO - [TIMER] Finished: Create feature class layer and add to individual group and map in 0.01 sec | Mem: 1026.77 MB (+0.00 MB) | CPU: 0.00%
2025-07-16 10:26:02,029 - HTMLGenerator - INFO - [TIMER] Starting: Create AOI layer and add to map
2025-07-16 10:26:02,168 - HTMLGenerator - INFO - [TIMER] Finished: Create AOI layer and add to map in 0.04 sec | Mem: 1026.95 MB (+0.18 MB) | CPU: 0.00%
2025-07-16 10:26:02,168 - HTMLGenerator - INFO - [TIMER] Starting: Generate tooltip fields
2025-07-16 10:26:02,270 - HTMLGenerator - INFO - [TIMER] Finished: Generate tooltip fields in 0.00 sec | Mem: 1026.95 MB (+0.00 MB) | CPU: 0.00%
2025-07-16 10:26:02,271 - HTMLGenerator - INFO - [TIMER] Starting: Create a feature group in the layers list to house all unique values
2025-07-16 10:26:02,445 - HTMLGenerator - INFO - [TIMER] Finished: Create a feature group in the layers list to house all unique values in 0.07 sec | Mem: 1027.05 MB (+0.10 MB) | CPU: 0.00%
2025-07-16 10:26:02,446 - HTMLGenerator - INFO - [TIMER] Starting: Create popup for each layer with overlap reporting
2025-07-16 10:26:02,573 - HTMLGenerator - INFO - [TIMER] Finished: Create popup for each layer with overlap reporting in 0.03 sec | Mem: 1027.20 MB (+0.16 MB) | CPU: 0.00%
2025-07-16 10:26:02,574 - HTMLGenerator - INFO - [TIMER] Starting: Create legend HTML for individual maps
2025-07-16 10:26:02,675 - HTMLGenerator - INFO - [TIMER] Finished: Create legend HTML for individual maps in 0.00 sec | Mem: 1027.20 MB (+0.00 MB) | CPU: 0.00%
2025-07-16 10:26:02,676 - HTMLGenerator - INFO - [TIMER] Starting: Add layer control for individual maps
2025-07-16 10:26:02,776 - HTMLGenerator - INFO - [TIMER] Finished: Add layer control for individual maps in 0.00 sec | Mem: 1027.20 MB (+0.00 MB) | CPU: 0.00%
2025-07-16 10:26:02,777 - HTMLGenerator - INFO - [TIMER] Starting: Add grouped layer control for individual maps; AOI, feature class
2025-07-16 10:26:02,878 - HTMLGenerator - INFO - [TIMER] Finished: Add grouped layer control for individual maps; AOI, feature class in 0.00 sec | Mem: 1027.20 MB (+0.00 MB) | CPU: 0.00%
2025-07-16 10:26:02,878 - HTMLGenerator - INFO - [TIMER] Starting: Save ind. map and cleanup
2025-07-16 10:26:03,061 - HTMLGenerator - INFO - [TIMER] Finished: Save ind. map and cleanup in 0.08 sec | Mem: 1027.24 MB (+0.04 MB) | CPU: 0.00%
2025-07-16 10:26:03,062 - HTMLGenerator - INFO - [TIMER] Starting: Acquire geodataframe for First_Nation_Traditional_Use_Study_Area
2025-07-16 10:26:03,085 - fiona._env - DEBUG - GDAL_DATA found in environment.
2025-07-16 10:26:03,087 - fiona._env - DEBUG - PROJ data found in package: path='P:\\corp\\central_clones\\python_geopandas\\Lib\\site-packages\\fiona\\proj_data'.
2025-07-16 10:26:04,642 - fiona._env - WARNING - PROJ: proj_identify: P:\corp\central_clones\python_geopandas\Lib\site-packages\fiona\proj_data\proj.db contains DATABASE.LAYOUT.VERSION.MINOR = 2 whereas a number >= 3 is expected. It comes from another PROJ installation.
2025-07-16 10:26:10,869 - fiona._env - WARNING - PROJ: proj_identify: P:\corp\central_clones\python_geopandas\Lib\site-packages\fiona\proj_data\proj.db contains DATABASE.LAYOUT.VERSION.MINOR = 2 whereas a number >= 3 is expected. It comes from another PROJ installation.
2025-07-16 10:26:11,134 - fiona._env - WARNING - PROJ: proj_identify: P:\corp\central_clones\python_geopandas\Lib\site-packages\fiona\proj_data\proj.db contains DATABASE.LAYOUT.VERSION.MINOR = 2 whereas a number >= 3 is expected. It comes from another PROJ installation.
2025-07-16 10:26:11,985 - fiona._env - DEBUG - GDAL_DATA found in environment.
2025-07-16 10:26:11,989 - fiona._env - DEBUG - PROJ data found in package: path='P:\\corp\\central_clones\\python_geopandas\\Lib\\site-packages\\fiona\\proj_data'.
2025-07-16 10:26:11,989 - fiona.ogrext - DEBUG - Got coordinate system
2025-07-16 10:26:12,004 - fiona.ogrext - DEBUG - Got coordinate system
2025-07-16 10:26:12,033 - fiona._env - WARNING - PROJ: proj_identify: P:\corp\central_clones\python_geopandas\Lib\site-packages\fiona\proj_data\proj.db contains DATABASE.LAYOUT.VERSION.MINOR = 2 whereas a number >= 3 is expected. It comes from another PROJ installation.
2025-07-16 10:26:12,034 - fiona.ogrext - DEBUG - OLC_FASTSETNEXTBYINDEX: 1
2025-07-16 10:26:12,034 - fiona.ogrext - DEBUG - OLC_FASTFEATURECOUNT: 1
2025-07-16 10:26:12,034 - fiona.ogrext - DEBUG - Next index: 0
2025-07-16 10:26:12,034 - fiona.ogrext - DEBUG - Next index: 1
2025-07-16 10:26:12,068 - fiona.collection - DEBUG - Flushed buffer
2025-07-16 10:26:12,070 - fiona.collection - DEBUG - Stopped session
2025-07-16 10:26:12,170 - HTMLGenerator - INFO - [TIMER] Finished: Acquire geodataframe for First_Nation_Traditional_Use_Study_Area in 9.01 sec | Mem: 1027.22 MB (-0.02 MB) | CPU: 0.00%
2025-07-16 10:26:12,171 - HTMLGenerator - INFO - [TIMER] Starting: Acquire geometry for First_Nation_Traditional_Use_Study_Area
2025-07-16 10:26:12,272 - HTMLGenerator - INFO - [TIMER] Finished: Acquire geometry for First_Nation_Traditional_Use_Study_Area in 0.00 sec | Mem: 1027.22 MB (+0.00 MB) | CPU: 0.00%
2025-07-16 10:26:12,273 - HTMLGenerator - INFO - [TIMER] Starting: Convert Columns to strings
2025-07-16 10:26:12,376 - HTMLGenerator - INFO - [TIMER] Finished: Convert Columns to strings in 0.00 sec | Mem: 1027.22 MB (+0.00 MB) | CPU: 0.00%
2025-07-16 10:26:12,377 - HTMLGenerator - INFO - [TIMER] Starting: Acquire field data from spreadsheet; build out fields to summarize for popups
2025-07-16 10:26:12,479 - HTMLGenerator - INFO - [TIMER] Finished: Acquire field data from spreadsheet; build out fields to summarize for popups in 0.00 sec | Mem: 1027.22 MB (+0.00 MB) | CPU: 0.00%
2025-07-16 10:26:12,480 - HTMLGenerator - INFO - [TIMER] Starting: Get all popup fields and format
2025-07-16 10:26:12,582 - HTMLGenerator - INFO - [TIMER] Finished: Get all popup fields and format in 0.00 sec | Mem: 1027.22 MB (+0.00 MB) | CPU: 0.00%
2025-07-16 10:26:12,583 - HTMLGenerator - INFO - [TIMER] Starting: Determine all values and symbology to show in legend and map.
2025-07-16 10:26:12,685 - HTMLGenerator - INFO - [TIMER] Finished: Determine all values and symbology to show in legend and map. in 0.00 sec | Mem: 1027.22 MB (+0.00 MB) | CPU: 0.00%
2025-07-16 10:26:12,686 - HTMLGenerator - INFO - [TIMER] Starting: Get total bounds for the layer and set up map template.
2025-07-16 10:26:12,823 - HTMLGenerator - INFO - [TIMER] Finished: Get total bounds for the layer and set up map template. in 0.04 sec | Mem: 1027.22 MB (+0.00 MB) | CPU: 0.00%
2025-07-16 10:26:12,823 - HTMLGenerator - INFO - [TIMER] Starting: Create feature class layer and add to individual group and map
2025-07-16 10:26:12,934 - HTMLGenerator - INFO - [TIMER] Finished: Create feature class layer and add to individual group and map in 0.01 sec | Mem: 1027.22 MB (+0.00 MB) | CPU: 0.00%
2025-07-16 10:26:12,935 - HTMLGenerator - INFO - [TIMER] Starting: Create AOI layer and add to map
2025-07-16 10:26:13,074 - HTMLGenerator - INFO - [TIMER] Finished: Create AOI layer and add to map in 0.04 sec | Mem: 1027.22 MB (+0.00 MB) | CPU: 0.00%
2025-07-16 10:26:13,074 - HTMLGenerator - INFO - [TIMER] Starting: Generate tooltip fields
2025-07-16 10:26:13,176 - HTMLGenerator - INFO - [TIMER] Finished: Generate tooltip fields in 0.00 sec | Mem: 1027.22 MB (+0.00 MB) | CPU: 0.00%
2025-07-16 10:26:13,176 - HTMLGenerator - INFO - [TIMER] Starting: Create a feature group in the layers list to house all unique values
2025-07-16 10:26:13,288 - HTMLGenerator - INFO - [TIMER] Finished: Create a feature group in the layers list to house all unique values in 0.01 sec | Mem: 1027.22 MB (+0.00 MB) | CPU: 0.00%
2025-07-16 10:26:13,289 - HTMLGenerator - INFO - [TIMER] Starting: Create popup for each layer with overlap reporting
2025-07-16 10:26:13,406 - HTMLGenerator - INFO - [TIMER] Finished: Create popup for each layer with overlap reporting in 0.02 sec | Mem: 1027.23 MB (+0.01 MB) | CPU: 0.00%
2025-07-16 10:26:13,407 - HTMLGenerator - INFO - [TIMER] Starting: Create legend HTML for individual maps
2025-07-16 10:26:13,508 - HTMLGenerator - INFO - [TIMER] Finished: Create legend HTML for individual maps in 0.00 sec | Mem: 1027.23 MB (+0.00 MB) | CPU: 0.00%
2025-07-16 10:26:13,508 - HTMLGenerator - INFO - [TIMER] Starting: Add layer control for individual maps
2025-07-16 10:26:13,609 - HTMLGenerator - INFO - [TIMER] Finished: Add layer control for individual maps in 0.00 sec | Mem: 1027.23 MB (+0.00 MB) | CPU: 0.00%
2025-07-16 10:26:13,610 - HTMLGenerator - INFO - [TIMER] Starting: Add grouped layer control for individual maps; AOI, feature class
2025-07-16 10:26:13,711 - HTMLGenerator - INFO - [TIMER] Finished: Add grouped layer control for individual maps; AOI, feature class in 0.00 sec | Mem: 1027.23 MB (+0.00 MB) | CPU: 0.00%
2025-07-16 10:26:13,711 - HTMLGenerator - INFO - [TIMER] Starting: Save ind. map and cleanup
2025-07-16 10:26:13,869 - HTMLGenerator - INFO - [TIMER] Finished: Save ind. map and cleanup in 0.06 sec | Mem: 1027.35 MB (+0.11 MB) | CPU: 0.00%
2025-07-16 10:26:13,870 - HTMLGenerator - INFO - [TIMER] Starting: Acquire geodataframe for Traditional_Use_Points
2025-07-16 10:26:13,893 - fiona._env - DEBUG - GDAL_DATA found in environment.
2025-07-16 10:26:13,895 - fiona._env - DEBUG - PROJ data found in package: path='P:\\corp\\central_clones\\python_geopandas\\Lib\\site-packages\\fiona\\proj_data'.
2025-07-16 10:26:15,397 - fiona._env - WARNING - PROJ: proj_identify: P:\corp\central_clones\python_geopandas\Lib\site-packages\fiona\proj_data\proj.db contains DATABASE.LAYOUT.VERSION.MINOR = 2 whereas a number >= 3 is expected. It comes from another PROJ installation.
2025-07-16 10:26:21,625 - fiona._env - WARNING - PROJ: proj_identify: P:\corp\central_clones\python_geopandas\Lib\site-packages\fiona\proj_data\proj.db contains DATABASE.LAYOUT.VERSION.MINOR = 2 whereas a number >= 3 is expected. It comes from another PROJ installation.
2025-07-16 10:26:21,908 - fiona._env - WARNING - PROJ: proj_identify: P:\corp\central_clones\python_geopandas\Lib\site-packages\fiona\proj_data\proj.db contains DATABASE.LAYOUT.VERSION.MINOR = 2 whereas a number >= 3 is expected. It comes from another PROJ installation.
2025-07-16 10:26:22,800 - fiona._env - DEBUG - GDAL_DATA found in environment.
2025-07-16 10:26:22,801 - fiona._env - DEBUG - PROJ data found in package: path='P:\\corp\\central_clones\\python_geopandas\\Lib\\site-packages\\fiona\\proj_data'.
2025-07-16 10:26:22,802 - fiona.ogrext - DEBUG - Got coordinate system
2025-07-16 10:26:22,815 - fiona.ogrext - DEBUG - Got coordinate system
2025-07-16 10:26:22,844 - fiona._env - WARNING - PROJ: proj_identify: P:\corp\central_clones\python_geopandas\Lib\site-packages\fiona\proj_data\proj.db contains DATABASE.LAYOUT.VERSION.MINOR = 2 whereas a number >= 3 is expected. It comes from another PROJ installation.
2025-07-16 10:26:22,844 - fiona.ogrext - DEBUG - OLC_FASTSETNEXTBYINDEX: 1
2025-07-16 10:26:22,844 - fiona.ogrext - DEBUG - OLC_FASTFEATURECOUNT: 1
2025-07-16 10:26:22,845 - fiona.ogrext - DEBUG - Next index: 0
2025-07-16 10:26:22,879 - fiona.collection - DEBUG - Flushed buffer
2025-07-16 10:26:22,880 - fiona.collection - DEBUG - Stopped session
2025-07-16 10:26:22,982 - HTMLGenerator - INFO - [TIMER] Finished: Acquire geodataframe for Traditional_Use_Points in 9.01 sec | Mem: 1027.35 MB (+0.00 MB) | CPU: 0.00%
2025-07-16 10:26:22,983 - HTMLGenerator - INFO - [TIMER] Starting: Acquire geodataframe for Traditional_Use_Lines
2025-07-16 10:26:23,006 - fiona._env - DEBUG - GDAL_DATA found in environment.
2025-07-16 10:26:23,008 - fiona._env - DEBUG - PROJ data found in package: path='P:\\corp\\central_clones\\python_geopandas\\Lib\\site-packages\\fiona\\proj_data'.
2025-07-16 10:26:24,534 - fiona._env - WARNING - PROJ: proj_identify: P:\corp\central_clones\python_geopandas\Lib\site-packages\fiona\proj_data\proj.db contains DATABASE.LAYOUT.VERSION.MINOR = 2 whereas a number >= 3 is expected. It comes from another PROJ installation.
2025-07-16 10:26:30,454 - fiona._env - WARNING - PROJ: proj_identify: P:\corp\central_clones\python_geopandas\Lib\site-packages\fiona\proj_data\proj.db contains DATABASE.LAYOUT.VERSION.MINOR = 2 whereas a number >= 3 is expected. It comes from another PROJ installation.
2025-07-16 10:26:30,702 - fiona._env - WARNING - PROJ: proj_identify: P:\corp\central_clones\python_geopandas\Lib\site-packages\fiona\proj_data\proj.db contains DATABASE.LAYOUT.VERSION.MINOR = 2 whereas a number >= 3 is expected. It comes from another PROJ installation.
2025-07-16 10:26:31,739 - fiona._env - DEBUG - GDAL_DATA found in environment.
2025-07-16 10:26:31,741 - fiona._env - DEBUG - PROJ data found in package: path='P:\\corp\\central_clones\\python_geopandas\\Lib\\site-packages\\fiona\\proj_data'.
2025-07-16 10:26:31,741 - fiona.ogrext - DEBUG - Got coordinate system
2025-07-16 10:26:31,759 - fiona.ogrext - DEBUG - Got coordinate system
2025-07-16 10:26:31,811 - fiona._env - WARNING - PROJ: proj_identify: P:\corp\central_clones\python_geopandas\Lib\site-packages\fiona\proj_data\proj.db contains DATABASE.LAYOUT.VERSION.MINOR = 2 whereas a number >= 3 is expected. It comes from another PROJ installation.
2025-07-16 10:26:31,812 - fiona.ogrext - DEBUG - OLC_FASTSETNEXTBYINDEX: 1
2025-07-16 10:26:31,812 - fiona.ogrext - DEBUG - OLC_FASTFEATURECOUNT: 1
2025-07-16 10:26:31,812 - fiona.ogrext - DEBUG - Next index: 0
2025-07-16 10:26:31,871 - fiona.collection - DEBUG - Flushed buffer
2025-07-16 10:26:31,874 - fiona.collection - DEBUG - Stopped session
2025-07-16 10:26:31,975 - HTMLGenerator - INFO - [TIMER] Finished: Acquire geodataframe for Traditional_Use_Lines in 8.89 sec | Mem: 1027.35 MB (+0.00 MB) | CPU: 0.00%
2025-07-16 10:26:31,976 - HTMLGenerator - INFO - [TIMER] Starting: Acquire geodataframe for Traditional_Use_Polygons
2025-07-16 10:26:32,006 - fiona._env - DEBUG - GDAL_DATA found in environment.
2025-07-16 10:26:32,008 - fiona._env - DEBUG - PROJ data found in package: path='P:\\corp\\central_clones\\python_geopandas\\Lib\\site-packages\\fiona\\proj_data'.
2025-07-16 10:26:34,063 - fiona._env - WARNING - PROJ: proj_identify: P:\corp\central_clones\python_geopandas\Lib\site-packages\fiona\proj_data\proj.db contains DATABASE.LAYOUT.VERSION.MINOR = 2 whereas a number >= 3 is expected. It comes from another PROJ installation.
2025-07-16 10:26:40,167 - fiona._env - WARNING - PROJ: proj_identify: P:\corp\central_clones\python_geopandas\Lib\site-packages\fiona\proj_data\proj.db contains DATABASE.LAYOUT.VERSION.MINOR = 2 whereas a number >= 3 is expected. It comes from another PROJ installation.
2025-07-16 10:26:40,434 - fiona._env - WARNING - PROJ: proj_identify: P:\corp\central_clones\python_geopandas\Lib\site-packages\fiona\proj_data\proj.db contains DATABASE.LAYOUT.VERSION.MINOR = 2 whereas a number >= 3 is expected. It comes from another PROJ installation.
2025-07-16 10:26:41,276 - fiona._env - DEBUG - GDAL_DATA found in environment.
2025-07-16 10:26:41,277 - fiona._env - DEBUG - PROJ data found in package: path='P:\\corp\\central_clones\\python_geopandas\\Lib\\site-packages\\fiona\\proj_data'.
2025-07-16 10:26:41,278 - fiona.ogrext - DEBUG - Got coordinate system
2025-07-16 10:26:41,290 - fiona.ogrext - DEBUG - Got coordinate system
2025-07-16 10:26:41,316 - fiona._env - WARNING - PROJ: proj_identify: P:\corp\central_clones\python_geopandas\Lib\site-packages\fiona\proj_data\proj.db contains DATABASE.LAYOUT.VERSION.MINOR = 2 whereas a number >= 3 is expected. It comes from another PROJ installation.
2025-07-16 10:26:41,316 - fiona.ogrext - DEBUG - OLC_FASTSETNEXTBYINDEX: 1
2025-07-16 10:26:41,316 - fiona.ogrext - DEBUG - OLC_FASTFEATURECOUNT: 1
2025-07-16 10:26:41,316 - fiona.ogrext - DEBUG - Next index: 0
2025-07-16 10:26:41,316 - fiona.ogrext - DEBUG - Next index: 1
2025-07-16 10:26:41,318 - fiona.ogrext - DEBUG - Next index: 2
2025-07-16 10:26:41,318 - fiona.ogrext - DEBUG - Next index: 3
2025-07-16 10:26:41,319 - fiona.ogrext - DEBUG - Next index: 4
2025-07-16 10:26:41,320 - fiona.ogrext - DEBUG - Next index: 5
2025-07-16 10:26:41,320 - fiona.ogrext - DEBUG - Next index: 6
2025-07-16 10:26:41,321 - fiona.ogrext - DEBUG - Next index: 7
2025-07-16 10:26:41,322 - fiona.ogrext - DEBUG - Next index: 8
2025-07-16 10:26:41,322 - fiona.ogrext - DEBUG - Next index: 9
2025-07-16 10:26:41,323 - fiona.ogrext - DEBUG - Next index: 10
2025-07-16 10:26:41,324 - fiona.ogrext - DEBUG - Next index: 11
2025-07-16 10:26:41,324 - fiona.ogrext - DEBUG - Next index: 12
2025-07-16 10:26:41,359 - fiona.collection - DEBUG - Flushed buffer
2025-07-16 10:26:41,360 - fiona.collection - DEBUG - Stopped session
2025-07-16 10:26:41,462 - HTMLGenerator - INFO - [TIMER] Finished: Acquire geodataframe for Traditional_Use_Polygons in 9.38 sec | Mem: 1027.45 MB (+0.09 MB) | CPU: 0.00%
2025-07-16 10:26:41,462 - HTMLGenerator - INFO - [TIMER] Starting: Acquire geometry for Traditional_Use_Polygons
2025-07-16 10:26:41,564 - HTMLGenerator - INFO - [TIMER] Finished: Acquire geometry for Traditional_Use_Polygons in 0.00 sec | Mem: 1027.45 MB (+0.00 MB) | CPU: 0.00%
2025-07-16 10:26:41,564 - HTMLGenerator - INFO - [TIMER] Starting: Convert Columns to strings
2025-07-16 10:26:41,670 - HTMLGenerator - INFO - [TIMER] Finished: Convert Columns to strings in 0.00 sec | Mem: 1027.45 MB (+0.00 MB) | CPU: 0.00%
2025-07-16 10:26:41,671 - HTMLGenerator - INFO - [TIMER] Starting: Acquire field data from spreadsheet; build out fields to summarize for popups
2025-07-16 10:26:41,772 - HTMLGenerator - INFO - [TIMER] Finished: Acquire field data from spreadsheet; build out fields to summarize for popups in 0.00 sec | Mem: 1027.45 MB (+0.00 MB) | CPU: 0.00%
2025-07-16 10:26:41,772 - HTMLGenerator - INFO - [TIMER] Starting: Get all popup fields and format
2025-07-16 10:26:41,875 - HTMLGenerator - INFO - [TIMER] Finished: Get all popup fields and format in 0.00 sec | Mem: 1027.45 MB (+0.00 MB) | CPU: 0.00%
2025-07-16 10:26:41,875 - HTMLGenerator - INFO - [TIMER] Starting: Determine all values and symbology to show in legend and map.
2025-07-16 10:26:41,978 - HTMLGenerator - INFO - [TIMER] Finished: Determine all values and symbology to show in legend and map. in 0.00 sec | Mem: 1027.45 MB (+0.00 MB) | CPU: 0.00%
2025-07-16 10:26:41,979 - HTMLGenerator - INFO - [TIMER] Starting: Get total bounds for the layer and set up map template.
2025-07-16 10:26:42,105 - HTMLGenerator - INFO - [TIMER] Finished: Get total bounds for the layer and set up map template. in 0.03 sec | Mem: 1027.48 MB (+0.03 MB) | CPU: 0.00%
2025-07-16 10:26:42,105 - HTMLGenerator - INFO - [TIMER] Starting: Create feature class layer and add to individual group and map
2025-07-16 10:26:42,217 - HTMLGenerator - INFO - [TIMER] Finished: Create feature class layer and add to individual group and map in 0.01 sec | Mem: 1027.49 MB (+0.01 MB) | CPU: 0.00%
2025-07-16 10:26:42,218 - HTMLGenerator - INFO - [TIMER] Starting: Create AOI layer and add to map
2025-07-16 10:26:42,364 - HTMLGenerator - INFO - [TIMER] Finished: Create AOI layer and add to map in 0.05 sec | Mem: 1027.66 MB (+0.17 MB) | CPU: 0.00%
2025-07-16 10:26:42,364 - HTMLGenerator - INFO - [TIMER] Starting: Generate tooltip fields
2025-07-16 10:26:42,466 - HTMLGenerator - INFO - [TIMER] Finished: Generate tooltip fields in 0.00 sec | Mem: 1027.66 MB (+0.00 MB) | CPU: 0.00%
2025-07-16 10:26:42,467 - HTMLGenerator - INFO - [TIMER] Starting: Create a feature group in the layers list to house all unique values
2025-07-16 10:26:42,634 - HTMLGenerator - INFO - [TIMER] Finished: Create a feature group in the layers list to house all unique values in 0.07 sec | Mem: 1027.76 MB (+0.10 MB) | CPU: 0.00%
2025-07-16 10:26:42,635 - HTMLGenerator - INFO - [TIMER] Starting: Create popup for each layer with overlap reporting
2025-07-16 10:26:42,763 - HTMLGenerator - INFO - [TIMER] Finished: Create popup for each layer with overlap reporting in 0.03 sec | Mem: 1027.90 MB (+0.14 MB) | CPU: 0.00%
2025-07-16 10:26:42,764 - HTMLGenerator - INFO - [TIMER] Starting: Create legend HTML for individual maps
2025-07-16 10:26:42,865 - HTMLGenerator - INFO - [TIMER] Finished: Create legend HTML for individual maps in 0.00 sec | Mem: 1027.91 MB (+0.01 MB) | CPU: 0.00%
2025-07-16 10:26:42,866 - HTMLGenerator - INFO - [TIMER] Starting: Add layer control for individual maps
2025-07-16 10:26:42,966 - HTMLGenerator - INFO - [TIMER] Finished: Add layer control for individual maps in 0.00 sec | Mem: 1027.91 MB (+0.00 MB) | CPU: 0.00%
2025-07-16 10:26:42,967 - HTMLGenerator - INFO - [TIMER] Starting: Add grouped layer control for individual maps; AOI, feature class
2025-07-16 10:26:43,067 - HTMLGenerator - INFO - [TIMER] Finished: Add grouped layer control for individual maps; AOI, feature class in 0.00 sec | Mem: 1027.91 MB (+0.00 MB) | CPU: 0.00%
2025-07-16 10:26:43,068 - HTMLGenerator - INFO - [TIMER] Starting: Save ind. map and cleanup
2025-07-16 10:26:43,253 - HTMLGenerator - INFO - [TIMER] Finished: Save ind. map and cleanup in 0.08 sec | Mem: 1028.06 MB (+0.15 MB) | CPU: 0.00%
2025-07-16 10:26:43,254 - HTMLGenerator - INFO - [TIMER] Starting: Acquire geodataframe for Timber_Supply_Area_and_Blocks
2025-07-16 10:26:43,276 - fiona._env - DEBUG - GDAL_DATA found in environment.
2025-07-16 10:26:43,277 - fiona._env - DEBUG - PROJ data found in package: path='P:\\corp\\central_clones\\python_geopandas\\Lib\\site-packages\\fiona\\proj_data'.
2025-07-16 10:26:45,011 - fiona._env - WARNING - PROJ: proj_identify: P:\corp\central_clones\python_geopandas\Lib\site-packages\fiona\proj_data\proj.db contains DATABASE.LAYOUT.VERSION.MINOR = 2 whereas a number >= 3 is expected. It comes from another PROJ installation.
2025-07-16 10:26:53,178 - fiona._env - WARNING - PROJ: proj_identify: P:\corp\central_clones\python_geopandas\Lib\site-packages\fiona\proj_data\proj.db contains DATABASE.LAYOUT.VERSION.MINOR = 2 whereas a number >= 3 is expected. It comes from another PROJ installation.
2025-07-16 10:26:53,612 - fiona._env - WARNING - PROJ: proj_identify: P:\corp\central_clones\python_geopandas\Lib\site-packages\fiona\proj_data\proj.db contains DATABASE.LAYOUT.VERSION.MINOR = 2 whereas a number >= 3 is expected. It comes from another PROJ installation.
2025-07-16 10:26:54,971 - fiona._env - DEBUG - GDAL_DATA found in environment.
2025-07-16 10:26:54,973 - fiona._env - DEBUG - PROJ data found in package: path='P:\\corp\\central_clones\\python_geopandas\\Lib\\site-packages\\fiona\\proj_data'.
2025-07-16 10:26:54,974 - fiona.ogrext - DEBUG - Got coordinate system
2025-07-16 10:26:54,993 - fiona.ogrext - DEBUG - Got coordinate system
2025-07-16 10:26:55,024 - fiona._env - WARNING - PROJ: proj_identify: P:\corp\central_clones\python_geopandas\Lib\site-packages\fiona\proj_data\proj.db contains DATABASE.LAYOUT.VERSION.MINOR = 2 whereas a number >= 3 is expected. It comes from another PROJ installation.
2025-07-16 10:26:55,024 - fiona.ogrext - DEBUG - OLC_FASTSETNEXTBYINDEX: 1
2025-07-16 10:26:55,024 - fiona.ogrext - DEBUG - OLC_FASTFEATURECOUNT: 1
2025-07-16 10:26:55,025 - fiona.ogrext - DEBUG - Next index: 0
2025-07-16 10:26:55,025 - fiona.ogrext - DEBUG - Next index: 1
2025-07-16 10:26:55,026 - fiona.ogrext - DEBUG - Next index: 2
2025-07-16 10:26:55,071 - fiona.collection - DEBUG - Flushed buffer
2025-07-16 10:26:55,073 - fiona.collection - DEBUG - Stopped session
2025-07-16 10:26:55,173 - HTMLGenerator - INFO - [TIMER] Finished: Acquire geodataframe for Timber_Supply_Area_and_Blocks in 11.82 sec | Mem: 1028.20 MB (+0.14 MB) | CPU: 0.00%
2025-07-16 10:26:55,174 - HTMLGenerator - INFO - [TIMER] Starting: Acquire geometry for Timber_Supply_Area_and_Blocks
2025-07-16 10:26:55,275 - HTMLGenerator - INFO - [TIMER] Finished: Acquire geometry for Timber_Supply_Area_and_Blocks in 0.00 sec | Mem: 1028.20 MB (+0.00 MB) | CPU: 0.00%
2025-07-16 10:26:55,276 - HTMLGenerator - INFO - [TIMER] Starting: Convert Columns to strings
2025-07-16 10:26:55,383 - HTMLGenerator - INFO - [TIMER] Finished: Convert Columns to strings in 0.01 sec | Mem: 1028.20 MB (+0.00 MB) | CPU: 0.00%
2025-07-16 10:26:55,384 - HTMLGenerator - INFO - [TIMER] Starting: Acquire field data from spreadsheet; build out fields to summarize for popups
2025-07-16 10:26:55,486 - HTMLGenerator - INFO - [TIMER] Finished: Acquire field data from spreadsheet; build out fields to summarize for popups in 0.00 sec | Mem: 1028.20 MB (+0.00 MB) | CPU: 0.00%
2025-07-16 10:26:55,487 - HTMLGenerator - INFO - [TIMER] Starting: Get all popup fields and format
2025-07-16 10:26:55,590 - HTMLGenerator - INFO - [TIMER] Finished: Get all popup fields and format in 0.00 sec | Mem: 1028.20 MB (+0.00 MB) | CPU: 0.00%
2025-07-16 10:26:55,591 - HTMLGenerator - INFO - [TIMER] Starting: Determine all values and symbology to show in legend and map.
2025-07-16 10:26:55,693 - HTMLGenerator - INFO - [TIMER] Finished: Determine all values and symbology to show in legend and map. in 0.00 sec | Mem: 1028.21 MB (+0.00 MB) | CPU: 0.00%
2025-07-16 10:26:55,694 - HTMLGenerator - INFO - [TIMER] Starting: Get total bounds for the layer and set up map template.
2025-07-16 10:26:55,819 - HTMLGenerator - INFO - [TIMER] Finished: Get total bounds for the layer and set up map template. in 0.02 sec | Mem: 1028.23 MB (+0.02 MB) | CPU: 0.00%
2025-07-16 10:26:55,821 - HTMLGenerator - INFO - [TIMER] Starting: Create feature class layer and add to individual group and map
2025-07-16 10:26:55,932 - HTMLGenerator - INFO - [TIMER] Finished: Create feature class layer and add to individual group and map in 0.01 sec | Mem: 1028.23 MB (+0.00 MB) | CPU: 0.00%
2025-07-16 10:26:55,932 - HTMLGenerator - INFO - [TIMER] Starting: Create AOI layer and add to map
2025-07-16 10:26:56,075 - HTMLGenerator - INFO - [TIMER] Finished: Create AOI layer and add to map in 0.04 sec | Mem: 1028.41 MB (+0.17 MB) | CPU: 0.00%
2025-07-16 10:26:56,075 - HTMLGenerator - INFO - [TIMER] Starting: Generate tooltip fields
2025-07-16 10:26:56,177 - HTMLGenerator - INFO - [TIMER] Finished: Generate tooltip fields in 0.00 sec | Mem: 1028.41 MB (+0.00 MB) | CPU: 0.00%
2025-07-16 10:26:56,178 - HTMLGenerator - INFO - [TIMER] Starting: Create a feature group in the layers list to house all unique values
2025-07-16 10:26:56,301 - HTMLGenerator - INFO - [TIMER] Finished: Create a feature group in the layers list to house all unique values in 0.02 sec | Mem: 1028.44 MB (+0.03 MB) | CPU: 0.00%
2025-07-16 10:26:56,302 - HTMLGenerator - INFO - [TIMER] Starting: Create popup for each layer with overlap reporting
2025-07-16 10:26:56,424 - HTMLGenerator - INFO - [TIMER] Finished: Create popup for each layer with overlap reporting in 0.02 sec | Mem: 1028.47 MB (+0.04 MB) | CPU: 0.00%
2025-07-16 10:26:56,425 - HTMLGenerator - INFO - [TIMER] Starting: Create legend HTML for individual maps
2025-07-16 10:26:56,526 - HTMLGenerator - INFO - [TIMER] Finished: Create legend HTML for individual maps in 0.00 sec | Mem: 1028.47 MB (+0.00 MB) | CPU: 0.00%
2025-07-16 10:26:56,527 - HTMLGenerator - INFO - [TIMER] Starting: Add layer control for individual maps
2025-07-16 10:26:56,627 - HTMLGenerator - INFO - [TIMER] Finished: Add layer control for individual maps in 0.00 sec | Mem: 1028.47 MB (+0.00 MB) | CPU: 0.00%
2025-07-16 10:26:56,628 - HTMLGenerator - INFO - [TIMER] Starting: Add grouped layer control for individual maps; AOI, feature class
2025-07-16 10:26:56,728 - HTMLGenerator - INFO - [TIMER] Finished: Add grouped layer control for individual maps; AOI, feature class in 0.00 sec | Mem: 1028.47 MB (+0.00 MB) | CPU: 0.00%
2025-07-16 10:26:56,728 - HTMLGenerator - INFO - [TIMER] Starting: Save ind. map and cleanup
2025-07-16 10:26:56,889 - HTMLGenerator - INFO - [TIMER] Finished: Save ind. map and cleanup in 0.06 sec | Mem: 1028.48 MB (+0.00 MB) | CPU: 0.00%
2025-07-16 10:26:56,890 - HTMLGenerator - INFO - [TIMER] Starting: Acquire geodataframe for Primary_Survey_Parcels_Tantalis
2025-07-16 10:26:56,913 - fiona._env - DEBUG - GDAL_DATA found in environment.
2025-07-16 10:26:56,915 - fiona._env - DEBUG - PROJ data found in package: path='P:\\corp\\central_clones\\python_geopandas\\Lib\\site-packages\\fiona\\proj_data'.
2025-07-16 10:26:58,861 - fiona._env - WARNING - PROJ: proj_identify: P:\corp\central_clones\python_geopandas\Lib\site-packages\fiona\proj_data\proj.db contains DATABASE.LAYOUT.VERSION.MINOR = 2 whereas a number >= 3 is expected. It comes from another PROJ installation.
2025-07-16 10:27:05,962 - fiona._env - WARNING - PROJ: proj_identify: P:\corp\central_clones\python_geopandas\Lib\site-packages\fiona\proj_data\proj.db contains DATABASE.LAYOUT.VERSION.MINOR = 2 whereas a number >= 3 is expected. It comes from another PROJ installation.
2025-07-16 10:27:06,214 - fiona._env - WARNING - PROJ: proj_identify: P:\corp\central_clones\python_geopandas\Lib\site-packages\fiona\proj_data\proj.db contains DATABASE.LAYOUT.VERSION.MINOR = 2 whereas a number >= 3 is expected. It comes from another PROJ installation.
2025-07-16 10:27:07,222 - fiona._env - DEBUG - GDAL_DATA found in environment.
2025-07-16 10:27:07,224 - fiona._env - DEBUG - PROJ data found in package: path='P:\\corp\\central_clones\\python_geopandas\\Lib\\site-packages\\fiona\\proj_data'.
2025-07-16 10:27:07,224 - fiona.ogrext - DEBUG - Got coordinate system
2025-07-16 10:27:07,241 - fiona.ogrext - DEBUG - Got coordinate system
2025-07-16 10:27:07,272 - fiona._env - WARNING - PROJ: proj_identify: P:\corp\central_clones\python_geopandas\Lib\site-packages\fiona\proj_data\proj.db contains DATABASE.LAYOUT.VERSION.MINOR = 2 whereas a number >= 3 is expected. It comes from another PROJ installation.
2025-07-16 10:27:07,273 - fiona.ogrext - DEBUG - OLC_FASTSETNEXTBYINDEX: 1
2025-07-16 10:27:07,273 - fiona.ogrext - DEBUG - OLC_FASTFEATURECOUNT: 1
2025-07-16 10:27:07,273 - fiona.ogrext - DEBUG - Next index: 0
2025-07-16 10:27:07,273 - fiona.ogrext - DEBUG - Next index: 1
2025-07-16 10:27:07,314 - fiona.collection - DEBUG - Flushed buffer
2025-07-16 10:27:07,316 - fiona.collection - DEBUG - Stopped session
2025-07-16 10:27:07,417 - HTMLGenerator - INFO - [TIMER] Finished: Acquire geodataframe for Primary_Survey_Parcels_Tantalis in 10.43 sec | Mem: 1028.48 MB (+0.00 MB) | CPU: 0.00%
2025-07-16 10:27:07,418 - HTMLGenerator - INFO - [TIMER] Starting: Acquire geometry for Primary_Survey_Parcels_Tantalis
2025-07-16 10:27:07,519 - HTMLGenerator - INFO - [TIMER] Finished: Acquire geometry for Primary_Survey_Parcels_Tantalis in 0.00 sec | Mem: 1028.48 MB (+0.00 MB) | CPU: 0.00%
2025-07-16 10:27:07,519 - HTMLGenerator - INFO - [TIMER] Starting: Convert Columns to strings
2025-07-16 10:27:07,626 - HTMLGenerator - INFO - [TIMER] Finished: Convert Columns to strings in 0.01 sec | Mem: 1028.48 MB (+0.00 MB) | CPU: 0.00%
2025-07-16 10:27:07,627 - HTMLGenerator - INFO - [TIMER] Starting: Acquire field data from spreadsheet; build out fields to summarize for popups
2025-07-16 10:27:07,728 - HTMLGenerator - INFO - [TIMER] Finished: Acquire field data from spreadsheet; build out fields to summarize for popups in 0.00 sec | Mem: 1028.48 MB (+0.00 MB) | CPU: 0.00%
2025-07-16 10:27:07,729 - HTMLGenerator - INFO - [TIMER] Starting: Get all popup fields and format
2025-07-16 10:27:07,832 - HTMLGenerator - INFO - [TIMER] Finished: Get all popup fields and format in 0.00 sec | Mem: 1028.48 MB (+0.00 MB) | CPU: 0.00%
2025-07-16 10:27:07,832 - HTMLGenerator - INFO - [TIMER] Starting: Determine all values and symbology to show in legend and map.
2025-07-16 10:27:07,935 - HTMLGenerator - INFO - [TIMER] Finished: Determine all values and symbology to show in legend and map. in 0.00 sec | Mem: 1028.48 MB (+0.00 MB) | CPU: 0.00%
2025-07-16 10:27:07,936 - HTMLGenerator - INFO - [TIMER] Starting: Get total bounds for the layer and set up map template.
2025-07-16 10:27:08,078 - HTMLGenerator - INFO - [TIMER] Finished: Get total bounds for the layer and set up map template. in 0.04 sec | Mem: 1028.48 MB (+0.00 MB) | CPU: 0.00%
2025-07-16 10:27:08,078 - HTMLGenerator - INFO - [TIMER] Starting: Create feature class layer and add to individual group and map
2025-07-16 10:27:08,189 - HTMLGenerator - INFO - [TIMER] Finished: Create feature class layer and add to individual group and map in 0.01 sec | Mem: 1028.48 MB (+0.00 MB) | CPU: 0.00%
2025-07-16 10:27:08,190 - HTMLGenerator - INFO - [TIMER] Starting: Create AOI layer and add to map
2025-07-16 10:27:08,331 - HTMLGenerator - INFO - [TIMER] Finished: Create AOI layer and add to map in 0.04 sec | Mem: 1028.51 MB (+0.02 MB) | CPU: 0.00%
2025-07-16 10:27:08,331 - HTMLGenerator - INFO - [TIMER] Starting: Generate tooltip fields
2025-07-16 10:27:08,433 - HTMLGenerator - INFO - [TIMER] Finished: Generate tooltip fields in 0.00 sec | Mem: 1028.51 MB (+0.00 MB) | CPU: 0.00%
2025-07-16 10:27:08,434 - HTMLGenerator - INFO - [TIMER] Starting: Create a feature group in the layers list to house all unique values
2025-07-16 10:27:08,545 - HTMLGenerator - INFO - [TIMER] Finished: Create a feature group in the layers list to house all unique values in 0.01 sec | Mem: 1028.52 MB (+0.01 MB) | CPU: 0.00%
2025-07-16 10:27:08,545 - HTMLGenerator - INFO - [TIMER] Starting: Create popup for each layer with overlap reporting
2025-07-16 10:27:08,663 - HTMLGenerator - INFO - [TIMER] Finished: Create popup for each layer with overlap reporting in 0.02 sec | Mem: 1028.54 MB (+0.02 MB) | CPU: 0.00%
2025-07-16 10:27:08,664 - HTMLGenerator - INFO - [TIMER] Starting: Create legend HTML for individual maps
2025-07-16 10:27:08,765 - HTMLGenerator - INFO - [TIMER] Finished: Create legend HTML for individual maps in 0.00 sec | Mem: 1028.54 MB (+0.00 MB) | CPU: 0.00%
2025-07-16 10:27:08,766 - HTMLGenerator - INFO - [TIMER] Starting: Add layer control for individual maps
2025-07-16 10:27:08,868 - HTMLGenerator - INFO - [TIMER] Finished: Add layer control for individual maps in 0.00 sec | Mem: 1028.54 MB (+0.00 MB) | CPU: 0.00%
2025-07-16 10:27:08,868 - HTMLGenerator - INFO - [TIMER] Starting: Add grouped layer control for individual maps; AOI, feature class
2025-07-16 10:27:08,970 - HTMLGenerator - INFO - [TIMER] Finished: Add grouped layer control for individual maps; AOI, feature class in 0.00 sec | Mem: 1028.54 MB (+0.00 MB) | CPU: 0.00%
2025-07-16 10:27:08,970 - HTMLGenerator - INFO - [TIMER] Starting: Save ind. map and cleanup
2025-07-16 10:27:09,125 - HTMLGenerator - INFO - [TIMER] Finished: Save ind. map and cleanup in 0.05 sec | Mem: 1028.65 MB (+0.11 MB) | CPU: 0.00%
2025-07-16 10:27:09,126 - HTMLGenerator - INFO - [TIMER] Starting: Acquire geodataframe for Land_Act_Subdivisions_Tantalis
2025-07-16 10:27:09,150 - fiona._env - DEBUG - GDAL_DATA found in environment.
2025-07-16 10:27:09,152 - fiona._env - DEBUG - PROJ data found in package: path='P:\\corp\\central_clones\\python_geopandas\\Lib\\site-packages\\fiona\\proj_data'.
2025-07-16 10:27:11,435 - fiona._env - WARNING - PROJ: proj_identify: P:\corp\central_clones\python_geopandas\Lib\site-packages\fiona\proj_data\proj.db contains DATABASE.LAYOUT.VERSION.MINOR = 2 whereas a number >= 3 is expected. It comes from another PROJ installation.
2025-07-16 10:27:17,244 - fiona._env - WARNING - PROJ: proj_identify: P:\corp\central_clones\python_geopandas\Lib\site-packages\fiona\proj_data\proj.db contains DATABASE.LAYOUT.VERSION.MINOR = 2 whereas a number >= 3 is expected. It comes from another PROJ installation.
2025-07-16 10:27:17,491 - fiona._env - WARNING - PROJ: proj_identify: P:\corp\central_clones\python_geopandas\Lib\site-packages\fiona\proj_data\proj.db contains DATABASE.LAYOUT.VERSION.MINOR = 2 whereas a number >= 3 is expected. It comes from another PROJ installation.
2025-07-16 10:27:18,315 - fiona._env - DEBUG - GDAL_DATA found in environment.
2025-07-16 10:27:18,316 - fiona._env - DEBUG - PROJ data found in package: path='P:\\corp\\central_clones\\python_geopandas\\Lib\\site-packages\\fiona\\proj_data'.
2025-07-16 10:27:18,317 - fiona.ogrext - DEBUG - Got coordinate system
2025-07-16 10:27:18,331 - fiona.ogrext - DEBUG - Got coordinate system
2025-07-16 10:27:18,359 - fiona._env - WARNING - PROJ: proj_identify: P:\corp\central_clones\python_geopandas\Lib\site-packages\fiona\proj_data\proj.db contains DATABASE.LAYOUT.VERSION.MINOR = 2 whereas a number >= 3 is expected. It comes from another PROJ installation.
2025-07-16 10:27:18,359 - fiona.ogrext - DEBUG - OLC_FASTSETNEXTBYINDEX: 1
2025-07-16 10:27:18,360 - fiona.ogrext - DEBUG - OLC_FASTFEATURECOUNT: 1
2025-07-16 10:27:18,360 - fiona.ogrext - DEBUG - Next index: 0
2025-07-16 10:27:18,360 - fiona.ogrext - DEBUG - Next index: 1
2025-07-16 10:27:18,419 - fiona.collection - DEBUG - Flushed buffer
2025-07-16 10:27:18,421 - fiona.collection - DEBUG - Stopped session
2025-07-16 10:27:18,522 - HTMLGenerator - INFO - [TIMER] Finished: Acquire geodataframe for Land_Act_Subdivisions_Tantalis in 9.29 sec | Mem: 1028.79 MB (+0.14 MB) | CPU: 0.00%
2025-07-16 10:27:18,523 - HTMLGenerator - INFO - [TIMER] Starting: Acquire geometry for Land_Act_Subdivisions_Tantalis
2025-07-16 10:27:18,624 - HTMLGenerator - INFO - [TIMER] Finished: Acquire geometry for Land_Act_Subdivisions_Tantalis in 0.00 sec | Mem: 1028.79 MB (+0.00 MB) | CPU: 0.00%
2025-07-16 10:27:18,625 - HTMLGenerator - INFO - [TIMER] Starting: Convert Columns to strings
2025-07-16 10:27:18,738 - HTMLGenerator - INFO - [TIMER] Finished: Convert Columns to strings in 0.01 sec | Mem: 1028.79 MB (+0.00 MB) | CPU: 0.00%
2025-07-16 10:27:18,741 - HTMLGenerator - INFO - [TIMER] Starting: Acquire field data from spreadsheet; build out fields to summarize for popups
2025-07-16 10:27:18,843 - HTMLGenerator - INFO - [TIMER] Finished: Acquire field data from spreadsheet; build out fields to summarize for popups in 0.00 sec | Mem: 1028.79 MB (+0.00 MB) | CPU: 0.00%
2025-07-16 10:27:18,844 - HTMLGenerator - INFO - [TIMER] Starting: Get all popup fields and format
2025-07-16 10:27:18,949 - HTMLGenerator - INFO - [TIMER] Finished: Get all popup fields and format in 0.00 sec | Mem: 1028.79 MB (+0.00 MB) | CPU: 0.00%
2025-07-16 10:27:18,950 - HTMLGenerator - INFO - [TIMER] Starting: Determine all values and symbology to show in legend and map.
2025-07-16 10:27:19,054 - HTMLGenerator - INFO - [TIMER] Finished: Determine all values and symbology to show in legend and map. in 0.00 sec | Mem: 1028.79 MB (+0.00 MB) | CPU: 0.00%
2025-07-16 10:27:19,055 - HTMLGenerator - INFO - [TIMER] Starting: Get total bounds for the layer and set up map template.
2025-07-16 10:27:19,204 - HTMLGenerator - INFO - [TIMER] Finished: Get total bounds for the layer and set up map template. in 0.05 sec | Mem: 1028.83 MB (+0.04 MB) | CPU: 0.00%
2025-07-16 10:27:19,205 - HTMLGenerator - INFO - [TIMER] Starting: Create feature class layer and add to individual group and map
2025-07-16 10:27:19,320 - HTMLGenerator - INFO - [TIMER] Finished: Create feature class layer and add to individual group and map in 0.01 sec | Mem: 1028.83 MB (+0.00 MB) | CPU: 0.00%
2025-07-16 10:27:19,321 - HTMLGenerator - INFO - [TIMER] Starting: Create AOI layer and add to map
2025-07-16 10:27:19,468 - HTMLGenerator - INFO - [TIMER] Finished: Create AOI layer and add to map in 0.05 sec | Mem: 1029.01 MB (+0.18 MB) | CPU: 0.00%
2025-07-16 10:27:19,469 - HTMLGenerator - INFO - [TIMER] Starting: Generate tooltip fields
2025-07-16 10:27:19,571 - HTMLGenerator - INFO - [TIMER] Finished: Generate tooltip fields in 0.00 sec | Mem: 1029.01 MB (+0.00 MB) | CPU: 0.00%
2025-07-16 10:27:19,572 - HTMLGenerator - INFO - [TIMER] Starting: Create a feature group in the layers list to house all unique values
2025-07-16 10:27:19,685 - HTMLGenerator - INFO - [TIMER] Finished: Create a feature group in the layers list to house all unique values in 0.01 sec | Mem: 1029.02 MB (+0.01 MB) | CPU: 0.00%
2025-07-16 10:27:19,686 - HTMLGenerator - INFO - [TIMER] Starting: Create popup for each layer with overlap reporting
2025-07-16 10:27:19,809 - HTMLGenerator - INFO - [TIMER] Finished: Create popup for each layer with overlap reporting in 0.02 sec | Mem: 1029.05 MB (+0.03 MB) | CPU: 0.00%
2025-07-16 10:27:19,810 - HTMLGenerator - INFO - [TIMER] Starting: Create legend HTML for individual maps
2025-07-16 10:27:19,912 - HTMLGenerator - INFO - [TIMER] Finished: Create legend HTML for individual maps in 0.00 sec | Mem: 1029.06 MB (+0.00 MB) | CPU: 0.00%
2025-07-16 10:27:19,913 - HTMLGenerator - INFO - [TIMER] Starting: Add layer control for individual maps
2025-07-16 10:27:20,013 - HTMLGenerator - INFO - [TIMER] Finished: Add layer control for individual maps in 0.00 sec | Mem: 1029.06 MB (+0.00 MB) | CPU: 0.00%
2025-07-16 10:27:20,013 - HTMLGenerator - INFO - [TIMER] Starting: Add grouped layer control for individual maps; AOI, feature class
2025-07-16 10:27:20,114 - HTMLGenerator - INFO - [TIMER] Finished: Add grouped layer control for individual maps; AOI, feature class in 0.00 sec | Mem: 1029.06 MB (+0.00 MB) | CPU: 0.00%
2025-07-16 10:27:20,114 - HTMLGenerator - INFO - [TIMER] Starting: Save ind. map and cleanup
2025-07-16 10:27:20,271 - HTMLGenerator - INFO - [TIMER] Finished: Save ind. map and cleanup in 0.06 sec | Mem: 1029.18 MB (+0.12 MB) | CPU: 0.00%
2025-07-16 10:27:20,272 - HTMLGenerator - INFO - [TIMER] Starting: Acquire geodataframe for ParcelMap_BC
2025-07-16 10:27:20,294 - fiona._env - DEBUG - GDAL_DATA found in environment.
2025-07-16 10:27:20,296 - fiona._env - DEBUG - PROJ data found in package: path='P:\\corp\\central_clones\\python_geopandas\\Lib\\site-packages\\fiona\\proj_data'.
2025-07-16 10:27:22,236 - fiona._env - WARNING - PROJ: proj_identify: P:\corp\central_clones\python_geopandas\Lib\site-packages\fiona\proj_data\proj.db contains DATABASE.LAYOUT.VERSION.MINOR = 2 whereas a number >= 3 is expected. It comes from another PROJ installation.
2025-07-16 10:27:29,521 - fiona._env - WARNING - PROJ: proj_identify: P:\corp\central_clones\python_geopandas\Lib\site-packages\fiona\proj_data\proj.db contains DATABASE.LAYOUT.VERSION.MINOR = 2 whereas a number >= 3 is expected. It comes from another PROJ installation.
2025-07-16 10:27:29,866 - fiona._env - WARNING - PROJ: proj_identify: P:\corp\central_clones\python_geopandas\Lib\site-packages\fiona\proj_data\proj.db contains DATABASE.LAYOUT.VERSION.MINOR = 2 whereas a number >= 3 is expected. It comes from another PROJ installation.
2025-07-16 10:27:30,878 - fiona._env - DEBUG - GDAL_DATA found in environment.
2025-07-16 10:27:30,879 - fiona._env - DEBUG - PROJ data found in package: path='P:\\corp\\central_clones\\python_geopandas\\Lib\\site-packages\\fiona\\proj_data'.
2025-07-16 10:27:30,880 - fiona.ogrext - DEBUG - Got coordinate system
2025-07-16 10:27:30,892 - fiona.ogrext - DEBUG - Got coordinate system
2025-07-16 10:27:30,921 - fiona._env - WARNING - PROJ: proj_identify: P:\corp\central_clones\python_geopandas\Lib\site-packages\fiona\proj_data\proj.db contains DATABASE.LAYOUT.VERSION.MINOR = 2 whereas a number >= 3 is expected. It comes from another PROJ installation.
2025-07-16 10:27:30,921 - fiona.ogrext - DEBUG - OLC_FASTSETNEXTBYINDEX: 1
2025-07-16 10:27:30,921 - fiona.ogrext - DEBUG - OLC_FASTFEATURECOUNT: 1
2025-07-16 10:27:30,921 - fiona.ogrext - DEBUG - Next index: 0
2025-07-16 10:27:30,921 - fiona.ogrext - DEBUG - Next index: 1
2025-07-16 10:27:30,968 - fiona.collection - DEBUG - Flushed buffer
2025-07-16 10:27:30,970 - fiona.collection - DEBUG - Stopped session
2025-07-16 10:27:31,070 - HTMLGenerator - INFO - [TIMER] Finished: Acquire geodataframe for ParcelMap_BC in 10.70 sec | Mem: 1029.38 MB (+0.20 MB) | CPU: 0.00%
2025-07-16 10:27:31,071 - HTMLGenerator - INFO - [TIMER] Starting: Acquire geometry for ParcelMap_BC
2025-07-16 10:27:31,172 - HTMLGenerator - INFO - [TIMER] Finished: Acquire geometry for ParcelMap_BC in 0.00 sec | Mem: 1029.38 MB (+0.00 MB) | CPU: 0.00%
2025-07-16 10:27:31,172 - HTMLGenerator - INFO - [TIMER] Starting: Convert Columns to strings
2025-07-16 10:27:31,285 - HTMLGenerator - INFO - [TIMER] Finished: Convert Columns to strings in 0.01 sec | Mem: 1029.38 MB (+0.00 MB) | CPU: 0.00%
2025-07-16 10:27:31,286 - HTMLGenerator - INFO - [TIMER] Starting: Acquire field data from spreadsheet; build out fields to summarize for popups
2025-07-16 10:27:31,388 - HTMLGenerator - INFO - [TIMER] Finished: Acquire field data from spreadsheet; build out fields to summarize for popups in 0.00 sec | Mem: 1029.38 MB (+0.00 MB) | CPU: 0.00%
2025-07-16 10:27:31,388 - HTMLGenerator - INFO - [TIMER] Starting: Get all popup fields and format
2025-07-16 10:27:31,492 - HTMLGenerator - INFO - [TIMER] Finished: Get all popup fields and format in 0.00 sec | Mem: 1029.39 MB (+0.01 MB) | CPU: 0.00%
2025-07-16 10:27:31,493 - HTMLGenerator - INFO - [TIMER] Starting: Determine all values and symbology to show in legend and map.
2025-07-16 10:27:31,597 - HTMLGenerator - INFO - [TIMER] Finished: Determine all values and symbology to show in legend and map. in 0.00 sec | Mem: 1029.40 MB (+0.01 MB) | CPU: 0.00%
2025-07-16 10:27:31,598 - HTMLGenerator - INFO - [TIMER] Starting: Get total bounds for the layer and set up map template.
2025-07-16 10:27:31,736 - HTMLGenerator - INFO - [TIMER] Finished: Get total bounds for the layer and set up map template. in 0.04 sec | Mem: 1029.43 MB (+0.04 MB) | CPU: 0.00%
2025-07-16 10:27:31,737 - HTMLGenerator - INFO - [TIMER] Starting: Create feature class layer and add to individual group and map
2025-07-16 10:27:31,848 - HTMLGenerator - INFO - [TIMER] Finished: Create feature class layer and add to individual group and map in 0.01 sec | Mem: 1029.44 MB (+0.01 MB) | CPU: 0.00%
2025-07-16 10:27:31,849 - HTMLGenerator - INFO - [TIMER] Starting: Create AOI layer and add to map
2025-07-16 10:27:31,992 - HTMLGenerator - INFO - [TIMER] Finished: Create AOI layer and add to map in 0.04 sec | Mem: 1029.61 MB (+0.16 MB) | CPU: 0.00%
2025-07-16 10:27:31,993 - HTMLGenerator - INFO - [TIMER] Starting: Generate tooltip fields
2025-07-16 10:27:32,094 - HTMLGenerator - INFO - [TIMER] Finished: Generate tooltip fields in 0.00 sec | Mem: 1029.61 MB (+0.00 MB) | CPU: 0.00%
2025-07-16 10:27:32,095 - HTMLGenerator - INFO - [TIMER] Starting: Create a feature group in the layers list to house all unique values
2025-07-16 10:27:32,207 - HTMLGenerator - INFO - [TIMER] Finished: Create a feature group in the layers list to house all unique values in 0.01 sec | Mem: 1029.64 MB (+0.03 MB) | CPU: 0.00%
2025-07-16 10:27:32,208 - HTMLGenerator - INFO - [TIMER] Starting: Create popup for each layer with overlap reporting
2025-07-16 10:27:32,328 - HTMLGenerator - INFO - [TIMER] Finished: Create popup for each layer with overlap reporting in 0.02 sec | Mem: 1029.70 MB (+0.06 MB) | CPU: 0.00%
2025-07-16 10:27:32,329 - HTMLGenerator - INFO - [TIMER] Starting: Create legend HTML for individual maps
2025-07-16 10:27:32,430 - HTMLGenerator - INFO - [TIMER] Finished: Create legend HTML for individual maps in 0.00 sec | Mem: 1029.70 MB (+0.00 MB) | CPU: 0.00%
2025-07-16 10:27:32,431 - HTMLGenerator - INFO - [TIMER] Starting: Add layer control for individual maps
2025-07-16 10:27:32,532 - HTMLGenerator - INFO - [TIMER] Finished: Add layer control for individual maps in 0.00 sec | Mem: 1029.70 MB (+0.00 MB) | CPU: 0.00%
2025-07-16 10:27:32,533 - HTMLGenerator - INFO - [TIMER] Starting: Add grouped layer control for individual maps; AOI, feature class
2025-07-16 10:27:32,634 - HTMLGenerator - INFO - [TIMER] Finished: Add grouped layer control for individual maps; AOI, feature class in 0.00 sec | Mem: 1029.70 MB (+0.00 MB) | CPU: 0.00%
2025-07-16 10:27:32,635 - HTMLGenerator - INFO - [TIMER] Starting: Save ind. map and cleanup
2025-07-16 10:27:32,796 - HTMLGenerator - INFO - [TIMER] Finished: Save ind. map and cleanup in 0.06 sec | Mem: 1029.79 MB (+0.09 MB) | CPU: 0.00%
2025-07-16 10:27:32,797 - HTMLGenerator - INFO - [TIMER] Starting: Acquire geodataframe for Crown_Granted_Mineral_Claims
2025-07-16 10:27:32,820 - fiona._env - DEBUG - GDAL_DATA found in environment.
2025-07-16 10:27:32,821 - fiona._env - DEBUG - PROJ data found in package: path='P:\\corp\\central_clones\\python_geopandas\\Lib\\site-packages\\fiona\\proj_data'.
2025-07-16 10:27:34,405 - fiona._env - WARNING - PROJ: proj_identify: P:\corp\central_clones\python_geopandas\Lib\site-packages\fiona\proj_data\proj.db contains DATABASE.LAYOUT.VERSION.MINOR = 2 whereas a number >= 3 is expected. It comes from another PROJ installation.
2025-07-16 10:27:40,294 - fiona._env - WARNING - PROJ: proj_identify: P:\corp\central_clones\python_geopandas\Lib\site-packages\fiona\proj_data\proj.db contains DATABASE.LAYOUT.VERSION.MINOR = 2 whereas a number >= 3 is expected. It comes from another PROJ installation.
2025-07-16 10:27:40,556 - fiona._env - WARNING - PROJ: proj_identify: P:\corp\central_clones\python_geopandas\Lib\site-packages\fiona\proj_data\proj.db contains DATABASE.LAYOUT.VERSION.MINOR = 2 whereas a number >= 3 is expected. It comes from another PROJ installation.
2025-07-16 10:27:41,486 - fiona._env - DEBUG - GDAL_DATA found in environment.
2025-07-16 10:27:41,487 - fiona._env - DEBUG - PROJ data found in package: path='P:\\corp\\central_clones\\python_geopandas\\Lib\\site-packages\\fiona\\proj_data'.
2025-07-16 10:27:41,488 - fiona.ogrext - DEBUG - Got coordinate system
2025-07-16 10:27:41,513 - fiona.ogrext - DEBUG - Got coordinate system
2025-07-16 10:27:41,551 - fiona._env - WARNING - PROJ: proj_identify: P:\corp\central_clones\python_geopandas\Lib\site-packages\fiona\proj_data\proj.db contains DATABASE.LAYOUT.VERSION.MINOR = 2 whereas a number >= 3 is expected. It comes from another PROJ installation.
2025-07-16 10:27:41,552 - fiona.ogrext - DEBUG - OLC_FASTSETNEXTBYINDEX: 1
2025-07-16 10:27:41,552 - fiona.ogrext - DEBUG - OLC_FASTFEATURECOUNT: 1
2025-07-16 10:27:41,552 - fiona.ogrext - DEBUG - Next index: 0
2025-07-16 10:27:41,587 - fiona.collection - DEBUG - Flushed buffer
2025-07-16 10:27:41,589 - fiona.collection - DEBUG - Stopped session
2025-07-16 10:27:41,690 - HTMLGenerator - INFO - [TIMER] Finished: Acquire geodataframe for Crown_Granted_Mineral_Claims in 8.79 sec | Mem: 1029.79 MB (+0.00 MB) | CPU: 0.00%
2025-07-16 10:27:41,691 - HTMLGenerator - INFO - [TIMER] Starting: Acquire geodataframe for Crown_Tenure_Tantalis_Application
2025-07-16 10:27:41,714 - fiona._env - DEBUG - GDAL_DATA found in environment.
2025-07-16 10:27:41,716 - fiona._env - DEBUG - PROJ data found in package: path='P:\\corp\\central_clones\\python_geopandas\\Lib\\site-packages\\fiona\\proj_data'.
2025-07-16 10:27:43,546 - fiona._env - WARNING - PROJ: proj_identify: P:\corp\central_clones\python_geopandas\Lib\site-packages\fiona\proj_data\proj.db contains DATABASE.LAYOUT.VERSION.MINOR = 2 whereas a number >= 3 is expected. It comes from another PROJ installation.
2025-07-16 10:27:49,173 - fiona._env - WARNING - PROJ: proj_identify: P:\corp\central_clones\python_geopandas\Lib\site-packages\fiona\proj_data\proj.db contains DATABASE.LAYOUT.VERSION.MINOR = 2 whereas a number >= 3 is expected. It comes from another PROJ installation.
2025-07-16 10:27:49,427 - fiona._env - WARNING - PROJ: proj_identify: P:\corp\central_clones\python_geopandas\Lib\site-packages\fiona\proj_data\proj.db contains DATABASE.LAYOUT.VERSION.MINOR = 2 whereas a number >= 3 is expected. It comes from another PROJ installation.
2025-07-16 10:27:50,249 - fiona._env - DEBUG - GDAL_DATA found in environment.
2025-07-16 10:27:50,250 - fiona._env - DEBUG - PROJ data found in package: path='P:\\corp\\central_clones\\python_geopandas\\Lib\\site-packages\\fiona\\proj_data'.
2025-07-16 10:27:50,251 - fiona.ogrext - DEBUG - Got coordinate system
2025-07-16 10:27:50,263 - fiona.ogrext - DEBUG - Got coordinate system
2025-07-16 10:27:50,290 - fiona._env - WARNING - PROJ: proj_identify: P:\corp\central_clones\python_geopandas\Lib\site-packages\fiona\proj_data\proj.db contains DATABASE.LAYOUT.VERSION.MINOR = 2 whereas a number >= 3 is expected. It comes from another PROJ installation.
2025-07-16 10:27:50,291 - fiona.ogrext - DEBUG - OLC_FASTSETNEXTBYINDEX: 1
2025-07-16 10:27:50,291 - fiona.ogrext - DEBUG - OLC_FASTFEATURECOUNT: 1
2025-07-16 10:27:50,291 - fiona.ogrext - DEBUG - Next index: 0
2025-07-16 10:27:50,326 - fiona.collection - DEBUG - Flushed buffer
2025-07-16 10:27:50,327 - fiona.collection - DEBUG - Stopped session
2025-07-16 10:27:50,428 - HTMLGenerator - INFO - [TIMER] Finished: Acquire geodataframe for Crown_Tenure_Tantalis_Application in 8.64 sec | Mem: 1030.04 MB (+0.25 MB) | CPU: 0.00%
2025-07-16 10:27:50,429 - HTMLGenerator - INFO - [TIMER] Starting: Acquire geodataframe for Crown_Tenure_Tantalis_Tenure
2025-07-16 10:27:50,453 - fiona._env - DEBUG - GDAL_DATA found in environment.
2025-07-16 10:27:50,454 - fiona._env - DEBUG - PROJ data found in package: path='P:\\corp\\central_clones\\python_geopandas\\Lib\\site-packages\\fiona\\proj_data'.
2025-07-16 10:27:52,005 - fiona._env - WARNING - PROJ: proj_identify: P:\corp\central_clones\python_geopandas\Lib\site-packages\fiona\proj_data\proj.db contains DATABASE.LAYOUT.VERSION.MINOR = 2 whereas a number >= 3 is expected. It comes from another PROJ installation.
2025-07-16 10:27:58,520 - fiona._env - WARNING - PROJ: proj_identify: P:\corp\central_clones\python_geopandas\Lib\site-packages\fiona\proj_data\proj.db contains DATABASE.LAYOUT.VERSION.MINOR = 2 whereas a number >= 3 is expected. It comes from another PROJ installation.
2025-07-16 10:27:58,780 - fiona._env - WARNING - PROJ: proj_identify: P:\corp\central_clones\python_geopandas\Lib\site-packages\fiona\proj_data\proj.db contains DATABASE.LAYOUT.VERSION.MINOR = 2 whereas a number >= 3 is expected. It comes from another PROJ installation.
2025-07-16 10:27:59,593 - fiona._env - DEBUG - GDAL_DATA found in environment.
2025-07-16 10:27:59,594 - fiona._env - DEBUG - PROJ data found in package: path='P:\\corp\\central_clones\\python_geopandas\\Lib\\site-packages\\fiona\\proj_data'.
2025-07-16 10:27:59,595 - fiona.ogrext - DEBUG - Got coordinate system
2025-07-16 10:27:59,607 - fiona.ogrext - DEBUG - Got coordinate system
2025-07-16 10:27:59,632 - fiona._env - WARNING - PROJ: proj_identify: P:\corp\central_clones\python_geopandas\Lib\site-packages\fiona\proj_data\proj.db contains DATABASE.LAYOUT.VERSION.MINOR = 2 whereas a number >= 3 is expected. It comes from another PROJ installation.
2025-07-16 10:27:59,632 - fiona.ogrext - DEBUG - OLC_FASTSETNEXTBYINDEX: 1
2025-07-16 10:27:59,632 - fiona.ogrext - DEBUG - OLC_FASTFEATURECOUNT: 1
2025-07-16 10:27:59,633 - fiona.ogrext - DEBUG - Next index: 0
2025-07-16 10:27:59,667 - fiona.collection - DEBUG - Flushed buffer
2025-07-16 10:27:59,669 - fiona.collection - DEBUG - Stopped session
2025-07-16 10:27:59,769 - HTMLGenerator - INFO - [TIMER] Finished: Acquire geodataframe for Crown_Tenure_Tantalis_Tenure in 9.24 sec | Mem: 1029.92 MB (-0.12 MB) | CPU: 0.00%
2025-07-16 10:27:59,770 - HTMLGenerator - INFO - [TIMER] Starting: Acquire geodataframe for Crown_Tenure_Inventory
2025-07-16 10:27:59,795 - fiona._env - DEBUG - GDAL_DATA found in environment.
2025-07-16 10:27:59,797 - fiona._env - DEBUG - PROJ data found in package: path='P:\\corp\\central_clones\\python_geopandas\\Lib\\site-packages\\fiona\\proj_data'.
2025-07-16 10:28:01,340 - fiona._env - WARNING - PROJ: proj_identify: P:\corp\central_clones\python_geopandas\Lib\site-packages\fiona\proj_data\proj.db contains DATABASE.LAYOUT.VERSION.MINOR = 2 whereas a number >= 3 is expected. It comes from another PROJ installation.
2025-07-16 10:28:07,503 - fiona._env - WARNING - PROJ: proj_identify: P:\corp\central_clones\python_geopandas\Lib\site-packages\fiona\proj_data\proj.db contains DATABASE.LAYOUT.VERSION.MINOR = 2 whereas a number >= 3 is expected. It comes from another PROJ installation.
2025-07-16 10:28:07,839 - fiona._env - WARNING - PROJ: proj_identify: P:\corp\central_clones\python_geopandas\Lib\site-packages\fiona\proj_data\proj.db contains DATABASE.LAYOUT.VERSION.MINOR = 2 whereas a number >= 3 is expected. It comes from another PROJ installation.
2025-07-16 10:28:08,744 - fiona._env - DEBUG - GDAL_DATA found in environment.
2025-07-16 10:28:08,745 - fiona._env - DEBUG - PROJ data found in package: path='P:\\corp\\central_clones\\python_geopandas\\Lib\\site-packages\\fiona\\proj_data'.
2025-07-16 10:28:08,746 - fiona.ogrext - DEBUG - Got coordinate system
2025-07-16 10:28:08,759 - fiona.ogrext - DEBUG - Got coordinate system
2025-07-16 10:28:08,794 - fiona._env - WARNING - PROJ: proj_identify: P:\corp\central_clones\python_geopandas\Lib\site-packages\fiona\proj_data\proj.db contains DATABASE.LAYOUT.VERSION.MINOR = 2 whereas a number >= 3 is expected. It comes from another PROJ installation.
2025-07-16 10:28:08,794 - fiona.ogrext - DEBUG - OLC_FASTSETNEXTBYINDEX: 1
2025-07-16 10:28:08,794 - fiona.ogrext - DEBUG - OLC_FASTFEATURECOUNT: 1
2025-07-16 10:28:08,794 - fiona.ogrext - DEBUG - Next index: 0
2025-07-16 10:28:08,847 - fiona.collection - DEBUG - Flushed buffer
2025-07-16 10:28:08,850 - fiona.collection - DEBUG - Stopped session
2025-07-16 10:28:08,950 - HTMLGenerator - INFO - [TIMER] Finished: Acquire geodataframe for Crown_Tenure_Inventory in 9.08 sec | Mem: 1029.90 MB (-0.02 MB) | CPU: 0.00%
2025-07-16 10:28:08,953 - HTMLGenerator - INFO - [TIMER] Starting: Acquire geodataframe for Crown_Tenure_PreTantalis
2025-07-16 10:28:09,023 - fiona._env - DEBUG - GDAL_DATA found in environment.
2025-07-16 10:28:09,025 - fiona._env - DEBUG - PROJ data found in package: path='P:\\corp\\central_clones\\python_geopandas\\Lib\\site-packages\\fiona\\proj_data'.
2025-07-16 10:28:11,233 - fiona._env - WARNING - PROJ: proj_identify: P:\corp\central_clones\python_geopandas\Lib\site-packages\fiona\proj_data\proj.db contains DATABASE.LAYOUT.VERSION.MINOR = 2 whereas a number >= 3 is expected. It comes from another PROJ installation.
2025-07-16 10:28:18,645 - fiona._env - WARNING - PROJ: proj_identify: P:\corp\central_clones\python_geopandas\Lib\site-packages\fiona\proj_data\proj.db contains DATABASE.LAYOUT.VERSION.MINOR = 2 whereas a number >= 3 is expected. It comes from another PROJ installation.
2025-07-16 10:28:18,889 - fiona._env - WARNING - PROJ: proj_identify: P:\corp\central_clones\python_geopandas\Lib\site-packages\fiona\proj_data\proj.db contains DATABASE.LAYOUT.VERSION.MINOR = 2 whereas a number >= 3 is expected. It comes from another PROJ installation.
2025-07-16 10:28:19,686 - fiona._env - DEBUG - GDAL_DATA found in environment.
2025-07-16 10:28:19,688 - fiona._env - DEBUG - PROJ data found in package: path='P:\\corp\\central_clones\\python_geopandas\\Lib\\site-packages\\fiona\\proj_data'.
2025-07-16 10:28:19,689 - fiona.ogrext - DEBUG - Got coordinate system
2025-07-16 10:28:19,701 - fiona.ogrext - DEBUG - Got coordinate system
2025-07-16 10:28:19,725 - fiona._env - WARNING - PROJ: proj_identify: P:\corp\central_clones\python_geopandas\Lib\site-packages\fiona\proj_data\proj.db contains DATABASE.LAYOUT.VERSION.MINOR = 2 whereas a number >= 3 is expected. It comes from another PROJ installation.
2025-07-16 10:28:19,726 - fiona.ogrext - DEBUG - OLC_FASTSETNEXTBYINDEX: 1
2025-07-16 10:28:19,726 - fiona.ogrext - DEBUG - OLC_FASTFEATURECOUNT: 1
2025-07-16 10:28:19,726 - fiona.ogrext - DEBUG - Next index: 0
2025-07-16 10:28:19,762 - fiona.collection - DEBUG - Flushed buffer
2025-07-16 10:28:19,764 - fiona.collection - DEBUG - Stopped session
2025-07-16 10:28:19,865 - HTMLGenerator - INFO - [TIMER] Finished: Acquire geodataframe for Crown_Tenure_PreTantalis in 10.78 sec | Mem: 1030.19 MB (+0.29 MB) | CPU: 0.00%
2025-07-16 10:28:19,866 - HTMLGenerator - INFO - [TIMER] Starting: Acquire geodataframe for Grazing_Leases_Tantalis_
2025-07-16 10:28:19,890 - fiona._env - DEBUG - GDAL_DATA found in environment.
2025-07-16 10:28:19,891 - fiona._env - DEBUG - PROJ data found in package: path='P:\\corp\\central_clones\\python_geopandas\\Lib\\site-packages\\fiona\\proj_data'.
2025-07-16 10:28:21,501 - fiona._env - WARNING - PROJ: proj_identify: P:\corp\central_clones\python_geopandas\Lib\site-packages\fiona\proj_data\proj.db contains DATABASE.LAYOUT.VERSION.MINOR = 2 whereas a number >= 3 is expected. It comes from another PROJ installation.
2025-07-16 10:28:27,645 - fiona._env - WARNING - PROJ: proj_identify: P:\corp\central_clones\python_geopandas\Lib\site-packages\fiona\proj_data\proj.db contains DATABASE.LAYOUT.VERSION.MINOR = 2 whereas a number >= 3 is expected. It comes from another PROJ installation.
2025-07-16 10:28:28,017 - fiona._env - WARNING - PROJ: proj_identify: P:\corp\central_clones\python_geopandas\Lib\site-packages\fiona\proj_data\proj.db contains DATABASE.LAYOUT.VERSION.MINOR = 2 whereas a number >= 3 is expected. It comes from another PROJ installation.
2025-07-16 10:28:28,928 - fiona._env - DEBUG - GDAL_DATA found in environment.
2025-07-16 10:28:28,931 - fiona._env - DEBUG - PROJ data found in package: path='P:\\corp\\central_clones\\python_geopandas\\Lib\\site-packages\\fiona\\proj_data'.
2025-07-16 10:28:28,931 - fiona.ogrext - DEBUG - Got coordinate system
2025-07-16 10:28:28,947 - fiona.ogrext - DEBUG - Got coordinate system
2025-07-16 10:28:28,978 - fiona._env - WARNING - PROJ: proj_identify: P:\corp\central_clones\python_geopandas\Lib\site-packages\fiona\proj_data\proj.db contains DATABASE.LAYOUT.VERSION.MINOR = 2 whereas a number >= 3 is expected. It comes from another PROJ installation.
2025-07-16 10:28:28,978 - fiona.ogrext - DEBUG - OLC_FASTSETNEXTBYINDEX: 1
2025-07-16 10:28:28,978 - fiona.ogrext - DEBUG - OLC_FASTFEATURECOUNT: 1
2025-07-16 10:28:28,978 - fiona.ogrext - DEBUG - Next index: 0
2025-07-16 10:28:29,022 - fiona.collection - DEBUG - Flushed buffer
2025-07-16 10:28:29,024 - fiona.collection - DEBUG - Stopped session
2025-07-16 10:28:29,124 - HTMLGenerator - INFO - [TIMER] Finished: Acquire geodataframe for Grazing_Leases_Tantalis_ in 9.16 sec | Mem: 1030.30 MB (+0.12 MB) | CPU: 0.00%
2025-07-16 10:28:29,126 - HTMLGenerator - INFO - [TIMER] Starting: Acquire geodataframe for Crown_Acquisitions
2025-07-16 10:28:29,149 - fiona._env - DEBUG - GDAL_DATA found in environment.
2025-07-16 10:28:29,150 - fiona._env - DEBUG - PROJ data found in package: path='P:\\corp\\central_clones\\python_geopandas\\Lib\\site-packages\\fiona\\proj_data'.
2025-07-16 10:28:30,889 - fiona._env - WARNING - PROJ: proj_identify: P:\corp\central_clones\python_geopandas\Lib\site-packages\fiona\proj_data\proj.db contains DATABASE.LAYOUT.VERSION.MINOR = 2 whereas a number >= 3 is expected. It comes from another PROJ installation.
2025-07-16 10:28:37,197 - fiona._env - WARNING - PROJ: proj_identify: P:\corp\central_clones\python_geopandas\Lib\site-packages\fiona\proj_data\proj.db contains DATABASE.LAYOUT.VERSION.MINOR = 2 whereas a number >= 3 is expected. It comes from another PROJ installation.
2025-07-16 10:28:37,448 - fiona._env - WARNING - PROJ: proj_identify: P:\corp\central_clones\python_geopandas\Lib\site-packages\fiona\proj_data\proj.db contains DATABASE.LAYOUT.VERSION.MINOR = 2 whereas a number >= 3 is expected. It comes from another PROJ installation.
2025-07-16 10:28:38,294 - fiona._env - DEBUG - GDAL_DATA found in environment.
2025-07-16 10:28:38,296 - fiona._env - DEBUG - PROJ data found in package: path='P:\\corp\\central_clones\\python_geopandas\\Lib\\site-packages\\fiona\\proj_data'.
2025-07-16 10:28:38,296 - fiona.ogrext - DEBUG - Got coordinate system
2025-07-16 10:28:38,308 - fiona.ogrext - DEBUG - Got coordinate system
2025-07-16 10:28:38,331 - fiona._env - WARNING - PROJ: proj_identify: P:\corp\central_clones\python_geopandas\Lib\site-packages\fiona\proj_data\proj.db contains DATABASE.LAYOUT.VERSION.MINOR = 2 whereas a number >= 3 is expected. It comes from another PROJ installation.
2025-07-16 10:28:38,332 - fiona.ogrext - DEBUG - OLC_FASTSETNEXTBYINDEX: 1
2025-07-16 10:28:38,332 - fiona.ogrext - DEBUG - OLC_FASTFEATURECOUNT: 1
2025-07-16 10:28:38,332 - fiona.ogrext - DEBUG - Next index: 0
2025-07-16 10:28:38,332 - fiona.ogrext - DEBUG - Next index: 1
2025-07-16 10:28:38,369 - fiona.collection - DEBUG - Flushed buffer
2025-07-16 10:28:38,371 - fiona.collection - DEBUG - Stopped session
2025-07-16 10:28:38,471 - HTMLGenerator - INFO - [TIMER] Finished: Acquire geodataframe for Crown_Acquisitions in 9.24 sec | Mem: 1030.30 MB (+0.00 MB) | CPU: 0.00%
2025-07-16 10:28:38,471 - HTMLGenerator - INFO - [TIMER] Starting: Acquire geometry for Crown_Acquisitions
2025-07-16 10:28:38,573 - HTMLGenerator - INFO - [TIMER] Finished: Acquire geometry for Crown_Acquisitions in 0.00 sec | Mem: 1030.30 MB (+0.00 MB) | CPU: 0.00%
2025-07-16 10:28:38,573 - HTMLGenerator - INFO - [TIMER] Starting: Convert Columns to strings
2025-07-16 10:28:38,679 - HTMLGenerator - INFO - [TIMER] Finished: Convert Columns to strings in 0.00 sec | Mem: 1030.30 MB (+0.00 MB) | CPU: 0.00%
2025-07-16 10:28:38,680 - HTMLGenerator - INFO - [TIMER] Starting: Acquire field data from spreadsheet; build out fields to summarize for popups
2025-07-16 10:28:38,781 - HTMLGenerator - INFO - [TIMER] Finished: Acquire field data from spreadsheet; build out fields to summarize for popups in 0.00 sec | Mem: 1030.30 MB (+0.00 MB) | CPU: 0.00%
2025-07-16 10:28:38,781 - HTMLGenerator - INFO - [TIMER] Starting: Get all popup fields and format
2025-07-16 10:28:38,886 - HTMLGenerator - INFO - [TIMER] Finished: Get all popup fields and format in 0.00 sec | Mem: 1030.30 MB (+0.00 MB) | CPU: 0.00%
2025-07-16 10:28:38,887 - HTMLGenerator - INFO - [TIMER] Starting: Determine all values and symbology to show in legend and map.
2025-07-16 10:28:38,989 - HTMLGenerator - INFO - [TIMER] Finished: Determine all values and symbology to show in legend and map. in 0.00 sec | Mem: 1030.30 MB (+0.00 MB) | CPU: 0.00%
2025-07-16 10:28:38,990 - HTMLGenerator - INFO - [TIMER] Starting: Get total bounds for the layer and set up map template.
2025-07-16 10:28:39,115 - HTMLGenerator - INFO - [TIMER] Finished: Get total bounds for the layer and set up map template. in 0.02 sec | Mem: 1030.30 MB (+0.00 MB) | CPU: 0.00%
2025-07-16 10:28:39,115 - HTMLGenerator - INFO - [TIMER] Starting: Create feature class layer and add to individual group and map
2025-07-16 10:28:39,227 - HTMLGenerator - INFO - [TIMER] Finished: Create feature class layer and add to individual group and map in 0.01 sec | Mem: 1030.30 MB (+0.00 MB) | CPU: 0.00%
2025-07-16 10:28:39,228 - HTMLGenerator - INFO - [TIMER] Starting: Create AOI layer and add to map
2025-07-16 10:28:39,442 - HTMLGenerator - INFO - [TIMER] Finished: Create AOI layer and add to map in 0.11 sec | Mem: 1030.30 MB (+0.00 MB) | CPU: 0.00%
2025-07-16 10:28:39,442 - HTMLGenerator - INFO - [TIMER] Starting: Generate tooltip fields
2025-07-16 10:28:39,544 - HTMLGenerator - INFO - [TIMER] Finished: Generate tooltip fields in 0.00 sec | Mem: 1030.30 MB (+0.00 MB) | CPU: 0.00%
2025-07-16 10:28:39,545 - HTMLGenerator - INFO - [TIMER] Starting: Create a feature group in the layers list to house all unique values
2025-07-16 10:28:39,658 - HTMLGenerator - INFO - [TIMER] Finished: Create a feature group in the layers list to house all unique values in 0.01 sec | Mem: 1030.30 MB (+0.00 MB) | CPU: 0.00%
2025-07-16 10:28:39,658 - HTMLGenerator - INFO - [TIMER] Starting: Create popup for each layer with overlap reporting
2025-07-16 10:28:39,776 - HTMLGenerator - INFO - [TIMER] Finished: Create popup for each layer with overlap reporting in 0.02 sec | Mem: 1030.30 MB (+0.00 MB) | CPU: 0.00%
2025-07-16 10:28:39,776 - HTMLGenerator - INFO - [TIMER] Starting: Create legend HTML for individual maps
2025-07-16 10:28:39,878 - HTMLGenerator - INFO - [TIMER] Finished: Create legend HTML for individual maps in 0.00 sec | Mem: 1030.30 MB (+0.00 MB) | CPU: 0.00%
2025-07-16 10:28:39,879 - HTMLGenerator - INFO - [TIMER] Starting: Add layer control for individual maps
2025-07-16 10:28:39,979 - HTMLGenerator - INFO - [TIMER] Finished: Add layer control for individual maps in 0.00 sec | Mem: 1030.30 MB (+0.00 MB) | CPU: 0.00%
2025-07-16 10:28:39,979 - HTMLGenerator - INFO - [TIMER] Starting: Add grouped layer control for individual maps; AOI, feature class
2025-07-16 10:28:40,080 - HTMLGenerator - INFO - [TIMER] Finished: Add grouped layer control for individual maps; AOI, feature class in 0.00 sec | Mem: 1030.30 MB (+0.00 MB) | CPU: 0.00%
2025-07-16 10:28:40,080 - HTMLGenerator - INFO - [TIMER] Starting: Save ind. map and cleanup
2025-07-16 10:28:40,236 - HTMLGenerator - INFO - [TIMER] Finished: Save ind. map and cleanup in 0.05 sec | Mem: 1030.31 MB (+0.00 MB) | CPU: 0.00%
2025-07-16 10:28:40,237 - HTMLGenerator - INFO - [TIMER] Starting: Acquire geodataframe for Crown_Reversions
2025-07-16 10:28:40,259 - fiona._env - DEBUG - GDAL_DATA found in environment.
2025-07-16 10:28:40,262 - fiona._env - DEBUG - PROJ data found in package: path='P:\\corp\\central_clones\\python_geopandas\\Lib\\site-packages\\fiona\\proj_data'.
2025-07-16 10:28:42,043 - fiona._env - WARNING - PROJ: proj_identify: P:\corp\central_clones\python_geopandas\Lib\site-packages\fiona\proj_data\proj.db contains DATABASE.LAYOUT.VERSION.MINOR = 2 whereas a number >= 3 is expected. It comes from another PROJ installation.
2025-07-16 10:28:47,955 - fiona._env - WARNING - PROJ: proj_identify: P:\corp\central_clones\python_geopandas\Lib\site-packages\fiona\proj_data\proj.db contains DATABASE.LAYOUT.VERSION.MINOR = 2 whereas a number >= 3 is expected. It comes from another PROJ installation.
2025-07-16 10:28:48,191 - fiona._env - WARNING - PROJ: proj_identify: P:\corp\central_clones\python_geopandas\Lib\site-packages\fiona\proj_data\proj.db contains DATABASE.LAYOUT.VERSION.MINOR = 2 whereas a number >= 3 is expected. It comes from another PROJ installation.
2025-07-16 10:28:48,971 - fiona._env - DEBUG - GDAL_DATA found in environment.
2025-07-16 10:28:48,973 - fiona._env - DEBUG - PROJ data found in package: path='P:\\corp\\central_clones\\python_geopandas\\Lib\\site-packages\\fiona\\proj_data'.
2025-07-16 10:28:48,973 - fiona.ogrext - DEBUG - Got coordinate system
2025-07-16 10:28:48,986 - fiona.ogrext - DEBUG - Got coordinate system
2025-07-16 10:28:49,010 - fiona._env - WARNING - PROJ: proj_identify: P:\corp\central_clones\python_geopandas\Lib\site-packages\fiona\proj_data\proj.db contains DATABASE.LAYOUT.VERSION.MINOR = 2 whereas a number >= 3 is expected. It comes from another PROJ installation.
2025-07-16 10:28:49,011 - fiona.ogrext - DEBUG - OLC_FASTSETNEXTBYINDEX: 1
2025-07-16 10:28:49,011 - fiona.ogrext - DEBUG - OLC_FASTFEATURECOUNT: 1
2025-07-16 10:28:49,011 - fiona.ogrext - DEBUG - Next index: 0
2025-07-16 10:28:49,047 - fiona.collection - DEBUG - Flushed buffer
2025-07-16 10:28:49,049 - fiona.collection - DEBUG - Stopped session
2025-07-16 10:28:49,149 - HTMLGenerator - INFO - [TIMER] Finished: Acquire geodataframe for Crown_Reversions in 8.81 sec | Mem: 1030.31 MB (+0.00 MB) | CPU: 0.00%
2025-07-16 10:28:49,150 - HTMLGenerator - INFO - [TIMER] Starting: Acquire geodataframe for Transfers_of_Admin_and_Control
2025-07-16 10:28:49,173 - fiona._env - DEBUG - GDAL_DATA found in environment.
2025-07-16 10:28:49,175 - fiona._env - DEBUG - PROJ data found in package: path='P:\\corp\\central_clones\\python_geopandas\\Lib\\site-packages\\fiona\\proj_data'.
2025-07-16 10:28:50,805 - fiona._env - WARNING - PROJ: proj_identify: P:\corp\central_clones\python_geopandas\Lib\site-packages\fiona\proj_data\proj.db contains DATABASE.LAYOUT.VERSION.MINOR = 2 whereas a number >= 3 is expected. It comes from another PROJ installation.
2025-07-16 10:28:56,327 - fiona._env - WARNING - PROJ: proj_identify: P:\corp\central_clones\python_geopandas\Lib\site-packages\fiona\proj_data\proj.db contains DATABASE.LAYOUT.VERSION.MINOR = 2 whereas a number >= 3 is expected. It comes from another PROJ installation.
2025-07-16 10:28:56,571 - fiona._env - WARNING - PROJ: proj_identify: P:\corp\central_clones\python_geopandas\Lib\site-packages\fiona\proj_data\proj.db contains DATABASE.LAYOUT.VERSION.MINOR = 2 whereas a number >= 3 is expected. It comes from another PROJ installation.
2025-07-16 10:28:57,331 - fiona._env - DEBUG - GDAL_DATA found in environment.
2025-07-16 10:28:57,332 - fiona._env - DEBUG - PROJ data found in package: path='P:\\corp\\central_clones\\python_geopandas\\Lib\\site-packages\\fiona\\proj_data'.
2025-07-16 10:28:57,333 - fiona.ogrext - DEBUG - Got coordinate system
2025-07-16 10:28:57,346 - fiona.ogrext - DEBUG - Got coordinate system
2025-07-16 10:28:57,368 - fiona._env - WARNING - PROJ: proj_identify: P:\corp\central_clones\python_geopandas\Lib\site-packages\fiona\proj_data\proj.db contains DATABASE.LAYOUT.VERSION.MINOR = 2 whereas a number >= 3 is expected. It comes from another PROJ installation.
2025-07-16 10:28:57,368 - fiona.ogrext - DEBUG - OLC_FASTSETNEXTBYINDEX: 1
2025-07-16 10:28:57,368 - fiona.ogrext - DEBUG - OLC_FASTFEATURECOUNT: 1
2025-07-16 10:28:57,369 - fiona.ogrext - DEBUG - Next index: 0
2025-07-16 10:28:57,403 - fiona.collection - DEBUG - Flushed buffer
2025-07-16 10:28:57,405 - fiona.collection - DEBUG - Stopped session
2025-07-16 10:28:57,505 - HTMLGenerator - INFO - [TIMER] Finished: Acquire geodataframe for Transfers_of_Admin_and_Control in 8.25 sec | Mem: 1030.32 MB (+0.01 MB) | CPU: 0.00%
2025-07-16 10:28:57,506 - HTMLGenerator - INFO - [TIMER] Starting: Acquire geodataframe for Guide_Outfitter
2025-07-16 10:28:57,529 - fiona._env - DEBUG - GDAL_DATA found in environment.
2025-07-16 10:28:57,530 - fiona._env - DEBUG - PROJ data found in package: path='P:\\corp\\central_clones\\python_geopandas\\Lib\\site-packages\\fiona\\proj_data'.
2025-07-16 10:28:59,061 - fiona._env - WARNING - PROJ: proj_identify: P:\corp\central_clones\python_geopandas\Lib\site-packages\fiona\proj_data\proj.db contains DATABASE.LAYOUT.VERSION.MINOR = 2 whereas a number >= 3 is expected. It comes from another PROJ installation.
2025-07-16 10:29:04,545 - fiona._env - WARNING - PROJ: proj_identify: P:\corp\central_clones\python_geopandas\Lib\site-packages\fiona\proj_data\proj.db contains DATABASE.LAYOUT.VERSION.MINOR = 2 whereas a number >= 3 is expected. It comes from another PROJ installation.
2025-07-16 10:29:04,788 - fiona._env - WARNING - PROJ: proj_identify: P:\corp\central_clones\python_geopandas\Lib\site-packages\fiona\proj_data\proj.db contains DATABASE.LAYOUT.VERSION.MINOR = 2 whereas a number >= 3 is expected. It comes from another PROJ installation.
2025-07-16 10:29:05,612 - fiona._env - DEBUG - GDAL_DATA found in environment.
2025-07-16 10:29:05,613 - fiona._env - DEBUG - PROJ data found in package: path='P:\\corp\\central_clones\\python_geopandas\\Lib\\site-packages\\fiona\\proj_data'.
2025-07-16 10:29:05,614 - fiona.ogrext - DEBUG - Got coordinate system
2025-07-16 10:29:05,626 - fiona.ogrext - DEBUG - Got coordinate system
2025-07-16 10:29:05,649 - fiona._env - WARNING - PROJ: proj_identify: P:\corp\central_clones\python_geopandas\Lib\site-packages\fiona\proj_data\proj.db contains DATABASE.LAYOUT.VERSION.MINOR = 2 whereas a number >= 3 is expected. It comes from another PROJ installation.
2025-07-16 10:29:05,650 - fiona.ogrext - DEBUG - OLC_FASTSETNEXTBYINDEX: 1
2025-07-16 10:29:05,650 - fiona.ogrext - DEBUG - OLC_FASTFEATURECOUNT: 1
2025-07-16 10:29:05,650 - fiona.ogrext - DEBUG - Next index: 0
2025-07-16 10:29:05,650 - fiona.ogrext - DEBUG - Next index: 1
2025-07-16 10:29:05,684 - fiona.collection - DEBUG - Flushed buffer
2025-07-16 10:29:05,686 - fiona.collection - DEBUG - Stopped session
2025-07-16 10:29:05,786 - HTMLGenerator - INFO - [TIMER] Finished: Acquire geodataframe for Guide_Outfitter in 8.18 sec | Mem: 1030.32 MB (-0.00 MB) | CPU: 0.00%
2025-07-16 10:29:05,787 - HTMLGenerator - INFO - [TIMER] Starting: Acquire geometry for Guide_Outfitter
2025-07-16 10:29:05,888 - HTMLGenerator - INFO - [TIMER] Finished: Acquire geometry for Guide_Outfitter in 0.00 sec | Mem: 1030.32 MB (+0.00 MB) | CPU: 0.00%
2025-07-16 10:29:05,888 - HTMLGenerator - INFO - [TIMER] Starting: Convert Columns to strings
2025-07-16 10:29:05,994 - HTMLGenerator - INFO - [TIMER] Finished: Convert Columns to strings in 0.00 sec | Mem: 1030.32 MB (+0.00 MB) | CPU: 0.00%
2025-07-16 10:29:05,995 - HTMLGenerator - INFO - [TIMER] Starting: Acquire field data from spreadsheet; build out fields to summarize for popups
2025-07-16 10:29:06,096 - HTMLGenerator - INFO - [TIMER] Finished: Acquire field data from spreadsheet; build out fields to summarize for popups in 0.00 sec | Mem: 1030.32 MB (+0.00 MB) | CPU: 0.00%
2025-07-16 10:29:06,097 - HTMLGenerator - INFO - [TIMER] Starting: Get all popup fields and format
2025-07-16 10:29:06,199 - HTMLGenerator - INFO - [TIMER] Finished: Get all popup fields and format in 0.00 sec | Mem: 1030.32 MB (+0.00 MB) | CPU: 0.00%
2025-07-16 10:29:06,199 - HTMLGenerator - INFO - [TIMER] Starting: Determine all values and symbology to show in legend and map.
2025-07-16 10:29:06,302 - HTMLGenerator - INFO - [TIMER] Finished: Determine all values and symbology to show in legend and map. in 0.00 sec | Mem: 1030.32 MB (+0.00 MB) | CPU: 0.00%
2025-07-16 10:29:06,303 - HTMLGenerator - INFO - [TIMER] Starting: Get total bounds for the layer and set up map template.
2025-07-16 10:29:06,438 - HTMLGenerator - INFO - [TIMER] Finished: Get total bounds for the layer and set up map template. in 0.03 sec | Mem: 1030.32 MB (+0.00 MB) | CPU: 0.00%
2025-07-16 10:29:06,438 - HTMLGenerator - INFO - [TIMER] Starting: Create feature class layer and add to individual group and map
2025-07-16 10:29:06,550 - HTMLGenerator - INFO - [TIMER] Finished: Create feature class layer and add to individual group and map in 0.01 sec | Mem: 1030.32 MB (+0.00 MB) | CPU: 0.00%
2025-07-16 10:29:06,551 - HTMLGenerator - INFO - [TIMER] Starting: Create AOI layer and add to map
2025-07-16 10:29:06,690 - HTMLGenerator - INFO - [TIMER] Finished: Create AOI layer and add to map in 0.04 sec | Mem: 1030.32 MB (+0.00 MB) | CPU: 0.00%
2025-07-16 10:29:06,690 - HTMLGenerator - INFO - [TIMER] Starting: Generate tooltip fields
2025-07-16 10:29:06,792 - HTMLGenerator - INFO - [TIMER] Finished: Generate tooltip fields in 0.00 sec | Mem: 1030.32 MB (+0.00 MB) | CPU: 0.00%
2025-07-16 10:29:06,793 - HTMLGenerator - INFO - [TIMER] Starting: Create a feature group in the layers list to house all unique values
2025-07-16 10:29:06,903 - HTMLGenerator - INFO - [TIMER] Finished: Create a feature group in the layers list to house all unique values in 0.01 sec | Mem: 1030.32 MB (+0.00 MB) | CPU: 0.00%
2025-07-16 10:29:06,903 - HTMLGenerator - INFO - [TIMER] Starting: Create popup for each layer with overlap reporting
2025-07-16 10:29:07,021 - HTMLGenerator - INFO - [TIMER] Finished: Create popup for each layer with overlap reporting in 0.02 sec | Mem: 1030.32 MB (+0.00 MB) | CPU: 0.00%
2025-07-16 10:29:07,021 - HTMLGenerator - INFO - [TIMER] Starting: Create legend HTML for individual maps
2025-07-16 10:29:07,123 - HTMLGenerator - INFO - [TIMER] Finished: Create legend HTML for individual maps in 0.00 sec | Mem: 1030.32 MB (+0.00 MB) | CPU: 0.00%
2025-07-16 10:29:07,123 - HTMLGenerator - INFO - [TIMER] Starting: Add layer control for individual maps
2025-07-16 10:29:07,224 - HTMLGenerator - INFO - [TIMER] Finished: Add layer control for individual maps in 0.00 sec | Mem: 1030.32 MB (+0.00 MB) | CPU: 0.00%
2025-07-16 10:29:07,225 - HTMLGenerator - INFO - [TIMER] Starting: Add grouped layer control for individual maps; AOI, feature class
2025-07-16 10:29:07,325 - HTMLGenerator - INFO - [TIMER] Finished: Add grouped layer control for individual maps; AOI, feature class in 0.00 sec | Mem: 1030.32 MB (+0.00 MB) | CPU: 0.00%
2025-07-16 10:29:07,325 - HTMLGenerator - INFO - [TIMER] Starting: Save ind. map and cleanup
2025-07-16 10:29:07,484 - HTMLGenerator - INFO - [TIMER] Finished: Save ind. map and cleanup in 0.06 sec | Mem: 1030.32 MB (+0.00 MB) | CPU: 0.00%
2025-07-16 10:29:07,485 - HTMLGenerator - INFO - [TIMER] Starting: Acquire geodataframe for Trapline
2025-07-16 10:29:07,507 - fiona._env - DEBUG - GDAL_DATA found in environment.
2025-07-16 10:29:07,509 - fiona._env - DEBUG - PROJ data found in package: path='P:\\corp\\central_clones\\python_geopandas\\Lib\\site-packages\\fiona\\proj_data'.
2025-07-16 10:29:09,560 - fiona._env - WARNING - PROJ: proj_identify: P:\corp\central_clones\python_geopandas\Lib\site-packages\fiona\proj_data\proj.db contains DATABASE.LAYOUT.VERSION.MINOR = 2 whereas a number >= 3 is expected. It comes from another PROJ installation.
2025-07-16 10:29:17,080 - fiona._env - WARNING - PROJ: proj_identify: P:\corp\central_clones\python_geopandas\Lib\site-packages\fiona\proj_data\proj.db contains DATABASE.LAYOUT.VERSION.MINOR = 2 whereas a number >= 3 is expected. It comes from another PROJ installation.
2025-07-16 10:29:17,428 - fiona._env - WARNING - PROJ: proj_identify: P:\corp\central_clones\python_geopandas\Lib\site-packages\fiona\proj_data\proj.db contains DATABASE.LAYOUT.VERSION.MINOR = 2 whereas a number >= 3 is expected. It comes from another PROJ installation.
2025-07-16 10:29:18,569 - fiona._env - DEBUG - GDAL_DATA found in environment.
2025-07-16 10:29:18,571 - fiona._env - DEBUG - PROJ data found in package: path='P:\\corp\\central_clones\\python_geopandas\\Lib\\site-packages\\fiona\\proj_data'.
2025-07-16 10:29:18,572 - fiona.ogrext - DEBUG - Got coordinate system
2025-07-16 10:29:18,594 - fiona.ogrext - DEBUG - Got coordinate system
2025-07-16 10:29:18,629 - fiona._env - WARNING - PROJ: proj_identify: P:\corp\central_clones\python_geopandas\Lib\site-packages\fiona\proj_data\proj.db contains DATABASE.LAYOUT.VERSION.MINOR = 2 whereas a number >= 3 is expected. It comes from another PROJ installation.
2025-07-16 10:29:18,629 - fiona.ogrext - DEBUG - OLC_FASTSETNEXTBYINDEX: 1
2025-07-16 10:29:18,630 - fiona.ogrext - DEBUG - OLC_FASTFEATURECOUNT: 1
2025-07-16 10:29:18,630 - fiona.ogrext - DEBUG - Next index: 0
2025-07-16 10:29:18,674 - fiona.collection - DEBUG - Flushed buffer
2025-07-16 10:29:18,676 - fiona.collection - DEBUG - Stopped session
2025-07-16 10:29:18,776 - HTMLGenerator - INFO - [TIMER] Finished: Acquire geodataframe for Trapline in 11.19 sec | Mem: 1030.31 MB (-0.01 MB) | CPU: 0.00%
2025-07-16 10:29:18,777 - HTMLGenerator - INFO - [TIMER] Starting: Acquire geodataframe for FTEN_Roads
2025-07-16 10:29:18,808 - fiona._env - DEBUG - GDAL_DATA found in environment.
2025-07-16 10:29:18,810 - fiona._env - DEBUG - PROJ data found in package: path='P:\\corp\\central_clones\\python_geopandas\\Lib\\site-packages\\fiona\\proj_data'.
2025-07-16 10:29:20,803 - fiona._env - WARNING - PROJ: proj_identify: P:\corp\central_clones\python_geopandas\Lib\site-packages\fiona\proj_data\proj.db contains DATABASE.LAYOUT.VERSION.MINOR = 2 whereas a number >= 3 is expected. It comes from another PROJ installation.
2025-07-16 10:29:27,916 - fiona._env - WARNING - PROJ: proj_identify: P:\corp\central_clones\python_geopandas\Lib\site-packages\fiona\proj_data\proj.db contains DATABASE.LAYOUT.VERSION.MINOR = 2 whereas a number >= 3 is expected. It comes from another PROJ installation.
2025-07-16 10:29:28,242 - fiona._env - WARNING - PROJ: proj_identify: P:\corp\central_clones\python_geopandas\Lib\site-packages\fiona\proj_data\proj.db contains DATABASE.LAYOUT.VERSION.MINOR = 2 whereas a number >= 3 is expected. It comes from another PROJ installation.
2025-07-16 10:29:29,328 - fiona._env - DEBUG - GDAL_DATA found in environment.
2025-07-16 10:29:29,330 - fiona._env - DEBUG - PROJ data found in package: path='P:\\corp\\central_clones\\python_geopandas\\Lib\\site-packages\\fiona\\proj_data'.
2025-07-16 10:29:29,330 - fiona.ogrext - DEBUG - Got coordinate system
2025-07-16 10:29:29,346 - fiona.ogrext - DEBUG - Got coordinate system
2025-07-16 10:29:29,385 - fiona._env - WARNING - PROJ: proj_identify: P:\corp\central_clones\python_geopandas\Lib\site-packages\fiona\proj_data\proj.db contains DATABASE.LAYOUT.VERSION.MINOR = 2 whereas a number >= 3 is expected. It comes from another PROJ installation.
2025-07-16 10:29:29,386 - fiona.ogrext - DEBUG - OLC_FASTSETNEXTBYINDEX: 1
2025-07-16 10:29:29,386 - fiona.ogrext - DEBUG - OLC_FASTFEATURECOUNT: 1
2025-07-16 10:29:29,386 - fiona.ogrext - DEBUG - Next index: 0
2025-07-16 10:29:29,441 - fiona.collection - DEBUG - Flushed buffer
2025-07-16 10:29:29,444 - fiona.collection - DEBUG - Stopped session
2025-07-16 10:29:29,544 - HTMLGenerator - INFO - [TIMER] Finished: Acquire geodataframe for FTEN_Roads in 10.67 sec | Mem: 1030.31 MB (+0.00 MB) | CPU: 0.00%
2025-07-16 10:29:29,545 - HTMLGenerator - INFO - [TIMER] Starting: Acquire geodataframe for FTEN_Roads_within_right_of_way_allowance
2025-07-16 10:29:29,568 - fiona._env - DEBUG - GDAL_DATA found in environment.
2025-07-16 10:29:29,570 - fiona._env - DEBUG - PROJ data found in package: path='P:\\corp\\central_clones\\python_geopandas\\Lib\\site-packages\\fiona\\proj_data'.
2025-07-16 10:29:31,678 - fiona._env - WARNING - PROJ: proj_identify: P:\corp\central_clones\python_geopandas\Lib\site-packages\fiona\proj_data\proj.db contains DATABASE.LAYOUT.VERSION.MINOR = 2 whereas a number >= 3 is expected. It comes from another PROJ installation.
2025-07-16 10:29:39,312 - fiona._env - WARNING - PROJ: proj_identify: P:\corp\central_clones\python_geopandas\Lib\site-packages\fiona\proj_data\proj.db contains DATABASE.LAYOUT.VERSION.MINOR = 2 whereas a number >= 3 is expected. It comes from another PROJ installation.
2025-07-16 10:29:39,612 - fiona._env - WARNING - PROJ: proj_identify: P:\corp\central_clones\python_geopandas\Lib\site-packages\fiona\proj_data\proj.db contains DATABASE.LAYOUT.VERSION.MINOR = 2 whereas a number >= 3 is expected. It comes from another PROJ installation.
2025-07-16 10:29:40,483 - fiona._env - DEBUG - GDAL_DATA found in environment.
2025-07-16 10:29:40,484 - fiona._env - DEBUG - PROJ data found in package: path='P:\\corp\\central_clones\\python_geopandas\\Lib\\site-packages\\fiona\\proj_data'.
2025-07-16 10:29:40,484 - fiona.ogrext - DEBUG - Got coordinate system
2025-07-16 10:29:40,498 - fiona.ogrext - DEBUG - Got coordinate system
2025-07-16 10:29:40,526 - fiona._env - WARNING - PROJ: proj_identify: P:\corp\central_clones\python_geopandas\Lib\site-packages\fiona\proj_data\proj.db contains DATABASE.LAYOUT.VERSION.MINOR = 2 whereas a number >= 3 is expected. It comes from another PROJ installation.
2025-07-16 10:29:40,527 - fiona.ogrext - DEBUG - OLC_FASTSETNEXTBYINDEX: 1
2025-07-16 10:29:40,527 - fiona.ogrext - DEBUG - OLC_FASTFEATURECOUNT: 1
2025-07-16 10:29:40,527 - fiona.ogrext - DEBUG - Next index: 0
2025-07-16 10:29:40,563 - fiona.collection - DEBUG - Flushed buffer
2025-07-16 10:29:40,565 - fiona.collection - DEBUG - Stopped session
2025-07-16 10:29:40,666 - HTMLGenerator - INFO - [TIMER] Finished: Acquire geodataframe for FTEN_Roads_within_right_of_way_allowance in 11.02 sec | Mem: 1030.31 MB (+0.00 MB) | CPU: 0.00%
2025-07-16 10:29:40,667 - HTMLGenerator - INFO - [TIMER] Starting: Acquire geodataframe for FTEN_Special_Access_Roads_Line
2025-07-16 10:29:40,689 - fiona._env - DEBUG - GDAL_DATA found in environment.
2025-07-16 10:29:40,690 - fiona._env - DEBUG - PROJ data found in package: path='P:\\corp\\central_clones\\python_geopandas\\Lib\\site-packages\\fiona\\proj_data'.
2025-07-16 10:29:42,185 - fiona._env - WARNING - PROJ: proj_identify: P:\corp\central_clones\python_geopandas\Lib\site-packages\fiona\proj_data\proj.db contains DATABASE.LAYOUT.VERSION.MINOR = 2 whereas a number >= 3 is expected. It comes from another PROJ installation.
2025-07-16 10:29:48,010 - fiona._env - WARNING - PROJ: proj_identify: P:\corp\central_clones\python_geopandas\Lib\site-packages\fiona\proj_data\proj.db contains DATABASE.LAYOUT.VERSION.MINOR = 2 whereas a number >= 3 is expected. It comes from another PROJ installation.
2025-07-16 10:29:48,279 - fiona._env - WARNING - PROJ: proj_identify: P:\corp\central_clones\python_geopandas\Lib\site-packages\fiona\proj_data\proj.db contains DATABASE.LAYOUT.VERSION.MINOR = 2 whereas a number >= 3 is expected. It comes from another PROJ installation.
2025-07-16 10:29:49,099 - fiona._env - DEBUG - GDAL_DATA found in environment.
2025-07-16 10:29:49,100 - fiona._env - DEBUG - PROJ data found in package: path='P:\\corp\\central_clones\\python_geopandas\\Lib\\site-packages\\fiona\\proj_data'.
2025-07-16 10:29:49,101 - fiona.ogrext - DEBUG - Got coordinate system
2025-07-16 10:29:49,114 - fiona.ogrext - DEBUG - Got coordinate system
2025-07-16 10:29:49,139 - fiona._env - WARNING - PROJ: proj_identify: P:\corp\central_clones\python_geopandas\Lib\site-packages\fiona\proj_data\proj.db contains DATABASE.LAYOUT.VERSION.MINOR = 2 whereas a number >= 3 is expected. It comes from another PROJ installation.
2025-07-16 10:29:49,140 - fiona.ogrext - DEBUG - OLC_FASTSETNEXTBYINDEX: 1
2025-07-16 10:29:49,140 - fiona.ogrext - DEBUG - OLC_FASTFEATURECOUNT: 1
2025-07-16 10:29:49,140 - fiona.ogrext - DEBUG - Next index: 0
2025-07-16 10:29:49,174 - fiona.collection - DEBUG - Flushed buffer
2025-07-16 10:29:49,176 - fiona.collection - DEBUG - Stopped session
2025-07-16 10:29:49,277 - HTMLGenerator - INFO - [TIMER] Finished: Acquire geodataframe for FTEN_Special_Access_Roads_Line in 8.51 sec | Mem: 1030.31 MB (-0.00 MB) | CPU: 0.00%
2025-07-16 10:29:49,278 - HTMLGenerator - INFO - [TIMER] Starting: Acquire geodataframe for FTEN_Special_Access_Roads_Poly
2025-07-16 10:29:49,299 - fiona._env - DEBUG - GDAL_DATA found in environment.
2025-07-16 10:29:49,301 - fiona._env - DEBUG - PROJ data found in package: path='P:\\corp\\central_clones\\python_geopandas\\Lib\\site-packages\\fiona\\proj_data'.
2025-07-16 10:29:50,983 - fiona._env - WARNING - PROJ: proj_identify: P:\corp\central_clones\python_geopandas\Lib\site-packages\fiona\proj_data\proj.db contains DATABASE.LAYOUT.VERSION.MINOR = 2 whereas a number >= 3 is expected. It comes from another PROJ installation.
2025-07-16 10:29:56,739 - fiona._env - WARNING - PROJ: proj_identify: P:\corp\central_clones\python_geopandas\Lib\site-packages\fiona\proj_data\proj.db contains DATABASE.LAYOUT.VERSION.MINOR = 2 whereas a number >= 3 is expected. It comes from another PROJ installation.
2025-07-16 10:29:56,963 - fiona._env - WARNING - PROJ: proj_identify: P:\corp\central_clones\python_geopandas\Lib\site-packages\fiona\proj_data\proj.db contains DATABASE.LAYOUT.VERSION.MINOR = 2 whereas a number >= 3 is expected. It comes from another PROJ installation.
2025-07-16 10:29:57,733 - fiona._env - DEBUG - GDAL_DATA found in environment.
2025-07-16 10:29:57,735 - fiona._env - DEBUG - PROJ data found in package: path='P:\\corp\\central_clones\\python_geopandas\\Lib\\site-packages\\fiona\\proj_data'.
2025-07-16 10:29:57,735 - fiona.ogrext - DEBUG - Got coordinate system
2025-07-16 10:29:57,749 - fiona.ogrext - DEBUG - Got coordinate system
2025-07-16 10:29:57,774 - fiona._env - WARNING - PROJ: proj_identify: P:\corp\central_clones\python_geopandas\Lib\site-packages\fiona\proj_data\proj.db contains DATABASE.LAYOUT.VERSION.MINOR = 2 whereas a number >= 3 is expected. It comes from another PROJ installation.
2025-07-16 10:29:57,775 - fiona.ogrext - DEBUG - OLC_FASTSETNEXTBYINDEX: 1
2025-07-16 10:29:57,775 - fiona.ogrext - DEBUG - OLC_FASTFEATURECOUNT: 1
2025-07-16 10:29:57,775 - fiona.ogrext - DEBUG - Next index: 0
2025-07-16 10:29:57,809 - fiona.collection - DEBUG - Flushed buffer
2025-07-16 10:29:57,811 - fiona.collection - DEBUG - Stopped session
2025-07-16 10:29:57,912 - HTMLGenerator - INFO - [TIMER] Finished: Acquire geodataframe for FTEN_Special_Access_Roads_Poly in 8.53 sec | Mem: 1030.30 MB (-0.01 MB) | CPU: 0.00%
2025-07-16 10:29:57,913 - HTMLGenerator - INFO - [TIMER] Starting: Acquire geodataframe for FTEN_Range_Tenure_
2025-07-16 10:29:57,935 - fiona._env - DEBUG - GDAL_DATA found in environment.
2025-07-16 10:29:57,936 - fiona._env - DEBUG - PROJ data found in package: path='P:\\corp\\central_clones\\python_geopandas\\Lib\\site-packages\\fiona\\proj_data'.
2025-07-16 10:29:59,439 - fiona._env - WARNING - PROJ: proj_identify: P:\corp\central_clones\python_geopandas\Lib\site-packages\fiona\proj_data\proj.db contains DATABASE.LAYOUT.VERSION.MINOR = 2 whereas a number >= 3 is expected. It comes from another PROJ installation.
2025-07-16 10:30:05,358 - fiona._env - WARNING - PROJ: proj_identify: P:\corp\central_clones\python_geopandas\Lib\site-packages\fiona\proj_data\proj.db contains DATABASE.LAYOUT.VERSION.MINOR = 2 whereas a number >= 3 is expected. It comes from another PROJ installation.
2025-07-16 10:30:05,598 - fiona._env - WARNING - PROJ: proj_identify: P:\corp\central_clones\python_geopandas\Lib\site-packages\fiona\proj_data\proj.db contains DATABASE.LAYOUT.VERSION.MINOR = 2 whereas a number >= 3 is expected. It comes from another PROJ installation.
2025-07-16 10:30:06,469 - fiona._env - DEBUG - GDAL_DATA found in environment.
2025-07-16 10:30:06,470 - fiona._env - DEBUG - PROJ data found in package: path='P:\\corp\\central_clones\\python_geopandas\\Lib\\site-packages\\fiona\\proj_data'.
2025-07-16 10:30:06,471 - fiona.ogrext - DEBUG - Got coordinate system
2025-07-16 10:30:06,485 - fiona.ogrext - DEBUG - Got coordinate system
2025-07-16 10:30:06,514 - fiona._env - WARNING - PROJ: proj_identify: P:\corp\central_clones\python_geopandas\Lib\site-packages\fiona\proj_data\proj.db contains DATABASE.LAYOUT.VERSION.MINOR = 2 whereas a number >= 3 is expected. It comes from another PROJ installation.
2025-07-16 10:30:06,514 - fiona.ogrext - DEBUG - OLC_FASTSETNEXTBYINDEX: 1
2025-07-16 10:30:06,515 - fiona.ogrext - DEBUG - OLC_FASTFEATURECOUNT: 1
2025-07-16 10:30:06,515 - fiona.ogrext - DEBUG - Next index: 0
2025-07-16 10:30:06,552 - fiona.collection - DEBUG - Flushed buffer
2025-07-16 10:30:06,554 - fiona.collection - DEBUG - Stopped session
2025-07-16 10:30:06,654 - HTMLGenerator - INFO - [TIMER] Finished: Acquire geodataframe for FTEN_Range_Tenure_ in 8.64 sec | Mem: 1030.30 MB (+0.00 MB) | CPU: 0.00%
2025-07-16 10:30:06,655 - HTMLGenerator - INFO - [TIMER] Starting: Acquire geodataframe for FTEN_Harvest_Authority
2025-07-16 10:30:06,676 - fiona._env - DEBUG - GDAL_DATA found in environment.
2025-07-16 10:30:06,678 - fiona._env - DEBUG - PROJ data found in package: path='P:\\corp\\central_clones\\python_geopandas\\Lib\\site-packages\\fiona\\proj_data'.
2025-07-16 10:30:08,172 - fiona._env - WARNING - PROJ: proj_identify: P:\corp\central_clones\python_geopandas\Lib\site-packages\fiona\proj_data\proj.db contains DATABASE.LAYOUT.VERSION.MINOR = 2 whereas a number >= 3 is expected. It comes from another PROJ installation.
2025-07-16 10:30:13,598 - fiona._env - WARNING - PROJ: proj_identify: P:\corp\central_clones\python_geopandas\Lib\site-packages\fiona\proj_data\proj.db contains DATABASE.LAYOUT.VERSION.MINOR = 2 whereas a number >= 3 is expected. It comes from another PROJ installation.
2025-07-16 10:30:13,841 - fiona._env - WARNING - PROJ: proj_identify: P:\corp\central_clones\python_geopandas\Lib\site-packages\fiona\proj_data\proj.db contains DATABASE.LAYOUT.VERSION.MINOR = 2 whereas a number >= 3 is expected. It comes from another PROJ installation.
2025-07-16 10:30:14,674 - fiona._env - DEBUG - GDAL_DATA found in environment.
2025-07-16 10:30:14,675 - fiona._env - DEBUG - PROJ data found in package: path='P:\\corp\\central_clones\\python_geopandas\\Lib\\site-packages\\fiona\\proj_data'.
2025-07-16 10:30:14,676 - fiona.ogrext - DEBUG - Got coordinate system
2025-07-16 10:30:14,690 - fiona.ogrext - DEBUG - Got coordinate system
2025-07-16 10:30:14,719 - fiona._env - WARNING - PROJ: proj_identify: P:\corp\central_clones\python_geopandas\Lib\site-packages\fiona\proj_data\proj.db contains DATABASE.LAYOUT.VERSION.MINOR = 2 whereas a number >= 3 is expected. It comes from another PROJ installation.
2025-07-16 10:30:14,719 - fiona.ogrext - DEBUG - OLC_FASTSETNEXTBYINDEX: 1
2025-07-16 10:30:14,719 - fiona.ogrext - DEBUG - OLC_FASTFEATURECOUNT: 1
2025-07-16 10:30:14,719 - fiona.ogrext - DEBUG - Next index: 0
2025-07-16 10:30:14,759 - fiona.collection - DEBUG - Flushed buffer
2025-07-16 10:30:14,761 - fiona.collection - DEBUG - Stopped session
2025-07-16 10:30:14,862 - HTMLGenerator - INFO - [TIMER] Finished: Acquire geodataframe for FTEN_Harvest_Authority in 8.11 sec | Mem: 1030.30 MB (+0.00 MB) | CPU: 0.00%
2025-07-16 10:30:14,863 - HTMLGenerator - INFO - [TIMER] Starting: Acquire geodataframe for FTEN_Cut_Blocks_Current_and_Application
2025-07-16 10:30:14,885 - fiona._env - DEBUG - GDAL_DATA found in environment.
2025-07-16 10:30:14,886 - fiona._env - DEBUG - PROJ data found in package: path='P:\\corp\\central_clones\\python_geopandas\\Lib\\site-packages\\fiona\\proj_data'.
2025-07-16 10:30:16,390 - fiona._env - WARNING - PROJ: proj_identify: P:\corp\central_clones\python_geopandas\Lib\site-packages\fiona\proj_data\proj.db contains DATABASE.LAYOUT.VERSION.MINOR = 2 whereas a number >= 3 is expected. It comes from another PROJ installation.
2025-07-16 10:30:23,049 - fiona._env - WARNING - PROJ: proj_identify: P:\corp\central_clones\python_geopandas\Lib\site-packages\fiona\proj_data\proj.db contains DATABASE.LAYOUT.VERSION.MINOR = 2 whereas a number >= 3 is expected. It comes from another PROJ installation.
2025-07-16 10:30:23,289 - fiona._env - WARNING - PROJ: proj_identify: P:\corp\central_clones\python_geopandas\Lib\site-packages\fiona\proj_data\proj.db contains DATABASE.LAYOUT.VERSION.MINOR = 2 whereas a number >= 3 is expected. It comes from another PROJ installation.
2025-07-16 10:30:24,204 - fiona._env - DEBUG - GDAL_DATA found in environment.
2025-07-16 10:30:24,205 - fiona._env - DEBUG - PROJ data found in package: path='P:\\corp\\central_clones\\python_geopandas\\Lib\\site-packages\\fiona\\proj_data'.
2025-07-16 10:30:24,206 - fiona.ogrext - DEBUG - Got coordinate system
2025-07-16 10:30:24,220 - fiona.ogrext - DEBUG - Got coordinate system
2025-07-16 10:30:24,248 - fiona._env - WARNING - PROJ: proj_identify: P:\corp\central_clones\python_geopandas\Lib\site-packages\fiona\proj_data\proj.db contains DATABASE.LAYOUT.VERSION.MINOR = 2 whereas a number >= 3 is expected. It comes from another PROJ installation.
2025-07-16 10:30:24,248 - fiona.ogrext - DEBUG - OLC_FASTSETNEXTBYINDEX: 1
2025-07-16 10:30:24,249 - fiona.ogrext - DEBUG - OLC_FASTFEATURECOUNT: 1
2025-07-16 10:30:24,249 - fiona.ogrext - DEBUG - Next index: 0
2025-07-16 10:30:24,285 - fiona.collection - DEBUG - Flushed buffer
2025-07-16 10:30:24,287 - fiona.collection - DEBUG - Stopped session
2025-07-16 10:30:24,387 - HTMLGenerator - INFO - [TIMER] Finished: Acquire geodataframe for FTEN_Cut_Blocks_Current_and_Application in 9.42 sec | Mem: 1030.30 MB (+0.00 MB) | CPU: 0.00%
2025-07-16 10:30:24,388 - HTMLGenerator - INFO - [TIMER] Starting: Acquire geodataframe for FTEN_Communication_Sites
2025-07-16 10:30:24,411 - fiona._env - DEBUG - GDAL_DATA found in environment.
2025-07-16 10:30:24,412 - fiona._env - DEBUG - PROJ data found in package: path='P:\\corp\\central_clones\\python_geopandas\\Lib\\site-packages\\fiona\\proj_data'.
2025-07-16 10:30:25,893 - fiona._env - WARNING - PROJ: proj_identify: P:\corp\central_clones\python_geopandas\Lib\site-packages\fiona\proj_data\proj.db contains DATABASE.LAYOUT.VERSION.MINOR = 2 whereas a number >= 3 is expected. It comes from another PROJ installation.
2025-07-16 10:30:31,573 - fiona._env - WARNING - PROJ: proj_identify: P:\corp\central_clones\python_geopandas\Lib\site-packages\fiona\proj_data\proj.db contains DATABASE.LAYOUT.VERSION.MINOR = 2 whereas a number >= 3 is expected. It comes from another PROJ installation.
2025-07-16 10:30:31,789 - fiona._env - WARNING - PROJ: proj_identify: P:\corp\central_clones\python_geopandas\Lib\site-packages\fiona\proj_data\proj.db contains DATABASE.LAYOUT.VERSION.MINOR = 2 whereas a number >= 3 is expected. It comes from another PROJ installation.
2025-07-16 10:30:32,552 - fiona._env - DEBUG - GDAL_DATA found in environment.
2025-07-16 10:30:32,553 - fiona._env - DEBUG - PROJ data found in package: path='P:\\corp\\central_clones\\python_geopandas\\Lib\\site-packages\\fiona\\proj_data'.
2025-07-16 10:30:32,554 - fiona.ogrext - DEBUG - Got coordinate system
2025-07-16 10:30:32,569 - fiona.ogrext - DEBUG - Got coordinate system
2025-07-16 10:30:32,593 - fiona._env - WARNING - PROJ: proj_identify: P:\corp\central_clones\python_geopandas\Lib\site-packages\fiona\proj_data\proj.db contains DATABASE.LAYOUT.VERSION.MINOR = 2 whereas a number >= 3 is expected. It comes from another PROJ installation.
2025-07-16 10:30:32,593 - fiona.ogrext - DEBUG - OLC_FASTSETNEXTBYINDEX: 1
2025-07-16 10:30:32,594 - fiona.ogrext - DEBUG - OLC_FASTFEATURECOUNT: 1
2025-07-16 10:30:32,594 - fiona.ogrext - DEBUG - Next index: 0
2025-07-16 10:30:32,629 - fiona.collection - DEBUG - Flushed buffer
2025-07-16 10:30:32,631 - fiona.collection - DEBUG - Stopped session
2025-07-16 10:30:32,731 - HTMLGenerator - INFO - [TIMER] Finished: Acquire geodataframe for FTEN_Communication_Sites in 8.24 sec | Mem: 1030.31 MB (+0.00 MB) | CPU: 0.00%
2025-07-16 10:30:32,732 - HTMLGenerator - INFO - [TIMER] Starting: Acquire geodataframe for FTEN_Real_Property_Projects
2025-07-16 10:30:32,754 - fiona._env - DEBUG - GDAL_DATA found in environment.
2025-07-16 10:30:32,755 - fiona._env - DEBUG - PROJ data found in package: path='P:\\corp\\central_clones\\python_geopandas\\Lib\\site-packages\\fiona\\proj_data'.
2025-07-16 10:30:34,708 - fiona._env - WARNING - PROJ: proj_identify: P:\corp\central_clones\python_geopandas\Lib\site-packages\fiona\proj_data\proj.db contains DATABASE.LAYOUT.VERSION.MINOR = 2 whereas a number >= 3 is expected. It comes from another PROJ installation.
2025-07-16 10:30:40,593 - fiona._env - WARNING - PROJ: proj_identify: P:\corp\central_clones\python_geopandas\Lib\site-packages\fiona\proj_data\proj.db contains DATABASE.LAYOUT.VERSION.MINOR = 2 whereas a number >= 3 is expected. It comes from another PROJ installation.
2025-07-16 10:30:40,838 - fiona._env - WARNING - PROJ: proj_identify: P:\corp\central_clones\python_geopandas\Lib\site-packages\fiona\proj_data\proj.db contains DATABASE.LAYOUT.VERSION.MINOR = 2 whereas a number >= 3 is expected. It comes from another PROJ installation.
2025-07-16 10:30:41,598 - fiona._env - DEBUG - GDAL_DATA found in environment.
2025-07-16 10:30:41,599 - fiona._env - DEBUG - PROJ data found in package: path='P:\\corp\\central_clones\\python_geopandas\\Lib\\site-packages\\fiona\\proj_data'.
2025-07-16 10:30:41,600 - fiona.ogrext - DEBUG - Got coordinate system
2025-07-16 10:30:41,611 - fiona.ogrext - DEBUG - Got coordinate system
2025-07-16 10:30:41,633 - fiona._env - WARNING - PROJ: proj_identify: P:\corp\central_clones\python_geopandas\Lib\site-packages\fiona\proj_data\proj.db contains DATABASE.LAYOUT.VERSION.MINOR = 2 whereas a number >= 3 is expected. It comes from another PROJ installation.
2025-07-16 10:30:41,634 - fiona.ogrext - DEBUG - OLC_FASTSETNEXTBYINDEX: 1
2025-07-16 10:30:41,634 - fiona.ogrext - DEBUG - OLC_FASTFEATURECOUNT: 1
2025-07-16 10:30:41,634 - fiona.ogrext - DEBUG - Next index: 0
2025-07-16 10:30:41,669 - fiona.collection - DEBUG - Flushed buffer
2025-07-16 10:30:41,671 - fiona.collection - DEBUG - Stopped session
2025-07-16 10:30:41,771 - HTMLGenerator - INFO - [TIMER] Finished: Acquire geodataframe for FTEN_Real_Property_Projects in 8.94 sec | Mem: 1030.31 MB (+0.00 MB) | CPU: 0.00%
2025-07-16 10:30:41,772 - HTMLGenerator - INFO - [TIMER] Starting: Acquire geodataframe for FTEN_Special_Use_Permits
2025-07-16 10:30:41,794 - fiona._env - DEBUG - GDAL_DATA found in environment.
2025-07-16 10:30:41,795 - fiona._env - DEBUG - PROJ data found in package: path='P:\\corp\\central_clones\\python_geopandas\\Lib\\site-packages\\fiona\\proj_data'.
2025-07-16 10:30:44,062 - fiona._env - WARNING - PROJ: proj_identify: P:\corp\central_clones\python_geopandas\Lib\site-packages\fiona\proj_data\proj.db contains DATABASE.LAYOUT.VERSION.MINOR = 2 whereas a number >= 3 is expected. It comes from another PROJ installation.
2025-07-16 10:30:50,344 - fiona._env - WARNING - PROJ: proj_identify: P:\corp\central_clones\python_geopandas\Lib\site-packages\fiona\proj_data\proj.db contains DATABASE.LAYOUT.VERSION.MINOR = 2 whereas a number >= 3 is expected. It comes from another PROJ installation.
2025-07-16 10:30:50,563 - fiona._env - WARNING - PROJ: proj_identify: P:\corp\central_clones\python_geopandas\Lib\site-packages\fiona\proj_data\proj.db contains DATABASE.LAYOUT.VERSION.MINOR = 2 whereas a number >= 3 is expected. It comes from another PROJ installation.
2025-07-16 10:30:51,312 - fiona._env - DEBUG - GDAL_DATA found in environment.
2025-07-16 10:30:51,314 - fiona._env - DEBUG - PROJ data found in package: path='P:\\corp\\central_clones\\python_geopandas\\Lib\\site-packages\\fiona\\proj_data'.
2025-07-16 10:30:51,315 - fiona.ogrext - DEBUG - Got coordinate system
2025-07-16 10:30:51,328 - fiona.ogrext - DEBUG - Got coordinate system
2025-07-16 10:30:51,354 - fiona._env - WARNING - PROJ: proj_identify: P:\corp\central_clones\python_geopandas\Lib\site-packages\fiona\proj_data\proj.db contains DATABASE.LAYOUT.VERSION.MINOR = 2 whereas a number >= 3 is expected. It comes from another PROJ installation.
2025-07-16 10:30:51,355 - fiona.ogrext - DEBUG - OLC_FASTSETNEXTBYINDEX: 1
2025-07-16 10:30:51,355 - fiona.ogrext - DEBUG - OLC_FASTFEATURECOUNT: 1
2025-07-16 10:30:51,355 - fiona.ogrext - DEBUG - Next index: 0
2025-07-16 10:30:51,389 - fiona.collection - DEBUG - Flushed buffer
2025-07-16 10:30:51,390 - fiona.collection - DEBUG - Stopped session
2025-07-16 10:30:51,491 - HTMLGenerator - INFO - [TIMER] Finished: Acquire geodataframe for FTEN_Special_Use_Permits in 9.62 sec | Mem: 1030.30 MB (-0.00 MB) | CPU: 0.00%
2025-07-16 10:30:51,492 - HTMLGenerator - INFO - [TIMER] Starting: Acquire geodataframe for FTEN_Timber_Licence_Polygons
2025-07-16 10:30:51,515 - fiona._env - DEBUG - GDAL_DATA found in environment.
2025-07-16 10:30:51,516 - fiona._env - DEBUG - PROJ data found in package: path='P:\\corp\\central_clones\\python_geopandas\\Lib\\site-packages\\fiona\\proj_data'.
2025-07-16 10:30:53,334 - fiona._env - WARNING - PROJ: proj_identify: P:\corp\central_clones\python_geopandas\Lib\site-packages\fiona\proj_data\proj.db contains DATABASE.LAYOUT.VERSION.MINOR = 2 whereas a number >= 3 is expected. It comes from another PROJ installation.
2025-07-16 10:30:59,213 - fiona._env - WARNING - PROJ: proj_identify: P:\corp\central_clones\python_geopandas\Lib\site-packages\fiona\proj_data\proj.db contains DATABASE.LAYOUT.VERSION.MINOR = 2 whereas a number >= 3 is expected. It comes from another PROJ installation.
2025-07-16 10:30:59,481 - fiona._env - WARNING - PROJ: proj_identify: P:\corp\central_clones\python_geopandas\Lib\site-packages\fiona\proj_data\proj.db contains DATABASE.LAYOUT.VERSION.MINOR = 2 whereas a number >= 3 is expected. It comes from another PROJ installation.
2025-07-16 10:31:00,291 - fiona._env - DEBUG - GDAL_DATA found in environment.
2025-07-16 10:31:00,292 - fiona._env - DEBUG - PROJ data found in package: path='P:\\corp\\central_clones\\python_geopandas\\Lib\\site-packages\\fiona\\proj_data'.
2025-07-16 10:31:00,292 - fiona.ogrext - DEBUG - Got coordinate system
2025-07-16 10:31:00,306 - fiona.ogrext - DEBUG - Got coordinate system
2025-07-16 10:31:00,336 - fiona._env - WARNING - PROJ: proj_identify: P:\corp\central_clones\python_geopandas\Lib\site-packages\fiona\proj_data\proj.db contains DATABASE.LAYOUT.VERSION.MINOR = 2 whereas a number >= 3 is expected. It comes from another PROJ installation.
2025-07-16 10:31:00,337 - fiona.ogrext - DEBUG - OLC_FASTSETNEXTBYINDEX: 1
2025-07-16 10:31:00,337 - fiona.ogrext - DEBUG - OLC_FASTFEATURECOUNT: 1
2025-07-16 10:31:00,337 - fiona.ogrext - DEBUG - Next index: 0
2025-07-16 10:31:00,373 - fiona.collection - DEBUG - Flushed buffer
2025-07-16 10:31:00,375 - fiona.collection - DEBUG - Stopped session
2025-07-16 10:31:00,475 - HTMLGenerator - INFO - [TIMER] Finished: Acquire geodataframe for FTEN_Timber_Licence_Polygons in 8.88 sec | Mem: 1030.30 MB (+0.00 MB) | CPU: 0.00%
2025-07-16 10:31:00,476 - HTMLGenerator - INFO - [TIMER] Starting: Acquire geodataframe for FTEN_Timber_Licence_Remaining_Polygons
2025-07-16 10:31:00,499 - fiona._env - DEBUG - GDAL_DATA found in environment.
2025-07-16 10:31:00,500 - fiona._env - DEBUG - PROJ data found in package: path='P:\\corp\\central_clones\\python_geopandas\\Lib\\site-packages\\fiona\\proj_data'.
2025-07-16 10:31:02,177 - fiona._env - WARNING - PROJ: proj_identify: P:\corp\central_clones\python_geopandas\Lib\site-packages\fiona\proj_data\proj.db contains DATABASE.LAYOUT.VERSION.MINOR = 2 whereas a number >= 3 is expected. It comes from another PROJ installation.
2025-07-16 10:31:08,058 - fiona._env - WARNING - PROJ: proj_identify: P:\corp\central_clones\python_geopandas\Lib\site-packages\fiona\proj_data\proj.db contains DATABASE.LAYOUT.VERSION.MINOR = 2 whereas a number >= 3 is expected. It comes from another PROJ installation.
2025-07-16 10:31:08,269 - fiona._env - WARNING - PROJ: proj_identify: P:\corp\central_clones\python_geopandas\Lib\site-packages\fiona\proj_data\proj.db contains DATABASE.LAYOUT.VERSION.MINOR = 2 whereas a number >= 3 is expected. It comes from another PROJ installation.
2025-07-16 10:31:09,018 - fiona._env - DEBUG - GDAL_DATA found in environment.
2025-07-16 10:31:09,019 - fiona._env - DEBUG - PROJ data found in package: path='P:\\corp\\central_clones\\python_geopandas\\Lib\\site-packages\\fiona\\proj_data'.
2025-07-16 10:31:09,020 - fiona.ogrext - DEBUG - Got coordinate system
2025-07-16 10:31:09,033 - fiona.ogrext - DEBUG - Got coordinate system
2025-07-16 10:31:09,056 - fiona._env - WARNING - PROJ: proj_identify: P:\corp\central_clones\python_geopandas\Lib\site-packages\fiona\proj_data\proj.db contains DATABASE.LAYOUT.VERSION.MINOR = 2 whereas a number >= 3 is expected. It comes from another PROJ installation.
2025-07-16 10:31:09,056 - fiona.ogrext - DEBUG - OLC_FASTSETNEXTBYINDEX: 1
2025-07-16 10:31:09,057 - fiona.ogrext - DEBUG - OLC_FASTFEATURECOUNT: 1
2025-07-16 10:31:09,057 - fiona.ogrext - DEBUG - Next index: 0
2025-07-16 10:31:09,089 - fiona.collection - DEBUG - Flushed buffer
2025-07-16 10:31:09,091 - fiona.collection - DEBUG - Stopped session
2025-07-16 10:31:09,193 - HTMLGenerator - INFO - [TIMER] Finished: Acquire geodataframe for FTEN_Timber_Licence_Remaining_Polygons in 8.62 sec | Mem: 1030.30 MB (+0.00 MB) | CPU: 0.00%
2025-07-16 10:31:09,194 - HTMLGenerator - INFO - [TIMER] Starting: Acquire geodataframe for FTEN_Timber_Licence_Elimination_Polygons
2025-07-16 10:31:09,216 - fiona._env - DEBUG - GDAL_DATA found in environment.
2025-07-16 10:31:09,217 - fiona._env - DEBUG - PROJ data found in package: path='P:\\corp\\central_clones\\python_geopandas\\Lib\\site-packages\\fiona\\proj_data'.
2025-07-16 10:31:10,849 - fiona._env - WARNING - PROJ: proj_identify: P:\corp\central_clones\python_geopandas\Lib\site-packages\fiona\proj_data\proj.db contains DATABASE.LAYOUT.VERSION.MINOR = 2 whereas a number >= 3 is expected. It comes from another PROJ installation.
2025-07-16 10:31:16,481 - fiona._env - WARNING - PROJ: proj_identify: P:\corp\central_clones\python_geopandas\Lib\site-packages\fiona\proj_data\proj.db contains DATABASE.LAYOUT.VERSION.MINOR = 2 whereas a number >= 3 is expected. It comes from another PROJ installation.
2025-07-16 10:31:16,705 - fiona._env - WARNING - PROJ: proj_identify: P:\corp\central_clones\python_geopandas\Lib\site-packages\fiona\proj_data\proj.db contains DATABASE.LAYOUT.VERSION.MINOR = 2 whereas a number >= 3 is expected. It comes from another PROJ installation.
2025-07-16 10:31:17,503 - fiona._env - DEBUG - GDAL_DATA found in environment.
2025-07-16 10:31:17,504 - fiona._env - DEBUG - PROJ data found in package: path='P:\\corp\\central_clones\\python_geopandas\\Lib\\site-packages\\fiona\\proj_data'.
2025-07-16 10:31:17,505 - fiona.ogrext - DEBUG - Got coordinate system
2025-07-16 10:31:17,516 - fiona.ogrext - DEBUG - Got coordinate system
2025-07-16 10:31:17,538 - fiona._env - WARNING - PROJ: proj_identify: P:\corp\central_clones\python_geopandas\Lib\site-packages\fiona\proj_data\proj.db contains DATABASE.LAYOUT.VERSION.MINOR = 2 whereas a number >= 3 is expected. It comes from another PROJ installation.
2025-07-16 10:31:17,539 - fiona.ogrext - DEBUG - OLC_FASTSETNEXTBYINDEX: 1
2025-07-16 10:31:17,539 - fiona.ogrext - DEBUG - OLC_FASTFEATURECOUNT: 1
2025-07-16 10:31:17,539 - fiona.ogrext - DEBUG - Next index: 0
2025-07-16 10:31:17,573 - fiona.collection - DEBUG - Flushed buffer
2025-07-16 10:31:17,575 - fiona.collection - DEBUG - Stopped session
2025-07-16 10:31:17,675 - HTMLGenerator - INFO - [TIMER] Finished: Acquire geodataframe for FTEN_Timber_Licence_Elimination_Polygons in 8.38 sec | Mem: 1030.31 MB (+0.00 MB) | CPU: 0.00%
2025-07-16 10:31:17,676 - HTMLGenerator - INFO - [TIMER] Starting: Acquire geodataframe for FTEN_Managed_Licenses
2025-07-16 10:31:17,699 - fiona._env - DEBUG - GDAL_DATA found in environment.
2025-07-16 10:31:17,700 - fiona._env - DEBUG - PROJ data found in package: path='P:\\corp\\central_clones\\python_geopandas\\Lib\\site-packages\\fiona\\proj_data'.
2025-07-16 10:31:19,628 - fiona._env - WARNING - PROJ: proj_identify: P:\corp\central_clones\python_geopandas\Lib\site-packages\fiona\proj_data\proj.db contains DATABASE.LAYOUT.VERSION.MINOR = 2 whereas a number >= 3 is expected. It comes from another PROJ installation.
2025-07-16 10:31:26,514 - fiona._env - WARNING - PROJ: proj_identify: P:\corp\central_clones\python_geopandas\Lib\site-packages\fiona\proj_data\proj.db contains DATABASE.LAYOUT.VERSION.MINOR = 2 whereas a number >= 3 is expected. It comes from another PROJ installation.
2025-07-16 10:31:26,781 - fiona._env - WARNING - PROJ: proj_identify: P:\corp\central_clones\python_geopandas\Lib\site-packages\fiona\proj_data\proj.db contains DATABASE.LAYOUT.VERSION.MINOR = 2 whereas a number >= 3 is expected. It comes from another PROJ installation.
2025-07-16 10:31:27,679 - fiona._env - DEBUG - GDAL_DATA found in environment.
2025-07-16 10:31:27,680 - fiona._env - DEBUG - PROJ data found in package: path='P:\\corp\\central_clones\\python_geopandas\\Lib\\site-packages\\fiona\\proj_data'.
2025-07-16 10:31:27,681 - fiona.ogrext - DEBUG - Got coordinate system
2025-07-16 10:31:27,696 - fiona.ogrext - DEBUG - Got coordinate system
2025-07-16 10:31:27,723 - fiona._env - WARNING - PROJ: proj_identify: P:\corp\central_clones\python_geopandas\Lib\site-packages\fiona\proj_data\proj.db contains DATABASE.LAYOUT.VERSION.MINOR = 2 whereas a number >= 3 is expected. It comes from another PROJ installation.
2025-07-16 10:31:27,724 - fiona.ogrext - DEBUG - OLC_FASTSETNEXTBYINDEX: 1
2025-07-16 10:31:27,724 - fiona.ogrext - DEBUG - OLC_FASTFEATURECOUNT: 1
2025-07-16 10:31:27,724 - fiona.ogrext - DEBUG - Next index: 0
2025-07-16 10:31:27,765 - fiona.collection - DEBUG - Flushed buffer
2025-07-16 10:31:27,767 - fiona.collection - DEBUG - Stopped session
2025-07-16 10:31:27,867 - HTMLGenerator - INFO - [TIMER] Finished: Acquire geodataframe for FTEN_Managed_Licenses in 10.09 sec | Mem: 1030.30 MB (-0.01 MB) | CPU: 0.00%
2025-07-16 10:31:27,868 - HTMLGenerator - INFO - [TIMER] Starting: Acquire geodataframe for FTEN_Free_Use_Permits
2025-07-16 10:31:27,894 - fiona._env - DEBUG - GDAL_DATA found in environment.
2025-07-16 10:31:27,896 - fiona._env - DEBUG - PROJ data found in package: path='P:\\corp\\central_clones\\python_geopandas\\Lib\\site-packages\\fiona\\proj_data'.
2025-07-16 10:31:29,801 - fiona._env - WARNING - PROJ: proj_identify: P:\corp\central_clones\python_geopandas\Lib\site-packages\fiona\proj_data\proj.db contains DATABASE.LAYOUT.VERSION.MINOR = 2 whereas a number >= 3 is expected. It comes from another PROJ installation.
2025-07-16 10:31:35,501 - fiona._env - WARNING - PROJ: proj_identify: P:\corp\central_clones\python_geopandas\Lib\site-packages\fiona\proj_data\proj.db contains DATABASE.LAYOUT.VERSION.MINOR = 2 whereas a number >= 3 is expected. It comes from another PROJ installation.
2025-07-16 10:31:35,720 - fiona._env - WARNING - PROJ: proj_identify: P:\corp\central_clones\python_geopandas\Lib\site-packages\fiona\proj_data\proj.db contains DATABASE.LAYOUT.VERSION.MINOR = 2 whereas a number >= 3 is expected. It comes from another PROJ installation.
2025-07-16 10:31:36,451 - fiona._env - DEBUG - GDAL_DATA found in environment.
2025-07-16 10:31:36,452 - fiona._env - DEBUG - PROJ data found in package: path='P:\\corp\\central_clones\\python_geopandas\\Lib\\site-packages\\fiona\\proj_data'.
2025-07-16 10:31:36,453 - fiona.ogrext - DEBUG - Got coordinate system
2025-07-16 10:31:36,464 - fiona.ogrext - DEBUG - Got coordinate system
2025-07-16 10:31:36,486 - fiona._env - WARNING - PROJ: proj_identify: P:\corp\central_clones\python_geopandas\Lib\site-packages\fiona\proj_data\proj.db contains DATABASE.LAYOUT.VERSION.MINOR = 2 whereas a number >= 3 is expected. It comes from another PROJ installation.
2025-07-16 10:31:36,487 - fiona.ogrext - DEBUG - OLC_FASTSETNEXTBYINDEX: 1
2025-07-16 10:31:36,487 - fiona.ogrext - DEBUG - OLC_FASTFEATURECOUNT: 1
2025-07-16 10:31:36,487 - fiona.ogrext - DEBUG - Next index: 0
2025-07-16 10:31:36,521 - fiona.collection - DEBUG - Flushed buffer
2025-07-16 10:31:36,523 - fiona.collection - DEBUG - Stopped session
2025-07-16 10:31:36,623 - HTMLGenerator - INFO - [TIMER] Finished: Acquire geodataframe for FTEN_Free_Use_Permits in 8.65 sec | Mem: 1030.42 MB (+0.12 MB) | CPU: 0.00%
2025-07-16 10:31:36,624 - HTMLGenerator - INFO - [TIMER] Starting: Acquire geodataframe for FTEN_Map_Notation_Lines
2025-07-16 10:31:36,647 - fiona._env - DEBUG - GDAL_DATA found in environment.
2025-07-16 10:31:36,648 - fiona._env - DEBUG - PROJ data found in package: path='P:\\corp\\central_clones\\python_geopandas\\Lib\\site-packages\\fiona\\proj_data'.
2025-07-16 10:31:38,437 - fiona._env - WARNING - PROJ: proj_identify: P:\corp\central_clones\python_geopandas\Lib\site-packages\fiona\proj_data\proj.db contains DATABASE.LAYOUT.VERSION.MINOR = 2 whereas a number >= 3 is expected. It comes from another PROJ installation.
2025-07-16 10:31:44,054 - fiona._env - WARNING - PROJ: proj_identify: P:\corp\central_clones\python_geopandas\Lib\site-packages\fiona\proj_data\proj.db contains DATABASE.LAYOUT.VERSION.MINOR = 2 whereas a number >= 3 is expected. It comes from another PROJ installation.
2025-07-16 10:31:44,264 - fiona._env - WARNING - PROJ: proj_identify: P:\corp\central_clones\python_geopandas\Lib\site-packages\fiona\proj_data\proj.db contains DATABASE.LAYOUT.VERSION.MINOR = 2 whereas a number >= 3 is expected. It comes from another PROJ installation.
2025-07-16 10:31:44,991 - fiona._env - DEBUG - GDAL_DATA found in environment.
2025-07-16 10:31:44,992 - fiona._env - DEBUG - PROJ data found in package: path='P:\\corp\\central_clones\\python_geopandas\\Lib\\site-packages\\fiona\\proj_data'.
2025-07-16 10:31:44,993 - fiona.ogrext - DEBUG - Got coordinate system
2025-07-16 10:31:45,004 - fiona.ogrext - DEBUG - Got coordinate system
2025-07-16 10:31:45,028 - fiona._env - WARNING - PROJ: proj_identify: P:\corp\central_clones\python_geopandas\Lib\site-packages\fiona\proj_data\proj.db contains DATABASE.LAYOUT.VERSION.MINOR = 2 whereas a number >= 3 is expected. It comes from another PROJ installation.
2025-07-16 10:31:45,028 - fiona.ogrext - DEBUG - OLC_FASTSETNEXTBYINDEX: 1
2025-07-16 10:31:45,028 - fiona.ogrext - DEBUG - OLC_FASTFEATURECOUNT: 1
2025-07-16 10:31:45,029 - fiona.ogrext - DEBUG - Next index: 0
2025-07-16 10:31:45,062 - fiona.collection - DEBUG - Flushed buffer
2025-07-16 10:31:45,065 - fiona.collection - DEBUG - Stopped session
2025-07-16 10:31:45,165 - HTMLGenerator - INFO - [TIMER] Finished: Acquire geodataframe for FTEN_Map_Notation_Lines in 8.44 sec | Mem: 1030.53 MB (+0.11 MB) | CPU: 0.00%
2025-07-16 10:31:45,166 - HTMLGenerator - INFO - [TIMER] Starting: Acquire geodataframe for FTEN_Map_Notation_Polys
2025-07-16 10:31:45,190 - fiona._env - DEBUG - GDAL_DATA found in environment.
2025-07-16 10:31:45,191 - fiona._env - DEBUG - PROJ data found in package: path='P:\\corp\\central_clones\\python_geopandas\\Lib\\site-packages\\fiona\\proj_data'.
2025-07-16 10:31:46,733 - fiona._env - WARNING - PROJ: proj_identify: P:\corp\central_clones\python_geopandas\Lib\site-packages\fiona\proj_data\proj.db contains DATABASE.LAYOUT.VERSION.MINOR = 2 whereas a number >= 3 is expected. It comes from another PROJ installation.
2025-07-16 10:31:52,372 - fiona._env - WARNING - PROJ: proj_identify: P:\corp\central_clones\python_geopandas\Lib\site-packages\fiona\proj_data\proj.db contains DATABASE.LAYOUT.VERSION.MINOR = 2 whereas a number >= 3 is expected. It comes from another PROJ installation.
2025-07-16 10:31:52,578 - fiona._env - WARNING - PROJ: proj_identify: P:\corp\central_clones\python_geopandas\Lib\site-packages\fiona\proj_data\proj.db contains DATABASE.LAYOUT.VERSION.MINOR = 2 whereas a number >= 3 is expected. It comes from another PROJ installation.
2025-07-16 10:31:53,312 - fiona._env - DEBUG - GDAL_DATA found in environment.
2025-07-16 10:31:53,314 - fiona._env - DEBUG - PROJ data found in package: path='P:\\corp\\central_clones\\python_geopandas\\Lib\\site-packages\\fiona\\proj_data'.
2025-07-16 10:31:53,314 - fiona.ogrext - DEBUG - Got coordinate system
2025-07-16 10:31:53,326 - fiona.ogrext - DEBUG - Got coordinate system
2025-07-16 10:31:53,348 - fiona._env - WARNING - PROJ: proj_identify: P:\corp\central_clones\python_geopandas\Lib\site-packages\fiona\proj_data\proj.db contains DATABASE.LAYOUT.VERSION.MINOR = 2 whereas a number >= 3 is expected. It comes from another PROJ installation.
2025-07-16 10:31:53,349 - fiona.ogrext - DEBUG - OLC_FASTSETNEXTBYINDEX: 1
2025-07-16 10:31:53,349 - fiona.ogrext - DEBUG - OLC_FASTFEATURECOUNT: 1
2025-07-16 10:31:53,349 - fiona.ogrext - DEBUG - Next index: 0
2025-07-16 10:31:53,384 - fiona.collection - DEBUG - Flushed buffer
2025-07-16 10:31:53,386 - fiona.collection - DEBUG - Stopped session
2025-07-16 10:31:53,486 - HTMLGenerator - INFO - [TIMER] Finished: Acquire geodataframe for FTEN_Map_Notation_Polys in 8.22 sec | Mem: 1030.53 MB (+0.00 MB) | CPU: 0.00%
2025-07-16 10:31:53,487 - HTMLGenerator - INFO - [TIMER] Starting: Acquire geodataframe for FTEN_Map_Notation_Points
2025-07-16 10:31:53,509 - fiona._env - DEBUG - GDAL_DATA found in environment.
2025-07-16 10:31:53,510 - fiona._env - DEBUG - PROJ data found in package: path='P:\\corp\\central_clones\\python_geopandas\\Lib\\site-packages\\fiona\\proj_data'.
2025-07-16 10:31:55,371 - fiona._env - WARNING - PROJ: proj_identify: P:\corp\central_clones\python_geopandas\Lib\site-packages\fiona\proj_data\proj.db contains DATABASE.LAYOUT.VERSION.MINOR = 2 whereas a number >= 3 is expected. It comes from another PROJ installation.
2025-07-16 10:32:01,319 - fiona._env - WARNING - PROJ: proj_identify: P:\corp\central_clones\python_geopandas\Lib\site-packages\fiona\proj_data\proj.db contains DATABASE.LAYOUT.VERSION.MINOR = 2 whereas a number >= 3 is expected. It comes from another PROJ installation.
2025-07-16 10:32:01,548 - fiona._env - WARNING - PROJ: proj_identify: P:\corp\central_clones\python_geopandas\Lib\site-packages\fiona\proj_data\proj.db contains DATABASE.LAYOUT.VERSION.MINOR = 2 whereas a number >= 3 is expected. It comes from another PROJ installation.
2025-07-16 10:32:02,287 - fiona._env - DEBUG - GDAL_DATA found in environment.
2025-07-16 10:32:02,289 - fiona._env - DEBUG - PROJ data found in package: path='P:\\corp\\central_clones\\python_geopandas\\Lib\\site-packages\\fiona\\proj_data'.
2025-07-16 10:32:02,289 - fiona.ogrext - DEBUG - Got coordinate system
2025-07-16 10:32:02,301 - fiona.ogrext - DEBUG - Got coordinate system
2025-07-16 10:32:02,323 - fiona._env - WARNING - PROJ: proj_identify: P:\corp\central_clones\python_geopandas\Lib\site-packages\fiona\proj_data\proj.db contains DATABASE.LAYOUT.VERSION.MINOR = 2 whereas a number >= 3 is expected. It comes from another PROJ installation.
2025-07-16 10:32:02,323 - fiona.ogrext - DEBUG - OLC_FASTSETNEXTBYINDEX: 1
2025-07-16 10:32:02,323 - fiona.ogrext - DEBUG - OLC_FASTFEATURECOUNT: 1
2025-07-16 10:32:02,323 - fiona.ogrext - DEBUG - Next index: 0
2025-07-16 10:32:02,357 - fiona.collection - DEBUG - Flushed buffer
2025-07-16 10:32:02,359 - fiona.collection - DEBUG - Stopped session
2025-07-16 10:32:02,459 - HTMLGenerator - INFO - [TIMER] Finished: Acquire geodataframe for FTEN_Map_Notation_Points in 8.87 sec | Mem: 1030.53 MB (+0.00 MB) | CPU: 0.00%
2025-07-16 10:32:02,460 - HTMLGenerator - INFO - [TIMER] Starting: Acquire geodataframe for TFL
2025-07-16 10:32:02,482 - fiona._env - DEBUG - GDAL_DATA found in environment.
2025-07-16 10:32:02,483 - fiona._env - DEBUG - PROJ data found in package: path='P:\\corp\\central_clones\\python_geopandas\\Lib\\site-packages\\fiona\\proj_data'.
2025-07-16 10:32:04,595 - fiona._env - WARNING - PROJ: proj_identify: P:\corp\central_clones\python_geopandas\Lib\site-packages\fiona\proj_data\proj.db contains DATABASE.LAYOUT.VERSION.MINOR = 2 whereas a number >= 3 is expected. It comes from another PROJ installation.
2025-07-16 10:32:10,414 - fiona._env - WARNING - PROJ: proj_identify: P:\corp\central_clones\python_geopandas\Lib\site-packages\fiona\proj_data\proj.db contains DATABASE.LAYOUT.VERSION.MINOR = 2 whereas a number >= 3 is expected. It comes from another PROJ installation.
2025-07-16 10:32:10,632 - fiona._env - WARNING - PROJ: proj_identify: P:\corp\central_clones\python_geopandas\Lib\site-packages\fiona\proj_data\proj.db contains DATABASE.LAYOUT.VERSION.MINOR = 2 whereas a number >= 3 is expected. It comes from another PROJ installation.
2025-07-16 10:32:11,350 - fiona._env - DEBUG - GDAL_DATA found in environment.
2025-07-16 10:32:11,351 - fiona._env - DEBUG - PROJ data found in package: path='P:\\corp\\central_clones\\python_geopandas\\Lib\\site-packages\\fiona\\proj_data'.
2025-07-16 10:32:11,352 - fiona.ogrext - DEBUG - Got coordinate system
2025-07-16 10:32:11,364 - fiona.ogrext - DEBUG - Got coordinate system
2025-07-16 10:32:11,388 - fiona._env - WARNING - PROJ: proj_identify: P:\corp\central_clones\python_geopandas\Lib\site-packages\fiona\proj_data\proj.db contains DATABASE.LAYOUT.VERSION.MINOR = 2 whereas a number >= 3 is expected. It comes from another PROJ installation.
2025-07-16 10:32:11,388 - fiona.ogrext - DEBUG - OLC_FASTSETNEXTBYINDEX: 1
2025-07-16 10:32:11,388 - fiona.ogrext - DEBUG - OLC_FASTFEATURECOUNT: 1
2025-07-16 10:32:11,388 - fiona.ogrext - DEBUG - Next index: 0
2025-07-16 10:32:11,424 - fiona.collection - DEBUG - Flushed buffer
2025-07-16 10:32:11,425 - fiona.collection - DEBUG - Stopped session
2025-07-16 10:32:11,526 - HTMLGenerator - INFO - [TIMER] Finished: Acquire geodataframe for TFL in 8.96 sec | Mem: 1030.53 MB (+0.00 MB) | CPU: 0.00%
2025-07-16 10:32:11,527 - HTMLGenerator - INFO - [TIMER] Starting: Acquire geodataframe for TFL_Additions
2025-07-16 10:32:11,550 - fiona._env - DEBUG - GDAL_DATA found in environment.
2025-07-16 10:32:11,551 - fiona._env - DEBUG - PROJ data found in package: path='P:\\corp\\central_clones\\python_geopandas\\Lib\\site-packages\\fiona\\proj_data'.
2025-07-16 10:32:13,103 - fiona._env - WARNING - PROJ: proj_identify: P:\corp\central_clones\python_geopandas\Lib\site-packages\fiona\proj_data\proj.db contains DATABASE.LAYOUT.VERSION.MINOR = 2 whereas a number >= 3 is expected. It comes from another PROJ installation.
2025-07-16 10:32:18,771 - fiona._env - WARNING - PROJ: proj_identify: P:\corp\central_clones\python_geopandas\Lib\site-packages\fiona\proj_data\proj.db contains DATABASE.LAYOUT.VERSION.MINOR = 2 whereas a number >= 3 is expected. It comes from another PROJ installation.
2025-07-16 10:32:18,979 - fiona._env - WARNING - PROJ: proj_identify: P:\corp\central_clones\python_geopandas\Lib\site-packages\fiona\proj_data\proj.db contains DATABASE.LAYOUT.VERSION.MINOR = 2 whereas a number >= 3 is expected. It comes from another PROJ installation.
2025-07-16 10:32:19,692 - fiona._env - DEBUG - GDAL_DATA found in environment.
2025-07-16 10:32:19,693 - fiona._env - DEBUG - PROJ data found in package: path='P:\\corp\\central_clones\\python_geopandas\\Lib\\site-packages\\fiona\\proj_data'.
2025-07-16 10:32:19,694 - fiona.ogrext - DEBUG - Got coordinate system
2025-07-16 10:32:19,705 - fiona.ogrext - DEBUG - Got coordinate system
2025-07-16 10:32:19,728 - fiona._env - WARNING - PROJ: proj_identify: P:\corp\central_clones\python_geopandas\Lib\site-packages\fiona\proj_data\proj.db contains DATABASE.LAYOUT.VERSION.MINOR = 2 whereas a number >= 3 is expected. It comes from another PROJ installation.
2025-07-16 10:32:19,728 - fiona.ogrext - DEBUG - OLC_FASTSETNEXTBYINDEX: 1
2025-07-16 10:32:19,729 - fiona.ogrext - DEBUG - OLC_FASTFEATURECOUNT: 1
2025-07-16 10:32:19,729 - fiona.ogrext - DEBUG - Next index: 0
2025-07-16 10:32:19,764 - fiona.collection - DEBUG - Flushed buffer
2025-07-16 10:32:19,766 - fiona.collection - DEBUG - Stopped session
2025-07-16 10:32:19,867 - HTMLGenerator - INFO - [TIMER] Finished: Acquire geodataframe for TFL_Additions in 8.24 sec | Mem: 1030.64 MB (+0.11 MB) | CPU: 0.00%
2025-07-16 10:32:19,868 - HTMLGenerator - INFO - [TIMER] Starting: Acquire geodataframe for TFL_Deletions
2025-07-16 10:32:19,890 - fiona._env - DEBUG - GDAL_DATA found in environment.
2025-07-16 10:32:19,891 - fiona._env - DEBUG - PROJ data found in package: path='P:\\corp\\central_clones\\python_geopandas\\Lib\\site-packages\\fiona\\proj_data'.
2025-07-16 10:32:21,655 - fiona._env - WARNING - PROJ: proj_identify: P:\corp\central_clones\python_geopandas\Lib\site-packages\fiona\proj_data\proj.db contains DATABASE.LAYOUT.VERSION.MINOR = 2 whereas a number >= 3 is expected. It comes from another PROJ installation.
2025-07-16 10:32:27,535 - fiona._env - WARNING - PROJ: proj_identify: P:\corp\central_clones\python_geopandas\Lib\site-packages\fiona\proj_data\proj.db contains DATABASE.LAYOUT.VERSION.MINOR = 2 whereas a number >= 3 is expected. It comes from another PROJ installation.
2025-07-16 10:32:27,751 - fiona._env - WARNING - PROJ: proj_identify: P:\corp\central_clones\python_geopandas\Lib\site-packages\fiona\proj_data\proj.db contains DATABASE.LAYOUT.VERSION.MINOR = 2 whereas a number >= 3 is expected. It comes from another PROJ installation.
2025-07-16 10:32:28,470 - fiona._env - DEBUG - GDAL_DATA found in environment.
2025-07-16 10:32:28,471 - fiona._env - DEBUG - PROJ data found in package: path='P:\\corp\\central_clones\\python_geopandas\\Lib\\site-packages\\fiona\\proj_data'.
2025-07-16 10:32:28,471 - fiona.ogrext - DEBUG - Got coordinate system
2025-07-16 10:32:28,483 - fiona.ogrext - DEBUG - Got coordinate system
2025-07-16 10:32:28,506 - fiona._env - WARNING - PROJ: proj_identify: P:\corp\central_clones\python_geopandas\Lib\site-packages\fiona\proj_data\proj.db contains DATABASE.LAYOUT.VERSION.MINOR = 2 whereas a number >= 3 is expected. It comes from another PROJ installation.
2025-07-16 10:32:28,506 - fiona.ogrext - DEBUG - OLC_FASTSETNEXTBYINDEX: 1
2025-07-16 10:32:28,507 - fiona.ogrext - DEBUG - OLC_FASTFEATURECOUNT: 1
2025-07-16 10:32:28,507 - fiona.ogrext - DEBUG - Next index: 0
2025-07-16 10:32:28,543 - fiona.collection - DEBUG - Flushed buffer
2025-07-16 10:32:28,544 - fiona.collection - DEBUG - Stopped session
2025-07-16 10:32:28,645 - HTMLGenerator - INFO - [TIMER] Finished: Acquire geodataframe for TFL_Deletions in 8.68 sec | Mem: 1030.65 MB (+0.01 MB) | CPU: 0.00%
2025-07-16 10:32:28,646 - HTMLGenerator - INFO - [TIMER] Starting: Acquire geodataframe for TFL_Schedule_A
2025-07-16 10:32:28,667 - fiona._env - DEBUG - GDAL_DATA found in environment.
2025-07-16 10:32:28,668 - fiona._env - DEBUG - PROJ data found in package: path='P:\\corp\\central_clones\\python_geopandas\\Lib\\site-packages\\fiona\\proj_data'.
2025-07-16 10:32:30,123 - fiona._env - WARNING - PROJ: proj_identify: P:\corp\central_clones\python_geopandas\Lib\site-packages\fiona\proj_data\proj.db contains DATABASE.LAYOUT.VERSION.MINOR = 2 whereas a number >= 3 is expected. It comes from another PROJ installation.
2025-07-16 10:32:35,880 - fiona._env - WARNING - PROJ: proj_identify: P:\corp\central_clones\python_geopandas\Lib\site-packages\fiona\proj_data\proj.db contains DATABASE.LAYOUT.VERSION.MINOR = 2 whereas a number >= 3 is expected. It comes from another PROJ installation.
2025-07-16 10:32:36,102 - fiona._env - WARNING - PROJ: proj_identify: P:\corp\central_clones\python_geopandas\Lib\site-packages\fiona\proj_data\proj.db contains DATABASE.LAYOUT.VERSION.MINOR = 2 whereas a number >= 3 is expected. It comes from another PROJ installation.
2025-07-16 10:32:36,841 - fiona._env - DEBUG - GDAL_DATA found in environment.
2025-07-16 10:32:36,843 - fiona._env - DEBUG - PROJ data found in package: path='P:\\corp\\central_clones\\python_geopandas\\Lib\\site-packages\\fiona\\proj_data'.
2025-07-16 10:32:36,843 - fiona.ogrext - DEBUG - Got coordinate system
2025-07-16 10:32:36,855 - fiona.ogrext - DEBUG - Got coordinate system
2025-07-16 10:32:36,878 - fiona._env - WARNING - PROJ: proj_identify: P:\corp\central_clones\python_geopandas\Lib\site-packages\fiona\proj_data\proj.db contains DATABASE.LAYOUT.VERSION.MINOR = 2 whereas a number >= 3 is expected. It comes from another PROJ installation.
2025-07-16 10:32:36,879 - fiona.ogrext - DEBUG - OLC_FASTSETNEXTBYINDEX: 1
2025-07-16 10:32:36,879 - fiona.ogrext - DEBUG - OLC_FASTFEATURECOUNT: 1
2025-07-16 10:32:36,879 - fiona.ogrext - DEBUG - Next index: 0
2025-07-16 10:32:36,914 - fiona.collection - DEBUG - Flushed buffer
2025-07-16 10:32:36,916 - fiona.collection - DEBUG - Stopped session
2025-07-16 10:32:37,017 - HTMLGenerator - INFO - [TIMER] Finished: Acquire geodataframe for TFL_Schedule_A in 8.27 sec | Mem: 1030.65 MB (+0.00 MB) | CPU: 0.00%
2025-07-16 10:32:37,018 - HTMLGenerator - INFO - [TIMER] Starting: Acquire geodataframe for Research_Plots
2025-07-16 10:32:37,040 - fiona._env - DEBUG - GDAL_DATA found in environment.
2025-07-16 10:32:37,041 - fiona._env - DEBUG - PROJ data found in package: path='P:\\corp\\central_clones\\python_geopandas\\Lib\\site-packages\\fiona\\proj_data'.
2025-07-16 10:32:38,815 - fiona._env - WARNING - PROJ: proj_identify: P:\corp\central_clones\python_geopandas\Lib\site-packages\fiona\proj_data\proj.db contains DATABASE.LAYOUT.VERSION.MINOR = 2 whereas a number >= 3 is expected. It comes from another PROJ installation.
2025-07-16 10:32:44,359 - fiona._env - WARNING - PROJ: proj_identify: P:\corp\central_clones\python_geopandas\Lib\site-packages\fiona\proj_data\proj.db contains DATABASE.LAYOUT.VERSION.MINOR = 2 whereas a number >= 3 is expected. It comes from another PROJ installation.
2025-07-16 10:32:44,577 - fiona._env - WARNING - PROJ: proj_identify: P:\corp\central_clones\python_geopandas\Lib\site-packages\fiona\proj_data\proj.db contains DATABASE.LAYOUT.VERSION.MINOR = 2 whereas a number >= 3 is expected. It comes from another PROJ installation.
2025-07-16 10:32:45,290 - fiona._env - DEBUG - GDAL_DATA found in environment.
2025-07-16 10:32:45,292 - fiona._env - DEBUG - PROJ data found in package: path='P:\\corp\\central_clones\\python_geopandas\\Lib\\site-packages\\fiona\\proj_data'.
2025-07-16 10:32:45,292 - fiona.ogrext - DEBUG - Got coordinate system
2025-07-16 10:32:45,305 - fiona.ogrext - DEBUG - Got coordinate system
2025-07-16 10:32:45,331 - fiona._env - WARNING - PROJ: proj_identify: P:\corp\central_clones\python_geopandas\Lib\site-packages\fiona\proj_data\proj.db contains DATABASE.LAYOUT.VERSION.MINOR = 2 whereas a number >= 3 is expected. It comes from another PROJ installation.
2025-07-16 10:32:45,331 - fiona.ogrext - DEBUG - OLC_FASTSETNEXTBYINDEX: 1
2025-07-16 10:32:45,331 - fiona.ogrext - DEBUG - OLC_FASTFEATURECOUNT: 1
2025-07-16 10:32:45,331 - fiona.ogrext - DEBUG - Next index: 0
2025-07-16 10:32:45,368 - fiona.collection - DEBUG - Flushed buffer
2025-07-16 10:32:45,369 - fiona.collection - DEBUG - Stopped session
2025-07-16 10:32:45,471 - HTMLGenerator - INFO - [TIMER] Finished: Acquire geodataframe for Research_Plots in 8.35 sec | Mem: 1030.65 MB (+0.00 MB) | CPU: 0.00%
2025-07-16 10:32:45,472 - HTMLGenerator - INFO - [TIMER] Starting: Acquire geodataframe for Growth_and_Yield_Plots
2025-07-16 10:32:45,495 - fiona._env - DEBUG - GDAL_DATA found in environment.
2025-07-16 10:32:45,496 - fiona._env - DEBUG - PROJ data found in package: path='P:\\corp\\central_clones\\python_geopandas\\Lib\\site-packages\\fiona\\proj_data'.
2025-07-16 10:32:47,260 - fiona._env - WARNING - PROJ: proj_identify: P:\corp\central_clones\python_geopandas\Lib\site-packages\fiona\proj_data\proj.db contains DATABASE.LAYOUT.VERSION.MINOR = 2 whereas a number >= 3 is expected. It comes from another PROJ installation.
2025-07-16 10:32:52,711 - fiona._env - WARNING - PROJ: proj_identify: P:\corp\central_clones\python_geopandas\Lib\site-packages\fiona\proj_data\proj.db contains DATABASE.LAYOUT.VERSION.MINOR = 2 whereas a number >= 3 is expected. It comes from another PROJ installation.
2025-07-16 10:32:52,928 - fiona._env - WARNING - PROJ: proj_identify: P:\corp\central_clones\python_geopandas\Lib\site-packages\fiona\proj_data\proj.db contains DATABASE.LAYOUT.VERSION.MINOR = 2 whereas a number >= 3 is expected. It comes from another PROJ installation.
2025-07-16 10:32:53,670 - fiona._env - DEBUG - GDAL_DATA found in environment.
2025-07-16 10:32:53,671 - fiona._env - DEBUG - PROJ data found in package: path='P:\\corp\\central_clones\\python_geopandas\\Lib\\site-packages\\fiona\\proj_data'.
2025-07-16 10:32:53,672 - fiona.ogrext - DEBUG - Got coordinate system
2025-07-16 10:32:53,684 - fiona.ogrext - DEBUG - Got coordinate system
2025-07-16 10:32:53,707 - fiona._env - WARNING - PROJ: proj_identify: P:\corp\central_clones\python_geopandas\Lib\site-packages\fiona\proj_data\proj.db contains DATABASE.LAYOUT.VERSION.MINOR = 2 whereas a number >= 3 is expected. It comes from another PROJ installation.
2025-07-16 10:32:53,707 - fiona.ogrext - DEBUG - OLC_FASTSETNEXTBYINDEX: 1
2025-07-16 10:32:53,707 - fiona.ogrext - DEBUG - OLC_FASTFEATURECOUNT: 1
2025-07-16 10:32:53,707 - fiona.ogrext - DEBUG - Next index: 0
2025-07-16 10:32:53,741 - fiona.collection - DEBUG - Flushed buffer
2025-07-16 10:32:53,742 - fiona.collection - DEBUG - Stopped session
2025-07-16 10:32:53,843 - HTMLGenerator - INFO - [TIMER] Finished: Acquire geodataframe for Growth_and_Yield_Plots in 8.27 sec | Mem: 1030.66 MB (+0.01 MB) | CPU: 0.00%
2025-07-16 10:32:53,844 - HTMLGenerator - INFO - [TIMER] Starting: Acquire geodataframe for FTEN_Recreation_Tenure_Polys
2025-07-16 10:32:53,866 - fiona._env - DEBUG - GDAL_DATA found in environment.
2025-07-16 10:32:53,867 - fiona._env - DEBUG - PROJ data found in package: path='P:\\corp\\central_clones\\python_geopandas\\Lib\\site-packages\\fiona\\proj_data'.
2025-07-16 10:32:55,560 - fiona._env - WARNING - PROJ: proj_identify: P:\corp\central_clones\python_geopandas\Lib\site-packages\fiona\proj_data\proj.db contains DATABASE.LAYOUT.VERSION.MINOR = 2 whereas a number >= 3 is expected. It comes from another PROJ installation.
2025-07-16 10:33:03,011 - fiona._env - WARNING - PROJ: proj_identify: P:\corp\central_clones\python_geopandas\Lib\site-packages\fiona\proj_data\proj.db contains DATABASE.LAYOUT.VERSION.MINOR = 2 whereas a number >= 3 is expected. It comes from another PROJ installation.
2025-07-16 10:33:03,334 - fiona._env - WARNING - PROJ: proj_identify: P:\corp\central_clones\python_geopandas\Lib\site-packages\fiona\proj_data\proj.db contains DATABASE.LAYOUT.VERSION.MINOR = 2 whereas a number >= 3 is expected. It comes from another PROJ installation.
2025-07-16 10:33:04,395 - fiona._env - DEBUG - GDAL_DATA found in environment.
2025-07-16 10:33:04,397 - fiona._env - DEBUG - PROJ data found in package: path='P:\\corp\\central_clones\\python_geopandas\\Lib\\site-packages\\fiona\\proj_data'.
2025-07-16 10:33:04,398 - fiona.ogrext - DEBUG - Got coordinate system
2025-07-16 10:33:04,412 - fiona.ogrext - DEBUG - Got coordinate system
2025-07-16 10:33:04,447 - fiona._env - WARNING - PROJ: proj_identify: P:\corp\central_clones\python_geopandas\Lib\site-packages\fiona\proj_data\proj.db contains DATABASE.LAYOUT.VERSION.MINOR = 2 whereas a number >= 3 is expected. It comes from another PROJ installation.
2025-07-16 10:33:04,448 - fiona.ogrext - DEBUG - OLC_FASTSETNEXTBYINDEX: 1
2025-07-16 10:33:04,448 - fiona.ogrext - DEBUG - OLC_FASTFEATURECOUNT: 1
2025-07-16 10:33:04,448 - fiona.ogrext - DEBUG - Next index: 0
2025-07-16 10:33:04,501 - fiona.collection - DEBUG - Flushed buffer
2025-07-16 10:33:04,503 - fiona.collection - DEBUG - Stopped session
2025-07-16 10:33:04,603 - HTMLGenerator - INFO - [TIMER] Finished: Acquire geodataframe for FTEN_Recreation_Tenure_Polys in 10.66 sec | Mem: 1030.66 MB (+0.00 MB) | CPU: 0.00%
2025-07-16 10:33:04,604 - HTMLGenerator - INFO - [TIMER] Starting: Acquire geodataframe for FTEN_Recreation_Tenure_Lines
2025-07-16 10:33:04,633 - fiona._env - DEBUG - GDAL_DATA found in environment.
2025-07-16 10:33:04,635 - fiona._env - DEBUG - PROJ data found in package: path='P:\\corp\\central_clones\\python_geopandas\\Lib\\site-packages\\fiona\\proj_data'.
2025-07-16 10:33:06,481 - fiona._env - WARNING - PROJ: proj_identify: P:\corp\central_clones\python_geopandas\Lib\site-packages\fiona\proj_data\proj.db contains DATABASE.LAYOUT.VERSION.MINOR = 2 whereas a number >= 3 is expected. It comes from another PROJ installation.
2025-07-16 10:33:12,131 - fiona._env - WARNING - PROJ: proj_identify: P:\corp\central_clones\python_geopandas\Lib\site-packages\fiona\proj_data\proj.db contains DATABASE.LAYOUT.VERSION.MINOR = 2 whereas a number >= 3 is expected. It comes from another PROJ installation.
2025-07-16 10:33:12,356 - fiona._env - WARNING - PROJ: proj_identify: P:\corp\central_clones\python_geopandas\Lib\site-packages\fiona\proj_data\proj.db contains DATABASE.LAYOUT.VERSION.MINOR = 2 whereas a number >= 3 is expected. It comes from another PROJ installation.
2025-07-16 10:33:13,136 - fiona._env - DEBUG - GDAL_DATA found in environment.
2025-07-16 10:33:13,137 - fiona._env - DEBUG - PROJ data found in package: path='P:\\corp\\central_clones\\python_geopandas\\Lib\\site-packages\\fiona\\proj_data'.
2025-07-16 10:33:13,138 - fiona.ogrext - DEBUG - Got coordinate system
2025-07-16 10:33:13,150 - fiona.ogrext - DEBUG - Got coordinate system
2025-07-16 10:33:13,175 - fiona._env - WARNING - PROJ: proj_identify: P:\corp\central_clones\python_geopandas\Lib\site-packages\fiona\proj_data\proj.db contains DATABASE.LAYOUT.VERSION.MINOR = 2 whereas a number >= 3 is expected. It comes from another PROJ installation.
2025-07-16 10:33:13,175 - fiona.ogrext - DEBUG - OLC_FASTSETNEXTBYINDEX: 1
2025-07-16 10:33:13,175 - fiona.ogrext - DEBUG - OLC_FASTFEATURECOUNT: 1
2025-07-16 10:33:13,175 - fiona.ogrext - DEBUG - Next index: 0
2025-07-16 10:33:13,210 - fiona.collection - DEBUG - Flushed buffer
2025-07-16 10:33:13,212 - fiona.collection - DEBUG - Stopped session
2025-07-16 10:33:13,312 - HTMLGenerator - INFO - [TIMER] Finished: Acquire geodataframe for FTEN_Recreation_Tenure_Lines in 8.61 sec | Mem: 1030.88 MB (+0.23 MB) | CPU: 0.00%
2025-07-16 10:33:13,313 - HTMLGenerator - INFO - [TIMER] Starting: Acquire geodataframe for Section_58_Recreation_Order_Points
2025-07-16 10:33:13,335 - fiona._env - DEBUG - GDAL_DATA found in environment.
2025-07-16 10:33:13,337 - fiona._env - DEBUG - PROJ data found in package: path='P:\\corp\\central_clones\\python_geopandas\\Lib\\site-packages\\fiona\\proj_data'.
2025-07-16 10:33:15,201 - fiona._env - WARNING - PROJ: proj_identify: P:\corp\central_clones\python_geopandas\Lib\site-packages\fiona\proj_data\proj.db contains DATABASE.LAYOUT.VERSION.MINOR = 2 whereas a number >= 3 is expected. It comes from another PROJ installation.
2025-07-16 10:33:20,872 - fiona._env - WARNING - PROJ: proj_identify: P:\corp\central_clones\python_geopandas\Lib\site-packages\fiona\proj_data\proj.db contains DATABASE.LAYOUT.VERSION.MINOR = 2 whereas a number >= 3 is expected. It comes from another PROJ installation.
2025-07-16 10:33:21,104 - fiona._env - WARNING - PROJ: proj_identify: P:\corp\central_clones\python_geopandas\Lib\site-packages\fiona\proj_data\proj.db contains DATABASE.LAYOUT.VERSION.MINOR = 2 whereas a number >= 3 is expected. It comes from another PROJ installation.
2025-07-16 10:33:21,921 - fiona._env - DEBUG - GDAL_DATA found in environment.
2025-07-16 10:33:21,924 - fiona._env - DEBUG - PROJ data found in package: path='P:\\corp\\central_clones\\python_geopandas\\Lib\\site-packages\\fiona\\proj_data'.
2025-07-16 10:33:21,925 - fiona.ogrext - DEBUG - Got coordinate system
2025-07-16 10:33:21,939 - fiona.ogrext - DEBUG - Got coordinate system
2025-07-16 10:33:21,963 - fiona._env - WARNING - PROJ: proj_identify: P:\corp\central_clones\python_geopandas\Lib\site-packages\fiona\proj_data\proj.db contains DATABASE.LAYOUT.VERSION.MINOR = 2 whereas a number >= 3 is expected. It comes from another PROJ installation.
2025-07-16 10:33:21,964 - fiona.ogrext - DEBUG - OLC_FASTSETNEXTBYINDEX: 1
2025-07-16 10:33:21,964 - fiona.ogrext - DEBUG - OLC_FASTFEATURECOUNT: 1
2025-07-16 10:33:21,964 - fiona.ogrext - DEBUG - Next index: 0
2025-07-16 10:33:21,999 - fiona.collection - DEBUG - Flushed buffer
2025-07-16 10:33:22,001 - fiona.collection - DEBUG - Stopped session
2025-07-16 10:33:22,101 - HTMLGenerator - INFO - [TIMER] Finished: Acquire geodataframe for Section_58_Recreation_Order_Points in 8.69 sec | Mem: 1030.88 MB (-0.00 MB) | CPU: 0.00%
2025-07-16 10:33:22,102 - HTMLGenerator - INFO - [TIMER] Starting: Acquire geodataframe for Section_58_Recreation_Order_Lines
2025-07-16 10:33:22,122 - fiona._env - DEBUG - GDAL_DATA found in environment.
2025-07-16 10:33:22,123 - fiona._env - DEBUG - PROJ data found in package: path='P:\\corp\\central_clones\\python_geopandas\\Lib\\site-packages\\fiona\\proj_data'.
2025-07-16 10:33:23,728 - fiona._env - WARNING - PROJ: proj_identify: P:\corp\central_clones\python_geopandas\Lib\site-packages\fiona\proj_data\proj.db contains DATABASE.LAYOUT.VERSION.MINOR = 2 whereas a number >= 3 is expected. It comes from another PROJ installation.
2025-07-16 10:33:29,154 - fiona._env - WARNING - PROJ: proj_identify: P:\corp\central_clones\python_geopandas\Lib\site-packages\fiona\proj_data\proj.db contains DATABASE.LAYOUT.VERSION.MINOR = 2 whereas a number >= 3 is expected. It comes from another PROJ installation.
2025-07-16 10:33:29,395 - fiona._env - WARNING - PROJ: proj_identify: P:\corp\central_clones\python_geopandas\Lib\site-packages\fiona\proj_data\proj.db contains DATABASE.LAYOUT.VERSION.MINOR = 2 whereas a number >= 3 is expected. It comes from another PROJ installation.
2025-07-16 10:33:30,238 - fiona._env - DEBUG - GDAL_DATA found in environment.
2025-07-16 10:33:30,240 - fiona._env - DEBUG - PROJ data found in package: path='P:\\corp\\central_clones\\python_geopandas\\Lib\\site-packages\\fiona\\proj_data'.
2025-07-16 10:33:30,241 - fiona.ogrext - DEBUG - Got coordinate system
2025-07-16 10:33:30,256 - fiona.ogrext - DEBUG - Got coordinate system
2025-07-16 10:33:30,283 - fiona._env - WARNING - PROJ: proj_identify: P:\corp\central_clones\python_geopandas\Lib\site-packages\fiona\proj_data\proj.db contains DATABASE.LAYOUT.VERSION.MINOR = 2 whereas a number >= 3 is expected. It comes from another PROJ installation.
2025-07-16 10:33:30,284 - fiona.ogrext - DEBUG - OLC_FASTSETNEXTBYINDEX: 1
2025-07-16 10:33:30,284 - fiona.ogrext - DEBUG - OLC_FASTFEATURECOUNT: 1
2025-07-16 10:33:30,284 - fiona.ogrext - DEBUG - Next index: 0
2025-07-16 10:33:30,319 - fiona.collection - DEBUG - Flushed buffer
2025-07-16 10:33:30,321 - fiona.collection - DEBUG - Stopped session
2025-07-16 10:33:30,421 - HTMLGenerator - INFO - [TIMER] Finished: Acquire geodataframe for Section_58_Recreation_Order_Lines in 8.22 sec | Mem: 1030.88 MB (+0.00 MB) | CPU: 0.00%
2025-07-16 10:33:30,422 - HTMLGenerator - INFO - [TIMER] Starting: Acquire geodataframe for Section_58_Recreation_Order_Polygons
2025-07-16 10:33:30,444 - fiona._env - DEBUG - GDAL_DATA found in environment.
2025-07-16 10:33:30,445 - fiona._env - DEBUG - PROJ data found in package: path='P:\\corp\\central_clones\\python_geopandas\\Lib\\site-packages\\fiona\\proj_data'.
2025-07-16 10:33:31,959 - fiona._env - WARNING - PROJ: proj_identify: P:\corp\central_clones\python_geopandas\Lib\site-packages\fiona\proj_data\proj.db contains DATABASE.LAYOUT.VERSION.MINOR = 2 whereas a number >= 3 is expected. It comes from another PROJ installation.
2025-07-16 10:33:37,649 - fiona._env - WARNING - PROJ: proj_identify: P:\corp\central_clones\python_geopandas\Lib\site-packages\fiona\proj_data\proj.db contains DATABASE.LAYOUT.VERSION.MINOR = 2 whereas a number >= 3 is expected. It comes from another PROJ installation.
2025-07-16 10:33:37,890 - fiona._env - WARNING - PROJ: proj_identify: P:\corp\central_clones\python_geopandas\Lib\site-packages\fiona\proj_data\proj.db contains DATABASE.LAYOUT.VERSION.MINOR = 2 whereas a number >= 3 is expected. It comes from another PROJ installation.
2025-07-16 10:33:38,740 - fiona._env - DEBUG - GDAL_DATA found in environment.
2025-07-16 10:33:38,741 - fiona._env - DEBUG - PROJ data found in package: path='P:\\corp\\central_clones\\python_geopandas\\Lib\\site-packages\\fiona\\proj_data'.
2025-07-16 10:33:38,742 - fiona.ogrext - DEBUG - Got coordinate system
2025-07-16 10:33:38,755 - fiona.ogrext - DEBUG - Got coordinate system
2025-07-16 10:33:38,781 - fiona._env - WARNING - PROJ: proj_identify: P:\corp\central_clones\python_geopandas\Lib\site-packages\fiona\proj_data\proj.db contains DATABASE.LAYOUT.VERSION.MINOR = 2 whereas a number >= 3 is expected. It comes from another PROJ installation.
2025-07-16 10:33:38,781 - fiona.ogrext - DEBUG - OLC_FASTSETNEXTBYINDEX: 1
2025-07-16 10:33:38,781 - fiona.ogrext - DEBUG - OLC_FASTFEATURECOUNT: 1
2025-07-16 10:33:38,781 - fiona.ogrext - DEBUG - Next index: 0
2025-07-16 10:33:38,816 - fiona.collection - DEBUG - Flushed buffer
2025-07-16 10:33:38,818 - fiona.collection - DEBUG - Stopped session
2025-07-16 10:33:38,918 - HTMLGenerator - INFO - [TIMER] Finished: Acquire geodataframe for Section_58_Recreation_Order_Polygons in 8.40 sec | Mem: 1030.88 MB (+0.00 MB) | CPU: 0.00%
2025-07-16 10:33:38,919 - HTMLGenerator - INFO - [TIMER] Starting: Acquire geodataframe for RESULTS_Openings
2025-07-16 10:33:38,942 - fiona._env - DEBUG - GDAL_DATA found in environment.
2025-07-16 10:33:38,944 - fiona._env - DEBUG - PROJ data found in package: path='P:\\corp\\central_clones\\python_geopandas\\Lib\\site-packages\\fiona\\proj_data'.
2025-07-16 10:33:40,436 - fiona._env - WARNING - PROJ: proj_identify: P:\corp\central_clones\python_geopandas\Lib\site-packages\fiona\proj_data\proj.db contains DATABASE.LAYOUT.VERSION.MINOR = 2 whereas a number >= 3 is expected. It comes from another PROJ installation.
2025-07-16 10:33:45,997 - fiona._env - WARNING - PROJ: proj_identify: P:\corp\central_clones\python_geopandas\Lib\site-packages\fiona\proj_data\proj.db contains DATABASE.LAYOUT.VERSION.MINOR = 2 whereas a number >= 3 is expected. It comes from another PROJ installation.
2025-07-16 10:33:46,261 - fiona._env - WARNING - PROJ: proj_identify: P:\corp\central_clones\python_geopandas\Lib\site-packages\fiona\proj_data\proj.db contains DATABASE.LAYOUT.VERSION.MINOR = 2 whereas a number >= 3 is expected. It comes from another PROJ installation.
2025-07-16 10:33:47,066 - fiona._env - DEBUG - GDAL_DATA found in environment.
2025-07-16 10:33:47,067 - fiona._env - DEBUG - PROJ data found in package: path='P:\\corp\\central_clones\\python_geopandas\\Lib\\site-packages\\fiona\\proj_data'.
2025-07-16 10:33:47,067 - fiona.ogrext - DEBUG - Got coordinate system
2025-07-16 10:33:47,078 - fiona.ogrext - DEBUG - Got coordinate system
2025-07-16 10:33:47,102 - fiona._env - WARNING - PROJ: proj_identify: P:\corp\central_clones\python_geopandas\Lib\site-packages\fiona\proj_data\proj.db contains DATABASE.LAYOUT.VERSION.MINOR = 2 whereas a number >= 3 is expected. It comes from another PROJ installation.
2025-07-16 10:33:47,103 - fiona.ogrext - DEBUG - OLC_FASTSETNEXTBYINDEX: 1
2025-07-16 10:33:47,103 - fiona.ogrext - DEBUG - OLC_FASTFEATURECOUNT: 1
2025-07-16 10:33:47,103 - fiona.ogrext - DEBUG - Next index: 0
2025-07-16 10:33:47,148 - fiona.collection - DEBUG - Flushed buffer
2025-07-16 10:33:47,150 - fiona.collection - DEBUG - Stopped session
2025-07-16 10:33:47,250 - HTMLGenerator - INFO - [TIMER] Finished: Acquire geodataframe for RESULTS_Openings in 8.23 sec | Mem: 1030.88 MB (+0.00 MB) | CPU: 0.00%
2025-07-16 10:33:47,251 - HTMLGenerator - INFO - [TIMER] Starting: Acquire geodataframe for RESULTS_Reserves
2025-07-16 10:33:47,273 - fiona._env - DEBUG - GDAL_DATA found in environment.
2025-07-16 10:33:47,274 - fiona._env - DEBUG - PROJ data found in package: path='P:\\corp\\central_clones\\python_geopandas\\Lib\\site-packages\\fiona\\proj_data'.
2025-07-16 10:33:48,791 - fiona._env - WARNING - PROJ: proj_identify: P:\corp\central_clones\python_geopandas\Lib\site-packages\fiona\proj_data\proj.db contains DATABASE.LAYOUT.VERSION.MINOR = 2 whereas a number >= 3 is expected. It comes from another PROJ installation.
2025-07-16 10:33:54,180 - fiona._env - WARNING - PROJ: proj_identify: P:\corp\central_clones\python_geopandas\Lib\site-packages\fiona\proj_data\proj.db contains DATABASE.LAYOUT.VERSION.MINOR = 2 whereas a number >= 3 is expected. It comes from another PROJ installation.
2025-07-16 10:33:54,425 - fiona._env - WARNING - PROJ: proj_identify: P:\corp\central_clones\python_geopandas\Lib\site-packages\fiona\proj_data\proj.db contains DATABASE.LAYOUT.VERSION.MINOR = 2 whereas a number >= 3 is expected. It comes from another PROJ installation.
2025-07-16 10:33:55,220 - fiona._env - DEBUG - GDAL_DATA found in environment.
2025-07-16 10:33:55,221 - fiona._env - DEBUG - PROJ data found in package: path='P:\\corp\\central_clones\\python_geopandas\\Lib\\site-packages\\fiona\\proj_data'.
2025-07-16 10:33:55,222 - fiona.ogrext - DEBUG - Got coordinate system
2025-07-16 10:33:55,236 - fiona.ogrext - DEBUG - Got coordinate system
2025-07-16 10:33:55,264 - fiona._env - WARNING - PROJ: proj_identify: P:\corp\central_clones\python_geopandas\Lib\site-packages\fiona\proj_data\proj.db contains DATABASE.LAYOUT.VERSION.MINOR = 2 whereas a number >= 3 is expected. It comes from another PROJ installation.
2025-07-16 10:33:55,265 - fiona.ogrext - DEBUG - OLC_FASTSETNEXTBYINDEX: 1
2025-07-16 10:33:55,265 - fiona.ogrext - DEBUG - OLC_FASTFEATURECOUNT: 1
2025-07-16 10:33:55,265 - fiona.ogrext - DEBUG - Next index: 0
2025-07-16 10:33:55,298 - fiona.collection - DEBUG - Flushed buffer
2025-07-16 10:33:55,300 - fiona.collection - DEBUG - Stopped session
2025-07-16 10:33:55,401 - HTMLGenerator - INFO - [TIMER] Finished: Acquire geodataframe for RESULTS_Reserves in 8.05 sec | Mem: 1031.11 MB (+0.23 MB) | CPU: 0.00%
2025-07-16 10:33:55,402 - HTMLGenerator - INFO - [TIMER] Starting: Acquire geodataframe for Climate_Stations
2025-07-16 10:33:55,424 - fiona._env - DEBUG - GDAL_DATA found in environment.
2025-07-16 10:33:55,425 - fiona._env - DEBUG - PROJ data found in package: path='P:\\corp\\central_clones\\python_geopandas\\Lib\\site-packages\\fiona\\proj_data'.
2025-07-16 10:33:57,252 - fiona._env - WARNING - PROJ: proj_identify: P:\corp\central_clones\python_geopandas\Lib\site-packages\fiona\proj_data\proj.db contains DATABASE.LAYOUT.VERSION.MINOR = 2 whereas a number >= 3 is expected. It comes from another PROJ installation.
2025-07-16 10:34:02,731 - fiona._env - WARNING - PROJ: proj_identify: P:\corp\central_clones\python_geopandas\Lib\site-packages\fiona\proj_data\proj.db contains DATABASE.LAYOUT.VERSION.MINOR = 2 whereas a number >= 3 is expected. It comes from another PROJ installation.
2025-07-16 10:34:02,943 - fiona._env - WARNING - PROJ: proj_identify: P:\corp\central_clones\python_geopandas\Lib\site-packages\fiona\proj_data\proj.db contains DATABASE.LAYOUT.VERSION.MINOR = 2 whereas a number >= 3 is expected. It comes from another PROJ installation.
2025-07-16 10:34:03,715 - fiona._env - DEBUG - GDAL_DATA found in environment.
2025-07-16 10:34:03,716 - fiona._env - DEBUG - PROJ data found in package: path='P:\\corp\\central_clones\\python_geopandas\\Lib\\site-packages\\fiona\\proj_data'.
2025-07-16 10:34:03,716 - fiona.ogrext - DEBUG - Got coordinate system
2025-07-16 10:34:03,730 - fiona.ogrext - DEBUG - Got coordinate system
2025-07-16 10:34:03,754 - fiona._env - WARNING - PROJ: proj_identify: P:\corp\central_clones\python_geopandas\Lib\site-packages\fiona\proj_data\proj.db contains DATABASE.LAYOUT.VERSION.MINOR = 2 whereas a number >= 3 is expected. It comes from another PROJ installation.
2025-07-16 10:34:03,754 - fiona.ogrext - DEBUG - OLC_FASTSETNEXTBYINDEX: 1
2025-07-16 10:34:03,754 - fiona.ogrext - DEBUG - OLC_FASTFEATURECOUNT: 1
2025-07-16 10:34:03,754 - fiona.ogrext - DEBUG - Next index: 0
2025-07-16 10:34:03,788 - fiona.collection - DEBUG - Flushed buffer
2025-07-16 10:34:03,789 - fiona.collection - DEBUG - Stopped session
2025-07-16 10:34:03,890 - HTMLGenerator - INFO - [TIMER] Finished: Acquire geodataframe for Climate_Stations in 8.39 sec | Mem: 1031.11 MB (-0.00 MB) | CPU: 0.00%
2025-07-16 10:34:03,892 - HTMLGenerator - INFO - [TIMER] Starting: Acquire geodataframe for Hydrometric_Stations
2025-07-16 10:34:03,977 - fiona._env - DEBUG - GDAL_DATA found in environment.
2025-07-16 10:34:03,978 - fiona._env - DEBUG - PROJ data found in package: path='P:\\corp\\central_clones\\python_geopandas\\Lib\\site-packages\\fiona\\proj_data'.
2025-07-16 10:34:05,509 - fiona._env - WARNING - PROJ: proj_identify: P:\corp\central_clones\python_geopandas\Lib\site-packages\fiona\proj_data\proj.db contains DATABASE.LAYOUT.VERSION.MINOR = 2 whereas a number >= 3 is expected. It comes from another PROJ installation.
2025-07-16 10:34:11,107 - fiona._env - WARNING - PROJ: proj_identify: P:\corp\central_clones\python_geopandas\Lib\site-packages\fiona\proj_data\proj.db contains DATABASE.LAYOUT.VERSION.MINOR = 2 whereas a number >= 3 is expected. It comes from another PROJ installation.
2025-07-16 10:34:11,329 - fiona._env - WARNING - PROJ: proj_identify: P:\corp\central_clones\python_geopandas\Lib\site-packages\fiona\proj_data\proj.db contains DATABASE.LAYOUT.VERSION.MINOR = 2 whereas a number >= 3 is expected. It comes from another PROJ installation.
2025-07-16 10:34:12,150 - fiona._env - DEBUG - GDAL_DATA found in environment.
2025-07-16 10:34:12,152 - fiona._env - DEBUG - PROJ data found in package: path='P:\\corp\\central_clones\\python_geopandas\\Lib\\site-packages\\fiona\\proj_data'.
2025-07-16 10:34:12,152 - fiona.ogrext - DEBUG - Got coordinate system
2025-07-16 10:34:12,166 - fiona.ogrext - DEBUG - Got coordinate system
2025-07-16 10:34:12,197 - fiona._env - WARNING - PROJ: proj_identify: P:\corp\central_clones\python_geopandas\Lib\site-packages\fiona\proj_data\proj.db contains DATABASE.LAYOUT.VERSION.MINOR = 2 whereas a number >= 3 is expected. It comes from another PROJ installation.
2025-07-16 10:34:12,197 - fiona.ogrext - DEBUG - OLC_FASTSETNEXTBYINDEX: 1
2025-07-16 10:34:12,197 - fiona.ogrext - DEBUG - OLC_FASTFEATURECOUNT: 1
2025-07-16 10:34:12,197 - fiona.ogrext - DEBUG - Next index: 0
2025-07-16 10:34:12,232 - fiona.collection - DEBUG - Flushed buffer
2025-07-16 10:34:12,234 - fiona.collection - DEBUG - Stopped session
2025-07-16 10:34:12,334 - HTMLGenerator - INFO - [TIMER] Finished: Acquire geodataframe for Hydrometric_Stations in 8.28 sec | Mem: 1031.11 MB (-0.00 MB) | CPU: 0.00%
2025-07-16 10:34:12,335 - HTMLGenerator - INFO - [TIMER] Starting: Acquire geodataframe for Streams_with_Water_Allocation_Notations
2025-07-16 10:34:12,357 - fiona._env - DEBUG - GDAL_DATA found in environment.
2025-07-16 10:34:12,360 - fiona._env - DEBUG - PROJ data found in package: path='P:\\corp\\central_clones\\python_geopandas\\Lib\\site-packages\\fiona\\proj_data'.
2025-07-16 10:34:13,958 - fiona._env - WARNING - PROJ: proj_identify: P:\corp\central_clones\python_geopandas\Lib\site-packages\fiona\proj_data\proj.db contains DATABASE.LAYOUT.VERSION.MINOR = 2 whereas a number >= 3 is expected. It comes from another PROJ installation.
2025-07-16 10:34:19,789 - fiona._env - WARNING - PROJ: proj_identify: P:\corp\central_clones\python_geopandas\Lib\site-packages\fiona\proj_data\proj.db contains DATABASE.LAYOUT.VERSION.MINOR = 2 whereas a number >= 3 is expected. It comes from another PROJ installation.
2025-07-16 10:34:20,005 - fiona._env - WARNING - PROJ: proj_identify: P:\corp\central_clones\python_geopandas\Lib\site-packages\fiona\proj_data\proj.db contains DATABASE.LAYOUT.VERSION.MINOR = 2 whereas a number >= 3 is expected. It comes from another PROJ installation.
2025-07-16 10:34:20,771 - fiona._env - DEBUG - GDAL_DATA found in environment.
2025-07-16 10:34:20,772 - fiona._env - DEBUG - PROJ data found in package: path='P:\\corp\\central_clones\\python_geopandas\\Lib\\site-packages\\fiona\\proj_data'.
2025-07-16 10:34:20,773 - fiona.ogrext - DEBUG - Got coordinate system
2025-07-16 10:34:20,786 - fiona.ogrext - DEBUG - Got coordinate system
2025-07-16 10:34:20,813 - fiona._env - WARNING - PROJ: proj_identify: P:\corp\central_clones\python_geopandas\Lib\site-packages\fiona\proj_data\proj.db contains DATABASE.LAYOUT.VERSION.MINOR = 2 whereas a number >= 3 is expected. It comes from another PROJ installation.
2025-07-16 10:34:20,813 - fiona.ogrext - DEBUG - OLC_FASTSETNEXTBYINDEX: 1
2025-07-16 10:34:20,814 - fiona.ogrext - DEBUG - OLC_FASTFEATURECOUNT: 1
2025-07-16 10:34:20,814 - fiona.ogrext - DEBUG - Next index: 0
2025-07-16 10:34:20,847 - fiona.collection - DEBUG - Flushed buffer
2025-07-16 10:34:20,849 - fiona.collection - DEBUG - Stopped session
2025-07-16 10:34:20,949 - HTMLGenerator - INFO - [TIMER] Finished: Acquire geodataframe for Streams_with_Water_Allocation_Notations in 8.51 sec | Mem: 1031.11 MB (+0.00 MB) | CPU: 0.00%
2025-07-16 10:34:20,950 - HTMLGenerator - INFO - [TIMER] Starting: Acquire geodataframe for Aquifers_with_Water_Allocation_Notations
2025-07-16 10:34:20,971 - fiona._env - DEBUG - GDAL_DATA found in environment.
2025-07-16 10:34:20,972 - fiona._env - DEBUG - PROJ data found in package: path='P:\\corp\\central_clones\\python_geopandas\\Lib\\site-packages\\fiona\\proj_data'.
2025-07-16 10:34:22,635 - fiona._env - WARNING - PROJ: proj_identify: P:\corp\central_clones\python_geopandas\Lib\site-packages\fiona\proj_data\proj.db contains DATABASE.LAYOUT.VERSION.MINOR = 2 whereas a number >= 3 is expected. It comes from another PROJ installation.
2025-07-16 10:34:28,756 - fiona._env - WARNING - PROJ: proj_identify: P:\corp\central_clones\python_geopandas\Lib\site-packages\fiona\proj_data\proj.db contains DATABASE.LAYOUT.VERSION.MINOR = 2 whereas a number >= 3 is expected. It comes from another PROJ installation.
2025-07-16 10:34:28,979 - fiona._env - WARNING - PROJ: proj_identify: P:\corp\central_clones\python_geopandas\Lib\site-packages\fiona\proj_data\proj.db contains DATABASE.LAYOUT.VERSION.MINOR = 2 whereas a number >= 3 is expected. It comes from another PROJ installation.
2025-07-16 10:34:29,808 - fiona._env - DEBUG - GDAL_DATA found in environment.
2025-07-16 10:34:29,810 - fiona._env - DEBUG - PROJ data found in package: path='P:\\corp\\central_clones\\python_geopandas\\Lib\\site-packages\\fiona\\proj_data'.
2025-07-16 10:34:29,810 - fiona.ogrext - DEBUG - Got coordinate system
2025-07-16 10:34:29,823 - fiona.ogrext - DEBUG - Got coordinate system
2025-07-16 10:34:29,852 - fiona._env - WARNING - PROJ: proj_identify: P:\corp\central_clones\python_geopandas\Lib\site-packages\fiona\proj_data\proj.db contains DATABASE.LAYOUT.VERSION.MINOR = 2 whereas a number >= 3 is expected. It comes from another PROJ installation.
2025-07-16 10:34:29,852 - fiona.ogrext - DEBUG - OLC_FASTSETNEXTBYINDEX: 1
2025-07-16 10:34:29,852 - fiona.ogrext - DEBUG - OLC_FASTFEATURECOUNT: 1
2025-07-16 10:34:29,853 - fiona.ogrext - DEBUG - Next index: 0
2025-07-16 10:34:29,886 - fiona.collection - DEBUG - Flushed buffer
2025-07-16 10:34:29,887 - fiona.collection - DEBUG - Stopped session
2025-07-16 10:34:29,988 - HTMLGenerator - INFO - [TIMER] Finished: Acquire geodataframe for Aquifers_with_Water_Allocation_Notations in 8.94 sec | Mem: 1031.30 MB (+0.20 MB) | CPU: 0.00%
2025-07-16 10:34:29,989 - HTMLGenerator - INFO - [TIMER] Starting: Acquire geodataframe for Water_Rights_Licences
2025-07-16 10:34:30,011 - fiona._env - DEBUG - GDAL_DATA found in environment.
2025-07-16 10:34:30,012 - fiona._env - DEBUG - PROJ data found in package: path='P:\\corp\\central_clones\\python_geopandas\\Lib\\site-packages\\fiona\\proj_data'.
2025-07-16 10:34:31,514 - fiona._env - WARNING - PROJ: proj_identify: P:\corp\central_clones\python_geopandas\Lib\site-packages\fiona\proj_data\proj.db contains DATABASE.LAYOUT.VERSION.MINOR = 2 whereas a number >= 3 is expected. It comes from another PROJ installation.
2025-07-16 10:34:37,332 - fiona._env - WARNING - PROJ: proj_identify: P:\corp\central_clones\python_geopandas\Lib\site-packages\fiona\proj_data\proj.db contains DATABASE.LAYOUT.VERSION.MINOR = 2 whereas a number >= 3 is expected. It comes from another PROJ installation.
2025-07-16 10:34:37,567 - fiona._env - WARNING - PROJ: proj_identify: P:\corp\central_clones\python_geopandas\Lib\site-packages\fiona\proj_data\proj.db contains DATABASE.LAYOUT.VERSION.MINOR = 2 whereas a number >= 3 is expected. It comes from another PROJ installation.
2025-07-16 10:34:38,319 - fiona._env - DEBUG - GDAL_DATA found in environment.
2025-07-16 10:34:38,320 - fiona._env - DEBUG - PROJ data found in package: path='P:\\corp\\central_clones\\python_geopandas\\Lib\\site-packages\\fiona\\proj_data'.
2025-07-16 10:34:38,321 - fiona.ogrext - DEBUG - Got coordinate system
2025-07-16 10:34:38,334 - fiona.ogrext - DEBUG - Got coordinate system
2025-07-16 10:34:38,360 - fiona._env - WARNING - PROJ: proj_identify: P:\corp\central_clones\python_geopandas\Lib\site-packages\fiona\proj_data\proj.db contains DATABASE.LAYOUT.VERSION.MINOR = 2 whereas a number >= 3 is expected. It comes from another PROJ installation.
2025-07-16 10:34:38,360 - fiona.ogrext - DEBUG - OLC_FASTSETNEXTBYINDEX: 1
2025-07-16 10:34:38,360 - fiona.ogrext - DEBUG - OLC_FASTFEATURECOUNT: 1
2025-07-16 10:34:38,360 - fiona.ogrext - DEBUG - Next index: 0
2025-07-16 10:34:38,396 - fiona.collection - DEBUG - Flushed buffer
2025-07-16 10:34:38,398 - fiona.collection - DEBUG - Stopped session
2025-07-16 10:34:38,498 - HTMLGenerator - INFO - [TIMER] Finished: Acquire geodataframe for Water_Rights_Licences in 8.41 sec | Mem: 1031.31 MB (+0.01 MB) | CPU: 0.00%
2025-07-16 10:34:38,499 - HTMLGenerator - INFO - [TIMER] Starting: Acquire geodataframe for Water_Rights_Applications
2025-07-16 10:34:38,520 - fiona._env - DEBUG - GDAL_DATA found in environment.
2025-07-16 10:34:38,522 - fiona._env - DEBUG - PROJ data found in package: path='P:\\corp\\central_clones\\python_geopandas\\Lib\\site-packages\\fiona\\proj_data'.
2025-07-16 10:34:40,194 - fiona._env - WARNING - PROJ: proj_identify: P:\corp\central_clones\python_geopandas\Lib\site-packages\fiona\proj_data\proj.db contains DATABASE.LAYOUT.VERSION.MINOR = 2 whereas a number >= 3 is expected. It comes from another PROJ installation.
2025-07-16 10:34:45,922 - fiona._env - WARNING - PROJ: proj_identify: P:\corp\central_clones\python_geopandas\Lib\site-packages\fiona\proj_data\proj.db contains DATABASE.LAYOUT.VERSION.MINOR = 2 whereas a number >= 3 is expected. It comes from another PROJ installation.
2025-07-16 10:34:46,177 - fiona._env - WARNING - PROJ: proj_identify: P:\corp\central_clones\python_geopandas\Lib\site-packages\fiona\proj_data\proj.db contains DATABASE.LAYOUT.VERSION.MINOR = 2 whereas a number >= 3 is expected. It comes from another PROJ installation.
2025-07-16 10:34:46,935 - fiona._env - DEBUG - GDAL_DATA found in environment.
2025-07-16 10:34:46,937 - fiona._env - DEBUG - PROJ data found in package: path='P:\\corp\\central_clones\\python_geopandas\\Lib\\site-packages\\fiona\\proj_data'.
2025-07-16 10:34:46,937 - fiona.ogrext - DEBUG - Got coordinate system
2025-07-16 10:34:46,949 - fiona.ogrext - DEBUG - Got coordinate system
2025-07-16 10:34:46,973 - fiona._env - WARNING - PROJ: proj_identify: P:\corp\central_clones\python_geopandas\Lib\site-packages\fiona\proj_data\proj.db contains DATABASE.LAYOUT.VERSION.MINOR = 2 whereas a number >= 3 is expected. It comes from another PROJ installation.
2025-07-16 10:34:46,974 - fiona.ogrext - DEBUG - OLC_FASTSETNEXTBYINDEX: 1
2025-07-16 10:34:46,974 - fiona.ogrext - DEBUG - OLC_FASTFEATURECOUNT: 1
2025-07-16 10:34:46,974 - fiona.ogrext - DEBUG - Next index: 0
2025-07-16 10:34:47,007 - fiona.collection - DEBUG - Flushed buffer
2025-07-16 10:34:47,009 - fiona.collection - DEBUG - Stopped session
2025-07-16 10:34:47,109 - HTMLGenerator - INFO - [TIMER] Finished: Acquire geodataframe for Water_Rights_Applications in 8.51 sec | Mem: 1031.31 MB (+0.00 MB) | CPU: 0.00%
2025-07-16 10:34:47,110 - HTMLGenerator - INFO - [TIMER] Starting: Acquire geodataframe for Water_Licenced_Work_Linear_Features_within_50m
2025-07-16 10:34:47,133 - fiona._env - DEBUG - GDAL_DATA found in environment.
2025-07-16 10:34:47,134 - fiona._env - DEBUG - PROJ data found in package: path='P:\\corp\\central_clones\\python_geopandas\\Lib\\site-packages\\fiona\\proj_data'.
2025-07-16 10:34:48,874 - fiona._env - WARNING - PROJ: proj_identify: P:\corp\central_clones\python_geopandas\Lib\site-packages\fiona\proj_data\proj.db contains DATABASE.LAYOUT.VERSION.MINOR = 2 whereas a number >= 3 is expected. It comes from another PROJ installation.
2025-07-16 10:34:54,545 - fiona._env - WARNING - PROJ: proj_identify: P:\corp\central_clones\python_geopandas\Lib\site-packages\fiona\proj_data\proj.db contains DATABASE.LAYOUT.VERSION.MINOR = 2 whereas a number >= 3 is expected. It comes from another PROJ installation.
2025-07-16 10:34:54,752 - fiona._env - WARNING - PROJ: proj_identify: P:\corp\central_clones\python_geopandas\Lib\site-packages\fiona\proj_data\proj.db contains DATABASE.LAYOUT.VERSION.MINOR = 2 whereas a number >= 3 is expected. It comes from another PROJ installation.
2025-07-16 10:34:55,499 - fiona._env - DEBUG - GDAL_DATA found in environment.
2025-07-16 10:34:55,500 - fiona._env - DEBUG - PROJ data found in package: path='P:\\corp\\central_clones\\python_geopandas\\Lib\\site-packages\\fiona\\proj_data'.
2025-07-16 10:34:55,500 - fiona.ogrext - DEBUG - Got coordinate system
2025-07-16 10:34:55,515 - fiona.ogrext - DEBUG - Got coordinate system
2025-07-16 10:34:55,540 - fiona._env - WARNING - PROJ: proj_identify: P:\corp\central_clones\python_geopandas\Lib\site-packages\fiona\proj_data\proj.db contains DATABASE.LAYOUT.VERSION.MINOR = 2 whereas a number >= 3 is expected. It comes from another PROJ installation.
2025-07-16 10:34:55,540 - fiona.ogrext - DEBUG - OLC_FASTSETNEXTBYINDEX: 1
2025-07-16 10:34:55,540 - fiona.ogrext - DEBUG - OLC_FASTFEATURECOUNT: 1
2025-07-16 10:34:55,541 - fiona.ogrext - DEBUG - Next index: 0
2025-07-16 10:34:55,575 - fiona.collection - DEBUG - Flushed buffer
2025-07-16 10:34:55,576 - fiona.collection - DEBUG - Stopped session
2025-07-16 10:34:55,677 - HTMLGenerator - INFO - [TIMER] Finished: Acquire geodataframe for Water_Licenced_Work_Linear_Features_within_50m in 8.47 sec | Mem: 1031.43 MB (+0.11 MB) | CPU: 0.00%
2025-07-16 10:34:55,678 - HTMLGenerator - INFO - [TIMER] Starting: Acquire geodataframe for Water_Licenced_Work_Point_Features_within_50m
2025-07-16 10:34:55,700 - fiona._env - DEBUG - GDAL_DATA found in environment.
2025-07-16 10:34:55,702 - fiona._env - DEBUG - PROJ data found in package: path='P:\\corp\\central_clones\\python_geopandas\\Lib\\site-packages\\fiona\\proj_data'.
2025-07-16 10:34:57,204 - fiona._env - WARNING - PROJ: proj_identify: P:\corp\central_clones\python_geopandas\Lib\site-packages\fiona\proj_data\proj.db contains DATABASE.LAYOUT.VERSION.MINOR = 2 whereas a number >= 3 is expected. It comes from another PROJ installation.
2025-07-16 10:35:02,911 - fiona._env - WARNING - PROJ: proj_identify: P:\corp\central_clones\python_geopandas\Lib\site-packages\fiona\proj_data\proj.db contains DATABASE.LAYOUT.VERSION.MINOR = 2 whereas a number >= 3 is expected. It comes from another PROJ installation.
2025-07-16 10:35:03,132 - fiona._env - WARNING - PROJ: proj_identify: P:\corp\central_clones\python_geopandas\Lib\site-packages\fiona\proj_data\proj.db contains DATABASE.LAYOUT.VERSION.MINOR = 2 whereas a number >= 3 is expected. It comes from another PROJ installation.
2025-07-16 10:35:03,997 - fiona._env - DEBUG - GDAL_DATA found in environment.
2025-07-16 10:35:03,998 - fiona._env - DEBUG - PROJ data found in package: path='P:\\corp\\central_clones\\python_geopandas\\Lib\\site-packages\\fiona\\proj_data'.
2025-07-16 10:35:03,998 - fiona.ogrext - DEBUG - Got coordinate system
2025-07-16 10:35:04,011 - fiona.ogrext - DEBUG - Got coordinate system
2025-07-16 10:35:04,038 - fiona._env - WARNING - PROJ: proj_identify: P:\corp\central_clones\python_geopandas\Lib\site-packages\fiona\proj_data\proj.db contains DATABASE.LAYOUT.VERSION.MINOR = 2 whereas a number >= 3 is expected. It comes from another PROJ installation.
2025-07-16 10:35:04,039 - fiona.ogrext - DEBUG - OLC_FASTSETNEXTBYINDEX: 1
2025-07-16 10:35:04,039 - fiona.ogrext - DEBUG - OLC_FASTFEATURECOUNT: 1
2025-07-16 10:35:04,039 - fiona.ogrext - DEBUG - Next index: 0
2025-07-16 10:35:04,072 - fiona.collection - DEBUG - Flushed buffer
2025-07-16 10:35:04,074 - fiona.collection - DEBUG - Stopped session
2025-07-16 10:35:04,174 - HTMLGenerator - INFO - [TIMER] Finished: Acquire geodataframe for Water_Licenced_Work_Point_Features_within_50m in 8.40 sec | Mem: 1031.43 MB (+0.00 MB) | CPU: 0.00%
2025-07-16 10:35:04,175 - HTMLGenerator - INFO - [TIMER] Starting: Acquire geodataframe for Land_Parcels_with_Water_Licences
2025-07-16 10:35:04,197 - fiona._env - DEBUG - GDAL_DATA found in environment.
2025-07-16 10:35:04,198 - fiona._env - DEBUG - PROJ data found in package: path='P:\\corp\\central_clones\\python_geopandas\\Lib\\site-packages\\fiona\\proj_data'.
2025-07-16 10:35:05,858 - fiona._env - WARNING - PROJ: proj_identify: P:\corp\central_clones\python_geopandas\Lib\site-packages\fiona\proj_data\proj.db contains DATABASE.LAYOUT.VERSION.MINOR = 2 whereas a number >= 3 is expected. It comes from another PROJ installation.
2025-07-16 10:35:11,447 - fiona._env - WARNING - PROJ: proj_identify: P:\corp\central_clones\python_geopandas\Lib\site-packages\fiona\proj_data\proj.db contains DATABASE.LAYOUT.VERSION.MINOR = 2 whereas a number >= 3 is expected. It comes from another PROJ installation.
2025-07-16 10:35:11,687 - fiona._env - WARNING - PROJ: proj_identify: P:\corp\central_clones\python_geopandas\Lib\site-packages\fiona\proj_data\proj.db contains DATABASE.LAYOUT.VERSION.MINOR = 2 whereas a number >= 3 is expected. It comes from another PROJ installation.
2025-07-16 10:35:12,533 - fiona._env - DEBUG - GDAL_DATA found in environment.
2025-07-16 10:35:12,534 - fiona._env - DEBUG - PROJ data found in package: path='P:\\corp\\central_clones\\python_geopandas\\Lib\\site-packages\\fiona\\proj_data'.
2025-07-16 10:35:12,535 - fiona.ogrext - DEBUG - Got coordinate system
2025-07-16 10:35:12,548 - fiona.ogrext - DEBUG - Got coordinate system
2025-07-16 10:35:12,574 - fiona._env - WARNING - PROJ: proj_identify: P:\corp\central_clones\python_geopandas\Lib\site-packages\fiona\proj_data\proj.db contains DATABASE.LAYOUT.VERSION.MINOR = 2 whereas a number >= 3 is expected. It comes from another PROJ installation.
2025-07-16 10:35:12,574 - fiona.ogrext - DEBUG - OLC_FASTSETNEXTBYINDEX: 1
2025-07-16 10:35:12,574 - fiona.ogrext - DEBUG - OLC_FASTFEATURECOUNT: 1
2025-07-16 10:35:12,574 - fiona.ogrext - DEBUG - Next index: 0
2025-07-16 10:35:12,607 - fiona.collection - DEBUG - Flushed buffer
2025-07-16 10:35:12,609 - fiona.collection - DEBUG - Stopped session
2025-07-16 10:35:12,710 - HTMLGenerator - INFO - [TIMER] Finished: Acquire geodataframe for Land_Parcels_with_Water_Licences in 8.43 sec | Mem: 1031.43 MB (-0.00 MB) | CPU: 0.00%
2025-07-16 10:35:12,711 - HTMLGenerator - INFO - [TIMER] Starting: Acquire geodataframe for Water_Approvals
2025-07-16 10:35:12,733 - fiona._env - DEBUG - GDAL_DATA found in environment.
2025-07-16 10:35:12,734 - fiona._env - DEBUG - PROJ data found in package: path='P:\\corp\\central_clones\\python_geopandas\\Lib\\site-packages\\fiona\\proj_data'.
2025-07-16 10:35:14,199 - fiona._env - WARNING - PROJ: proj_identify: P:\corp\central_clones\python_geopandas\Lib\site-packages\fiona\proj_data\proj.db contains DATABASE.LAYOUT.VERSION.MINOR = 2 whereas a number >= 3 is expected. It comes from another PROJ installation.
2025-07-16 10:35:19,769 - fiona._env - WARNING - PROJ: proj_identify: P:\corp\central_clones\python_geopandas\Lib\site-packages\fiona\proj_data\proj.db contains DATABASE.LAYOUT.VERSION.MINOR = 2 whereas a number >= 3 is expected. It comes from another PROJ installation.
2025-07-16 10:35:20,002 - fiona._env - WARNING - PROJ: proj_identify: P:\corp\central_clones\python_geopandas\Lib\site-packages\fiona\proj_data\proj.db contains DATABASE.LAYOUT.VERSION.MINOR = 2 whereas a number >= 3 is expected. It comes from another PROJ installation.
2025-07-16 10:35:20,791 - fiona._env - DEBUG - GDAL_DATA found in environment.
2025-07-16 10:35:20,793 - fiona._env - DEBUG - PROJ data found in package: path='P:\\corp\\central_clones\\python_geopandas\\Lib\\site-packages\\fiona\\proj_data'.
2025-07-16 10:35:20,794 - fiona.ogrext - DEBUG - Got coordinate system
2025-07-16 10:35:20,806 - fiona.ogrext - DEBUG - Got coordinate system
2025-07-16 10:35:20,831 - fiona._env - WARNING - PROJ: proj_identify: P:\corp\central_clones\python_geopandas\Lib\site-packages\fiona\proj_data\proj.db contains DATABASE.LAYOUT.VERSION.MINOR = 2 whereas a number >= 3 is expected. It comes from another PROJ installation.
2025-07-16 10:35:20,832 - fiona.ogrext - DEBUG - OLC_FASTSETNEXTBYINDEX: 1
2025-07-16 10:35:20,832 - fiona.ogrext - DEBUG - OLC_FASTFEATURECOUNT: 1
2025-07-16 10:35:20,832 - fiona.ogrext - DEBUG - Next index: 0
2025-07-16 10:35:20,832 - fiona.ogrext - DEBUG - Next index: 1
2025-07-16 10:35:20,877 - fiona.collection - DEBUG - Flushed buffer
2025-07-16 10:35:20,879 - fiona.collection - DEBUG - Stopped session
2025-07-16 10:35:20,979 - HTMLGenerator - INFO - [TIMER] Finished: Acquire geodataframe for Water_Approvals in 8.17 sec | Mem: 1031.43 MB (+0.00 MB) | CPU: 0.00%
2025-07-16 10:35:20,979 - HTMLGenerator - INFO - [TIMER] Starting: Acquire geometry for Water_Approvals
2025-07-16 10:35:21,081 - HTMLGenerator - INFO - [TIMER] Finished: Acquire geometry for Water_Approvals in 0.00 sec | Mem: 1031.43 MB (+0.00 MB) | CPU: 0.00%
2025-07-16 10:35:21,081 - HTMLGenerator - INFO - [TIMER] Starting: Convert Columns to strings
2025-07-16 10:35:21,192 - HTMLGenerator - INFO - [TIMER] Finished: Convert Columns to strings in 0.01 sec | Mem: 1031.43 MB (+0.00 MB) | CPU: 0.00%
2025-07-16 10:35:21,193 - HTMLGenerator - INFO - [TIMER] Starting: Acquire field data from spreadsheet; build out fields to summarize for popups
2025-07-16 10:35:21,294 - HTMLGenerator - INFO - [TIMER] Finished: Acquire field data from spreadsheet; build out fields to summarize for popups in 0.00 sec | Mem: 1031.43 MB (+0.00 MB) | CPU: 0.00%
2025-07-16 10:35:21,295 - HTMLGenerator - INFO - [TIMER] Starting: Get all popup fields and format
2025-07-16 10:35:21,398 - HTMLGenerator - INFO - [TIMER] Finished: Get all popup fields and format in 0.00 sec | Mem: 1031.43 MB (+0.00 MB) | CPU: 0.00%
2025-07-16 10:35:21,398 - HTMLGenerator - INFO - [TIMER] Starting: Determine all values and symbology to show in legend and map.
2025-07-16 10:35:21,501 - HTMLGenerator - INFO - [TIMER] Finished: Determine all values and symbology to show in legend and map. in 0.00 sec | Mem: 1031.43 MB (+0.00 MB) | CPU: 0.00%
2025-07-16 10:35:21,502 - HTMLGenerator - INFO - [TIMER] Starting: Get total bounds for the layer and set up map template.
2025-07-16 10:35:21,637 - HTMLGenerator - INFO - [TIMER] Finished: Get total bounds for the layer and set up map template. in 0.03 sec | Mem: 1031.43 MB (+0.00 MB) | CPU: 0.00%
2025-07-16 10:35:21,637 - HTMLGenerator - INFO - [TIMER] Starting: Create feature class layer and add to individual group and map
2025-07-16 10:35:21,748 - HTMLGenerator - INFO - [TIMER] Finished: Create feature class layer and add to individual group and map in 0.01 sec | Mem: 1031.43 MB (+0.00 MB) | CPU: 0.00%
2025-07-16 10:35:21,749 - HTMLGenerator - INFO - [TIMER] Starting: Create AOI layer and add to map
2025-07-16 10:35:21,888 - HTMLGenerator - INFO - [TIMER] Finished: Create AOI layer and add to map in 0.04 sec | Mem: 1031.43 MB (+0.00 MB) | CPU: 0.00%
2025-07-16 10:35:21,888 - HTMLGenerator - INFO - [TIMER] Starting: Generate tooltip fields
2025-07-16 10:35:21,990 - HTMLGenerator - INFO - [TIMER] Finished: Generate tooltip fields in 0.00 sec | Mem: 1031.43 MB (+0.00 MB) | CPU: 0.00%
2025-07-16 10:35:21,990 - HTMLGenerator - INFO - [TIMER] Starting: Create a feature group in the layers list to house all unique values
2025-07-16 10:35:22,101 - HTMLGenerator - INFO - [TIMER] Finished: Create a feature group in the layers list to house all unique values in 0.01 sec | Mem: 1031.43 MB (+0.00 MB) | CPU: 0.00%
2025-07-16 10:35:22,101 - HTMLGenerator - INFO - [TIMER] Starting: Create popup for each layer with overlap reporting
2025-07-16 10:35:22,216 - HTMLGenerator - INFO - [TIMER] Finished: Create popup for each layer with overlap reporting in 0.01 sec | Mem: 1031.43 MB (+0.00 MB) | CPU: 0.00%
2025-07-16 10:35:22,217 - HTMLGenerator - INFO - [TIMER] Starting: Create legend HTML for individual maps
2025-07-16 10:35:22,318 - HTMLGenerator - INFO - [TIMER] Finished: Create legend HTML for individual maps in 0.00 sec | Mem: 1031.43 MB (+0.00 MB) | CPU: 0.00%
2025-07-16 10:35:22,319 - HTMLGenerator - INFO - [TIMER] Starting: Add layer control for individual maps
2025-07-16 10:35:22,419 - HTMLGenerator - INFO - [TIMER] Finished: Add layer control for individual maps in 0.00 sec | Mem: 1031.43 MB (+0.00 MB) | CPU: 0.00%
2025-07-16 10:35:22,419 - HTMLGenerator - INFO - [TIMER] Starting: Add grouped layer control for individual maps; AOI, feature class
2025-07-16 10:35:22,520 - HTMLGenerator - INFO - [TIMER] Finished: Add grouped layer control for individual maps; AOI, feature class in 0.00 sec | Mem: 1031.43 MB (+0.00 MB) | CPU: 0.00%
2025-07-16 10:35:22,520 - HTMLGenerator - INFO - [TIMER] Starting: Save ind. map and cleanup
2025-07-16 10:35:22,674 - HTMLGenerator - INFO - [TIMER] Finished: Save ind. map and cleanup in 0.05 sec | Mem: 1031.43 MB (+0.00 MB) | CPU: 0.00%
2025-07-16 10:35:22,675 - HTMLGenerator - INFO - [TIMER] Starting: Acquire geodataframe for Reservoir_Permits_over_Crown_Land
2025-07-16 10:35:22,697 - fiona._env - DEBUG - GDAL_DATA found in environment.
2025-07-16 10:35:22,698 - fiona._env - DEBUG - PROJ data found in package: path='P:\\corp\\central_clones\\python_geopandas\\Lib\\site-packages\\fiona\\proj_data'.
2025-07-16 10:35:24,341 - fiona._env - WARNING - PROJ: proj_identify: P:\corp\central_clones\python_geopandas\Lib\site-packages\fiona\proj_data\proj.db contains DATABASE.LAYOUT.VERSION.MINOR = 2 whereas a number >= 3 is expected. It comes from another PROJ installation.
2025-07-16 10:35:30,109 - fiona._env - WARNING - PROJ: proj_identify: P:\corp\central_clones\python_geopandas\Lib\site-packages\fiona\proj_data\proj.db contains DATABASE.LAYOUT.VERSION.MINOR = 2 whereas a number >= 3 is expected. It comes from another PROJ installation.
2025-07-16 10:35:30,368 - fiona._env - WARNING - PROJ: proj_identify: P:\corp\central_clones\python_geopandas\Lib\site-packages\fiona\proj_data\proj.db contains DATABASE.LAYOUT.VERSION.MINOR = 2 whereas a number >= 3 is expected. It comes from another PROJ installation.
2025-07-16 10:35:31,209 - fiona._env - DEBUG - GDAL_DATA found in environment.
2025-07-16 10:35:31,210 - fiona._env - DEBUG - PROJ data found in package: path='P:\\corp\\central_clones\\python_geopandas\\Lib\\site-packages\\fiona\\proj_data'.
2025-07-16 10:35:31,211 - fiona.ogrext - DEBUG - Got coordinate system
2025-07-16 10:35:31,223 - fiona.ogrext - DEBUG - Got coordinate system
2025-07-16 10:35:31,252 - fiona._env - WARNING - PROJ: proj_identify: P:\corp\central_clones\python_geopandas\Lib\site-packages\fiona\proj_data\proj.db contains DATABASE.LAYOUT.VERSION.MINOR = 2 whereas a number >= 3 is expected. It comes from another PROJ installation.
2025-07-16 10:35:31,253 - fiona.ogrext - DEBUG - OLC_FASTSETNEXTBYINDEX: 1
2025-07-16 10:35:31,253 - fiona.ogrext - DEBUG - OLC_FASTFEATURECOUNT: 1
2025-07-16 10:35:31,253 - fiona.ogrext - DEBUG - Next index: 0
2025-07-16 10:35:31,291 - fiona.collection - DEBUG - Flushed buffer
2025-07-16 10:35:31,292 - fiona.collection - DEBUG - Stopped session
2025-07-16 10:35:31,393 - HTMLGenerator - INFO - [TIMER] Finished: Acquire geodataframe for Reservoir_Permits_over_Crown_Land in 8.62 sec | Mem: 1031.55 MB (+0.12 MB) | CPU: 0.00%
2025-07-16 10:35:31,394 - HTMLGenerator - INFO - [TIMER] Starting: Acquire geodataframe for BC_Dams
2025-07-16 10:35:31,416 - fiona._env - DEBUG - GDAL_DATA found in environment.
2025-07-16 10:35:31,418 - fiona._env - DEBUG - PROJ data found in package: path='P:\\corp\\central_clones\\python_geopandas\\Lib\\site-packages\\fiona\\proj_data'.
2025-07-16 10:35:33,150 - fiona._env - WARNING - PROJ: proj_identify: P:\corp\central_clones\python_geopandas\Lib\site-packages\fiona\proj_data\proj.db contains DATABASE.LAYOUT.VERSION.MINOR = 2 whereas a number >= 3 is expected. It comes from another PROJ installation.
2025-07-16 10:35:39,296 - fiona._env - WARNING - PROJ: proj_identify: P:\corp\central_clones\python_geopandas\Lib\site-packages\fiona\proj_data\proj.db contains DATABASE.LAYOUT.VERSION.MINOR = 2 whereas a number >= 3 is expected. It comes from another PROJ installation.
2025-07-16 10:35:39,548 - fiona._env - WARNING - PROJ: proj_identify: P:\corp\central_clones\python_geopandas\Lib\site-packages\fiona\proj_data\proj.db contains DATABASE.LAYOUT.VERSION.MINOR = 2 whereas a number >= 3 is expected. It comes from another PROJ installation.
2025-07-16 10:35:40,424 - fiona._env - DEBUG - GDAL_DATA found in environment.
2025-07-16 10:35:40,425 - fiona._env - DEBUG - PROJ data found in package: path='P:\\corp\\central_clones\\python_geopandas\\Lib\\site-packages\\fiona\\proj_data'.
2025-07-16 10:35:40,426 - fiona.ogrext - DEBUG - Got coordinate system
2025-07-16 10:35:40,440 - fiona.ogrext - DEBUG - Got coordinate system
2025-07-16 10:35:40,465 - fiona._env - WARNING - PROJ: proj_identify: P:\corp\central_clones\python_geopandas\Lib\site-packages\fiona\proj_data\proj.db contains DATABASE.LAYOUT.VERSION.MINOR = 2 whereas a number >= 3 is expected. It comes from another PROJ installation.
2025-07-16 10:35:40,465 - fiona.ogrext - DEBUG - OLC_FASTSETNEXTBYINDEX: 1
2025-07-16 10:35:40,466 - fiona.ogrext - DEBUG - OLC_FASTFEATURECOUNT: 1
2025-07-16 10:35:40,466 - fiona.ogrext - DEBUG - Next index: 0
2025-07-16 10:35:40,499 - fiona.collection - DEBUG - Flushed buffer
2025-07-16 10:35:40,501 - fiona.collection - DEBUG - Stopped session
2025-07-16 10:35:40,601 - HTMLGenerator - INFO - [TIMER] Finished: Acquire geodataframe for BC_Dams in 9.11 sec | Mem: 1031.54 MB (-0.00 MB) | CPU: 0.00%
2025-07-16 10:35:40,602 - HTMLGenerator - INFO - [TIMER] Starting: Acquire geodataframe for Coal_Application
2025-07-16 10:35:40,624 - fiona._env - DEBUG - GDAL_DATA found in environment.
2025-07-16 10:35:40,625 - fiona._env - DEBUG - PROJ data found in package: path='P:\\corp\\central_clones\\python_geopandas\\Lib\\site-packages\\fiona\\proj_data'.
2025-07-16 10:35:42,330 - fiona._env - WARNING - PROJ: proj_identify: P:\corp\central_clones\python_geopandas\Lib\site-packages\fiona\proj_data\proj.db contains DATABASE.LAYOUT.VERSION.MINOR = 2 whereas a number >= 3 is expected. It comes from another PROJ installation.
2025-07-16 10:35:48,527 - fiona._env - WARNING - PROJ: proj_identify: P:\corp\central_clones\python_geopandas\Lib\site-packages\fiona\proj_data\proj.db contains DATABASE.LAYOUT.VERSION.MINOR = 2 whereas a number >= 3 is expected. It comes from another PROJ installation.
2025-07-16 10:35:48,790 - fiona._env - WARNING - PROJ: proj_identify: P:\corp\central_clones\python_geopandas\Lib\site-packages\fiona\proj_data\proj.db contains DATABASE.LAYOUT.VERSION.MINOR = 2 whereas a number >= 3 is expected. It comes from another PROJ installation.
2025-07-16 10:35:49,653 - fiona._env - DEBUG - GDAL_DATA found in environment.
2025-07-16 10:35:49,654 - fiona._env - DEBUG - PROJ data found in package: path='P:\\corp\\central_clones\\python_geopandas\\Lib\\site-packages\\fiona\\proj_data'.
2025-07-16 10:35:49,655 - fiona.ogrext - DEBUG - Got coordinate system
2025-07-16 10:35:49,667 - fiona.ogrext - DEBUG - Got coordinate system
2025-07-16 10:35:49,696 - fiona._env - WARNING - PROJ: proj_identify: P:\corp\central_clones\python_geopandas\Lib\site-packages\fiona\proj_data\proj.db contains DATABASE.LAYOUT.VERSION.MINOR = 2 whereas a number >= 3 is expected. It comes from another PROJ installation.
2025-07-16 10:35:49,696 - fiona.ogrext - DEBUG - OLC_FASTSETNEXTBYINDEX: 1
2025-07-16 10:35:49,696 - fiona.ogrext - DEBUG - OLC_FASTFEATURECOUNT: 1
2025-07-16 10:35:49,696 - fiona.ogrext - DEBUG - Next index: 0
2025-07-16 10:35:49,733 - fiona.collection - DEBUG - Flushed buffer
2025-07-16 10:35:49,735 - fiona.collection - DEBUG - Stopped session
2025-07-16 10:35:49,836 - HTMLGenerator - INFO - [TIMER] Finished: Acquire geodataframe for Coal_Application in 9.13 sec | Mem: 1031.54 MB (+0.00 MB) | CPU: 0.00%
2025-07-16 10:35:49,837 - HTMLGenerator - INFO - [TIMER] Starting: Acquire geodataframe for Coal_Lease
2025-07-16 10:35:49,861 - fiona._env - DEBUG - GDAL_DATA found in environment.
2025-07-16 10:35:49,862 - fiona._env - DEBUG - PROJ data found in package: path='P:\\corp\\central_clones\\python_geopandas\\Lib\\site-packages\\fiona\\proj_data'.
2025-07-16 10:35:51,456 - fiona._env - WARNING - PROJ: proj_identify: P:\corp\central_clones\python_geopandas\Lib\site-packages\fiona\proj_data\proj.db contains DATABASE.LAYOUT.VERSION.MINOR = 2 whereas a number >= 3 is expected. It comes from another PROJ installation.
2025-07-16 10:35:57,500 - fiona._env - WARNING - PROJ: proj_identify: P:\corp\central_clones\python_geopandas\Lib\site-packages\fiona\proj_data\proj.db contains DATABASE.LAYOUT.VERSION.MINOR = 2 whereas a number >= 3 is expected. It comes from another PROJ installation.
2025-07-16 10:35:57,775 - fiona._env - WARNING - PROJ: proj_identify: P:\corp\central_clones\python_geopandas\Lib\site-packages\fiona\proj_data\proj.db contains DATABASE.LAYOUT.VERSION.MINOR = 2 whereas a number >= 3 is expected. It comes from another PROJ installation.
2025-07-16 10:35:58,629 - fiona._env - DEBUG - GDAL_DATA found in environment.
2025-07-16 10:35:58,631 - fiona._env - DEBUG - PROJ data found in package: path='P:\\corp\\central_clones\\python_geopandas\\Lib\\site-packages\\fiona\\proj_data'.
2025-07-16 10:35:58,631 - fiona.ogrext - DEBUG - Got coordinate system
2025-07-16 10:35:58,644 - fiona.ogrext - DEBUG - Got coordinate system
2025-07-16 10:35:58,671 - fiona._env - WARNING - PROJ: proj_identify: P:\corp\central_clones\python_geopandas\Lib\site-packages\fiona\proj_data\proj.db contains DATABASE.LAYOUT.VERSION.MINOR = 2 whereas a number >= 3 is expected. It comes from another PROJ installation.
2025-07-16 10:35:58,671 - fiona.ogrext - DEBUG - OLC_FASTSETNEXTBYINDEX: 1
2025-07-16 10:35:58,671 - fiona.ogrext - DEBUG - OLC_FASTFEATURECOUNT: 1
2025-07-16 10:35:58,671 - fiona.ogrext - DEBUG - Next index: 0
2025-07-16 10:35:58,713 - fiona.collection - DEBUG - Flushed buffer
2025-07-16 10:35:58,715 - fiona.collection - DEBUG - Stopped session
2025-07-16 10:35:58,815 - HTMLGenerator - INFO - [TIMER] Finished: Acquire geodataframe for Coal_Lease in 8.88 sec | Mem: 1031.66 MB (+0.12 MB) | CPU: 0.00%
2025-07-16 10:35:58,836 - HTMLGenerator - INFO - [TIMER] Starting: Acquire geodataframe for Coal_Licence
2025-07-16 10:35:58,859 - fiona._env - DEBUG - GDAL_DATA found in environment.
2025-07-16 10:35:58,860 - fiona._env - DEBUG - PROJ data found in package: path='P:\\corp\\central_clones\\python_geopandas\\Lib\\site-packages\\fiona\\proj_data'.
2025-07-16 10:36:00,480 - fiona._env - WARNING - PROJ: proj_identify: P:\corp\central_clones\python_geopandas\Lib\site-packages\fiona\proj_data\proj.db contains DATABASE.LAYOUT.VERSION.MINOR = 2 whereas a number >= 3 is expected. It comes from another PROJ installation.
2025-07-16 10:36:06,142 - fiona._env - WARNING - PROJ: proj_identify: P:\corp\central_clones\python_geopandas\Lib\site-packages\fiona\proj_data\proj.db contains DATABASE.LAYOUT.VERSION.MINOR = 2 whereas a number >= 3 is expected. It comes from another PROJ installation.
2025-07-16 10:36:06,380 - fiona._env - WARNING - PROJ: proj_identify: P:\corp\central_clones\python_geopandas\Lib\site-packages\fiona\proj_data\proj.db contains DATABASE.LAYOUT.VERSION.MINOR = 2 whereas a number >= 3 is expected. It comes from another PROJ installation.
2025-07-16 10:36:07,166 - fiona._env - DEBUG - GDAL_DATA found in environment.
2025-07-16 10:36:07,168 - fiona._env - DEBUG - PROJ data found in package: path='P:\\corp\\central_clones\\python_geopandas\\Lib\\site-packages\\fiona\\proj_data'.
2025-07-16 10:36:07,168 - fiona.ogrext - DEBUG - Got coordinate system
2025-07-16 10:36:07,181 - fiona.ogrext - DEBUG - Got coordinate system
2025-07-16 10:36:07,207 - fiona._env - WARNING - PROJ: proj_identify: P:\corp\central_clones\python_geopandas\Lib\site-packages\fiona\proj_data\proj.db contains DATABASE.LAYOUT.VERSION.MINOR = 2 whereas a number >= 3 is expected. It comes from another PROJ installation.
2025-07-16 10:36:07,208 - fiona.ogrext - DEBUG - OLC_FASTSETNEXTBYINDEX: 1
2025-07-16 10:36:07,208 - fiona.ogrext - DEBUG - OLC_FASTFEATURECOUNT: 1
2025-07-16 10:36:07,208 - fiona.ogrext - DEBUG - Next index: 0
2025-07-16 10:36:07,245 - fiona.collection - DEBUG - Flushed buffer
2025-07-16 10:36:07,247 - fiona.collection - DEBUG - Stopped session
2025-07-16 10:36:07,347 - HTMLGenerator - INFO - [TIMER] Finished: Acquire geodataframe for Coal_Licence in 8.41 sec | Mem: 1031.66 MB (+0.00 MB) | CPU: 0.00%
2025-07-16 10:36:07,348 - HTMLGenerator - INFO - [TIMER] Starting: Acquire geodataframe for Permitted_Mine_Area_for_Major_Mines
2025-07-16 10:36:07,370 - fiona._env - DEBUG - GDAL_DATA found in environment.
2025-07-16 10:36:07,371 - fiona._env - DEBUG - PROJ data found in package: path='P:\\corp\\central_clones\\python_geopandas\\Lib\\site-packages\\fiona\\proj_data'.
2025-07-16 10:36:08,827 - fiona._env - WARNING - PROJ: proj_identify: P:\corp\central_clones\python_geopandas\Lib\site-packages\fiona\proj_data\proj.db contains DATABASE.LAYOUT.VERSION.MINOR = 2 whereas a number >= 3 is expected. It comes from another PROJ installation.
2025-07-16 10:36:14,139 - fiona._env - WARNING - PROJ: proj_identify: P:\corp\central_clones\python_geopandas\Lib\site-packages\fiona\proj_data\proj.db contains DATABASE.LAYOUT.VERSION.MINOR = 2 whereas a number >= 3 is expected. It comes from another PROJ installation.
2025-07-16 10:36:14,379 - fiona._env - WARNING - PROJ: proj_identify: P:\corp\central_clones\python_geopandas\Lib\site-packages\fiona\proj_data\proj.db contains DATABASE.LAYOUT.VERSION.MINOR = 2 whereas a number >= 3 is expected. It comes from another PROJ installation.
2025-07-16 10:36:15,235 - fiona._env - DEBUG - GDAL_DATA found in environment.
2025-07-16 10:36:15,238 - fiona._env - DEBUG - PROJ data found in package: path='P:\\corp\\central_clones\\python_geopandas\\Lib\\site-packages\\fiona\\proj_data'.
2025-07-16 10:36:15,238 - fiona.ogrext - DEBUG - Got coordinate system
2025-07-16 10:36:15,252 - fiona.ogrext - DEBUG - Got coordinate system
2025-07-16 10:36:15,279 - fiona._env - WARNING - PROJ: proj_identify: P:\corp\central_clones\python_geopandas\Lib\site-packages\fiona\proj_data\proj.db contains DATABASE.LAYOUT.VERSION.MINOR = 2 whereas a number >= 3 is expected. It comes from another PROJ installation.
2025-07-16 10:36:15,279 - fiona.ogrext - DEBUG - OLC_FASTSETNEXTBYINDEX: 1
2025-07-16 10:36:15,279 - fiona.ogrext - DEBUG - OLC_FASTFEATURECOUNT: 1
2025-07-16 10:36:15,279 - fiona.ogrext - DEBUG - Next index: 0
2025-07-16 10:36:15,314 - fiona.collection - DEBUG - Flushed buffer
2025-07-16 10:36:15,316 - fiona.collection - DEBUG - Stopped session
2025-07-16 10:36:15,416 - HTMLGenerator - INFO - [TIMER] Finished: Acquire geodataframe for Permitted_Mine_Area_for_Major_Mines in 7.97 sec | Mem: 1031.66 MB (+0.00 MB) | CPU: 0.00%
2025-07-16 10:36:15,417 - HTMLGenerator - INFO - [TIMER] Starting: Acquire geodataframe for NOW_Centre_Points_within_area_of_interest
2025-07-16 10:36:15,440 - fiona._env - DEBUG - GDAL_DATA found in environment.
2025-07-16 10:36:15,442 - fiona._env - DEBUG - PROJ data found in package: path='P:\\corp\\central_clones\\python_geopandas\\Lib\\site-packages\\fiona\\proj_data'.
2025-07-16 10:36:17,169 - fiona._env - WARNING - PROJ: proj_identify: P:\corp\central_clones\python_geopandas\Lib\site-packages\fiona\proj_data\proj.db contains DATABASE.LAYOUT.VERSION.MINOR = 2 whereas a number >= 3 is expected. It comes from another PROJ installation.
2025-07-16 10:36:23,121 - fiona._env - WARNING - PROJ: proj_identify: P:\corp\central_clones\python_geopandas\Lib\site-packages\fiona\proj_data\proj.db contains DATABASE.LAYOUT.VERSION.MINOR = 2 whereas a number >= 3 is expected. It comes from another PROJ installation.
2025-07-16 10:36:23,395 - fiona._env - WARNING - PROJ: proj_identify: P:\corp\central_clones\python_geopandas\Lib\site-packages\fiona\proj_data\proj.db contains DATABASE.LAYOUT.VERSION.MINOR = 2 whereas a number >= 3 is expected. It comes from another PROJ installation.
2025-07-16 10:36:24,329 - fiona._env - DEBUG - GDAL_DATA found in environment.
2025-07-16 10:36:24,330 - fiona._env - DEBUG - PROJ data found in package: path='P:\\corp\\central_clones\\python_geopandas\\Lib\\site-packages\\fiona\\proj_data'.
2025-07-16 10:36:24,331 - fiona.ogrext - DEBUG - Got coordinate system
2025-07-16 10:36:24,347 - fiona.ogrext - DEBUG - Got coordinate system
2025-07-16 10:36:24,377 - fiona._env - WARNING - PROJ: proj_identify: P:\corp\central_clones\python_geopandas\Lib\site-packages\fiona\proj_data\proj.db contains DATABASE.LAYOUT.VERSION.MINOR = 2 whereas a number >= 3 is expected. It comes from another PROJ installation.
2025-07-16 10:36:24,377 - fiona.ogrext - DEBUG - OLC_FASTSETNEXTBYINDEX: 1
2025-07-16 10:36:24,377 - fiona.ogrext - DEBUG - OLC_FASTFEATURECOUNT: 1
2025-07-16 10:36:24,377 - fiona.ogrext - DEBUG - Next index: 0
2025-07-16 10:36:24,423 - fiona.collection - DEBUG - Flushed buffer
2025-07-16 10:36:24,425 - fiona.collection - DEBUG - Stopped session
2025-07-16 10:36:24,526 - HTMLGenerator - INFO - [TIMER] Finished: Acquire geodataframe for NOW_Centre_Points_within_area_of_interest in 9.01 sec | Mem: 1031.66 MB (+0.00 MB) | CPU: 0.00%
2025-07-16 10:36:24,527 - HTMLGenerator - INFO - [TIMER] Starting: Acquire geodataframe for NOW_Centre_Points_within_500_metres
2025-07-16 10:36:24,549 - fiona._env - DEBUG - GDAL_DATA found in environment.
2025-07-16 10:36:24,551 - fiona._env - DEBUG - PROJ data found in package: path='P:\\corp\\central_clones\\python_geopandas\\Lib\\site-packages\\fiona\\proj_data'.
2025-07-16 10:36:26,008 - fiona._env - WARNING - PROJ: proj_identify: P:\corp\central_clones\python_geopandas\Lib\site-packages\fiona\proj_data\proj.db contains DATABASE.LAYOUT.VERSION.MINOR = 2 whereas a number >= 3 is expected. It comes from another PROJ installation.
2025-07-16 10:36:32,277 - fiona._env - WARNING - PROJ: proj_identify: P:\corp\central_clones\python_geopandas\Lib\site-packages\fiona\proj_data\proj.db contains DATABASE.LAYOUT.VERSION.MINOR = 2 whereas a number >= 3 is expected. It comes from another PROJ installation.
2025-07-16 10:36:32,536 - fiona._env - WARNING - PROJ: proj_identify: P:\corp\central_clones\python_geopandas\Lib\site-packages\fiona\proj_data\proj.db contains DATABASE.LAYOUT.VERSION.MINOR = 2 whereas a number >= 3 is expected. It comes from another PROJ installation.
2025-07-16 10:36:33,442 - fiona._env - DEBUG - GDAL_DATA found in environment.
2025-07-16 10:36:33,444 - fiona._env - DEBUG - PROJ data found in package: path='P:\\corp\\central_clones\\python_geopandas\\Lib\\site-packages\\fiona\\proj_data'.
2025-07-16 10:36:33,445 - fiona.ogrext - DEBUG - Got coordinate system
2025-07-16 10:36:33,463 - fiona.ogrext - DEBUG - Got coordinate system
2025-07-16 10:36:33,498 - fiona._env - WARNING - PROJ: proj_identify: P:\corp\central_clones\python_geopandas\Lib\site-packages\fiona\proj_data\proj.db contains DATABASE.LAYOUT.VERSION.MINOR = 2 whereas a number >= 3 is expected. It comes from another PROJ installation.
2025-07-16 10:36:33,498 - fiona.ogrext - DEBUG - OLC_FASTSETNEXTBYINDEX: 1
2025-07-16 10:36:33,498 - fiona.ogrext - DEBUG - OLC_FASTFEATURECOUNT: 1
2025-07-16 10:36:33,498 - fiona.ogrext - DEBUG - Next index: 0
2025-07-16 10:36:33,545 - fiona.collection - DEBUG - Flushed buffer
2025-07-16 10:36:33,547 - fiona.collection - DEBUG - Stopped session
2025-07-16 10:36:33,647 - HTMLGenerator - INFO - [TIMER] Finished: Acquire geodataframe for NOW_Centre_Points_within_500_metres in 9.02 sec | Mem: 1031.66 MB (+0.00 MB) | CPU: 0.00%
2025-07-16 10:36:33,648 - HTMLGenerator - INFO - [TIMER] Starting: Acquire geodataframe for Mineral_and_Placer_Tenures
2025-07-16 10:36:33,671 - fiona._env - DEBUG - GDAL_DATA found in environment.
2025-07-16 10:36:33,673 - fiona._env - DEBUG - PROJ data found in package: path='P:\\corp\\central_clones\\python_geopandas\\Lib\\site-packages\\fiona\\proj_data'.
2025-07-16 10:36:35,184 - fiona._env - WARNING - PROJ: proj_identify: P:\corp\central_clones\python_geopandas\Lib\site-packages\fiona\proj_data\proj.db contains DATABASE.LAYOUT.VERSION.MINOR = 2 whereas a number >= 3 is expected. It comes from another PROJ installation.
2025-07-16 10:36:41,340 - fiona._env - WARNING - PROJ: proj_identify: P:\corp\central_clones\python_geopandas\Lib\site-packages\fiona\proj_data\proj.db contains DATABASE.LAYOUT.VERSION.MINOR = 2 whereas a number >= 3 is expected. It comes from another PROJ installation.
2025-07-16 10:36:41,656 - fiona._env - WARNING - PROJ: proj_identify: P:\corp\central_clones\python_geopandas\Lib\site-packages\fiona\proj_data\proj.db contains DATABASE.LAYOUT.VERSION.MINOR = 2 whereas a number >= 3 is expected. It comes from another PROJ installation.
2025-07-16 10:36:42,644 - fiona._env - DEBUG - GDAL_DATA found in environment.
2025-07-16 10:36:42,645 - fiona._env - DEBUG - PROJ data found in package: path='P:\\corp\\central_clones\\python_geopandas\\Lib\\site-packages\\fiona\\proj_data'.
2025-07-16 10:36:42,646 - fiona.ogrext - DEBUG - Got coordinate system
2025-07-16 10:36:42,658 - fiona.ogrext - DEBUG - Got coordinate system
2025-07-16 10:36:42,685 - fiona._env - WARNING - PROJ: proj_identify: P:\corp\central_clones\python_geopandas\Lib\site-packages\fiona\proj_data\proj.db contains DATABASE.LAYOUT.VERSION.MINOR = 2 whereas a number >= 3 is expected. It comes from another PROJ installation.
2025-07-16 10:36:42,685 - fiona.ogrext - DEBUG - OLC_FASTSETNEXTBYINDEX: 1
2025-07-16 10:36:42,686 - fiona.ogrext - DEBUG - OLC_FASTFEATURECOUNT: 1
2025-07-16 10:36:42,686 - fiona.ogrext - DEBUG - Next index: 0
2025-07-16 10:36:42,723 - fiona.collection - DEBUG - Flushed buffer
2025-07-16 10:36:42,725 - fiona.collection - DEBUG - Stopped session
2025-07-16 10:36:42,825 - HTMLGenerator - INFO - [TIMER] Finished: Acquire geodataframe for Mineral_and_Placer_Tenures in 9.08 sec | Mem: 1031.78 MB (+0.12 MB) | CPU: 0.00%
2025-07-16 10:36:42,826 - HTMLGenerator - INFO - [TIMER] Starting: Acquire geodataframe for Petroleum_Tenures
2025-07-16 10:36:42,849 - fiona._env - DEBUG - GDAL_DATA found in environment.
2025-07-16 10:36:42,850 - fiona._env - DEBUG - PROJ data found in package: path='P:\\corp\\central_clones\\python_geopandas\\Lib\\site-packages\\fiona\\proj_data'.
2025-07-16 10:36:44,535 - fiona._env - WARNING - PROJ: proj_identify: P:\corp\central_clones\python_geopandas\Lib\site-packages\fiona\proj_data\proj.db contains DATABASE.LAYOUT.VERSION.MINOR = 2 whereas a number >= 3 is expected. It comes from another PROJ installation.
2025-07-16 10:36:50,682 - fiona._env - WARNING - PROJ: proj_identify: P:\corp\central_clones\python_geopandas\Lib\site-packages\fiona\proj_data\proj.db contains DATABASE.LAYOUT.VERSION.MINOR = 2 whereas a number >= 3 is expected. It comes from another PROJ installation.
2025-07-16 10:36:50,953 - fiona._env - WARNING - PROJ: proj_identify: P:\corp\central_clones\python_geopandas\Lib\site-packages\fiona\proj_data\proj.db contains DATABASE.LAYOUT.VERSION.MINOR = 2 whereas a number >= 3 is expected. It comes from another PROJ installation.
2025-07-16 10:36:51,771 - fiona._env - DEBUG - GDAL_DATA found in environment.
2025-07-16 10:36:51,773 - fiona._env - DEBUG - PROJ data found in package: path='P:\\corp\\central_clones\\python_geopandas\\Lib\\site-packages\\fiona\\proj_data'.
2025-07-16 10:36:51,773 - fiona.ogrext - DEBUG - Got coordinate system
2025-07-16 10:36:51,791 - fiona.ogrext - DEBUG - Got coordinate system
2025-07-16 10:36:51,822 - fiona._env - WARNING - PROJ: proj_identify: P:\corp\central_clones\python_geopandas\Lib\site-packages\fiona\proj_data\proj.db contains DATABASE.LAYOUT.VERSION.MINOR = 2 whereas a number >= 3 is expected. It comes from another PROJ installation.
2025-07-16 10:36:51,823 - fiona.ogrext - DEBUG - OLC_FASTSETNEXTBYINDEX: 1
2025-07-16 10:36:51,823 - fiona.ogrext - DEBUG - OLC_FASTFEATURECOUNT: 1
2025-07-16 10:36:51,823 - fiona.ogrext - DEBUG - Next index: 0
2025-07-16 10:36:51,862 - fiona.collection - DEBUG - Flushed buffer
2025-07-16 10:36:51,864 - fiona.collection - DEBUG - Stopped session
2025-07-16 10:36:51,964 - HTMLGenerator - INFO - [TIMER] Finished: Acquire geodataframe for Petroleum_Tenures in 9.04 sec | Mem: 1031.78 MB (+0.00 MB) | CPU: 0.00%
2025-07-16 10:36:51,965 - HTMLGenerator - INFO - [TIMER] Starting: Acquire geodataframe for Important_Fossil_Areas
2025-07-16 10:36:51,991 - fiona._env - DEBUG - GDAL_DATA found in environment.
2025-07-16 10:36:51,993 - fiona._env - DEBUG - PROJ data found in package: path='P:\\corp\\central_clones\\python_geopandas\\Lib\\site-packages\\fiona\\proj_data'.
2025-07-16 10:36:53,787 - fiona._env - WARNING - PROJ: proj_identify: P:\corp\central_clones\python_geopandas\Lib\site-packages\fiona\proj_data\proj.db contains DATABASE.LAYOUT.VERSION.MINOR = 2 whereas a number >= 3 is expected. It comes from another PROJ installation.
2025-07-16 10:36:59,978 - fiona._env - WARNING - PROJ: proj_identify: P:\corp\central_clones\python_geopandas\Lib\site-packages\fiona\proj_data\proj.db contains DATABASE.LAYOUT.VERSION.MINOR = 2 whereas a number >= 3 is expected. It comes from another PROJ installation.
2025-07-16 10:37:00,245 - fiona._env - WARNING - PROJ: proj_identify: P:\corp\central_clones\python_geopandas\Lib\site-packages\fiona\proj_data\proj.db contains DATABASE.LAYOUT.VERSION.MINOR = 2 whereas a number >= 3 is expected. It comes from another PROJ installation.
2025-07-16 10:37:01,110 - fiona._env - DEBUG - GDAL_DATA found in environment.
2025-07-16 10:37:01,111 - fiona._env - DEBUG - PROJ data found in package: path='P:\\corp\\central_clones\\python_geopandas\\Lib\\site-packages\\fiona\\proj_data'.
2025-07-16 10:37:01,112 - fiona.ogrext - DEBUG - Got coordinate system
2025-07-16 10:37:01,127 - fiona.ogrext - DEBUG - Got coordinate system
2025-07-16 10:37:01,154 - fiona._env - WARNING - PROJ: proj_identify: P:\corp\central_clones\python_geopandas\Lib\site-packages\fiona\proj_data\proj.db contains DATABASE.LAYOUT.VERSION.MINOR = 2 whereas a number >= 3 is expected. It comes from another PROJ installation.
2025-07-16 10:37:01,155 - fiona.ogrext - DEBUG - OLC_FASTSETNEXTBYINDEX: 1
2025-07-16 10:37:01,155 - fiona.ogrext - DEBUG - OLC_FASTFEATURECOUNT: 1
2025-07-16 10:37:01,155 - fiona.ogrext - DEBUG - Next index: 0
2025-07-16 10:37:01,191 - fiona.collection - DEBUG - Flushed buffer
2025-07-16 10:37:01,193 - fiona.collection - DEBUG - Stopped session
2025-07-16 10:37:01,293 - HTMLGenerator - INFO - [TIMER] Finished: Acquire geodataframe for Important_Fossil_Areas in 9.23 sec | Mem: 1031.77 MB (-0.00 MB) | CPU: 0.00%
2025-07-16 10:37:01,294 - HTMLGenerator - INFO - [TIMER] Starting: Acquire geodataframe for Environmental_Remediation_Sites
2025-07-16 10:37:01,316 - fiona._env - DEBUG - GDAL_DATA found in environment.
2025-07-16 10:37:01,317 - fiona._env - DEBUG - PROJ data found in package: path='P:\\corp\\central_clones\\python_geopandas\\Lib\\site-packages\\fiona\\proj_data'.
2025-07-16 10:37:02,788 - fiona._env - WARNING - PROJ: proj_identify: P:\corp\central_clones\python_geopandas\Lib\site-packages\fiona\proj_data\proj.db contains DATABASE.LAYOUT.VERSION.MINOR = 2 whereas a number >= 3 is expected. It comes from another PROJ installation.
2025-07-16 10:37:08,784 - fiona._env - WARNING - PROJ: proj_identify: P:\corp\central_clones\python_geopandas\Lib\site-packages\fiona\proj_data\proj.db contains DATABASE.LAYOUT.VERSION.MINOR = 2 whereas a number >= 3 is expected. It comes from another PROJ installation.
2025-07-16 10:37:09,081 - fiona._env - WARNING - PROJ: proj_identify: P:\corp\central_clones\python_geopandas\Lib\site-packages\fiona\proj_data\proj.db contains DATABASE.LAYOUT.VERSION.MINOR = 2 whereas a number >= 3 is expected. It comes from another PROJ installation.
2025-07-16 10:37:10,016 - fiona._env - DEBUG - GDAL_DATA found in environment.
2025-07-16 10:37:10,018 - fiona._env - DEBUG - PROJ data found in package: path='P:\\corp\\central_clones\\python_geopandas\\Lib\\site-packages\\fiona\\proj_data'.
2025-07-16 10:37:10,018 - fiona.ogrext - DEBUG - Got coordinate system
2025-07-16 10:37:10,032 - fiona.ogrext - DEBUG - Got coordinate system
2025-07-16 10:37:10,061 - fiona._env - WARNING - PROJ: proj_identify: P:\corp\central_clones\python_geopandas\Lib\site-packages\fiona\proj_data\proj.db contains DATABASE.LAYOUT.VERSION.MINOR = 2 whereas a number >= 3 is expected. It comes from another PROJ installation.
2025-07-16 10:37:10,062 - fiona.ogrext - DEBUG - OLC_FASTSETNEXTBYINDEX: 1
2025-07-16 10:37:10,062 - fiona.ogrext - DEBUG - OLC_FASTFEATURECOUNT: 1
2025-07-16 10:37:10,062 - fiona.ogrext - DEBUG - Next index: 0
2025-07-16 10:37:10,095 - fiona.collection - DEBUG - Flushed buffer
2025-07-16 10:37:10,097 - fiona.collection - DEBUG - Stopped session
2025-07-16 10:37:10,197 - HTMLGenerator - INFO - [TIMER] Finished: Acquire geodataframe for Environmental_Remediation_Sites in 8.80 sec | Mem: 1031.77 MB (+0.00 MB) | CPU: 0.00%
2025-07-16 10:37:10,199 - HTMLGenerator - INFO - [TIMER] Starting: Acquire geodataframe for Environmental_Monitoring_Stations
2025-07-16 10:37:10,222 - fiona._env - DEBUG - GDAL_DATA found in environment.
2025-07-16 10:37:10,223 - fiona._env - DEBUG - PROJ data found in package: path='P:\\corp\\central_clones\\python_geopandas\\Lib\\site-packages\\fiona\\proj_data'.
2025-07-16 10:37:12,101 - fiona._env - WARNING - PROJ: proj_identify: P:\corp\central_clones\python_geopandas\Lib\site-packages\fiona\proj_data\proj.db contains DATABASE.LAYOUT.VERSION.MINOR = 2 whereas a number >= 3 is expected. It comes from another PROJ installation.
2025-07-16 10:37:18,104 - fiona._env - WARNING - PROJ: proj_identify: P:\corp\central_clones\python_geopandas\Lib\site-packages\fiona\proj_data\proj.db contains DATABASE.LAYOUT.VERSION.MINOR = 2 whereas a number >= 3 is expected. It comes from another PROJ installation.
2025-07-16 10:37:18,363 - fiona._env - WARNING - PROJ: proj_identify: P:\corp\central_clones\python_geopandas\Lib\site-packages\fiona\proj_data\proj.db contains DATABASE.LAYOUT.VERSION.MINOR = 2 whereas a number >= 3 is expected. It comes from another PROJ installation.
2025-07-16 10:37:19,201 - fiona._env - DEBUG - GDAL_DATA found in environment.
2025-07-16 10:37:19,202 - fiona._env - DEBUG - PROJ data found in package: path='P:\\corp\\central_clones\\python_geopandas\\Lib\\site-packages\\fiona\\proj_data'.
2025-07-16 10:37:19,203 - fiona.ogrext - DEBUG - Got coordinate system
2025-07-16 10:37:19,215 - fiona.ogrext - DEBUG - Got coordinate system
2025-07-16 10:37:19,242 - fiona._env - WARNING - PROJ: proj_identify: P:\corp\central_clones\python_geopandas\Lib\site-packages\fiona\proj_data\proj.db contains DATABASE.LAYOUT.VERSION.MINOR = 2 whereas a number >= 3 is expected. It comes from another PROJ installation.
2025-07-16 10:37:19,242 - fiona.ogrext - DEBUG - OLC_FASTSETNEXTBYINDEX: 1
2025-07-16 10:37:19,242 - fiona.ogrext - DEBUG - OLC_FASTFEATURECOUNT: 1
2025-07-16 10:37:19,242 - fiona.ogrext - DEBUG - Next index: 0
2025-07-16 10:37:19,277 - fiona.collection - DEBUG - Flushed buffer
2025-07-16 10:37:19,279 - fiona.collection - DEBUG - Stopped session
2025-07-16 10:37:19,379 - HTMLGenerator - INFO - [TIMER] Finished: Acquire geodataframe for Environmental_Monitoring_Stations in 9.08 sec | Mem: 1031.78 MB (+0.00 MB) | CPU: 0.00%
2025-07-16 10:37:19,380 - HTMLGenerator - INFO - [TIMER] Starting: Acquire geodataframe for Archaeology_Sites
2025-07-16 10:37:19,402 - fiona._env - DEBUG - GDAL_DATA found in environment.
2025-07-16 10:37:19,403 - fiona._env - DEBUG - PROJ data found in package: path='P:\\corp\\central_clones\\python_geopandas\\Lib\\site-packages\\fiona\\proj_data'.
2025-07-16 10:37:21,419 - fiona._env - WARNING - PROJ: proj_identify: P:\corp\central_clones\python_geopandas\Lib\site-packages\fiona\proj_data\proj.db contains DATABASE.LAYOUT.VERSION.MINOR = 2 whereas a number >= 3 is expected. It comes from another PROJ installation.
2025-07-16 10:37:26,968 - fiona._env - WARNING - PROJ: proj_identify: P:\corp\central_clones\python_geopandas\Lib\site-packages\fiona\proj_data\proj.db contains DATABASE.LAYOUT.VERSION.MINOR = 2 whereas a number >= 3 is expected. It comes from another PROJ installation.
2025-07-16 10:37:27,222 - fiona._env - WARNING - PROJ: proj_identify: P:\corp\central_clones\python_geopandas\Lib\site-packages\fiona\proj_data\proj.db contains DATABASE.LAYOUT.VERSION.MINOR = 2 whereas a number >= 3 is expected. It comes from another PROJ installation.
2025-07-16 10:37:28,049 - fiona._env - DEBUG - GDAL_DATA found in environment.
2025-07-16 10:37:28,050 - fiona._env - DEBUG - PROJ data found in package: path='P:\\corp\\central_clones\\python_geopandas\\Lib\\site-packages\\fiona\\proj_data'.
2025-07-16 10:37:28,050 - fiona.ogrext - DEBUG - Got coordinate system
2025-07-16 10:37:28,062 - fiona.ogrext - DEBUG - Got coordinate system
2025-07-16 10:37:28,089 - fiona._env - WARNING - PROJ: proj_identify: P:\corp\central_clones\python_geopandas\Lib\site-packages\fiona\proj_data\proj.db contains DATABASE.LAYOUT.VERSION.MINOR = 2 whereas a number >= 3 is expected. It comes from another PROJ installation.
2025-07-16 10:37:28,089 - fiona.ogrext - DEBUG - OLC_FASTSETNEXTBYINDEX: 1
2025-07-16 10:37:28,090 - fiona.ogrext - DEBUG - OLC_FASTFEATURECOUNT: 1
2025-07-16 10:37:28,090 - fiona.ogrext - DEBUG - Next index: 0
2025-07-16 10:37:28,124 - fiona.collection - DEBUG - Flushed buffer
2025-07-16 10:37:28,126 - fiona.collection - DEBUG - Stopped session
2025-07-16 10:37:28,227 - HTMLGenerator - INFO - [TIMER] Finished: Acquire geodataframe for Archaeology_Sites in 8.75 sec | Mem: 1031.89 MB (+0.11 MB) | CPU: 0.00%
2025-07-16 10:37:28,228 - HTMLGenerator - INFO - [TIMER] Starting: Acquire geodataframe for Archaeology_Sites_within_50_metres
2025-07-16 10:37:28,251 - fiona._env - DEBUG - GDAL_DATA found in environment.
2025-07-16 10:37:28,252 - fiona._env - DEBUG - PROJ data found in package: path='P:\\corp\\central_clones\\python_geopandas\\Lib\\site-packages\\fiona\\proj_data'.
2025-07-16 10:37:30,060 - fiona._env - WARNING - PROJ: proj_identify: P:\corp\central_clones\python_geopandas\Lib\site-packages\fiona\proj_data\proj.db contains DATABASE.LAYOUT.VERSION.MINOR = 2 whereas a number >= 3 is expected. It comes from another PROJ installation.
2025-07-16 10:37:35,452 - fiona._env - WARNING - PROJ: proj_identify: P:\corp\central_clones\python_geopandas\Lib\site-packages\fiona\proj_data\proj.db contains DATABASE.LAYOUT.VERSION.MINOR = 2 whereas a number >= 3 is expected. It comes from another PROJ installation.
2025-07-16 10:37:35,697 - fiona._env - WARNING - PROJ: proj_identify: P:\corp\central_clones\python_geopandas\Lib\site-packages\fiona\proj_data\proj.db contains DATABASE.LAYOUT.VERSION.MINOR = 2 whereas a number >= 3 is expected. It comes from another PROJ installation.
2025-07-16 10:37:36,507 - fiona._env - DEBUG - GDAL_DATA found in environment.
2025-07-16 10:37:36,509 - fiona._env - DEBUG - PROJ data found in package: path='P:\\corp\\central_clones\\python_geopandas\\Lib\\site-packages\\fiona\\proj_data'.
2025-07-16 10:37:36,509 - fiona.ogrext - DEBUG - Got coordinate system
2025-07-16 10:37:36,520 - fiona.ogrext - DEBUG - Got coordinate system
2025-07-16 10:37:36,547 - fiona._env - WARNING - PROJ: proj_identify: P:\corp\central_clones\python_geopandas\Lib\site-packages\fiona\proj_data\proj.db contains DATABASE.LAYOUT.VERSION.MINOR = 2 whereas a number >= 3 is expected. It comes from another PROJ installation.
2025-07-16 10:37:36,547 - fiona.ogrext - DEBUG - OLC_FASTSETNEXTBYINDEX: 1
2025-07-16 10:37:36,548 - fiona.ogrext - DEBUG - OLC_FASTFEATURECOUNT: 1
2025-07-16 10:37:36,548 - fiona.ogrext - DEBUG - Next index: 0
2025-07-16 10:37:36,582 - fiona.collection - DEBUG - Flushed buffer
2025-07-16 10:37:36,584 - fiona.collection - DEBUG - Stopped session
2025-07-16 10:37:36,684 - HTMLGenerator - INFO - [TIMER] Finished: Acquire geodataframe for Archaeology_Sites_within_50_metres in 8.36 sec | Mem: 1032.00 MB (+0.11 MB) | CPU: 0.00%
2025-07-16 10:37:36,685 - HTMLGenerator - INFO - [TIMER] Starting: Acquire geodataframe for Heritage_Sites_
2025-07-16 10:37:36,708 - fiona._env - DEBUG - GDAL_DATA found in environment.
2025-07-16 10:37:36,709 - fiona._env - DEBUG - PROJ data found in package: path='P:\\corp\\central_clones\\python_geopandas\\Lib\\site-packages\\fiona\\proj_data'.
2025-07-16 10:37:38,403 - fiona._env - WARNING - PROJ: proj_identify: P:\corp\central_clones\python_geopandas\Lib\site-packages\fiona\proj_data\proj.db contains DATABASE.LAYOUT.VERSION.MINOR = 2 whereas a number >= 3 is expected. It comes from another PROJ installation.
2025-07-16 10:37:44,032 - fiona._env - WARNING - PROJ: proj_identify: P:\corp\central_clones\python_geopandas\Lib\site-packages\fiona\proj_data\proj.db contains DATABASE.LAYOUT.VERSION.MINOR = 2 whereas a number >= 3 is expected. It comes from another PROJ installation.
2025-07-16 10:37:44,332 - fiona._env - WARNING - PROJ: proj_identify: P:\corp\central_clones\python_geopandas\Lib\site-packages\fiona\proj_data\proj.db contains DATABASE.LAYOUT.VERSION.MINOR = 2 whereas a number >= 3 is expected. It comes from another PROJ installation.
2025-07-16 10:37:45,320 - fiona._env - DEBUG - GDAL_DATA found in environment.
2025-07-16 10:37:45,322 - fiona._env - DEBUG - PROJ data found in package: path='P:\\corp\\central_clones\\python_geopandas\\Lib\\site-packages\\fiona\\proj_data'.
2025-07-16 10:37:45,322 - fiona.ogrext - DEBUG - Got coordinate system
2025-07-16 10:37:45,338 - fiona.ogrext - DEBUG - Got coordinate system
2025-07-16 10:37:45,364 - fiona._env - WARNING - PROJ: proj_identify: P:\corp\central_clones\python_geopandas\Lib\site-packages\fiona\proj_data\proj.db contains DATABASE.LAYOUT.VERSION.MINOR = 2 whereas a number >= 3 is expected. It comes from another PROJ installation.
2025-07-16 10:37:45,364 - fiona.ogrext - DEBUG - OLC_FASTSETNEXTBYINDEX: 1
2025-07-16 10:37:45,364 - fiona.ogrext - DEBUG - OLC_FASTFEATURECOUNT: 1
2025-07-16 10:37:45,364 - fiona.ogrext - DEBUG - Next index: 0
2025-07-16 10:37:45,403 - fiona.collection - DEBUG - Flushed buffer
2025-07-16 10:37:45,405 - fiona.collection - DEBUG - Stopped session
2025-07-16 10:37:45,505 - HTMLGenerator - INFO - [TIMER] Finished: Acquire geodataframe for Heritage_Sites_ in 8.72 sec | Mem: 1032.00 MB (+0.00 MB) | CPU: 0.00%
2025-07-16 10:37:45,506 - HTMLGenerator - INFO - [TIMER] Starting: Acquire geodataframe for Heritage_Sites_within_50_metres
2025-07-16 10:37:45,529 - fiona._env - DEBUG - GDAL_DATA found in environment.
2025-07-16 10:37:45,531 - fiona._env - DEBUG - PROJ data found in package: path='P:\\corp\\central_clones\\python_geopandas\\Lib\\site-packages\\fiona\\proj_data'.
2025-07-16 10:37:47,173 - fiona._env - WARNING - PROJ: proj_identify: P:\corp\central_clones\python_geopandas\Lib\site-packages\fiona\proj_data\proj.db contains DATABASE.LAYOUT.VERSION.MINOR = 2 whereas a number >= 3 is expected. It comes from another PROJ installation.
2025-07-16 10:37:52,695 - fiona._env - WARNING - PROJ: proj_identify: P:\corp\central_clones\python_geopandas\Lib\site-packages\fiona\proj_data\proj.db contains DATABASE.LAYOUT.VERSION.MINOR = 2 whereas a number >= 3 is expected. It comes from another PROJ installation.
2025-07-16 10:37:52,940 - fiona._env - WARNING - PROJ: proj_identify: P:\corp\central_clones\python_geopandas\Lib\site-packages\fiona\proj_data\proj.db contains DATABASE.LAYOUT.VERSION.MINOR = 2 whereas a number >= 3 is expected. It comes from another PROJ installation.
2025-07-16 10:37:53,785 - fiona._env - DEBUG - GDAL_DATA found in environment.
2025-07-16 10:37:53,786 - fiona._env - DEBUG - PROJ data found in package: path='P:\\corp\\central_clones\\python_geopandas\\Lib\\site-packages\\fiona\\proj_data'.
2025-07-16 10:37:53,787 - fiona.ogrext - DEBUG - Got coordinate system
2025-07-16 10:37:53,799 - fiona.ogrext - DEBUG - Got coordinate system
2025-07-16 10:37:53,824 - fiona._env - WARNING - PROJ: proj_identify: P:\corp\central_clones\python_geopandas\Lib\site-packages\fiona\proj_data\proj.db contains DATABASE.LAYOUT.VERSION.MINOR = 2 whereas a number >= 3 is expected. It comes from another PROJ installation.
2025-07-16 10:37:53,824 - fiona.ogrext - DEBUG - OLC_FASTSETNEXTBYINDEX: 1
2025-07-16 10:37:53,824 - fiona.ogrext - DEBUG - OLC_FASTFEATURECOUNT: 1
2025-07-16 10:37:53,824 - fiona.ogrext - DEBUG - Next index: 0
2025-07-16 10:37:53,859 - fiona.collection - DEBUG - Flushed buffer
2025-07-16 10:37:53,861 - fiona.collection - DEBUG - Stopped session
2025-07-16 10:37:53,961 - HTMLGenerator - INFO - [TIMER] Finished: Acquire geodataframe for Heritage_Sites_within_50_metres in 8.35 sec | Mem: 1032.01 MB (+0.00 MB) | CPU: 0.00%
2025-07-16 10:37:53,962 - HTMLGenerator - INFO - [TIMER] Starting: Acquire geodataframe for Indigenous_Protected_and_Conserved_Areas_IPCA
2025-07-16 10:37:53,984 - fiona._env - DEBUG - GDAL_DATA found in environment.
2025-07-16 10:37:53,985 - fiona._env - DEBUG - PROJ data found in package: path='P:\\corp\\central_clones\\python_geopandas\\Lib\\site-packages\\fiona\\proj_data'.
2025-07-16 10:37:55,982 - fiona._env - WARNING - PROJ: proj_identify: P:\corp\central_clones\python_geopandas\Lib\site-packages\fiona\proj_data\proj.db contains DATABASE.LAYOUT.VERSION.MINOR = 2 whereas a number >= 3 is expected. It comes from another PROJ installation.
2025-07-16 10:38:01,397 - fiona._env - WARNING - PROJ: proj_identify: P:\corp\central_clones\python_geopandas\Lib\site-packages\fiona\proj_data\proj.db contains DATABASE.LAYOUT.VERSION.MINOR = 2 whereas a number >= 3 is expected. It comes from another PROJ installation.
2025-07-16 10:38:01,622 - fiona._env - WARNING - PROJ: proj_identify: P:\corp\central_clones\python_geopandas\Lib\site-packages\fiona\proj_data\proj.db contains DATABASE.LAYOUT.VERSION.MINOR = 2 whereas a number >= 3 is expected. It comes from another PROJ installation.
2025-07-16 10:38:02,420 - fiona._env - DEBUG - GDAL_DATA found in environment.
2025-07-16 10:38:02,421 - fiona._env - DEBUG - PROJ data found in package: path='P:\\corp\\central_clones\\python_geopandas\\Lib\\site-packages\\fiona\\proj_data'.
2025-07-16 10:38:02,421 - fiona.ogrext - DEBUG - Got coordinate system
2025-07-16 10:38:02,435 - fiona.ogrext - DEBUG - Got coordinate system
2025-07-16 10:38:02,464 - fiona._env - WARNING - PROJ: proj_identify: P:\corp\central_clones\python_geopandas\Lib\site-packages\fiona\proj_data\proj.db contains DATABASE.LAYOUT.VERSION.MINOR = 2 whereas a number >= 3 is expected. It comes from another PROJ installation.
2025-07-16 10:38:02,464 - fiona.ogrext - DEBUG - OLC_FASTSETNEXTBYINDEX: 1
2025-07-16 10:38:02,464 - fiona.ogrext - DEBUG - OLC_FASTFEATURECOUNT: 1
2025-07-16 10:38:02,464 - fiona.ogrext - DEBUG - Next index: 0
2025-07-16 10:38:02,464 - fiona.ogrext - DEBUG - Next index: 1
2025-07-16 10:38:02,465 - fiona.ogrext - DEBUG - Next index: 2
2025-07-16 10:38:02,516 - fiona.collection - DEBUG - Flushed buffer
2025-07-16 10:38:02,519 - fiona.collection - DEBUG - Stopped session
2025-07-16 10:38:02,619 - HTMLGenerator - INFO - [TIMER] Finished: Acquire geodataframe for Indigenous_Protected_and_Conserved_Areas_IPCA in 8.56 sec | Mem: 1032.01 MB (+0.00 MB) | CPU: 0.00%
2025-07-16 10:38:02,620 - HTMLGenerator - INFO - [TIMER] Starting: Acquire geometry for Indigenous_Protected_and_Conserved_Areas_IPCA
2025-07-16 10:38:02,721 - HTMLGenerator - INFO - [TIMER] Finished: Acquire geometry for Indigenous_Protected_and_Conserved_Areas_IPCA in 0.00 sec | Mem: 1032.01 MB (+0.00 MB) | CPU: 0.00%
2025-07-16 10:38:02,722 - HTMLGenerator - INFO - [TIMER] Starting: Convert Columns to strings
2025-07-16 10:38:02,827 - HTMLGenerator - INFO - [TIMER] Finished: Convert Columns to strings in 0.00 sec | Mem: 1032.01 MB (+0.00 MB) | CPU: 0.00%
2025-07-16 10:38:02,828 - HTMLGenerator - INFO - [TIMER] Starting: Acquire field data from spreadsheet; build out fields to summarize for popups
2025-07-16 10:38:02,930 - HTMLGenerator - INFO - [TIMER] Finished: Acquire field data from spreadsheet; build out fields to summarize for popups in 0.00 sec | Mem: 1032.01 MB (+0.00 MB) | CPU: 0.00%
2025-07-16 10:38:02,931 - HTMLGenerator - INFO - [TIMER] Starting: Get all popup fields and format
2025-07-16 10:38:03,033 - HTMLGenerator - INFO - [TIMER] Finished: Get all popup fields and format in 0.00 sec | Mem: 1032.01 MB (+0.00 MB) | CPU: 0.00%
2025-07-16 10:38:03,034 - HTMLGenerator - INFO - [TIMER] Starting: Determine all values and symbology to show in legend and map.
2025-07-16 10:38:03,136 - HTMLGenerator - INFO - [TIMER] Finished: Determine all values and symbology to show in legend and map. in 0.00 sec | Mem: 1032.01 MB (+0.00 MB) | CPU: 0.00%
2025-07-16 10:38:03,137 - HTMLGenerator - INFO - [TIMER] Starting: Get total bounds for the layer and set up map template.
2025-07-16 10:38:03,263 - HTMLGenerator - INFO - [TIMER] Finished: Get total bounds for the layer and set up map template. in 0.03 sec | Mem: 1032.01 MB (+0.00 MB) | CPU: 0.00%
2025-07-16 10:38:03,264 - HTMLGenerator - INFO - [TIMER] Starting: Create feature class layer and add to individual group and map
2025-07-16 10:38:03,376 - HTMLGenerator - INFO - [TIMER] Finished: Create feature class layer and add to individual group and map in 0.01 sec | Mem: 1032.01 MB (+0.00 MB) | CPU: 0.00%
2025-07-16 10:38:03,376 - HTMLGenerator - INFO - [TIMER] Starting: Create AOI layer and add to map
2025-07-16 10:38:03,518 - HTMLGenerator - INFO - [TIMER] Finished: Create AOI layer and add to map in 0.04 sec | Mem: 1032.01 MB (+0.00 MB) | CPU: 0.00%
2025-07-16 10:38:03,518 - HTMLGenerator - INFO - [TIMER] Starting: Generate tooltip fields
2025-07-16 10:38:03,620 - HTMLGenerator - INFO - [TIMER] Finished: Generate tooltip fields in 0.00 sec | Mem: 1032.01 MB (+0.00 MB) | CPU: 0.00%
2025-07-16 10:38:03,621 - HTMLGenerator - INFO - [TIMER] Starting: Create a feature group in the layers list to house all unique values
2025-07-16 10:38:03,733 - HTMLGenerator - INFO - [TIMER] Finished: Create a feature group in the layers list to house all unique values in 0.01 sec | Mem: 1032.01 MB (+0.00 MB) | CPU: 0.00%
2025-07-16 10:38:03,733 - HTMLGenerator - INFO - [TIMER] Starting: Create popup for each layer with overlap reporting
2025-07-16 10:38:03,857 - HTMLGenerator - INFO - [TIMER] Finished: Create popup for each layer with overlap reporting in 0.02 sec | Mem: 1032.01 MB (+0.00 MB) | CPU: 0.00%
2025-07-16 10:38:03,857 - HTMLGenerator - INFO - [TIMER] Starting: Create legend HTML for individual maps
2025-07-16 10:38:03,959 - HTMLGenerator - INFO - [TIMER] Finished: Create legend HTML for individual maps in 0.00 sec | Mem: 1032.01 MB (+0.00 MB) | CPU: 0.00%
2025-07-16 10:38:03,960 - HTMLGenerator - INFO - [TIMER] Starting: Add layer control for individual maps
2025-07-16 10:38:04,060 - HTMLGenerator - INFO - [TIMER] Finished: Add layer control for individual maps in 0.00 sec | Mem: 1032.01 MB (+0.00 MB) | CPU: 0.00%
2025-07-16 10:38:04,061 - HTMLGenerator - INFO - [TIMER] Starting: Add grouped layer control for individual maps; AOI, feature class
2025-07-16 10:38:04,162 - HTMLGenerator - INFO - [TIMER] Finished: Add grouped layer control for individual maps; AOI, feature class in 0.00 sec | Mem: 1032.01 MB (+0.00 MB) | CPU: 0.00%
2025-07-16 10:38:04,163 - HTMLGenerator - INFO - [TIMER] Starting: Save ind. map and cleanup
2025-07-16 10:38:04,322 - HTMLGenerator - INFO - [TIMER] Finished: Save ind. map and cleanup in 0.06 sec | Mem: 1032.01 MB (+0.00 MB) | CPU: 0.00%
2025-07-16 10:38:04,324 - HTMLGenerator - INFO - [TIMER] Starting: Acquire geodataframe for Agriculture_Land_Reserve
2025-07-16 10:38:04,352 - fiona._env - DEBUG - GDAL_DATA found in environment.
2025-07-16 10:38:04,354 - fiona._env - DEBUG - PROJ data found in package: path='P:\\corp\\central_clones\\python_geopandas\\Lib\\site-packages\\fiona\\proj_data'.
2025-07-16 10:38:06,115 - fiona._env - WARNING - PROJ: proj_identify: P:\corp\central_clones\python_geopandas\Lib\site-packages\fiona\proj_data\proj.db contains DATABASE.LAYOUT.VERSION.MINOR = 2 whereas a number >= 3 is expected. It comes from another PROJ installation.
2025-07-16 10:38:12,015 - fiona._env - WARNING - PROJ: proj_identify: P:\corp\central_clones\python_geopandas\Lib\site-packages\fiona\proj_data\proj.db contains DATABASE.LAYOUT.VERSION.MINOR = 2 whereas a number >= 3 is expected. It comes from another PROJ installation.
2025-07-16 10:38:12,255 - fiona._env - WARNING - PROJ: proj_identify: P:\corp\central_clones\python_geopandas\Lib\site-packages\fiona\proj_data\proj.db contains DATABASE.LAYOUT.VERSION.MINOR = 2 whereas a number >= 3 is expected. It comes from another PROJ installation.
2025-07-16 10:38:13,115 - fiona._env - DEBUG - GDAL_DATA found in environment.
2025-07-16 10:38:13,116 - fiona._env - DEBUG - PROJ data found in package: path='P:\\corp\\central_clones\\python_geopandas\\Lib\\site-packages\\fiona\\proj_data'.
2025-07-16 10:38:13,116 - fiona.ogrext - DEBUG - Got coordinate system
2025-07-16 10:38:13,129 - fiona.ogrext - DEBUG - Got coordinate system
2025-07-16 10:38:13,158 - fiona._env - WARNING - PROJ: proj_identify: P:\corp\central_clones\python_geopandas\Lib\site-packages\fiona\proj_data\proj.db contains DATABASE.LAYOUT.VERSION.MINOR = 2 whereas a number >= 3 is expected. It comes from another PROJ installation.
2025-07-16 10:38:13,158 - fiona.ogrext - DEBUG - OLC_FASTSETNEXTBYINDEX: 1
2025-07-16 10:38:13,158 - fiona.ogrext - DEBUG - OLC_FASTFEATURECOUNT: 1
2025-07-16 10:38:13,159 - fiona.ogrext - DEBUG - Next index: 0
2025-07-16 10:38:13,194 - fiona.collection - DEBUG - Flushed buffer
2025-07-16 10:38:13,196 - fiona.collection - DEBUG - Stopped session
2025-07-16 10:38:13,296 - HTMLGenerator - INFO - [TIMER] Finished: Acquire geodataframe for Agriculture_Land_Reserve in 8.87 sec | Mem: 1032.25 MB (+0.24 MB) | CPU: 0.00%
2025-07-16 10:38:13,299 - HTMLGenerator - INFO - [TIMER] Starting: Acquire geodataframe for Transportation_Corridors
2025-07-16 10:38:13,325 - fiona._env - DEBUG - GDAL_DATA found in environment.
2025-07-16 10:38:13,326 - fiona._env - DEBUG - PROJ data found in package: path='P:\\corp\\central_clones\\python_geopandas\\Lib\\site-packages\\fiona\\proj_data'.
2025-07-16 10:38:15,322 - fiona._env - WARNING - PROJ: proj_identify: P:\corp\central_clones\python_geopandas\Lib\site-packages\fiona\proj_data\proj.db contains DATABASE.LAYOUT.VERSION.MINOR = 2 whereas a number >= 3 is expected. It comes from another PROJ installation.
2025-07-16 10:38:22,809 - fiona._env - WARNING - PROJ: proj_identify: P:\corp\central_clones\python_geopandas\Lib\site-packages\fiona\proj_data\proj.db contains DATABASE.LAYOUT.VERSION.MINOR = 2 whereas a number >= 3 is expected. It comes from another PROJ installation.
2025-07-16 10:38:23,229 - fiona._env - WARNING - PROJ: proj_identify: P:\corp\central_clones\python_geopandas\Lib\site-packages\fiona\proj_data\proj.db contains DATABASE.LAYOUT.VERSION.MINOR = 2 whereas a number >= 3 is expected. It comes from another PROJ installation.
2025-07-16 10:38:24,501 - fiona._env - DEBUG - GDAL_DATA found in environment.
2025-07-16 10:38:24,502 - fiona._env - DEBUG - PROJ data found in package: path='P:\\corp\\central_clones\\python_geopandas\\Lib\\site-packages\\fiona\\proj_data'.
2025-07-16 10:38:24,503 - fiona.ogrext - DEBUG - Got coordinate system
2025-07-16 10:38:24,516 - fiona.ogrext - DEBUG - Got coordinate system
2025-07-16 10:38:24,556 - fiona._env - WARNING - PROJ: proj_identify: P:\corp\central_clones\python_geopandas\Lib\site-packages\fiona\proj_data\proj.db contains DATABASE.LAYOUT.VERSION.MINOR = 2 whereas a number >= 3 is expected. It comes from another PROJ installation.
2025-07-16 10:38:24,556 - fiona.ogrext - DEBUG - OLC_FASTSETNEXTBYINDEX: 1
2025-07-16 10:38:24,557 - fiona.ogrext - DEBUG - OLC_FASTFEATURECOUNT: 1
2025-07-16 10:38:24,557 - fiona.ogrext - DEBUG - Next index: 0
2025-07-16 10:38:24,593 - fiona.collection - DEBUG - Flushed buffer
2025-07-16 10:38:24,595 - fiona.collection - DEBUG - Stopped session
2025-07-16 10:38:24,696 - HTMLGenerator - INFO - [TIMER] Finished: Acquire geodataframe for Transportation_Corridors in 11.30 sec | Mem: 1032.26 MB (+0.00 MB) | CPU: 0.00%
2025-07-16 10:38:24,697 - HTMLGenerator - INFO - [TIMER] Starting: Acquire geodataframe for Alpine_Ski_Areas
2025-07-16 10:38:24,728 - fiona._env - DEBUG - GDAL_DATA found in environment.
2025-07-16 10:38:24,729 - fiona._env - DEBUG - PROJ data found in package: path='P:\\corp\\central_clones\\python_geopandas\\Lib\\site-packages\\fiona\\proj_data'.
2025-07-16 10:38:26,784 - fiona._env - WARNING - PROJ: proj_identify: P:\corp\central_clones\python_geopandas\Lib\site-packages\fiona\proj_data\proj.db contains DATABASE.LAYOUT.VERSION.MINOR = 2 whereas a number >= 3 is expected. It comes from another PROJ installation.
2025-07-16 10:38:32,649 - fiona._env - WARNING - PROJ: proj_identify: P:\corp\central_clones\python_geopandas\Lib\site-packages\fiona\proj_data\proj.db contains DATABASE.LAYOUT.VERSION.MINOR = 2 whereas a number >= 3 is expected. It comes from another PROJ installation.
2025-07-16 10:38:32,920 - fiona._env - WARNING - PROJ: proj_identify: P:\corp\central_clones\python_geopandas\Lib\site-packages\fiona\proj_data\proj.db contains DATABASE.LAYOUT.VERSION.MINOR = 2 whereas a number >= 3 is expected. It comes from another PROJ installation.
2025-07-16 10:38:33,973 - fiona._env - DEBUG - GDAL_DATA found in environment.
2025-07-16 10:38:33,974 - fiona._env - DEBUG - PROJ data found in package: path='P:\\corp\\central_clones\\python_geopandas\\Lib\\site-packages\\fiona\\proj_data'.
2025-07-16 10:38:33,975 - fiona.ogrext - DEBUG - Got coordinate system
2025-07-16 10:38:33,990 - fiona.ogrext - DEBUG - Got coordinate system
2025-07-16 10:38:34,018 - fiona._env - WARNING - PROJ: proj_identify: P:\corp\central_clones\python_geopandas\Lib\site-packages\fiona\proj_data\proj.db contains DATABASE.LAYOUT.VERSION.MINOR = 2 whereas a number >= 3 is expected. It comes from another PROJ installation.
2025-07-16 10:38:34,018 - fiona.ogrext - DEBUG - OLC_FASTSETNEXTBYINDEX: 1
2025-07-16 10:38:34,018 - fiona.ogrext - DEBUG - OLC_FASTFEATURECOUNT: 1
2025-07-16 10:38:34,019 - fiona.ogrext - DEBUG - Next index: 0
2025-07-16 10:38:34,052 - fiona.collection - DEBUG - Flushed buffer
2025-07-16 10:38:34,054 - fiona.collection - DEBUG - Stopped session
2025-07-16 10:38:34,155 - HTMLGenerator - INFO - [TIMER] Finished: Acquire geodataframe for Alpine_Ski_Areas in 9.36 sec | Mem: 1032.25 MB (-0.00 MB) | CPU: 0.00%
2025-07-16 10:38:34,156 - HTMLGenerator - INFO - [TIMER] Starting: Acquire geodataframe for Snowmobile_Management_Areas
2025-07-16 10:38:34,179 - fiona._env - DEBUG - GDAL_DATA found in environment.
2025-07-16 10:38:34,180 - fiona._env - DEBUG - PROJ data found in package: path='P:\\corp\\central_clones\\python_geopandas\\Lib\\site-packages\\fiona\\proj_data'.
2025-07-16 10:38:36,254 - fiona._env - WARNING - PROJ: proj_identify: P:\corp\central_clones\python_geopandas\Lib\site-packages\fiona\proj_data\proj.db contains DATABASE.LAYOUT.VERSION.MINOR = 2 whereas a number >= 3 is expected. It comes from another PROJ installation.
2025-07-16 10:38:43,156 - fiona._env - WARNING - PROJ: proj_identify: P:\corp\central_clones\python_geopandas\Lib\site-packages\fiona\proj_data\proj.db contains DATABASE.LAYOUT.VERSION.MINOR = 2 whereas a number >= 3 is expected. It comes from another PROJ installation.
2025-07-16 10:38:43,505 - fiona._env - WARNING - PROJ: proj_identify: P:\corp\central_clones\python_geopandas\Lib\site-packages\fiona\proj_data\proj.db contains DATABASE.LAYOUT.VERSION.MINOR = 2 whereas a number >= 3 is expected. It comes from another PROJ installation.
2025-07-16 10:38:44,635 - fiona._env - DEBUG - GDAL_DATA found in environment.
2025-07-16 10:38:44,637 - fiona._env - DEBUG - PROJ data found in package: path='P:\\corp\\central_clones\\python_geopandas\\Lib\\site-packages\\fiona\\proj_data'.
2025-07-16 10:38:44,638 - fiona.ogrext - DEBUG - Got coordinate system
2025-07-16 10:38:44,651 - fiona.ogrext - DEBUG - Got coordinate system
2025-07-16 10:38:44,677 - fiona._env - WARNING - PROJ: proj_identify: P:\corp\central_clones\python_geopandas\Lib\site-packages\fiona\proj_data\proj.db contains DATABASE.LAYOUT.VERSION.MINOR = 2 whereas a number >= 3 is expected. It comes from another PROJ installation.
2025-07-16 10:38:44,677 - fiona.ogrext - DEBUG - OLC_FASTSETNEXTBYINDEX: 1
2025-07-16 10:38:44,679 - fiona.ogrext - DEBUG - OLC_FASTFEATURECOUNT: 1
2025-07-16 10:38:44,679 - fiona.ogrext - DEBUG - Next index: 0
2025-07-16 10:38:44,717 - fiona.collection - DEBUG - Flushed buffer
2025-07-16 10:38:44,719 - fiona.collection - DEBUG - Stopped session
2025-07-16 10:38:44,819 - HTMLGenerator - INFO - [TIMER] Finished: Acquire geodataframe for Snowmobile_Management_Areas in 10.56 sec | Mem: 1032.25 MB (+0.00 MB) | CPU: 0.00%
2025-07-16 10:38:44,820 - HTMLGenerator - INFO - [TIMER] Starting: Acquire geodataframe for Reserve_Mineral_Sites
2025-07-16 10:38:44,843 - fiona._env - DEBUG - GDAL_DATA found in environment.
2025-07-16 10:38:44,846 - fiona._env - DEBUG - PROJ data found in package: path='P:\\corp\\central_clones\\python_geopandas\\Lib\\site-packages\\fiona\\proj_data'.
2025-07-16 10:38:47,313 - fiona._env - WARNING - PROJ: proj_identify: P:\corp\central_clones\python_geopandas\Lib\site-packages\fiona\proj_data\proj.db contains DATABASE.LAYOUT.VERSION.MINOR = 2 whereas a number >= 3 is expected. It comes from another PROJ installation.
2025-07-16 10:38:54,656 - fiona._env - WARNING - PROJ: proj_identify: P:\corp\central_clones\python_geopandas\Lib\site-packages\fiona\proj_data\proj.db contains DATABASE.LAYOUT.VERSION.MINOR = 2 whereas a number >= 3 is expected. It comes from another PROJ installation.
2025-07-16 10:38:54,944 - fiona._env - WARNING - PROJ: proj_identify: P:\corp\central_clones\python_geopandas\Lib\site-packages\fiona\proj_data\proj.db contains DATABASE.LAYOUT.VERSION.MINOR = 2 whereas a number >= 3 is expected. It comes from another PROJ installation.
2025-07-16 10:38:55,952 - fiona._env - DEBUG - GDAL_DATA found in environment.
2025-07-16 10:38:55,953 - fiona._env - DEBUG - PROJ data found in package: path='P:\\corp\\central_clones\\python_geopandas\\Lib\\site-packages\\fiona\\proj_data'.
2025-07-16 10:38:55,954 - fiona.ogrext - DEBUG - Got coordinate system
2025-07-16 10:38:55,970 - fiona.ogrext - DEBUG - Got coordinate system
2025-07-16 10:38:56,007 - fiona._env - WARNING - PROJ: proj_identify: P:\corp\central_clones\python_geopandas\Lib\site-packages\fiona\proj_data\proj.db contains DATABASE.LAYOUT.VERSION.MINOR = 2 whereas a number >= 3 is expected. It comes from another PROJ installation.
2025-07-16 10:38:56,008 - fiona.ogrext - DEBUG - OLC_FASTSETNEXTBYINDEX: 1
2025-07-16 10:38:56,008 - fiona.ogrext - DEBUG - OLC_FASTFEATURECOUNT: 1
2025-07-16 10:38:56,008 - fiona.ogrext - DEBUG - Next index: 0
2025-07-16 10:38:56,053 - fiona.collection - DEBUG - Flushed buffer
2025-07-16 10:38:56,055 - fiona.collection - DEBUG - Stopped session
2025-07-16 10:38:56,155 - HTMLGenerator - INFO - [TIMER] Finished: Acquire geodataframe for Reserve_Mineral_Sites in 11.23 sec | Mem: 1032.25 MB (+0.00 MB) | CPU: 0.00%
2025-07-16 10:38:56,156 - HTMLGenerator - INFO - [TIMER] Starting: Acquire geodataframe for Placer_Reserve_Sites
2025-07-16 10:38:56,184 - fiona._env - DEBUG - GDAL_DATA found in environment.
2025-07-16 10:38:56,186 - fiona._env - DEBUG - PROJ data found in package: path='P:\\corp\\central_clones\\python_geopandas\\Lib\\site-packages\\fiona\\proj_data'.
2025-07-16 10:38:58,353 - fiona._env - WARNING - PROJ: proj_identify: P:\corp\central_clones\python_geopandas\Lib\site-packages\fiona\proj_data\proj.db contains DATABASE.LAYOUT.VERSION.MINOR = 2 whereas a number >= 3 is expected. It comes from another PROJ installation.
2025-07-16 10:39:04,965 - fiona._env - WARNING - PROJ: proj_identify: P:\corp\central_clones\python_geopandas\Lib\site-packages\fiona\proj_data\proj.db contains DATABASE.LAYOUT.VERSION.MINOR = 2 whereas a number >= 3 is expected. It comes from another PROJ installation.
2025-07-16 10:39:05,254 - fiona._env - WARNING - PROJ: proj_identify: P:\corp\central_clones\python_geopandas\Lib\site-packages\fiona\proj_data\proj.db contains DATABASE.LAYOUT.VERSION.MINOR = 2 whereas a number >= 3 is expected. It comes from another PROJ installation.
2025-07-16 10:39:06,225 - fiona._env - DEBUG - GDAL_DATA found in environment.
2025-07-16 10:39:06,226 - fiona._env - DEBUG - PROJ data found in package: path='P:\\corp\\central_clones\\python_geopandas\\Lib\\site-packages\\fiona\\proj_data'.
2025-07-16 10:39:06,227 - fiona.ogrext - DEBUG - Got coordinate system
2025-07-16 10:39:06,241 - fiona.ogrext - DEBUG - Got coordinate system
2025-07-16 10:39:06,279 - fiona._env - WARNING - PROJ: proj_identify: P:\corp\central_clones\python_geopandas\Lib\site-packages\fiona\proj_data\proj.db contains DATABASE.LAYOUT.VERSION.MINOR = 2 whereas a number >= 3 is expected. It comes from another PROJ installation.
2025-07-16 10:39:06,279 - fiona.ogrext - DEBUG - OLC_FASTSETNEXTBYINDEX: 1
2025-07-16 10:39:06,279 - fiona.ogrext - DEBUG - OLC_FASTFEATURECOUNT: 1
2025-07-16 10:39:06,279 - fiona.ogrext - DEBUG - Next index: 0
2025-07-16 10:39:06,324 - fiona.collection - DEBUG - Flushed buffer
2025-07-16 10:39:06,327 - fiona.collection - DEBUG - Stopped session
2025-07-16 10:39:06,427 - HTMLGenerator - INFO - [TIMER] Finished: Acquire geodataframe for Placer_Reserve_Sites in 10.17 sec | Mem: 1032.58 MB (+0.33 MB) | CPU: 0.00%
2025-07-16 10:39:06,429 - HTMLGenerator - INFO - [TIMER] Starting: Acquire geodataframe for Species_and_Ecosystems_at_Risk_Public_Occurrences
2025-07-16 10:39:06,454 - fiona._env - DEBUG - GDAL_DATA found in environment.
2025-07-16 10:39:06,456 - fiona._env - DEBUG - PROJ data found in package: path='P:\\corp\\central_clones\\python_geopandas\\Lib\\site-packages\\fiona\\proj_data'.
2025-07-16 10:39:09,116 - fiona._env - WARNING - PROJ: proj_identify: P:\corp\central_clones\python_geopandas\Lib\site-packages\fiona\proj_data\proj.db contains DATABASE.LAYOUT.VERSION.MINOR = 2 whereas a number >= 3 is expected. It comes from another PROJ installation.
2025-07-16 10:39:16,346 - fiona._env - WARNING - PROJ: proj_identify: P:\corp\central_clones\python_geopandas\Lib\site-packages\fiona\proj_data\proj.db contains DATABASE.LAYOUT.VERSION.MINOR = 2 whereas a number >= 3 is expected. It comes from another PROJ installation.
2025-07-16 10:39:16,640 - fiona._env - WARNING - PROJ: proj_identify: P:\corp\central_clones\python_geopandas\Lib\site-packages\fiona\proj_data\proj.db contains DATABASE.LAYOUT.VERSION.MINOR = 2 whereas a number >= 3 is expected. It comes from another PROJ installation.
2025-07-16 10:39:17,500 - fiona._env - DEBUG - GDAL_DATA found in environment.
2025-07-16 10:39:17,501 - fiona._env - DEBUG - PROJ data found in package: path='P:\\corp\\central_clones\\python_geopandas\\Lib\\site-packages\\fiona\\proj_data'.
2025-07-16 10:39:17,501 - fiona.ogrext - DEBUG - Got coordinate system
2025-07-16 10:39:17,513 - fiona.ogrext - DEBUG - Got coordinate system
2025-07-16 10:39:17,535 - fiona._env - WARNING - PROJ: proj_identify: P:\corp\central_clones\python_geopandas\Lib\site-packages\fiona\proj_data\proj.db contains DATABASE.LAYOUT.VERSION.MINOR = 2 whereas a number >= 3 is expected. It comes from another PROJ installation.
2025-07-16 10:39:17,536 - fiona.ogrext - DEBUG - OLC_FASTSETNEXTBYINDEX: 1
2025-07-16 10:39:17,536 - fiona.ogrext - DEBUG - OLC_FASTFEATURECOUNT: 1
2025-07-16 10:39:17,536 - fiona.ogrext - DEBUG - Next index: 0
2025-07-16 10:39:17,536 - fiona.ogrext - DEBUG - Next index: 1
2025-07-16 10:39:17,539 - fiona.ogrext - DEBUG - Next index: 2
2025-07-16 10:39:17,579 - fiona.collection - DEBUG - Flushed buffer
2025-07-16 10:39:17,581 - fiona.collection - DEBUG - Stopped session
2025-07-16 10:39:17,682 - HTMLGenerator - INFO - [TIMER] Finished: Acquire geodataframe for Species_and_Ecosystems_at_Risk_Public_Occurrences in 11.15 sec | Mem: 1032.93 MB (+0.35 MB) | CPU: 0.00%
2025-07-16 10:39:17,683 - HTMLGenerator - INFO - [TIMER] Starting: Acquire geometry for Species_and_Ecosystems_at_Risk_Public_Occurrences
2025-07-16 10:39:17,784 - HTMLGenerator - INFO - [TIMER] Finished: Acquire geometry for Species_and_Ecosystems_at_Risk_Public_Occurrences in 0.00 sec | Mem: 1032.93 MB (+0.00 MB) | CPU: 0.00%
2025-07-16 10:39:17,785 - HTMLGenerator - INFO - [TIMER] Starting: Convert Columns to strings
2025-07-16 10:39:17,903 - HTMLGenerator - INFO - [TIMER] Finished: Convert Columns to strings in 0.02 sec | Mem: 1032.93 MB (+0.00 MB) | CPU: 0.00%
2025-07-16 10:39:17,904 - HTMLGenerator - INFO - [TIMER] Starting: Acquire field data from spreadsheet; build out fields to summarize for popups
2025-07-16 10:39:18,005 - HTMLGenerator - INFO - [TIMER] Finished: Acquire field data from spreadsheet; build out fields to summarize for popups in 0.00 sec | Mem: 1032.93 MB (+0.00 MB) | CPU: 0.00%
2025-07-16 10:39:18,005 - HTMLGenerator - INFO - [TIMER] Starting: Get all popup fields and format
2025-07-16 10:39:18,109 - HTMLGenerator - INFO - [TIMER] Finished: Get all popup fields and format in 0.00 sec | Mem: 1032.93 MB (+0.00 MB) | CPU: 0.00%
2025-07-16 10:39:18,109 - HTMLGenerator - INFO - [TIMER] Starting: Determine all values and symbology to show in legend and map.
2025-07-16 10:39:18,212 - HTMLGenerator - INFO - [TIMER] Finished: Determine all values and symbology to show in legend and map. in 0.00 sec | Mem: 1032.93 MB (+0.00 MB) | CPU: 0.00%
2025-07-16 10:39:18,213 - HTMLGenerator - INFO - [TIMER] Starting: Get total bounds for the layer and set up map template.
2025-07-16 10:39:18,339 - HTMLGenerator - INFO - [TIMER] Finished: Get total bounds for the layer and set up map template. in 0.03 sec | Mem: 1032.93 MB (+0.00 MB) | CPU: 0.00%
2025-07-16 10:39:18,339 - HTMLGenerator - INFO - [TIMER] Starting: Create feature class layer and add to individual group and map
2025-07-16 10:39:18,450 - HTMLGenerator - INFO - [TIMER] Finished: Create feature class layer and add to individual group and map in 0.01 sec | Mem: 1032.93 MB (+0.00 MB) | CPU: 0.00%
2025-07-16 10:39:18,450 - HTMLGenerator - INFO - [TIMER] Starting: Create AOI layer and add to map
2025-07-16 10:39:18,589 - HTMLGenerator - INFO - [TIMER] Finished: Create AOI layer and add to map in 0.04 sec | Mem: 1032.93 MB (+0.00 MB) | CPU: 0.00%
2025-07-16 10:39:18,590 - HTMLGenerator - INFO - [TIMER] Starting: Generate tooltip fields
2025-07-16 10:39:18,691 - HTMLGenerator - INFO - [TIMER] Finished: Generate tooltip fields in 0.00 sec | Mem: 1032.93 MB (+0.00 MB) | CPU: 0.00%
2025-07-16 10:39:18,692 - HTMLGenerator - INFO - [TIMER] Starting: Create a feature group in the layers list to house all unique values
2025-07-16 10:39:18,817 - HTMLGenerator - INFO - [TIMER] Finished: Create a feature group in the layers list to house all unique values in 0.02 sec | Mem: 1032.93 MB (+0.00 MB) | CPU: 0.00%
2025-07-16 10:39:18,820 - HTMLGenerator - INFO - [TIMER] Starting: Create popup for each layer with overlap reporting
2025-07-16 10:39:18,944 - HTMLGenerator - INFO - [TIMER] Finished: Create popup for each layer with overlap reporting in 0.02 sec | Mem: 1032.93 MB (+0.00 MB) | CPU: 0.00%
2025-07-16 10:39:18,944 - HTMLGenerator - INFO - [TIMER] Starting: Create legend HTML for individual maps
2025-07-16 10:39:19,047 - HTMLGenerator - INFO - [TIMER] Finished: Create legend HTML for individual maps in 0.00 sec | Mem: 1032.93 MB (+0.00 MB) | CPU: 0.00%
2025-07-16 10:39:19,048 - HTMLGenerator - INFO - [TIMER] Starting: Add layer control for individual maps
2025-07-16 10:39:19,148 - HTMLGenerator - INFO - [TIMER] Finished: Add layer control for individual maps in 0.00 sec | Mem: 1032.93 MB (+0.00 MB) | CPU: 0.00%
2025-07-16 10:39:19,148 - HTMLGenerator - INFO - [TIMER] Starting: Add grouped layer control for individual maps; AOI, feature class
2025-07-16 10:39:19,249 - HTMLGenerator - INFO - [TIMER] Finished: Add grouped layer control for individual maps; AOI, feature class in 0.00 sec | Mem: 1032.93 MB (+0.00 MB) | CPU: 0.00%
2025-07-16 10:39:19,250 - HTMLGenerator - INFO - [TIMER] Starting: Save ind. map and cleanup
2025-07-16 10:39:19,444 - HTMLGenerator - INFO - [TIMER] Finished: Save ind. map and cleanup in 0.09 sec | Mem: 1032.94 MB (+0.01 MB) | CPU: 0.00%
2025-07-16 10:39:19,446 - HTMLGenerator - INFO - [TIMER] Starting: Acquire geodataframe for Species_and_Ecosystems_at_Risk_Masked_Secured_Occurrences
2025-07-16 10:39:19,480 - fiona._env - DEBUG - GDAL_DATA found in environment.
2025-07-16 10:39:19,482 - fiona._env - DEBUG - PROJ data found in package: path='P:\\corp\\central_clones\\python_geopandas\\Lib\\site-packages\\fiona\\proj_data'.
2025-07-16 10:39:21,851 - fiona._env - WARNING - PROJ: proj_identify: P:\corp\central_clones\python_geopandas\Lib\site-packages\fiona\proj_data\proj.db contains DATABASE.LAYOUT.VERSION.MINOR = 2 whereas a number >= 3 is expected. It comes from another PROJ installation.
2025-07-16 10:39:27,822 - fiona._env - WARNING - PROJ: proj_identify: P:\corp\central_clones\python_geopandas\Lib\site-packages\fiona\proj_data\proj.db contains DATABASE.LAYOUT.VERSION.MINOR = 2 whereas a number >= 3 is expected. It comes from another PROJ installation.
2025-07-16 10:39:28,156 - fiona._env - WARNING - PROJ: proj_identify: P:\corp\central_clones\python_geopandas\Lib\site-packages\fiona\proj_data\proj.db contains DATABASE.LAYOUT.VERSION.MINOR = 2 whereas a number >= 3 is expected. It comes from another PROJ installation.
2025-07-16 10:39:29,153 - fiona._env - DEBUG - GDAL_DATA found in environment.
2025-07-16 10:39:29,155 - fiona._env - DEBUG - PROJ data found in package: path='P:\\corp\\central_clones\\python_geopandas\\Lib\\site-packages\\fiona\\proj_data'.
2025-07-16 10:39:29,155 - fiona.ogrext - DEBUG - Got coordinate system
2025-07-16 10:39:29,174 - fiona.ogrext - DEBUG - Got coordinate system
2025-07-16 10:39:29,209 - fiona._env - WARNING - PROJ: proj_identify: P:\corp\central_clones\python_geopandas\Lib\site-packages\fiona\proj_data\proj.db contains DATABASE.LAYOUT.VERSION.MINOR = 2 whereas a number >= 3 is expected. It comes from another PROJ installation.
2025-07-16 10:39:29,209 - fiona.ogrext - DEBUG - OLC_FASTSETNEXTBYINDEX: 1
2025-07-16 10:39:29,209 - fiona.ogrext - DEBUG - OLC_FASTFEATURECOUNT: 1
2025-07-16 10:39:29,209 - fiona.ogrext - DEBUG - Next index: 0
2025-07-16 10:39:29,257 - fiona.collection - DEBUG - Flushed buffer
2025-07-16 10:39:29,260 - fiona.collection - DEBUG - Stopped session
2025-07-16 10:39:29,360 - HTMLGenerator - INFO - [TIMER] Finished: Acquire geodataframe for Species_and_Ecosystems_at_Risk_Masked_Secured_Occurrences in 9.81 sec | Mem: 1032.94 MB (-0.00 MB) | CPU: 0.00%
2025-07-16 10:39:29,361 - HTMLGenerator - INFO - [TIMER] Starting: Acquire geodataframe for Community_Watersheds
2025-07-16 10:39:29,393 - fiona._env - DEBUG - GDAL_DATA found in environment.
2025-07-16 10:39:29,394 - fiona._env - DEBUG - PROJ data found in package: path='P:\\corp\\central_clones\\python_geopandas\\Lib\\site-packages\\fiona\\proj_data'.
2025-07-16 10:39:31,394 - fiona._env - WARNING - PROJ: proj_identify: P:\corp\central_clones\python_geopandas\Lib\site-packages\fiona\proj_data\proj.db contains DATABASE.LAYOUT.VERSION.MINOR = 2 whereas a number >= 3 is expected. It comes from another PROJ installation.
2025-07-16 10:39:37,337 - fiona._env - WARNING - PROJ: proj_identify: P:\corp\central_clones\python_geopandas\Lib\site-packages\fiona\proj_data\proj.db contains DATABASE.LAYOUT.VERSION.MINOR = 2 whereas a number >= 3 is expected. It comes from another PROJ installation.
2025-07-16 10:39:37,563 - fiona._env - WARNING - PROJ: proj_identify: P:\corp\central_clones\python_geopandas\Lib\site-packages\fiona\proj_data\proj.db contains DATABASE.LAYOUT.VERSION.MINOR = 2 whereas a number >= 3 is expected. It comes from another PROJ installation.
2025-07-16 10:39:38,351 - fiona._env - DEBUG - GDAL_DATA found in environment.
2025-07-16 10:39:38,352 - fiona._env - DEBUG - PROJ data found in package: path='P:\\corp\\central_clones\\python_geopandas\\Lib\\site-packages\\fiona\\proj_data'.
2025-07-16 10:39:38,353 - fiona.ogrext - DEBUG - Got coordinate system
2025-07-16 10:39:38,366 - fiona.ogrext - DEBUG - Got coordinate system
2025-07-16 10:39:38,390 - fiona._env - WARNING - PROJ: proj_identify: P:\corp\central_clones\python_geopandas\Lib\site-packages\fiona\proj_data\proj.db contains DATABASE.LAYOUT.VERSION.MINOR = 2 whereas a number >= 3 is expected. It comes from another PROJ installation.
2025-07-16 10:39:38,391 - fiona.ogrext - DEBUG - OLC_FASTSETNEXTBYINDEX: 1
2025-07-16 10:39:38,391 - fiona.ogrext - DEBUG - OLC_FASTFEATURECOUNT: 1
2025-07-16 10:39:38,391 - fiona.ogrext - DEBUG - Next index: 0
2025-07-16 10:39:38,425 - fiona.collection - DEBUG - Flushed buffer
2025-07-16 10:39:38,427 - fiona.collection - DEBUG - Stopped session
2025-07-16 10:39:38,527 - HTMLGenerator - INFO - [TIMER] Finished: Acquire geodataframe for Community_Watersheds in 9.06 sec | Mem: 1032.93 MB (-0.00 MB) | CPU: 0.00%
2025-07-16 10:39:38,528 - HTMLGenerator - INFO - [TIMER] Starting: Acquire geodataframe for Flood_Plains_in_BC
2025-07-16 10:39:38,551 - fiona._env - DEBUG - GDAL_DATA found in environment.
2025-07-16 10:39:38,552 - fiona._env - DEBUG - PROJ data found in package: path='P:\\corp\\central_clones\\python_geopandas\\Lib\\site-packages\\fiona\\proj_data'.
2025-07-16 10:39:40,889 - fiona._env - WARNING - PROJ: proj_identify: P:\corp\central_clones\python_geopandas\Lib\site-packages\fiona\proj_data\proj.db contains DATABASE.LAYOUT.VERSION.MINOR = 2 whereas a number >= 3 is expected. It comes from another PROJ installation.
2025-07-16 10:39:47,381 - fiona._env - WARNING - PROJ: proj_identify: P:\corp\central_clones\python_geopandas\Lib\site-packages\fiona\proj_data\proj.db contains DATABASE.LAYOUT.VERSION.MINOR = 2 whereas a number >= 3 is expected. It comes from another PROJ installation.
2025-07-16 10:39:47,628 - fiona._env - WARNING - PROJ: proj_identify: P:\corp\central_clones\python_geopandas\Lib\site-packages\fiona\proj_data\proj.db contains DATABASE.LAYOUT.VERSION.MINOR = 2 whereas a number >= 3 is expected. It comes from another PROJ installation.
2025-07-16 10:39:48,473 - fiona._env - DEBUG - GDAL_DATA found in environment.
2025-07-16 10:39:48,474 - fiona._env - DEBUG - PROJ data found in package: path='P:\\corp\\central_clones\\python_geopandas\\Lib\\site-packages\\fiona\\proj_data'.
2025-07-16 10:39:48,475 - fiona.ogrext - DEBUG - Got coordinate system
2025-07-16 10:39:48,488 - fiona.ogrext - DEBUG - Got coordinate system
2025-07-16 10:39:48,511 - fiona._env - WARNING - PROJ: proj_identify: P:\corp\central_clones\python_geopandas\Lib\site-packages\fiona\proj_data\proj.db contains DATABASE.LAYOUT.VERSION.MINOR = 2 whereas a number >= 3 is expected. It comes from another PROJ installation.
2025-07-16 10:39:48,511 - fiona.ogrext - DEBUG - OLC_FASTSETNEXTBYINDEX: 1
2025-07-16 10:39:48,512 - fiona.ogrext - DEBUG - OLC_FASTFEATURECOUNT: 1
2025-07-16 10:39:48,512 - fiona.ogrext - DEBUG - Next index: 0
2025-07-16 10:39:48,546 - fiona.collection - DEBUG - Flushed buffer
2025-07-16 10:39:48,547 - fiona.collection - DEBUG - Stopped session
2025-07-16 10:39:48,648 - HTMLGenerator - INFO - [TIMER] Finished: Acquire geodataframe for Flood_Plains_in_BC in 10.02 sec | Mem: 1032.93 MB (-0.00 MB) | CPU: 0.00%
2025-07-16 10:39:48,649 - HTMLGenerator - INFO - [TIMER] Starting: Acquire geodataframe for Water_Wells
2025-07-16 10:39:48,673 - fiona._env - DEBUG - GDAL_DATA found in environment.
2025-07-16 10:39:48,674 - fiona._env - DEBUG - PROJ data found in package: path='P:\\corp\\central_clones\\python_geopandas\\Lib\\site-packages\\fiona\\proj_data'.
2025-07-16 10:39:50,841 - fiona._env - WARNING - PROJ: proj_identify: P:\corp\central_clones\python_geopandas\Lib\site-packages\fiona\proj_data\proj.db contains DATABASE.LAYOUT.VERSION.MINOR = 2 whereas a number >= 3 is expected. It comes from another PROJ installation.
2025-07-16 10:39:56,629 - fiona._env - WARNING - PROJ: proj_identify: P:\corp\central_clones\python_geopandas\Lib\site-packages\fiona\proj_data\proj.db contains DATABASE.LAYOUT.VERSION.MINOR = 2 whereas a number >= 3 is expected. It comes from another PROJ installation.
2025-07-16 10:39:56,852 - fiona._env - WARNING - PROJ: proj_identify: P:\corp\central_clones\python_geopandas\Lib\site-packages\fiona\proj_data\proj.db contains DATABASE.LAYOUT.VERSION.MINOR = 2 whereas a number >= 3 is expected. It comes from another PROJ installation.
2025-07-16 10:39:57,758 - fiona._env - DEBUG - GDAL_DATA found in environment.
2025-07-16 10:39:57,759 - fiona._env - DEBUG - PROJ data found in package: path='P:\\corp\\central_clones\\python_geopandas\\Lib\\site-packages\\fiona\\proj_data'.
2025-07-16 10:39:57,760 - fiona.ogrext - DEBUG - Got coordinate system
2025-07-16 10:39:57,776 - fiona.ogrext - DEBUG - Got coordinate system
2025-07-16 10:39:57,819 - fiona._env - WARNING - PROJ: proj_identify: P:\corp\central_clones\python_geopandas\Lib\site-packages\fiona\proj_data\proj.db contains DATABASE.LAYOUT.VERSION.MINOR = 2 whereas a number >= 3 is expected. It comes from another PROJ installation.
2025-07-16 10:39:57,819 - fiona.ogrext - DEBUG - OLC_FASTSETNEXTBYINDEX: 1
2025-07-16 10:39:57,819 - fiona.ogrext - DEBUG - OLC_FASTFEATURECOUNT: 1
2025-07-16 10:39:57,819 - fiona.ogrext - DEBUG - Next index: 0
2025-07-16 10:39:57,857 - fiona.collection - DEBUG - Flushed buffer
2025-07-16 10:39:57,859 - fiona.collection - DEBUG - Stopped session
2025-07-16 10:39:57,961 - HTMLGenerator - INFO - [TIMER] Finished: Acquire geodataframe for Water_Wells in 9.21 sec | Mem: 1032.93 MB (+0.00 MB) | CPU: 0.00%
2025-07-16 10:39:57,962 - HTMLGenerator - INFO - [TIMER] Starting: Acquire geodataframe for Ground_Water_Aquifers
2025-07-16 10:39:57,985 - fiona._env - DEBUG - GDAL_DATA found in environment.
2025-07-16 10:39:57,986 - fiona._env - DEBUG - PROJ data found in package: path='P:\\corp\\central_clones\\python_geopandas\\Lib\\site-packages\\fiona\\proj_data'.
2025-07-16 10:40:00,066 - fiona._env - WARNING - PROJ: proj_identify: P:\corp\central_clones\python_geopandas\Lib\site-packages\fiona\proj_data\proj.db contains DATABASE.LAYOUT.VERSION.MINOR = 2 whereas a number >= 3 is expected. It comes from another PROJ installation.
2025-07-16 10:40:07,825 - fiona._env - WARNING - PROJ: proj_identify: P:\corp\central_clones\python_geopandas\Lib\site-packages\fiona\proj_data\proj.db contains DATABASE.LAYOUT.VERSION.MINOR = 2 whereas a number >= 3 is expected. It comes from another PROJ installation.
2025-07-16 10:40:08,068 - fiona._env - WARNING - PROJ: proj_identify: P:\corp\central_clones\python_geopandas\Lib\site-packages\fiona\proj_data\proj.db contains DATABASE.LAYOUT.VERSION.MINOR = 2 whereas a number >= 3 is expected. It comes from another PROJ installation.
2025-07-16 10:40:08,926 - fiona._env - DEBUG - GDAL_DATA found in environment.
2025-07-16 10:40:08,928 - fiona._env - DEBUG - PROJ data found in package: path='P:\\corp\\central_clones\\python_geopandas\\Lib\\site-packages\\fiona\\proj_data'.
2025-07-16 10:40:08,928 - fiona.ogrext - DEBUG - Got coordinate system
2025-07-16 10:40:08,940 - fiona.ogrext - DEBUG - Got coordinate system
2025-07-16 10:40:08,967 - fiona._env - WARNING - PROJ: proj_identify: P:\corp\central_clones\python_geopandas\Lib\site-packages\fiona\proj_data\proj.db contains DATABASE.LAYOUT.VERSION.MINOR = 2 whereas a number >= 3 is expected. It comes from another PROJ installation.
2025-07-16 10:40:08,967 - fiona.ogrext - DEBUG - OLC_FASTSETNEXTBYINDEX: 1
2025-07-16 10:40:08,967 - fiona.ogrext - DEBUG - OLC_FASTFEATURECOUNT: 1
2025-07-16 10:40:08,967 - fiona.ogrext - DEBUG - Next index: 0
2025-07-16 10:40:09,001 - fiona.collection - DEBUG - Flushed buffer
2025-07-16 10:40:09,003 - fiona.collection - DEBUG - Stopped session
2025-07-16 10:40:09,104 - HTMLGenerator - INFO - [TIMER] Finished: Acquire geodataframe for Ground_Water_Aquifers in 11.04 sec | Mem: 1032.93 MB (+0.00 MB) | CPU: 0.00%
2025-07-16 10:40:09,105 - HTMLGenerator - INFO - [TIMER] Starting: Acquire geodataframe for Water_Reservations_Points
2025-07-16 10:40:09,127 - fiona._env - DEBUG - GDAL_DATA found in environment.
2025-07-16 10:40:09,128 - fiona._env - DEBUG - PROJ data found in package: path='P:\\corp\\central_clones\\python_geopandas\\Lib\\site-packages\\fiona\\proj_data'.
2025-07-16 10:40:11,168 - fiona._env - WARNING - PROJ: proj_identify: P:\corp\central_clones\python_geopandas\Lib\site-packages\fiona\proj_data\proj.db contains DATABASE.LAYOUT.VERSION.MINOR = 2 whereas a number >= 3 is expected. It comes from another PROJ installation.
2025-07-16 10:40:19,500 - fiona._env - WARNING - PROJ: proj_identify: P:\corp\central_clones\python_geopandas\Lib\site-packages\fiona\proj_data\proj.db contains DATABASE.LAYOUT.VERSION.MINOR = 2 whereas a number >= 3 is expected. It comes from another PROJ installation.
2025-07-16 10:40:19,856 - fiona._env - WARNING - PROJ: proj_identify: P:\corp\central_clones\python_geopandas\Lib\site-packages\fiona\proj_data\proj.db contains DATABASE.LAYOUT.VERSION.MINOR = 2 whereas a number >= 3 is expected. It comes from another PROJ installation.
2025-07-16 10:40:21,005 - fiona._env - DEBUG - GDAL_DATA found in environment.
2025-07-16 10:40:21,006 - fiona._env - DEBUG - PROJ data found in package: path='P:\\corp\\central_clones\\python_geopandas\\Lib\\site-packages\\fiona\\proj_data'.
2025-07-16 10:40:21,007 - fiona.ogrext - DEBUG - Got coordinate system
2025-07-16 10:40:21,029 - fiona.ogrext - DEBUG - Got coordinate system
2025-07-16 10:40:21,075 - fiona._env - WARNING - PROJ: proj_identify: P:\corp\central_clones\python_geopandas\Lib\site-packages\fiona\proj_data\proj.db contains DATABASE.LAYOUT.VERSION.MINOR = 2 whereas a number >= 3 is expected. It comes from another PROJ installation.
2025-07-16 10:40:21,075 - fiona.ogrext - DEBUG - OLC_FASTSETNEXTBYINDEX: 1
2025-07-16 10:40:21,075 - fiona.ogrext - DEBUG - OLC_FASTFEATURECOUNT: 1
2025-07-16 10:40:21,075 - fiona.ogrext - DEBUG - Next index: 0
2025-07-16 10:40:21,132 - fiona.collection - DEBUG - Flushed buffer
2025-07-16 10:40:21,135 - fiona.collection - DEBUG - Stopped session
2025-07-16 10:40:21,236 - HTMLGenerator - INFO - [TIMER] Finished: Acquire geodataframe for Water_Reservations_Points in 12.03 sec | Mem: 1032.93 MB (+0.00 MB) | CPU: 0.00%
2025-07-16 10:40:21,237 - HTMLGenerator - INFO - [TIMER] Starting: Acquire geodataframe for Water_Allocation_Notation_Points
2025-07-16 10:40:21,268 - fiona._env - DEBUG - GDAL_DATA found in environment.
2025-07-16 10:40:21,270 - fiona._env - DEBUG - PROJ data found in package: path='P:\\corp\\central_clones\\python_geopandas\\Lib\\site-packages\\fiona\\proj_data'.
2025-07-16 10:40:23,705 - fiona._env - WARNING - PROJ: proj_identify: P:\corp\central_clones\python_geopandas\Lib\site-packages\fiona\proj_data\proj.db contains DATABASE.LAYOUT.VERSION.MINOR = 2 whereas a number >= 3 is expected. It comes from another PROJ installation.
2025-07-16 10:40:32,283 - fiona._env - WARNING - PROJ: proj_identify: P:\corp\central_clones\python_geopandas\Lib\site-packages\fiona\proj_data\proj.db contains DATABASE.LAYOUT.VERSION.MINOR = 2 whereas a number >= 3 is expected. It comes from another PROJ installation.
2025-07-16 10:40:32,639 - fiona._env - WARNING - PROJ: proj_identify: P:\corp\central_clones\python_geopandas\Lib\site-packages\fiona\proj_data\proj.db contains DATABASE.LAYOUT.VERSION.MINOR = 2 whereas a number >= 3 is expected. It comes from another PROJ installation.
2025-07-16 10:40:33,853 - fiona._env - DEBUG - GDAL_DATA found in environment.
2025-07-16 10:40:33,854 - fiona._env - DEBUG - PROJ data found in package: path='P:\\corp\\central_clones\\python_geopandas\\Lib\\site-packages\\fiona\\proj_data'.
2025-07-16 10:40:33,855 - fiona.ogrext - DEBUG - Got coordinate system
2025-07-16 10:40:33,875 - fiona.ogrext - DEBUG - Got coordinate system
2025-07-16 10:40:33,920 - fiona._env - WARNING - PROJ: proj_identify: P:\corp\central_clones\python_geopandas\Lib\site-packages\fiona\proj_data\proj.db contains DATABASE.LAYOUT.VERSION.MINOR = 2 whereas a number >= 3 is expected. It comes from another PROJ installation.
2025-07-16 10:40:33,920 - fiona.ogrext - DEBUG - OLC_FASTSETNEXTBYINDEX: 1
2025-07-16 10:40:33,920 - fiona.ogrext - DEBUG - OLC_FASTFEATURECOUNT: 1
2025-07-16 10:40:33,920 - fiona.ogrext - DEBUG - Next index: 0
2025-07-16 10:40:33,969 - fiona.collection - DEBUG - Flushed buffer
2025-07-16 10:40:33,972 - fiona.collection - DEBUG - Stopped session
2025-07-16 10:40:34,073 - HTMLGenerator - INFO - [TIMER] Finished: Acquire geodataframe for Water_Allocation_Notation_Points in 12.73 sec | Mem: 1032.93 MB (-0.00 MB) | CPU: 0.00%
2025-07-16 10:40:34,075 - HTMLGenerator - INFO - [TIMER] Starting: Acquire geodataframe for Non_Trim_Hydrography
2025-07-16 10:40:34,105 - fiona._env - DEBUG - GDAL_DATA found in environment.
2025-07-16 10:40:34,106 - fiona._env - DEBUG - PROJ data found in package: path='P:\\corp\\central_clones\\python_geopandas\\Lib\\site-packages\\fiona\\proj_data'.
2025-07-16 10:40:36,576 - fiona._env - WARNING - PROJ: proj_identify: P:\corp\central_clones\python_geopandas\Lib\site-packages\fiona\proj_data\proj.db contains DATABASE.LAYOUT.VERSION.MINOR = 2 whereas a number >= 3 is expected. It comes from another PROJ installation.
2025-07-16 10:40:44,208 - fiona._env - WARNING - PROJ: proj_identify: P:\corp\central_clones\python_geopandas\Lib\site-packages\fiona\proj_data\proj.db contains DATABASE.LAYOUT.VERSION.MINOR = 2 whereas a number >= 3 is expected. It comes from another PROJ installation.
2025-07-16 10:40:44,527 - fiona._env - WARNING - PROJ: proj_identify: P:\corp\central_clones\python_geopandas\Lib\site-packages\fiona\proj_data\proj.db contains DATABASE.LAYOUT.VERSION.MINOR = 2 whereas a number >= 3 is expected. It comes from another PROJ installation.
2025-07-16 10:40:45,607 - fiona._env - DEBUG - GDAL_DATA found in environment.
2025-07-16 10:40:45,609 - fiona._env - DEBUG - PROJ data found in package: path='P:\\corp\\central_clones\\python_geopandas\\Lib\\site-packages\\fiona\\proj_data'.
2025-07-16 10:40:45,610 - fiona.ogrext - DEBUG - Got coordinate system
2025-07-16 10:40:45,629 - fiona.ogrext - DEBUG - Got coordinate system
2025-07-16 10:40:45,662 - fiona._env - WARNING - PROJ: proj_identify: P:\corp\central_clones\python_geopandas\Lib\site-packages\fiona\proj_data\proj.db contains DATABASE.LAYOUT.VERSION.MINOR = 2 whereas a number >= 3 is expected. It comes from another PROJ installation.
2025-07-16 10:40:45,662 - fiona.ogrext - DEBUG - OLC_FASTSETNEXTBYINDEX: 1
2025-07-16 10:40:45,663 - fiona.ogrext - DEBUG - OLC_FASTFEATURECOUNT: 1
2025-07-16 10:40:45,663 - fiona.ogrext - DEBUG - Next index: 0
2025-07-16 10:40:45,719 - fiona.collection - DEBUG - Flushed buffer
2025-07-16 10:40:45,722 - fiona.collection - DEBUG - Stopped session
2025-07-16 10:40:45,822 - HTMLGenerator - INFO - [TIMER] Finished: Acquire geodataframe for Non_Trim_Hydrography in 11.65 sec | Mem: 1032.93 MB (+0.00 MB) | CPU: 0.00%
2025-07-16 10:40:45,823 - HTMLGenerator - INFO - [TIMER] Starting: Acquire geodataframe for Flood_Protection_Works_Appurtenant_Structures
2025-07-16 10:40:45,848 - fiona._env - DEBUG - GDAL_DATA found in environment.
2025-07-16 10:40:45,850 - fiona._env - DEBUG - PROJ data found in package: path='P:\\corp\\central_clones\\python_geopandas\\Lib\\site-packages\\fiona\\proj_data'.
2025-07-16 10:40:48,032 - fiona._env - WARNING - PROJ: proj_identify: P:\corp\central_clones\python_geopandas\Lib\site-packages\fiona\proj_data\proj.db contains DATABASE.LAYOUT.VERSION.MINOR = 2 whereas a number >= 3 is expected. It comes from another PROJ installation.
2025-07-16 10:40:54,951 - fiona._env - WARNING - PROJ: proj_identify: P:\corp\central_clones\python_geopandas\Lib\site-packages\fiona\proj_data\proj.db contains DATABASE.LAYOUT.VERSION.MINOR = 2 whereas a number >= 3 is expected. It comes from another PROJ installation.
2025-07-16 10:40:55,206 - fiona._env - WARNING - PROJ: proj_identify: P:\corp\central_clones\python_geopandas\Lib\site-packages\fiona\proj_data\proj.db contains DATABASE.LAYOUT.VERSION.MINOR = 2 whereas a number >= 3 is expected. It comes from another PROJ installation.
2025-07-16 10:40:56,174 - fiona._env - DEBUG - GDAL_DATA found in environment.
2025-07-16 10:40:56,175 - fiona._env - DEBUG - PROJ data found in package: path='P:\\corp\\central_clones\\python_geopandas\\Lib\\site-packages\\fiona\\proj_data'.
2025-07-16 10:40:56,176 - fiona.ogrext - DEBUG - Got coordinate system
2025-07-16 10:40:56,187 - fiona.ogrext - DEBUG - Got coordinate system
2025-07-16 10:40:56,211 - fiona._env - WARNING - PROJ: proj_identify: P:\corp\central_clones\python_geopandas\Lib\site-packages\fiona\proj_data\proj.db contains DATABASE.LAYOUT.VERSION.MINOR = 2 whereas a number >= 3 is expected. It comes from another PROJ installation.
2025-07-16 10:40:56,211 - fiona.ogrext - DEBUG - OLC_FASTSETNEXTBYINDEX: 1
2025-07-16 10:40:56,211 - fiona.ogrext - DEBUG - OLC_FASTFEATURECOUNT: 1
2025-07-16 10:40:56,212 - fiona.ogrext - DEBUG - Next index: 0
2025-07-16 10:40:56,246 - fiona.collection - DEBUG - Flushed buffer
2025-07-16 10:40:56,248 - fiona.collection - DEBUG - Stopped session
2025-07-16 10:40:56,348 - HTMLGenerator - INFO - [TIMER] Finished: Acquire geodataframe for Flood_Protection_Works_Appurtenant_Structures in 10.42 sec | Mem: 1032.93 MB (+0.00 MB) | CPU: 0.00%
2025-07-16 10:40:56,349 - HTMLGenerator - INFO - [TIMER] Starting: Acquire geodataframe for Active_Snow_Course_Locations
2025-07-16 10:40:56,371 - fiona._env - DEBUG - GDAL_DATA found in environment.
2025-07-16 10:40:56,372 - fiona._env - DEBUG - PROJ data found in package: path='P:\\corp\\central_clones\\python_geopandas\\Lib\\site-packages\\fiona\\proj_data'.
2025-07-16 10:40:58,346 - fiona._env - WARNING - PROJ: proj_identify: P:\corp\central_clones\python_geopandas\Lib\site-packages\fiona\proj_data\proj.db contains DATABASE.LAYOUT.VERSION.MINOR = 2 whereas a number >= 3 is expected. It comes from another PROJ installation.
2025-07-16 10:41:04,090 - fiona._env - WARNING - PROJ: proj_identify: P:\corp\central_clones\python_geopandas\Lib\site-packages\fiona\proj_data\proj.db contains DATABASE.LAYOUT.VERSION.MINOR = 2 whereas a number >= 3 is expected. It comes from another PROJ installation.
2025-07-16 10:41:04,330 - fiona._env - WARNING - PROJ: proj_identify: P:\corp\central_clones\python_geopandas\Lib\site-packages\fiona\proj_data\proj.db contains DATABASE.LAYOUT.VERSION.MINOR = 2 whereas a number >= 3 is expected. It comes from another PROJ installation.
2025-07-16 10:41:05,158 - fiona._env - DEBUG - GDAL_DATA found in environment.
2025-07-16 10:41:05,159 - fiona._env - DEBUG - PROJ data found in package: path='P:\\corp\\central_clones\\python_geopandas\\Lib\\site-packages\\fiona\\proj_data'.
2025-07-16 10:41:05,160 - fiona.ogrext - DEBUG - Got coordinate system
2025-07-16 10:41:05,174 - fiona.ogrext - DEBUG - Got coordinate system
2025-07-16 10:41:05,198 - fiona._env - WARNING - PROJ: proj_identify: P:\corp\central_clones\python_geopandas\Lib\site-packages\fiona\proj_data\proj.db contains DATABASE.LAYOUT.VERSION.MINOR = 2 whereas a number >= 3 is expected. It comes from another PROJ installation.
2025-07-16 10:41:05,198 - fiona.ogrext - DEBUG - OLC_FASTSETNEXTBYINDEX: 1
2025-07-16 10:41:05,198 - fiona.ogrext - DEBUG - OLC_FASTFEATURECOUNT: 1
2025-07-16 10:41:05,198 - fiona.ogrext - DEBUG - Next index: 0
2025-07-16 10:41:05,249 - fiona.collection - DEBUG - Flushed buffer
2025-07-16 10:41:05,251 - fiona.collection - DEBUG - Stopped session
2025-07-16 10:41:05,352 - HTMLGenerator - INFO - [TIMER] Finished: Acquire geodataframe for Active_Snow_Course_Locations in 8.90 sec | Mem: 1032.93 MB (+0.00 MB) | CPU: 0.00%
2025-07-16 10:41:05,353 - HTMLGenerator - INFO - [TIMER] Starting: Acquire geodataframe for Active_Snow_Pillow_Locations
2025-07-16 10:41:05,377 - fiona._env - DEBUG - GDAL_DATA found in environment.
2025-07-16 10:41:05,379 - fiona._env - DEBUG - PROJ data found in package: path='P:\\corp\\central_clones\\python_geopandas\\Lib\\site-packages\\fiona\\proj_data'.
2025-07-16 10:41:07,739 - fiona._env - WARNING - PROJ: proj_identify: P:\corp\central_clones\python_geopandas\Lib\site-packages\fiona\proj_data\proj.db contains DATABASE.LAYOUT.VERSION.MINOR = 2 whereas a number >= 3 is expected. It comes from another PROJ installation.
2025-07-16 10:41:13,784 - fiona._env - WARNING - PROJ: proj_identify: P:\corp\central_clones\python_geopandas\Lib\site-packages\fiona\proj_data\proj.db contains DATABASE.LAYOUT.VERSION.MINOR = 2 whereas a number >= 3 is expected. It comes from another PROJ installation.
2025-07-16 10:41:14,036 - fiona._env - WARNING - PROJ: proj_identify: P:\corp\central_clones\python_geopandas\Lib\site-packages\fiona\proj_data\proj.db contains DATABASE.LAYOUT.VERSION.MINOR = 2 whereas a number >= 3 is expected. It comes from another PROJ installation.
2025-07-16 10:41:14,950 - fiona._env - DEBUG - GDAL_DATA found in environment.
2025-07-16 10:41:14,951 - fiona._env - DEBUG - PROJ data found in package: path='P:\\corp\\central_clones\\python_geopandas\\Lib\\site-packages\\fiona\\proj_data'.
2025-07-16 10:41:14,952 - fiona.ogrext - DEBUG - Got coordinate system
2025-07-16 10:41:14,964 - fiona.ogrext - DEBUG - Got coordinate system
2025-07-16 10:41:14,991 - fiona._env - WARNING - PROJ: proj_identify: P:\corp\central_clones\python_geopandas\Lib\site-packages\fiona\proj_data\proj.db contains DATABASE.LAYOUT.VERSION.MINOR = 2 whereas a number >= 3 is expected. It comes from another PROJ installation.
2025-07-16 10:41:14,991 - fiona.ogrext - DEBUG - OLC_FASTSETNEXTBYINDEX: 1
2025-07-16 10:41:14,992 - fiona.ogrext - DEBUG - OLC_FASTFEATURECOUNT: 1
2025-07-16 10:41:14,992 - fiona.ogrext - DEBUG - Next index: 0
2025-07-16 10:41:15,025 - fiona.collection - DEBUG - Flushed buffer
2025-07-16 10:41:15,027 - fiona.collection - DEBUG - Stopped session
2025-07-16 10:41:15,127 - HTMLGenerator - INFO - [TIMER] Finished: Acquire geodataframe for Active_Snow_Pillow_Locations in 9.67 sec | Mem: 1032.93 MB (-0.00 MB) | CPU: 0.00%
2025-07-16 10:41:15,128 - HTMLGenerator - INFO - [TIMER] Starting: Acquire geodataframe for Wildlife_Habitat_Area_Legal
2025-07-16 10:41:15,150 - fiona._env - DEBUG - GDAL_DATA found in environment.
2025-07-16 10:41:15,151 - fiona._env - DEBUG - PROJ data found in package: path='P:\\corp\\central_clones\\python_geopandas\\Lib\\site-packages\\fiona\\proj_data'.
2025-07-16 10:41:17,092 - fiona._env - WARNING - PROJ: proj_identify: P:\corp\central_clones\python_geopandas\Lib\site-packages\fiona\proj_data\proj.db contains DATABASE.LAYOUT.VERSION.MINOR = 2 whereas a number >= 3 is expected. It comes from another PROJ installation.
2025-07-16 10:41:23,019 - fiona._env - WARNING - PROJ: proj_identify: P:\corp\central_clones\python_geopandas\Lib\site-packages\fiona\proj_data\proj.db contains DATABASE.LAYOUT.VERSION.MINOR = 2 whereas a number >= 3 is expected. It comes from another PROJ installation.
2025-07-16 10:41:23,249 - fiona._env - WARNING - PROJ: proj_identify: P:\corp\central_clones\python_geopandas\Lib\site-packages\fiona\proj_data\proj.db contains DATABASE.LAYOUT.VERSION.MINOR = 2 whereas a number >= 3 is expected. It comes from another PROJ installation.
2025-07-16 10:41:24,111 - fiona._env - DEBUG - GDAL_DATA found in environment.
2025-07-16 10:41:24,112 - fiona._env - DEBUG - PROJ data found in package: path='P:\\corp\\central_clones\\python_geopandas\\Lib\\site-packages\\fiona\\proj_data'.
2025-07-16 10:41:24,113 - fiona.ogrext - DEBUG - Got coordinate system
2025-07-16 10:41:24,129 - fiona.ogrext - DEBUG - Got coordinate system
2025-07-16 10:41:24,159 - fiona._env - WARNING - PROJ: proj_identify: P:\corp\central_clones\python_geopandas\Lib\site-packages\fiona\proj_data\proj.db contains DATABASE.LAYOUT.VERSION.MINOR = 2 whereas a number >= 3 is expected. It comes from another PROJ installation.
2025-07-16 10:41:24,159 - fiona.ogrext - DEBUG - OLC_FASTSETNEXTBYINDEX: 1
2025-07-16 10:41:24,159 - fiona.ogrext - DEBUG - OLC_FASTFEATURECOUNT: 1
2025-07-16 10:41:24,159 - fiona.ogrext - DEBUG - Next index: 0
2025-07-16 10:41:24,195 - fiona.collection - DEBUG - Flushed buffer
2025-07-16 10:41:24,197 - fiona.collection - DEBUG - Stopped session
2025-07-16 10:41:24,297 - HTMLGenerator - INFO - [TIMER] Finished: Acquire geodataframe for Wildlife_Habitat_Area_Legal in 9.07 sec | Mem: 1032.93 MB (+0.00 MB) | CPU: 0.00%
2025-07-16 10:41:24,298 - HTMLGenerator - INFO - [TIMER] Starting: Acquire geodataframe for Wildlife_Habitat_Proposed
2025-07-16 10:41:24,321 - fiona._env - DEBUG - GDAL_DATA found in environment.
2025-07-16 10:41:24,322 - fiona._env - DEBUG - PROJ data found in package: path='P:\\corp\\central_clones\\python_geopandas\\Lib\\site-packages\\fiona\\proj_data'.
2025-07-16 10:41:26,238 - fiona._env - WARNING - PROJ: proj_identify: P:\corp\central_clones\python_geopandas\Lib\site-packages\fiona\proj_data\proj.db contains DATABASE.LAYOUT.VERSION.MINOR = 2 whereas a number >= 3 is expected. It comes from another PROJ installation.
2025-07-16 10:41:32,228 - fiona._env - WARNING - PROJ: proj_identify: P:\corp\central_clones\python_geopandas\Lib\site-packages\fiona\proj_data\proj.db contains DATABASE.LAYOUT.VERSION.MINOR = 2 whereas a number >= 3 is expected. It comes from another PROJ installation.
2025-07-16 10:41:32,486 - fiona._env - WARNING - PROJ: proj_identify: P:\corp\central_clones\python_geopandas\Lib\site-packages\fiona\proj_data\proj.db contains DATABASE.LAYOUT.VERSION.MINOR = 2 whereas a number >= 3 is expected. It comes from another PROJ installation.
2025-07-16 10:41:33,348 - fiona._env - DEBUG - GDAL_DATA found in environment.
2025-07-16 10:41:33,350 - fiona._env - DEBUG - PROJ data found in package: path='P:\\corp\\central_clones\\python_geopandas\\Lib\\site-packages\\fiona\\proj_data'.
2025-07-16 10:41:33,350 - fiona.ogrext - DEBUG - Got coordinate system
2025-07-16 10:41:33,362 - fiona.ogrext - DEBUG - Got coordinate system
2025-07-16 10:41:33,389 - fiona._env - WARNING - PROJ: proj_identify: P:\corp\central_clones\python_geopandas\Lib\site-packages\fiona\proj_data\proj.db contains DATABASE.LAYOUT.VERSION.MINOR = 2 whereas a number >= 3 is expected. It comes from another PROJ installation.
2025-07-16 10:41:33,390 - fiona.ogrext - DEBUG - OLC_FASTSETNEXTBYINDEX: 1
2025-07-16 10:41:33,390 - fiona.ogrext - DEBUG - OLC_FASTFEATURECOUNT: 1
2025-07-16 10:41:33,390 - fiona.ogrext - DEBUG - Next index: 0
2025-07-16 10:41:33,424 - fiona.collection - DEBUG - Flushed buffer
2025-07-16 10:41:33,426 - fiona.collection - DEBUG - Stopped session
2025-07-16 10:41:33,526 - HTMLGenerator - INFO - [TIMER] Finished: Acquire geodataframe for Wildlife_Habitat_Proposed in 9.13 sec | Mem: 1032.93 MB (+0.00 MB) | CPU: 0.00%
2025-07-16 10:41:33,527 - HTMLGenerator - INFO - [TIMER] Starting: Acquire geodataframe for Ungulate_Winter_Range_Legal
2025-07-16 10:41:33,550 - fiona._env - DEBUG - GDAL_DATA found in environment.
2025-07-16 10:41:33,551 - fiona._env - DEBUG - PROJ data found in package: path='P:\\corp\\central_clones\\python_geopandas\\Lib\\site-packages\\fiona\\proj_data'.
2025-07-16 10:41:35,305 - fiona._env - WARNING - PROJ: proj_identify: P:\corp\central_clones\python_geopandas\Lib\site-packages\fiona\proj_data\proj.db contains DATABASE.LAYOUT.VERSION.MINOR = 2 whereas a number >= 3 is expected. It comes from another PROJ installation.
2025-07-16 10:41:40,873 - fiona._env - WARNING - PROJ: proj_identify: P:\corp\central_clones\python_geopandas\Lib\site-packages\fiona\proj_data\proj.db contains DATABASE.LAYOUT.VERSION.MINOR = 2 whereas a number >= 3 is expected. It comes from another PROJ installation.
2025-07-16 10:41:41,098 - fiona._env - WARNING - PROJ: proj_identify: P:\corp\central_clones\python_geopandas\Lib\site-packages\fiona\proj_data\proj.db contains DATABASE.LAYOUT.VERSION.MINOR = 2 whereas a number >= 3 is expected. It comes from another PROJ installation.
2025-07-16 10:41:41,876 - fiona._env - DEBUG - GDAL_DATA found in environment.
2025-07-16 10:41:41,877 - fiona._env - DEBUG - PROJ data found in package: path='P:\\corp\\central_clones\\python_geopandas\\Lib\\site-packages\\fiona\\proj_data'.
2025-07-16 10:41:41,878 - fiona.ogrext - DEBUG - Got coordinate system
2025-07-16 10:41:41,891 - fiona.ogrext - DEBUG - Got coordinate system
2025-07-16 10:41:41,918 - fiona._env - WARNING - PROJ: proj_identify: P:\corp\central_clones\python_geopandas\Lib\site-packages\fiona\proj_data\proj.db contains DATABASE.LAYOUT.VERSION.MINOR = 2 whereas a number >= 3 is expected. It comes from another PROJ installation.
2025-07-16 10:41:41,919 - fiona.ogrext - DEBUG - OLC_FASTSETNEXTBYINDEX: 1
2025-07-16 10:41:41,919 - fiona.ogrext - DEBUG - OLC_FASTFEATURECOUNT: 1
2025-07-16 10:41:41,919 - fiona.ogrext - DEBUG - Next index: 0
2025-07-16 10:41:41,954 - fiona.collection - DEBUG - Flushed buffer
2025-07-16 10:41:41,956 - fiona.collection - DEBUG - Stopped session
2025-07-16 10:41:42,056 - HTMLGenerator - INFO - [TIMER] Finished: Acquire geodataframe for Ungulate_Winter_Range_Legal in 8.43 sec | Mem: 1032.93 MB (+0.00 MB) | CPU: 0.00%
2025-07-16 10:41:42,058 - HTMLGenerator - INFO - [TIMER] Starting: Acquire geodataframe for Ungulate_Winter_Range_Legal_with_5_km_buffer
2025-07-16 10:41:42,080 - fiona._env - DEBUG - GDAL_DATA found in environment.
2025-07-16 10:41:42,081 - fiona._env - DEBUG - PROJ data found in package: path='P:\\corp\\central_clones\\python_geopandas\\Lib\\site-packages\\fiona\\proj_data'.
2025-07-16 10:41:44,072 - fiona._env - WARNING - PROJ: proj_identify: P:\corp\central_clones\python_geopandas\Lib\site-packages\fiona\proj_data\proj.db contains DATABASE.LAYOUT.VERSION.MINOR = 2 whereas a number >= 3 is expected. It comes from another PROJ installation.
2025-07-16 10:41:49,922 - fiona._env - WARNING - PROJ: proj_identify: P:\corp\central_clones\python_geopandas\Lib\site-packages\fiona\proj_data\proj.db contains DATABASE.LAYOUT.VERSION.MINOR = 2 whereas a number >= 3 is expected. It comes from another PROJ installation.
2025-07-16 10:41:50,145 - fiona._env - WARNING - PROJ: proj_identify: P:\corp\central_clones\python_geopandas\Lib\site-packages\fiona\proj_data\proj.db contains DATABASE.LAYOUT.VERSION.MINOR = 2 whereas a number >= 3 is expected. It comes from another PROJ installation.
2025-07-16 10:41:50,928 - fiona._env - DEBUG - GDAL_DATA found in environment.
2025-07-16 10:41:50,929 - fiona._env - DEBUG - PROJ data found in package: path='P:\\corp\\central_clones\\python_geopandas\\Lib\\site-packages\\fiona\\proj_data'.
2025-07-16 10:41:50,930 - fiona.ogrext - DEBUG - Got coordinate system
2025-07-16 10:41:50,942 - fiona.ogrext - DEBUG - Got coordinate system
2025-07-16 10:41:50,969 - fiona._env - WARNING - PROJ: proj_identify: P:\corp\central_clones\python_geopandas\Lib\site-packages\fiona\proj_data\proj.db contains DATABASE.LAYOUT.VERSION.MINOR = 2 whereas a number >= 3 is expected. It comes from another PROJ installation.
2025-07-16 10:41:50,969 - fiona.ogrext - DEBUG - OLC_FASTSETNEXTBYINDEX: 1
2025-07-16 10:41:50,969 - fiona.ogrext - DEBUG - OLC_FASTFEATURECOUNT: 1
2025-07-16 10:41:50,969 - fiona.ogrext - DEBUG - Next index: 0
2025-07-16 10:41:51,007 - fiona.collection - DEBUG - Flushed buffer
2025-07-16 10:41:51,009 - fiona.collection - DEBUG - Stopped session
2025-07-16 10:41:51,109 - HTMLGenerator - INFO - [TIMER] Finished: Acquire geodataframe for Ungulate_Winter_Range_Legal_with_5_km_buffer in 8.95 sec | Mem: 1032.93 MB (-0.00 MB) | CPU: 0.00%
2025-07-16 10:41:51,110 - HTMLGenerator - INFO - [TIMER] Starting: Acquire geodataframe for Ungulate_Winter_Range_Proposed
2025-07-16 10:41:51,134 - fiona._env - DEBUG - GDAL_DATA found in environment.
2025-07-16 10:41:51,135 - fiona._env - DEBUG - PROJ data found in package: path='P:\\corp\\central_clones\\python_geopandas\\Lib\\site-packages\\fiona\\proj_data'.
2025-07-16 10:41:53,078 - fiona._env - WARNING - PROJ: proj_identify: P:\corp\central_clones\python_geopandas\Lib\site-packages\fiona\proj_data\proj.db contains DATABASE.LAYOUT.VERSION.MINOR = 2 whereas a number >= 3 is expected. It comes from another PROJ installation.
2025-07-16 10:41:58,744 - fiona._env - WARNING - PROJ: proj_identify: P:\corp\central_clones\python_geopandas\Lib\site-packages\fiona\proj_data\proj.db contains DATABASE.LAYOUT.VERSION.MINOR = 2 whereas a number >= 3 is expected. It comes from another PROJ installation.
2025-07-16 10:41:58,986 - fiona._env - WARNING - PROJ: proj_identify: P:\corp\central_clones\python_geopandas\Lib\site-packages\fiona\proj_data\proj.db contains DATABASE.LAYOUT.VERSION.MINOR = 2 whereas a number >= 3 is expected. It comes from another PROJ installation.
2025-07-16 10:41:59,796 - fiona._env - DEBUG - GDAL_DATA found in environment.
2025-07-16 10:41:59,797 - fiona._env - DEBUG - PROJ data found in package: path='P:\\corp\\central_clones\\python_geopandas\\Lib\\site-packages\\fiona\\proj_data'.
2025-07-16 10:41:59,798 - fiona.ogrext - DEBUG - Got coordinate system
2025-07-16 10:41:59,809 - fiona.ogrext - DEBUG - Got coordinate system
2025-07-16 10:41:59,834 - fiona._env - WARNING - PROJ: proj_identify: P:\corp\central_clones\python_geopandas\Lib\site-packages\fiona\proj_data\proj.db contains DATABASE.LAYOUT.VERSION.MINOR = 2 whereas a number >= 3 is expected. It comes from another PROJ installation.
2025-07-16 10:41:59,835 - fiona.ogrext - DEBUG - OLC_FASTSETNEXTBYINDEX: 1
2025-07-16 10:41:59,835 - fiona.ogrext - DEBUG - OLC_FASTFEATURECOUNT: 1
2025-07-16 10:41:59,835 - fiona.ogrext - DEBUG - Next index: 0
2025-07-16 10:41:59,868 - fiona.collection - DEBUG - Flushed buffer
2025-07-16 10:41:59,870 - fiona.collection - DEBUG - Stopped session
2025-07-16 10:41:59,970 - HTMLGenerator - INFO - [TIMER] Finished: Acquire geodataframe for Ungulate_Winter_Range_Proposed in 8.76 sec | Mem: 1032.93 MB (+0.00 MB) | CPU: 0.00%
2025-07-16 10:41:59,971 - HTMLGenerator - INFO - [TIMER] Starting: Acquire geodataframe for Caribou_Habitat_Areas_WHA_GAR_order
2025-07-16 10:41:59,994 - fiona._env - DEBUG - GDAL_DATA found in environment.
2025-07-16 10:41:59,995 - fiona._env - DEBUG - PROJ data found in package: path='P:\\corp\\central_clones\\python_geopandas\\Lib\\site-packages\\fiona\\proj_data'.
2025-07-16 10:42:01,797 - fiona._env - WARNING - PROJ: proj_identify: P:\corp\central_clones\python_geopandas\Lib\site-packages\fiona\proj_data\proj.db contains DATABASE.LAYOUT.VERSION.MINOR = 2 whereas a number >= 3 is expected. It comes from another PROJ installation.
2025-07-16 10:42:08,606 - fiona._env - WARNING - PROJ: proj_identify: P:\corp\central_clones\python_geopandas\Lib\site-packages\fiona\proj_data\proj.db contains DATABASE.LAYOUT.VERSION.MINOR = 2 whereas a number >= 3 is expected. It comes from another PROJ installation.
2025-07-16 10:42:08,846 - fiona._env - WARNING - PROJ: proj_identify: P:\corp\central_clones\python_geopandas\Lib\site-packages\fiona\proj_data\proj.db contains DATABASE.LAYOUT.VERSION.MINOR = 2 whereas a number >= 3 is expected. It comes from another PROJ installation.
2025-07-16 10:42:09,618 - fiona._env - DEBUG - GDAL_DATA found in environment.
2025-07-16 10:42:09,619 - fiona._env - DEBUG - PROJ data found in package: path='P:\\corp\\central_clones\\python_geopandas\\Lib\\site-packages\\fiona\\proj_data'.
2025-07-16 10:42:09,620 - fiona.ogrext - DEBUG - Got coordinate system
2025-07-16 10:42:09,632 - fiona.ogrext - DEBUG - Got coordinate system
2025-07-16 10:42:09,663 - fiona._env - WARNING - PROJ: proj_identify: P:\corp\central_clones\python_geopandas\Lib\site-packages\fiona\proj_data\proj.db contains DATABASE.LAYOUT.VERSION.MINOR = 2 whereas a number >= 3 is expected. It comes from another PROJ installation.
2025-07-16 10:42:09,663 - fiona.ogrext - DEBUG - OLC_FASTSETNEXTBYINDEX: 1
2025-07-16 10:42:09,664 - fiona.ogrext - DEBUG - OLC_FASTFEATURECOUNT: 1
2025-07-16 10:42:09,664 - fiona.ogrext - DEBUG - Next index: 0
2025-07-16 10:42:09,700 - fiona.collection - DEBUG - Flushed buffer
2025-07-16 10:42:09,702 - fiona.collection - DEBUG - Stopped session
2025-07-16 10:42:09,803 - HTMLGenerator - INFO - [TIMER] Finished: Acquire geodataframe for Caribou_Habitat_Areas_WHA_GAR_order in 9.73 sec | Mem: 1032.93 MB (+0.00 MB) | CPU: 0.00%
2025-07-16 10:42:09,805 - HTMLGenerator - INFO - [TIMER] Starting: Acquire geodataframe for Caribou_Habitat_Areas_UWR_GAR_order
2025-07-16 10:42:09,827 - fiona._env - DEBUG - GDAL_DATA found in environment.
2025-07-16 10:42:09,828 - fiona._env - DEBUG - PROJ data found in package: path='P:\\corp\\central_clones\\python_geopandas\\Lib\\site-packages\\fiona\\proj_data'.
2025-07-16 10:42:11,934 - fiona._env - WARNING - PROJ: proj_identify: P:\corp\central_clones\python_geopandas\Lib\site-packages\fiona\proj_data\proj.db contains DATABASE.LAYOUT.VERSION.MINOR = 2 whereas a number >= 3 is expected. It comes from another PROJ installation.
2025-07-16 10:42:18,768 - fiona._env - WARNING - PROJ: proj_identify: P:\corp\central_clones\python_geopandas\Lib\site-packages\fiona\proj_data\proj.db contains DATABASE.LAYOUT.VERSION.MINOR = 2 whereas a number >= 3 is expected. It comes from another PROJ installation.
2025-07-16 10:42:19,030 - fiona._env - WARNING - PROJ: proj_identify: P:\corp\central_clones\python_geopandas\Lib\site-packages\fiona\proj_data\proj.db contains DATABASE.LAYOUT.VERSION.MINOR = 2 whereas a number >= 3 is expected. It comes from another PROJ installation.
2025-07-16 10:42:19,911 - fiona._env - DEBUG - GDAL_DATA found in environment.
2025-07-16 10:42:19,913 - fiona._env - DEBUG - PROJ data found in package: path='P:\\corp\\central_clones\\python_geopandas\\Lib\\site-packages\\fiona\\proj_data'.
2025-07-16 10:42:19,913 - fiona.ogrext - DEBUG - Got coordinate system
2025-07-16 10:42:19,930 - fiona.ogrext - DEBUG - Got coordinate system
2025-07-16 10:42:19,958 - fiona._env - WARNING - PROJ: proj_identify: P:\corp\central_clones\python_geopandas\Lib\site-packages\fiona\proj_data\proj.db contains DATABASE.LAYOUT.VERSION.MINOR = 2 whereas a number >= 3 is expected. It comes from another PROJ installation.
2025-07-16 10:42:19,959 - fiona.ogrext - DEBUG - OLC_FASTSETNEXTBYINDEX: 1
2025-07-16 10:42:19,959 - fiona.ogrext - DEBUG - OLC_FASTFEATURECOUNT: 1
2025-07-16 10:42:19,959 - fiona.ogrext - DEBUG - Next index: 0
2025-07-16 10:42:19,994 - fiona.collection - DEBUG - Flushed buffer
2025-07-16 10:42:19,996 - fiona.collection - DEBUG - Stopped session
2025-07-16 10:42:20,097 - HTMLGenerator - INFO - [TIMER] Finished: Acquire geodataframe for Caribou_Habitat_Areas_UWR_GAR_order in 10.19 sec | Mem: 1032.93 MB (-0.00 MB) | CPU: 0.00%
2025-07-16 10:42:20,098 - HTMLGenerator - INFO - [TIMER] Starting: Acquire geodataframe for Proposed_Fisheries_Sensitive_Watersheds
2025-07-16 10:42:20,123 - fiona._env - DEBUG - GDAL_DATA found in environment.
2025-07-16 10:42:20,124 - fiona._env - DEBUG - PROJ data found in package: path='P:\\corp\\central_clones\\python_geopandas\\Lib\\site-packages\\fiona\\proj_data'.
2025-07-16 10:42:22,716 - fiona._env - WARNING - PROJ: proj_identify: P:\corp\central_clones\python_geopandas\Lib\site-packages\fiona\proj_data\proj.db contains DATABASE.LAYOUT.VERSION.MINOR = 2 whereas a number >= 3 is expected. It comes from another PROJ installation.
2025-07-16 10:42:30,796 - fiona._env - WARNING - PROJ: proj_identify: P:\corp\central_clones\python_geopandas\Lib\site-packages\fiona\proj_data\proj.db contains DATABASE.LAYOUT.VERSION.MINOR = 2 whereas a number >= 3 is expected. It comes from another PROJ installation.
2025-07-16 10:42:31,063 - fiona._env - WARNING - PROJ: proj_identify: P:\corp\central_clones\python_geopandas\Lib\site-packages\fiona\proj_data\proj.db contains DATABASE.LAYOUT.VERSION.MINOR = 2 whereas a number >= 3 is expected. It comes from another PROJ installation.
2025-07-16 10:42:31,932 - fiona._env - DEBUG - GDAL_DATA found in environment.
2025-07-16 10:42:31,933 - fiona._env - DEBUG - PROJ data found in package: path='P:\\corp\\central_clones\\python_geopandas\\Lib\\site-packages\\fiona\\proj_data'.
2025-07-16 10:42:31,934 - fiona.ogrext - DEBUG - Got coordinate system
2025-07-16 10:42:31,948 - fiona.ogrext - DEBUG - Got coordinate system
2025-07-16 10:42:31,975 - fiona._env - WARNING - PROJ: proj_identify: P:\corp\central_clones\python_geopandas\Lib\site-packages\fiona\proj_data\proj.db contains DATABASE.LAYOUT.VERSION.MINOR = 2 whereas a number >= 3 is expected. It comes from another PROJ installation.
2025-07-16 10:42:31,975 - fiona.ogrext - DEBUG - OLC_FASTSETNEXTBYINDEX: 1
2025-07-16 10:42:31,975 - fiona.ogrext - DEBUG - OLC_FASTFEATURECOUNT: 1
2025-07-16 10:42:31,975 - fiona.ogrext - DEBUG - Next index: 0
2025-07-16 10:42:32,009 - fiona.collection - DEBUG - Flushed buffer
2025-07-16 10:42:32,011 - fiona.collection - DEBUG - Stopped session
2025-07-16 10:42:32,111 - HTMLGenerator - INFO - [TIMER] Finished: Acquire geodataframe for Proposed_Fisheries_Sensitive_Watersheds in 11.91 sec | Mem: 1033.26 MB (+0.33 MB) | CPU: 0.00%
2025-07-16 10:42:32,112 - HTMLGenerator - INFO - [TIMER] Starting: Acquire geodataframe for Approved_Fisheries_Sensitive_Watersheds
2025-07-16 10:42:32,135 - fiona._env - DEBUG - GDAL_DATA found in environment.
2025-07-16 10:42:32,136 - fiona._env - DEBUG - PROJ data found in package: path='P:\\corp\\central_clones\\python_geopandas\\Lib\\site-packages\\fiona\\proj_data'.
2025-07-16 10:42:33,934 - fiona._env - WARNING - PROJ: proj_identify: P:\corp\central_clones\python_geopandas\Lib\site-packages\fiona\proj_data\proj.db contains DATABASE.LAYOUT.VERSION.MINOR = 2 whereas a number >= 3 is expected. It comes from another PROJ installation.
2025-07-16 10:42:40,256 - fiona._env - WARNING - PROJ: proj_identify: P:\corp\central_clones\python_geopandas\Lib\site-packages\fiona\proj_data\proj.db contains DATABASE.LAYOUT.VERSION.MINOR = 2 whereas a number >= 3 is expected. It comes from another PROJ installation.
2025-07-16 10:42:40,538 - fiona._env - WARNING - PROJ: proj_identify: P:\corp\central_clones\python_geopandas\Lib\site-packages\fiona\proj_data\proj.db contains DATABASE.LAYOUT.VERSION.MINOR = 2 whereas a number >= 3 is expected. It comes from another PROJ installation.
2025-07-16 10:42:41,575 - fiona._env - DEBUG - GDAL_DATA found in environment.
2025-07-16 10:42:41,577 - fiona._env - DEBUG - PROJ data found in package: path='P:\\corp\\central_clones\\python_geopandas\\Lib\\site-packages\\fiona\\proj_data'.
2025-07-16 10:42:41,578 - fiona.ogrext - DEBUG - Got coordinate system
2025-07-16 10:42:41,597 - fiona.ogrext - DEBUG - Got coordinate system
2025-07-16 10:42:41,631 - fiona._env - WARNING - PROJ: proj_identify: P:\corp\central_clones\python_geopandas\Lib\site-packages\fiona\proj_data\proj.db contains DATABASE.LAYOUT.VERSION.MINOR = 2 whereas a number >= 3 is expected. It comes from another PROJ installation.
2025-07-16 10:42:41,631 - fiona.ogrext - DEBUG - OLC_FASTSETNEXTBYINDEX: 1
2025-07-16 10:42:41,631 - fiona.ogrext - DEBUG - OLC_FASTFEATURECOUNT: 1
2025-07-16 10:42:41,631 - fiona.ogrext - DEBUG - Next index: 0
2025-07-16 10:42:41,667 - fiona.collection - DEBUG - Flushed buffer
2025-07-16 10:42:41,669 - fiona.collection - DEBUG - Stopped session
2025-07-16 10:42:41,769 - HTMLGenerator - INFO - [TIMER] Finished: Acquire geodataframe for Approved_Fisheries_Sensitive_Watersheds in 9.55 sec | Mem: 1033.26 MB (+0.00 MB) | CPU: 0.00%
2025-07-16 10:42:41,770 - HTMLGenerator - INFO - [TIMER] Starting: Acquire geodataframe for Critical_Habitat_for_Federally_listed_Species_at_Risk
2025-07-16 10:42:41,793 - fiona._env - DEBUG - GDAL_DATA found in environment.
2025-07-16 10:42:41,796 - fiona._env - DEBUG - PROJ data found in package: path='P:\\corp\\central_clones\\python_geopandas\\Lib\\site-packages\\fiona\\proj_data'.
2025-07-16 10:42:44,318 - fiona._env - WARNING - PROJ: proj_identify: P:\corp\central_clones\python_geopandas\Lib\site-packages\fiona\proj_data\proj.db contains DATABASE.LAYOUT.VERSION.MINOR = 2 whereas a number >= 3 is expected. It comes from another PROJ installation.
2025-07-16 10:42:49,959 - fiona._env - WARNING - PROJ: proj_identify: P:\corp\central_clones\python_geopandas\Lib\site-packages\fiona\proj_data\proj.db contains DATABASE.LAYOUT.VERSION.MINOR = 2 whereas a number >= 3 is expected. It comes from another PROJ installation.
2025-07-16 10:42:50,206 - fiona._env - WARNING - PROJ: proj_identify: P:\corp\central_clones\python_geopandas\Lib\site-packages\fiona\proj_data\proj.db contains DATABASE.LAYOUT.VERSION.MINOR = 2 whereas a number >= 3 is expected. It comes from another PROJ installation.
2025-07-16 10:42:51,077 - fiona._env - DEBUG - GDAL_DATA found in environment.
2025-07-16 10:42:51,078 - fiona._env - DEBUG - PROJ data found in package: path='P:\\corp\\central_clones\\python_geopandas\\Lib\\site-packages\\fiona\\proj_data'.
2025-07-16 10:42:51,079 - fiona.ogrext - DEBUG - Got coordinate system
2025-07-16 10:42:51,092 - fiona.ogrext - DEBUG - Got coordinate system
2025-07-16 10:42:51,120 - fiona._env - WARNING - PROJ: proj_identify: P:\corp\central_clones\python_geopandas\Lib\site-packages\fiona\proj_data\proj.db contains DATABASE.LAYOUT.VERSION.MINOR = 2 whereas a number >= 3 is expected. It comes from another PROJ installation.
2025-07-16 10:42:51,121 - fiona.ogrext - DEBUG - OLC_FASTSETNEXTBYINDEX: 1
2025-07-16 10:42:51,121 - fiona.ogrext - DEBUG - OLC_FASTFEATURECOUNT: 1
2025-07-16 10:42:51,121 - fiona.ogrext - DEBUG - Next index: 0
2025-07-16 10:42:51,121 - fiona.ogrext - DEBUG - Next index: 1
2025-07-16 10:42:51,158 - fiona.collection - DEBUG - Flushed buffer
2025-07-16 10:42:51,160 - fiona.collection - DEBUG - Stopped session
2025-07-16 10:42:51,261 - HTMLGenerator - INFO - [TIMER] Finished: Acquire geodataframe for Critical_Habitat_for_Federally_listed_Species_at_Risk in 9.39 sec | Mem: 1033.26 MB (+0.00 MB) | CPU: 0.00%
2025-07-16 10:42:51,262 - HTMLGenerator - INFO - [TIMER] Starting: Acquire geometry for Critical_Habitat_for_Federally_listed_Species_at_Risk
2025-07-16 10:42:51,363 - HTMLGenerator - INFO - [TIMER] Finished: Acquire geometry for Critical_Habitat_for_Federally_listed_Species_at_Risk in 0.00 sec | Mem: 1033.26 MB (+0.00 MB) | CPU: 0.00%
2025-07-16 10:42:51,364 - HTMLGenerator - INFO - [TIMER] Starting: Convert Columns to strings
2025-07-16 10:42:51,473 - HTMLGenerator - INFO - [TIMER] Finished: Convert Columns to strings in 0.01 sec | Mem: 1033.26 MB (+0.00 MB) | CPU: 0.00%
2025-07-16 10:42:51,474 - HTMLGenerator - INFO - [TIMER] Starting: Acquire field data from spreadsheet; build out fields to summarize for popups
2025-07-16 10:42:51,575 - HTMLGenerator - INFO - [TIMER] Finished: Acquire field data from spreadsheet; build out fields to summarize for popups in 0.00 sec | Mem: 1033.26 MB (+0.00 MB) | CPU: 0.00%
2025-07-16 10:42:51,576 - HTMLGenerator - INFO - [TIMER] Starting: Get all popup fields and format
2025-07-16 10:42:51,678 - HTMLGenerator - INFO - [TIMER] Finished: Get all popup fields and format in 0.00 sec | Mem: 1033.26 MB (+0.00 MB) | CPU: 0.00%
2025-07-16 10:42:51,678 - HTMLGenerator - INFO - [TIMER] Starting: Determine all values and symbology to show in legend and map.
2025-07-16 10:42:51,781 - HTMLGenerator - INFO - [TIMER] Finished: Determine all values and symbology to show in legend and map. in 0.00 sec | Mem: 1033.26 MB (+0.00 MB) | CPU: 0.00%
2025-07-16 10:42:51,782 - HTMLGenerator - INFO - [TIMER] Starting: Get total bounds for the layer and set up map template.
2025-07-16 10:42:51,919 - HTMLGenerator - INFO - [TIMER] Finished: Get total bounds for the layer and set up map template. in 0.04 sec | Mem: 1033.26 MB (+0.00 MB) | CPU: 0.00%
2025-07-16 10:42:51,920 - HTMLGenerator - INFO - [TIMER] Starting: Create feature class layer and add to individual group and map
2025-07-16 10:42:52,032 - HTMLGenerator - INFO - [TIMER] Finished: Create feature class layer and add to individual group and map in 0.01 sec | Mem: 1033.26 MB (+0.00 MB) | CPU: 0.00%
2025-07-16 10:42:52,032 - HTMLGenerator - INFO - [TIMER] Starting: Create AOI layer and add to map
2025-07-16 10:42:52,177 - HTMLGenerator - INFO - [TIMER] Finished: Create AOI layer and add to map in 0.04 sec | Mem: 1033.26 MB (+0.00 MB) | CPU: 0.00%
2025-07-16 10:42:52,178 - HTMLGenerator - INFO - [TIMER] Starting: Generate tooltip fields
2025-07-16 10:42:52,279 - HTMLGenerator - INFO - [TIMER] Finished: Generate tooltip fields in 0.00 sec | Mem: 1033.26 MB (+0.00 MB) | CPU: 0.00%
2025-07-16 10:42:52,280 - HTMLGenerator - INFO - [TIMER] Starting: Create a feature group in the layers list to house all unique values
2025-07-16 10:42:52,391 - HTMLGenerator - INFO - [TIMER] Finished: Create a feature group in the layers list to house all unique values in 0.01 sec | Mem: 1033.26 MB (+0.00 MB) | CPU: 0.00%
2025-07-16 10:42:52,392 - HTMLGenerator - INFO - [TIMER] Starting: Create popup for each layer with overlap reporting
2025-07-16 10:42:52,511 - HTMLGenerator - INFO - [TIMER] Finished: Create popup for each layer with overlap reporting in 0.02 sec | Mem: 1033.26 MB (+0.00 MB) | CPU: 0.00%
2025-07-16 10:42:52,511 - HTMLGenerator - INFO - [TIMER] Starting: Create legend HTML for individual maps
2025-07-16 10:42:52,613 - HTMLGenerator - INFO - [TIMER] Finished: Create legend HTML for individual maps in 0.00 sec | Mem: 1033.26 MB (+0.00 MB) | CPU: 0.00%
2025-07-16 10:42:52,613 - HTMLGenerator - INFO - [TIMER] Starting: Add layer control for individual maps
2025-07-16 10:42:52,714 - HTMLGenerator - INFO - [TIMER] Finished: Add layer control for individual maps in 0.00 sec | Mem: 1033.26 MB (+0.00 MB) | CPU: 0.00%
2025-07-16 10:42:52,715 - HTMLGenerator - INFO - [TIMER] Starting: Add grouped layer control for individual maps; AOI, feature class
2025-07-16 10:42:52,815 - HTMLGenerator - INFO - [TIMER] Finished: Add grouped layer control for individual maps; AOI, feature class in 0.00 sec | Mem: 1033.26 MB (+0.00 MB) | CPU: 0.00%
2025-07-16 10:42:52,815 - HTMLGenerator - INFO - [TIMER] Starting: Save ind. map and cleanup
2025-07-16 10:42:52,975 - HTMLGenerator - INFO - [TIMER] Finished: Save ind. map and cleanup in 0.06 sec | Mem: 1033.26 MB (+0.00 MB) | CPU: 0.00%
2025-07-16 10:42:52,976 - HTMLGenerator - INFO - [TIMER] Starting: Acquire geodataframe for Eelgrass_Areas
2025-07-16 10:42:52,998 - fiona._env - DEBUG - GDAL_DATA found in environment.
2025-07-16 10:42:52,999 - fiona._env - DEBUG - PROJ data found in package: path='P:\\corp\\central_clones\\python_geopandas\\Lib\\site-packages\\fiona\\proj_data'.
2025-07-16 10:42:55,094 - fiona._env - WARNING - PROJ: proj_identify: P:\corp\central_clones\python_geopandas\Lib\site-packages\fiona\proj_data\proj.db contains DATABASE.LAYOUT.VERSION.MINOR = 2 whereas a number >= 3 is expected. It comes from another PROJ installation.
2025-07-16 10:43:00,676 - fiona._env - WARNING - PROJ: proj_identify: P:\corp\central_clones\python_geopandas\Lib\site-packages\fiona\proj_data\proj.db contains DATABASE.LAYOUT.VERSION.MINOR = 2 whereas a number >= 3 is expected. It comes from another PROJ installation.
2025-07-16 10:43:00,922 - fiona._env - WARNING - PROJ: proj_identify: P:\corp\central_clones\python_geopandas\Lib\site-packages\fiona\proj_data\proj.db contains DATABASE.LAYOUT.VERSION.MINOR = 2 whereas a number >= 3 is expected. It comes from another PROJ installation.
2025-07-16 10:43:01,744 - fiona._env - DEBUG - GDAL_DATA found in environment.
2025-07-16 10:43:01,745 - fiona._env - DEBUG - PROJ data found in package: path='P:\\corp\\central_clones\\python_geopandas\\Lib\\site-packages\\fiona\\proj_data'.
2025-07-16 10:43:01,745 - fiona.ogrext - DEBUG - Got coordinate system
2025-07-16 10:43:01,758 - fiona.ogrext - DEBUG - Got coordinate system
2025-07-16 10:43:01,780 - fiona._env - WARNING - PROJ: proj_identify: P:\corp\central_clones\python_geopandas\Lib\site-packages\fiona\proj_data\proj.db contains DATABASE.LAYOUT.VERSION.MINOR = 2 whereas a number >= 3 is expected. It comes from another PROJ installation.
2025-07-16 10:43:01,781 - fiona.ogrext - DEBUG - OLC_FASTSETNEXTBYINDEX: 1
2025-07-16 10:43:01,781 - fiona.ogrext - DEBUG - OLC_FASTFEATURECOUNT: 1
2025-07-16 10:43:01,781 - fiona.ogrext - DEBUG - Next index: 0
2025-07-16 10:43:01,816 - fiona.collection - DEBUG - Flushed buffer
2025-07-16 10:43:01,818 - fiona.collection - DEBUG - Stopped session
2025-07-16 10:43:01,919 - HTMLGenerator - INFO - [TIMER] Finished: Acquire geodataframe for Eelgrass_Areas in 8.84 sec | Mem: 1033.26 MB (-0.00 MB) | CPU: 0.00%
2025-07-16 10:43:01,920 - HTMLGenerator - INFO - [TIMER] Starting: Acquire geodataframe for Kelp_Beds
2025-07-16 10:43:01,982 - fiona._env - DEBUG - GDAL_DATA found in environment.
2025-07-16 10:43:01,984 - fiona._env - DEBUG - PROJ data found in package: path='P:\\corp\\central_clones\\python_geopandas\\Lib\\site-packages\\fiona\\proj_data'.
2025-07-16 10:43:03,812 - fiona._env - WARNING - PROJ: proj_identify: P:\corp\central_clones\python_geopandas\Lib\site-packages\fiona\proj_data\proj.db contains DATABASE.LAYOUT.VERSION.MINOR = 2 whereas a number >= 3 is expected. It comes from another PROJ installation.
2025-07-16 10:43:09,198 - fiona._env - WARNING - PROJ: proj_identify: P:\corp\central_clones\python_geopandas\Lib\site-packages\fiona\proj_data\proj.db contains DATABASE.LAYOUT.VERSION.MINOR = 2 whereas a number >= 3 is expected. It comes from another PROJ installation.
2025-07-16 10:43:09,430 - fiona._env - WARNING - PROJ: proj_identify: P:\corp\central_clones\python_geopandas\Lib\site-packages\fiona\proj_data\proj.db contains DATABASE.LAYOUT.VERSION.MINOR = 2 whereas a number >= 3 is expected. It comes from another PROJ installation.
2025-07-16 10:43:10,245 - fiona._env - DEBUG - GDAL_DATA found in environment.
2025-07-16 10:43:10,246 - fiona._env - DEBUG - PROJ data found in package: path='P:\\corp\\central_clones\\python_geopandas\\Lib\\site-packages\\fiona\\proj_data'.
2025-07-16 10:43:10,246 - fiona.ogrext - DEBUG - Got coordinate system
2025-07-16 10:43:10,259 - fiona.ogrext - DEBUG - Got coordinate system
2025-07-16 10:43:10,281 - fiona._env - WARNING - PROJ: proj_identify: P:\corp\central_clones\python_geopandas\Lib\site-packages\fiona\proj_data\proj.db contains DATABASE.LAYOUT.VERSION.MINOR = 2 whereas a number >= 3 is expected. It comes from another PROJ installation.
2025-07-16 10:43:10,282 - fiona.ogrext - DEBUG - OLC_FASTSETNEXTBYINDEX: 1
2025-07-16 10:43:10,282 - fiona.ogrext - DEBUG - OLC_FASTFEATURECOUNT: 1
2025-07-16 10:43:10,282 - fiona.ogrext - DEBUG - Next index: 0
2025-07-16 10:43:10,316 - fiona.collection - DEBUG - Flushed buffer
2025-07-16 10:43:10,318 - fiona.collection - DEBUG - Stopped session
2025-07-16 10:43:10,418 - HTMLGenerator - INFO - [TIMER] Finished: Acquire geodataframe for Kelp_Beds in 8.40 sec | Mem: 1033.26 MB (+0.00 MB) | CPU: 0.00%
2025-07-16 10:43:10,420 - HTMLGenerator - INFO - [TIMER] Starting: Acquire geodataframe for Wildlife_Management_Areas
2025-07-16 10:43:10,495 - fiona._env - DEBUG - GDAL_DATA found in environment.
2025-07-16 10:43:10,497 - fiona._env - DEBUG - PROJ data found in package: path='P:\\corp\\central_clones\\python_geopandas\\Lib\\site-packages\\fiona\\proj_data'.
2025-07-16 10:43:12,523 - fiona._env - WARNING - PROJ: proj_identify: P:\corp\central_clones\python_geopandas\Lib\site-packages\fiona\proj_data\proj.db contains DATABASE.LAYOUT.VERSION.MINOR = 2 whereas a number >= 3 is expected. It comes from another PROJ installation.
2025-07-16 10:43:19,297 - fiona._env - WARNING - PROJ: proj_identify: P:\corp\central_clones\python_geopandas\Lib\site-packages\fiona\proj_data\proj.db contains DATABASE.LAYOUT.VERSION.MINOR = 2 whereas a number >= 3 is expected. It comes from another PROJ installation.
2025-07-16 10:43:19,550 - fiona._env - WARNING - PROJ: proj_identify: P:\corp\central_clones\python_geopandas\Lib\site-packages\fiona\proj_data\proj.db contains DATABASE.LAYOUT.VERSION.MINOR = 2 whereas a number >= 3 is expected. It comes from another PROJ installation.
2025-07-16 10:43:20,375 - fiona._env - DEBUG - GDAL_DATA found in environment.
2025-07-16 10:43:20,376 - fiona._env - DEBUG - PROJ data found in package: path='P:\\corp\\central_clones\\python_geopandas\\Lib\\site-packages\\fiona\\proj_data'.
2025-07-16 10:43:20,376 - fiona.ogrext - DEBUG - Got coordinate system
2025-07-16 10:43:20,389 - fiona.ogrext - DEBUG - Got coordinate system
2025-07-16 10:43:20,413 - fiona._env - WARNING - PROJ: proj_identify: P:\corp\central_clones\python_geopandas\Lib\site-packages\fiona\proj_data\proj.db contains DATABASE.LAYOUT.VERSION.MINOR = 2 whereas a number >= 3 is expected. It comes from another PROJ installation.
2025-07-16 10:43:20,413 - fiona.ogrext - DEBUG - OLC_FASTSETNEXTBYINDEX: 1
2025-07-16 10:43:20,414 - fiona.ogrext - DEBUG - OLC_FASTFEATURECOUNT: 1
2025-07-16 10:43:20,414 - fiona.ogrext - DEBUG - Next index: 0
2025-07-16 10:43:20,447 - fiona.collection - DEBUG - Flushed buffer
2025-07-16 10:43:20,449 - fiona.collection - DEBUG - Stopped session
2025-07-16 10:43:20,550 - HTMLGenerator - INFO - [TIMER] Finished: Acquire geodataframe for Wildlife_Management_Areas in 10.03 sec | Mem: 1033.26 MB (+0.00 MB) | CPU: 0.00%
2025-07-16 10:43:20,551 - HTMLGenerator - INFO - [TIMER] Starting: Acquire geodataframe for Wildlife_Management_Units
2025-07-16 10:43:20,612 - fiona._env - DEBUG - GDAL_DATA found in environment.
2025-07-16 10:43:20,614 - fiona._env - DEBUG - PROJ data found in package: path='P:\\corp\\central_clones\\python_geopandas\\Lib\\site-packages\\fiona\\proj_data'.
2025-07-16 10:43:22,810 - fiona._env - WARNING - PROJ: proj_identify: P:\corp\central_clones\python_geopandas\Lib\site-packages\fiona\proj_data\proj.db contains DATABASE.LAYOUT.VERSION.MINOR = 2 whereas a number >= 3 is expected. It comes from another PROJ installation.
2025-07-16 10:43:28,738 - fiona._env - WARNING - PROJ: proj_identify: P:\corp\central_clones\python_geopandas\Lib\site-packages\fiona\proj_data\proj.db contains DATABASE.LAYOUT.VERSION.MINOR = 2 whereas a number >= 3 is expected. It comes from another PROJ installation.
2025-07-16 10:43:29,006 - fiona._env - WARNING - PROJ: proj_identify: P:\corp\central_clones\python_geopandas\Lib\site-packages\fiona\proj_data\proj.db contains DATABASE.LAYOUT.VERSION.MINOR = 2 whereas a number >= 3 is expected. It comes from another PROJ installation.
2025-07-16 10:43:29,923 - fiona._env - DEBUG - GDAL_DATA found in environment.
2025-07-16 10:43:29,925 - fiona._env - DEBUG - PROJ data found in package: path='P:\\corp\\central_clones\\python_geopandas\\Lib\\site-packages\\fiona\\proj_data'.
2025-07-16 10:43:29,925 - fiona.ogrext - DEBUG - Got coordinate system
2025-07-16 10:43:29,937 - fiona.ogrext - DEBUG - Got coordinate system
2025-07-16 10:43:29,965 - fiona._env - WARNING - PROJ: proj_identify: P:\corp\central_clones\python_geopandas\Lib\site-packages\fiona\proj_data\proj.db contains DATABASE.LAYOUT.VERSION.MINOR = 2 whereas a number >= 3 is expected. It comes from another PROJ installation.
2025-07-16 10:43:29,966 - fiona.ogrext - DEBUG - OLC_FASTSETNEXTBYINDEX: 1
2025-07-16 10:43:29,966 - fiona.ogrext - DEBUG - OLC_FASTFEATURECOUNT: 1
2025-07-16 10:43:29,966 - fiona.ogrext - DEBUG - Next index: 0
2025-07-16 10:43:29,967 - fiona.ogrext - DEBUG - Next index: 1
2025-07-16 10:43:30,001 - fiona.collection - DEBUG - Flushed buffer
2025-07-16 10:43:30,003 - fiona.collection - DEBUG - Stopped session
2025-07-16 10:43:30,104 - HTMLGenerator - INFO - [TIMER] Finished: Acquire geodataframe for Wildlife_Management_Units in 9.45 sec | Mem: 1033.26 MB (-0.00 MB) | CPU: 0.00%
2025-07-16 10:43:30,105 - HTMLGenerator - INFO - [TIMER] Starting: Acquire geometry for Wildlife_Management_Units
2025-07-16 10:43:30,206 - HTMLGenerator - INFO - [TIMER] Finished: Acquire geometry for Wildlife_Management_Units in 0.00 sec | Mem: 1033.26 MB (+0.00 MB) | CPU: 0.00%
2025-07-16 10:43:30,207 - HTMLGenerator - INFO - [TIMER] Starting: Convert Columns to strings
2025-07-16 10:43:30,313 - HTMLGenerator - INFO - [TIMER] Finished: Convert Columns to strings in 0.00 sec | Mem: 1033.26 MB (+0.00 MB) | CPU: 0.00%
2025-07-16 10:43:30,314 - HTMLGenerator - INFO - [TIMER] Starting: Acquire field data from spreadsheet; build out fields to summarize for popups
2025-07-16 10:43:30,416 - HTMLGenerator - INFO - [TIMER] Finished: Acquire field data from spreadsheet; build out fields to summarize for popups in 0.00 sec | Mem: 1033.26 MB (+0.00 MB) | CPU: 0.00%
2025-07-16 10:43:30,417 - HTMLGenerator - INFO - [TIMER] Starting: Get all popup fields and format
2025-07-16 10:43:30,519 - HTMLGenerator - INFO - [TIMER] Finished: Get all popup fields and format in 0.00 sec | Mem: 1033.26 MB (+0.00 MB) | CPU: 0.00%
2025-07-16 10:43:30,520 - HTMLGenerator - INFO - [TIMER] Starting: Determine all values and symbology to show in legend and map.
2025-07-16 10:43:30,622 - HTMLGenerator - INFO - [TIMER] Finished: Determine all values and symbology to show in legend and map. in 0.00 sec | Mem: 1033.26 MB (+0.00 MB) | CPU: 0.00%
2025-07-16 10:43:30,623 - HTMLGenerator - INFO - [TIMER] Starting: Get total bounds for the layer and set up map template.
2025-07-16 10:43:30,748 - HTMLGenerator - INFO - [TIMER] Finished: Get total bounds for the layer and set up map template. in 0.02 sec | Mem: 1033.26 MB (+0.00 MB) | CPU: 0.00%
2025-07-16 10:43:30,748 - HTMLGenerator - INFO - [TIMER] Starting: Create feature class layer and add to individual group and map
2025-07-16 10:43:30,859 - HTMLGenerator - INFO - [TIMER] Finished: Create feature class layer and add to individual group and map in 0.01 sec | Mem: 1033.26 MB (+0.00 MB) | CPU: 0.00%
2025-07-16 10:43:30,860 - HTMLGenerator - INFO - [TIMER] Starting: Create AOI layer and add to map
2025-07-16 10:43:31,000 - HTMLGenerator - INFO - [TIMER] Finished: Create AOI layer and add to map in 0.04 sec | Mem: 1033.26 MB (+0.00 MB) | CPU: 0.00%
2025-07-16 10:43:31,001 - HTMLGenerator - INFO - [TIMER] Starting: Generate tooltip fields
2025-07-16 10:43:31,102 - HTMLGenerator - INFO - [TIMER] Finished: Generate tooltip fields in 0.00 sec | Mem: 1033.26 MB (+0.00 MB) | CPU: 0.00%
2025-07-16 10:43:31,103 - HTMLGenerator - INFO - [TIMER] Starting: Create a feature group in the layers list to house all unique values
2025-07-16 10:43:31,214 - HTMLGenerator - INFO - [TIMER] Finished: Create a feature group in the layers list to house all unique values in 0.01 sec | Mem: 1033.26 MB (+0.00 MB) | CPU: 0.00%
2025-07-16 10:43:31,215 - HTMLGenerator - INFO - [TIMER] Starting: Create popup for each layer with overlap reporting
2025-07-16 10:43:31,332 - HTMLGenerator - INFO - [TIMER] Finished: Create popup for each layer with overlap reporting in 0.02 sec | Mem: 1033.26 MB (+0.00 MB) | CPU: 0.00%
2025-07-16 10:43:31,333 - HTMLGenerator - INFO - [TIMER] Starting: Create legend HTML for individual maps
2025-07-16 10:43:31,434 - HTMLGenerator - INFO - [TIMER] Finished: Create legend HTML for individual maps in 0.00 sec | Mem: 1033.26 MB (+0.00 MB) | CPU: 0.00%
2025-07-16 10:43:31,435 - HTMLGenerator - INFO - [TIMER] Starting: Add layer control for individual maps
2025-07-16 10:43:31,536 - HTMLGenerator - INFO - [TIMER] Finished: Add layer control for individual maps in 0.00 sec | Mem: 1033.26 MB (+0.00 MB) | CPU: 0.00%
2025-07-16 10:43:31,537 - HTMLGenerator - INFO - [TIMER] Starting: Add grouped layer control for individual maps; AOI, feature class
2025-07-16 10:43:31,638 - HTMLGenerator - INFO - [TIMER] Finished: Add grouped layer control for individual maps; AOI, feature class in 0.00 sec | Mem: 1033.26 MB (+0.00 MB) | CPU: 0.00%
2025-07-16 10:43:31,639 - HTMLGenerator - INFO - [TIMER] Starting: Save ind. map and cleanup
2025-07-16 10:43:31,795 - HTMLGenerator - INFO - [TIMER] Finished: Save ind. map and cleanup in 0.05 sec | Mem: 1033.26 MB (+0.00 MB) | CPU: 0.00%
2025-07-16 10:43:31,796 - HTMLGenerator - INFO - [TIMER] Starting: Acquire geodataframe for Provincial_Forest
2025-07-16 10:43:31,861 - fiona._env - DEBUG - GDAL_DATA found in environment.
2025-07-16 10:43:31,862 - fiona._env - DEBUG - PROJ data found in package: path='P:\\corp\\central_clones\\python_geopandas\\Lib\\site-packages\\fiona\\proj_data'.
2025-07-16 10:43:33,917 - fiona._env - WARNING - PROJ: proj_identify: P:\corp\central_clones\python_geopandas\Lib\site-packages\fiona\proj_data\proj.db contains DATABASE.LAYOUT.VERSION.MINOR = 2 whereas a number >= 3 is expected. It comes from another PROJ installation.
2025-07-16 10:43:39,570 - fiona._env - WARNING - PROJ: proj_identify: P:\corp\central_clones\python_geopandas\Lib\site-packages\fiona\proj_data\proj.db contains DATABASE.LAYOUT.VERSION.MINOR = 2 whereas a number >= 3 is expected. It comes from another PROJ installation.
2025-07-16 10:43:39,815 - fiona._env - WARNING - PROJ: proj_identify: P:\corp\central_clones\python_geopandas\Lib\site-packages\fiona\proj_data\proj.db contains DATABASE.LAYOUT.VERSION.MINOR = 2 whereas a number >= 3 is expected. It comes from another PROJ installation.
2025-07-16 10:43:40,665 - fiona._env - DEBUG - GDAL_DATA found in environment.
2025-07-16 10:43:40,667 - fiona._env - DEBUG - PROJ data found in package: path='P:\\corp\\central_clones\\python_geopandas\\Lib\\site-packages\\fiona\\proj_data'.
2025-07-16 10:43:40,668 - fiona.ogrext - DEBUG - Got coordinate system
2025-07-16 10:43:40,680 - fiona.ogrext - DEBUG - Got coordinate system
2025-07-16 10:43:40,705 - fiona._env - WARNING - PROJ: proj_identify: P:\corp\central_clones\python_geopandas\Lib\site-packages\fiona\proj_data\proj.db contains DATABASE.LAYOUT.VERSION.MINOR = 2 whereas a number >= 3 is expected. It comes from another PROJ installation.
2025-07-16 10:43:40,706 - fiona.ogrext - DEBUG - OLC_FASTSETNEXTBYINDEX: 1
2025-07-16 10:43:40,706 - fiona.ogrext - DEBUG - OLC_FASTFEATURECOUNT: 1
2025-07-16 10:43:40,706 - fiona.ogrext - DEBUG - Next index: 0
2025-07-16 10:43:40,742 - fiona.collection - DEBUG - Flushed buffer
2025-07-16 10:43:40,744 - fiona.collection - DEBUG - Stopped session
2025-07-16 10:43:40,845 - HTMLGenerator - INFO - [TIMER] Finished: Acquire geodataframe for Provincial_Forest in 8.95 sec | Mem: 1033.26 MB (+0.00 MB) | CPU: 0.00%
2025-07-16 10:43:40,846 - HTMLGenerator - INFO - [TIMER] Starting: Acquire geodataframe for Provincial_Forest_Additions
2025-07-16 10:43:40,906 - fiona._env - DEBUG - GDAL_DATA found in environment.
2025-07-16 10:43:40,908 - fiona._env - DEBUG - PROJ data found in package: path='P:\\corp\\central_clones\\python_geopandas\\Lib\\site-packages\\fiona\\proj_data'.
2025-07-16 10:43:42,862 - fiona._env - WARNING - PROJ: proj_identify: P:\corp\central_clones\python_geopandas\Lib\site-packages\fiona\proj_data\proj.db contains DATABASE.LAYOUT.VERSION.MINOR = 2 whereas a number >= 3 is expected. It comes from another PROJ installation.
2025-07-16 10:43:49,082 - fiona._env - WARNING - PROJ: proj_identify: P:\corp\central_clones\python_geopandas\Lib\site-packages\fiona\proj_data\proj.db contains DATABASE.LAYOUT.VERSION.MINOR = 2 whereas a number >= 3 is expected. It comes from another PROJ installation.
2025-07-16 10:43:49,358 - fiona._env - WARNING - PROJ: proj_identify: P:\corp\central_clones\python_geopandas\Lib\site-packages\fiona\proj_data\proj.db contains DATABASE.LAYOUT.VERSION.MINOR = 2 whereas a number >= 3 is expected. It comes from another PROJ installation.
2025-07-16 10:43:50,290 - fiona._env - DEBUG - GDAL_DATA found in environment.
2025-07-16 10:43:50,291 - fiona._env - DEBUG - PROJ data found in package: path='P:\\corp\\central_clones\\python_geopandas\\Lib\\site-packages\\fiona\\proj_data'.
2025-07-16 10:43:50,292 - fiona.ogrext - DEBUG - Got coordinate system
2025-07-16 10:43:50,310 - fiona.ogrext - DEBUG - Got coordinate system
2025-07-16 10:43:50,338 - fiona._env - WARNING - PROJ: proj_identify: P:\corp\central_clones\python_geopandas\Lib\site-packages\fiona\proj_data\proj.db contains DATABASE.LAYOUT.VERSION.MINOR = 2 whereas a number >= 3 is expected. It comes from another PROJ installation.
2025-07-16 10:43:50,338 - fiona.ogrext - DEBUG - OLC_FASTSETNEXTBYINDEX: 1
2025-07-16 10:43:50,339 - fiona.ogrext - DEBUG - OLC_FASTFEATURECOUNT: 1
2025-07-16 10:43:50,339 - fiona.ogrext - DEBUG - Next index: 0
2025-07-16 10:43:50,384 - fiona.collection - DEBUG - Flushed buffer
2025-07-16 10:43:50,386 - fiona.collection - DEBUG - Stopped session
2025-07-16 10:43:50,486 - HTMLGenerator - INFO - [TIMER] Finished: Acquire geodataframe for Provincial_Forest_Additions in 9.54 sec | Mem: 1033.25 MB (-0.00 MB) | CPU: 0.00%
2025-07-16 10:43:50,487 - HTMLGenerator - INFO - [TIMER] Starting: Acquire geodataframe for Provincial_Forest_Deletions
2025-07-16 10:43:50,564 - fiona._env - DEBUG - GDAL_DATA found in environment.
2025-07-16 10:43:50,566 - fiona._env - DEBUG - PROJ data found in package: path='P:\\corp\\central_clones\\python_geopandas\\Lib\\site-packages\\fiona\\proj_data'.
2025-07-16 10:43:52,665 - fiona._env - WARNING - PROJ: proj_identify: P:\corp\central_clones\python_geopandas\Lib\site-packages\fiona\proj_data\proj.db contains DATABASE.LAYOUT.VERSION.MINOR = 2 whereas a number >= 3 is expected. It comes from another PROJ installation.
2025-07-16 10:43:59,536 - fiona._env - WARNING - PROJ: proj_identify: P:\corp\central_clones\python_geopandas\Lib\site-packages\fiona\proj_data\proj.db contains DATABASE.LAYOUT.VERSION.MINOR = 2 whereas a number >= 3 is expected. It comes from another PROJ installation.
2025-07-16 10:43:59,930 - fiona._env - WARNING - PROJ: proj_identify: P:\corp\central_clones\python_geopandas\Lib\site-packages\fiona\proj_data\proj.db contains DATABASE.LAYOUT.VERSION.MINOR = 2 whereas a number >= 3 is expected. It comes from another PROJ installation.
2025-07-16 10:44:01,167 - fiona._env - DEBUG - GDAL_DATA found in environment.
2025-07-16 10:44:01,169 - fiona._env - DEBUG - PROJ data found in package: path='P:\\corp\\central_clones\\python_geopandas\\Lib\\site-packages\\fiona\\proj_data'.
2025-07-16 10:44:01,170 - fiona.ogrext - DEBUG - Got coordinate system
2025-07-16 10:44:01,188 - fiona.ogrext - DEBUG - Got coordinate system
2025-07-16 10:44:01,230 - fiona._env - WARNING - PROJ: proj_identify: P:\corp\central_clones\python_geopandas\Lib\site-packages\fiona\proj_data\proj.db contains DATABASE.LAYOUT.VERSION.MINOR = 2 whereas a number >= 3 is expected. It comes from another PROJ installation.
2025-07-16 10:44:01,231 - fiona.ogrext - DEBUG - OLC_FASTSETNEXTBYINDEX: 1
2025-07-16 10:44:01,231 - fiona.ogrext - DEBUG - OLC_FASTFEATURECOUNT: 1
2025-07-16 10:44:01,232 - fiona.ogrext - DEBUG - Next index: 0
2025-07-16 10:44:01,282 - fiona.collection - DEBUG - Flushed buffer
2025-07-16 10:44:01,284 - fiona.collection - DEBUG - Stopped session
2025-07-16 10:44:01,384 - HTMLGenerator - INFO - [TIMER] Finished: Acquire geodataframe for Provincial_Forest_Deletions in 10.80 sec | Mem: 1033.26 MB (+0.00 MB) | CPU: 0.00%
2025-07-16 10:44:01,385 - HTMLGenerator - INFO - [TIMER] Starting: Acquire geodataframe for Provincial_Forest_Exclusions
2025-07-16 10:44:01,482 - fiona._env - DEBUG - GDAL_DATA found in environment.
2025-07-16 10:44:01,484 - fiona._env - DEBUG - PROJ data found in package: path='P:\\corp\\central_clones\\python_geopandas\\Lib\\site-packages\\fiona\\proj_data'.
2025-07-16 10:44:04,378 - fiona._env - WARNING - PROJ: proj_identify: P:\corp\central_clones\python_geopandas\Lib\site-packages\fiona\proj_data\proj.db contains DATABASE.LAYOUT.VERSION.MINOR = 2 whereas a number >= 3 is expected. It comes from another PROJ installation.
2025-07-16 10:44:12,283 - fiona._env - WARNING - PROJ: proj_identify: P:\corp\central_clones\python_geopandas\Lib\site-packages\fiona\proj_data\proj.db contains DATABASE.LAYOUT.VERSION.MINOR = 2 whereas a number >= 3 is expected. It comes from another PROJ installation.
2025-07-16 10:44:12,610 - fiona._env - WARNING - PROJ: proj_identify: P:\corp\central_clones\python_geopandas\Lib\site-packages\fiona\proj_data\proj.db contains DATABASE.LAYOUT.VERSION.MINOR = 2 whereas a number >= 3 is expected. It comes from another PROJ installation.
2025-07-16 10:44:13,686 - fiona._env - DEBUG - GDAL_DATA found in environment.
2025-07-16 10:44:13,689 - fiona._env - DEBUG - PROJ data found in package: path='P:\\corp\\central_clones\\python_geopandas\\Lib\\site-packages\\fiona\\proj_data'.
2025-07-16 10:44:13,690 - fiona.ogrext - DEBUG - Got coordinate system
2025-07-16 10:44:13,709 - fiona.ogrext - DEBUG - Got coordinate system
2025-07-16 10:44:13,746 - fiona._env - WARNING - PROJ: proj_identify: P:\corp\central_clones\python_geopandas\Lib\site-packages\fiona\proj_data\proj.db contains DATABASE.LAYOUT.VERSION.MINOR = 2 whereas a number >= 3 is expected. It comes from another PROJ installation.
2025-07-16 10:44:13,746 - fiona.ogrext - DEBUG - OLC_FASTSETNEXTBYINDEX: 1
2025-07-16 10:44:13,746 - fiona.ogrext - DEBUG - OLC_FASTFEATURECOUNT: 1
2025-07-16 10:44:13,747 - fiona.ogrext - DEBUG - Next index: 0
2025-07-16 10:44:13,793 - fiona.collection - DEBUG - Flushed buffer
2025-07-16 10:44:13,797 - fiona.collection - DEBUG - Stopped session
2025-07-16 10:44:13,897 - HTMLGenerator - INFO - [TIMER] Finished: Acquire geodataframe for Provincial_Forest_Exclusions in 12.41 sec | Mem: 1033.58 MB (+0.32 MB) | CPU: 0.00%
2025-07-16 10:44:13,899 - HTMLGenerator - INFO - [TIMER] Starting: Acquire geodataframe for Terrain_Mapping_Project_Boundaries
2025-07-16 10:44:13,979 - fiona._env - DEBUG - GDAL_DATA found in environment.
2025-07-16 10:44:13,980 - fiona._env - DEBUG - PROJ data found in package: path='P:\\corp\\central_clones\\python_geopandas\\Lib\\site-packages\\fiona\\proj_data'.
2025-07-16 10:44:16,002 - fiona._env - WARNING - PROJ: proj_identify: P:\corp\central_clones\python_geopandas\Lib\site-packages\fiona\proj_data\proj.db contains DATABASE.LAYOUT.VERSION.MINOR = 2 whereas a number >= 3 is expected. It comes from another PROJ installation.
2025-07-16 10:44:21,967 - fiona._env - WARNING - PROJ: proj_identify: P:\corp\central_clones\python_geopandas\Lib\site-packages\fiona\proj_data\proj.db contains DATABASE.LAYOUT.VERSION.MINOR = 2 whereas a number >= 3 is expected. It comes from another PROJ installation.
2025-07-16 10:44:22,280 - fiona._env - WARNING - PROJ: proj_identify: P:\corp\central_clones\python_geopandas\Lib\site-packages\fiona\proj_data\proj.db contains DATABASE.LAYOUT.VERSION.MINOR = 2 whereas a number >= 3 is expected. It comes from another PROJ installation.
2025-07-16 10:44:23,157 - fiona._env - DEBUG - GDAL_DATA found in environment.
2025-07-16 10:44:23,159 - fiona._env - DEBUG - PROJ data found in package: path='P:\\corp\\central_clones\\python_geopandas\\Lib\\site-packages\\fiona\\proj_data'.
2025-07-16 10:44:23,159 - fiona.ogrext - DEBUG - Got coordinate system
2025-07-16 10:44:23,171 - fiona.ogrext - DEBUG - Got coordinate system
2025-07-16 10:44:23,196 - fiona._env - WARNING - PROJ: proj_identify: P:\corp\central_clones\python_geopandas\Lib\site-packages\fiona\proj_data\proj.db contains DATABASE.LAYOUT.VERSION.MINOR = 2 whereas a number >= 3 is expected. It comes from another PROJ installation.
2025-07-16 10:44:23,197 - fiona.ogrext - DEBUG - OLC_FASTSETNEXTBYINDEX: 1
2025-07-16 10:44:23,197 - fiona.ogrext - DEBUG - OLC_FASTFEATURECOUNT: 1
2025-07-16 10:44:23,197 - fiona.ogrext - DEBUG - Next index: 0
2025-07-16 10:44:23,197 - fiona.ogrext - DEBUG - Next index: 1
2025-07-16 10:44:23,200 - fiona.ogrext - DEBUG - Next index: 2
2025-07-16 10:44:23,238 - fiona.collection - DEBUG - Flushed buffer
2025-07-16 10:44:23,240 - fiona.collection - DEBUG - Stopped session
2025-07-16 10:44:23,340 - HTMLGenerator - INFO - [TIMER] Finished: Acquire geodataframe for Terrain_Mapping_Project_Boundaries in 9.34 sec | Mem: 1033.58 MB (+0.00 MB) | CPU: 0.00%
2025-07-16 10:44:23,341 - HTMLGenerator - INFO - [TIMER] Starting: Acquire geometry for Terrain_Mapping_Project_Boundaries
2025-07-16 10:44:23,442 - HTMLGenerator - INFO - [TIMER] Finished: Acquire geometry for Terrain_Mapping_Project_Boundaries in 0.00 sec | Mem: 1033.58 MB (+0.00 MB) | CPU: 0.00%
2025-07-16 10:44:23,443 - HTMLGenerator - INFO - [TIMER] Starting: Convert Columns to strings
2025-07-16 10:44:23,558 - HTMLGenerator - INFO - [TIMER] Finished: Convert Columns to strings in 0.01 sec | Mem: 1033.58 MB (+0.00 MB) | CPU: 0.00%
2025-07-16 10:44:23,559 - HTMLGenerator - INFO - [TIMER] Starting: Acquire field data from spreadsheet; build out fields to summarize for popups
2025-07-16 10:44:23,660 - HTMLGenerator - INFO - [TIMER] Finished: Acquire field data from spreadsheet; build out fields to summarize for popups in 0.00 sec | Mem: 1033.58 MB (+0.00 MB) | CPU: 0.00%
2025-07-16 10:44:23,661 - HTMLGenerator - INFO - [TIMER] Starting: Get all popup fields and format
2025-07-16 10:44:23,763 - HTMLGenerator - INFO - [TIMER] Finished: Get all popup fields and format in 0.00 sec | Mem: 1033.58 MB (+0.00 MB) | CPU: 0.00%
2025-07-16 10:44:23,765 - HTMLGenerator - INFO - [TIMER] Starting: Determine all values and symbology to show in legend and map.
2025-07-16 10:44:23,868 - HTMLGenerator - INFO - [TIMER] Finished: Determine all values and symbology to show in legend and map. in 0.00 sec | Mem: 1033.58 MB (+0.00 MB) | CPU: 0.00%
2025-07-16 10:44:23,869 - HTMLGenerator - INFO - [TIMER] Starting: Get total bounds for the layer and set up map template.
2025-07-16 10:44:23,995 - HTMLGenerator - INFO - [TIMER] Finished: Get total bounds for the layer and set up map template. in 0.02 sec | Mem: 1033.58 MB (+0.00 MB) | CPU: 0.00%
2025-07-16 10:44:23,996 - HTMLGenerator - INFO - [TIMER] Starting: Create feature class layer and add to individual group and map
2025-07-16 10:44:24,106 - HTMLGenerator - INFO - [TIMER] Finished: Create feature class layer and add to individual group and map in 0.01 sec | Mem: 1033.58 MB (+0.00 MB) | CPU: 0.00%
2025-07-16 10:44:24,107 - HTMLGenerator - INFO - [TIMER] Starting: Create AOI layer and add to map
2025-07-16 10:44:24,247 - HTMLGenerator - INFO - [TIMER] Finished: Create AOI layer and add to map in 0.04 sec | Mem: 1033.58 MB (+0.00 MB) | CPU: 0.00%
2025-07-16 10:44:24,248 - HTMLGenerator - INFO - [TIMER] Starting: Generate tooltip fields
2025-07-16 10:44:24,351 - HTMLGenerator - INFO - [TIMER] Finished: Generate tooltip fields in 0.00 sec | Mem: 1033.58 MB (+0.00 MB) | CPU: 0.00%
2025-07-16 10:44:24,352 - HTMLGenerator - INFO - [TIMER] Starting: Create a feature group in the layers list to house all unique values
2025-07-16 10:44:24,475 - HTMLGenerator - INFO - [TIMER] Finished: Create a feature group in the layers list to house all unique values in 0.02 sec | Mem: 1033.58 MB (+0.00 MB) | CPU: 0.00%
2025-07-16 10:44:24,476 - HTMLGenerator - INFO - [TIMER] Starting: Create popup for each layer with overlap reporting
2025-07-16 10:44:24,597 - HTMLGenerator - INFO - [TIMER] Finished: Create popup for each layer with overlap reporting in 0.02 sec | Mem: 1033.58 MB (+0.00 MB) | CPU: 0.00%
2025-07-16 10:44:24,597 - HTMLGenerator - INFO - [TIMER] Starting: Create legend HTML for individual maps
2025-07-16 10:44:24,699 - HTMLGenerator - INFO - [TIMER] Finished: Create legend HTML for individual maps in 0.00 sec | Mem: 1033.58 MB (+0.00 MB) | CPU: 0.00%
2025-07-16 10:44:24,700 - HTMLGenerator - INFO - [TIMER] Starting: Add layer control for individual maps
2025-07-16 10:44:24,800 - HTMLGenerator - INFO - [TIMER] Finished: Add layer control for individual maps in 0.00 sec | Mem: 1033.58 MB (+0.00 MB) | CPU: 0.00%
2025-07-16 10:44:24,802 - HTMLGenerator - INFO - [TIMER] Starting: Add grouped layer control for individual maps; AOI, feature class
2025-07-16 10:44:24,903 - HTMLGenerator - INFO - [TIMER] Finished: Add grouped layer control for individual maps; AOI, feature class in 0.00 sec | Mem: 1033.58 MB (+0.00 MB) | CPU: 0.00%
2025-07-16 10:44:24,904 - HTMLGenerator - INFO - [TIMER] Starting: Save ind. map and cleanup
2025-07-16 10:44:25,067 - HTMLGenerator - INFO - [TIMER] Finished: Save ind. map and cleanup in 0.06 sec | Mem: 1033.58 MB (+0.00 MB) | CPU: 0.00%
2025-07-16 10:44:25,068 - HTMLGenerator - INFO - [TIMER] Starting: Acquire geodataframe for Landscape_Units
2025-07-16 10:44:25,155 - fiona._env - DEBUG - GDAL_DATA found in environment.
2025-07-16 10:44:25,156 - fiona._env - DEBUG - PROJ data found in package: path='P:\\corp\\central_clones\\python_geopandas\\Lib\\site-packages\\fiona\\proj_data'.
2025-07-16 10:44:27,147 - fiona._env - WARNING - PROJ: proj_identify: P:\corp\central_clones\python_geopandas\Lib\site-packages\fiona\proj_data\proj.db contains DATABASE.LAYOUT.VERSION.MINOR = 2 whereas a number >= 3 is expected. It comes from another PROJ installation.
2025-07-16 10:44:33,310 - fiona._env - WARNING - PROJ: proj_identify: P:\corp\central_clones\python_geopandas\Lib\site-packages\fiona\proj_data\proj.db contains DATABASE.LAYOUT.VERSION.MINOR = 2 whereas a number >= 3 is expected. It comes from another PROJ installation.
2025-07-16 10:44:33,606 - fiona._env - WARNING - PROJ: proj_identify: P:\corp\central_clones\python_geopandas\Lib\site-packages\fiona\proj_data\proj.db contains DATABASE.LAYOUT.VERSION.MINOR = 2 whereas a number >= 3 is expected. It comes from another PROJ installation.
2025-07-16 10:44:34,564 - fiona._env - DEBUG - GDAL_DATA found in environment.
2025-07-16 10:44:34,567 - fiona._env - DEBUG - PROJ data found in package: path='P:\\corp\\central_clones\\python_geopandas\\Lib\\site-packages\\fiona\\proj_data'.
2025-07-16 10:44:34,568 - fiona.ogrext - DEBUG - Got coordinate system
2025-07-16 10:44:34,600 - fiona.ogrext - DEBUG - Got coordinate system
2025-07-16 10:44:34,652 - fiona._env - WARNING - PROJ: proj_identify: P:\corp\central_clones\python_geopandas\Lib\site-packages\fiona\proj_data\proj.db contains DATABASE.LAYOUT.VERSION.MINOR = 2 whereas a number >= 3 is expected. It comes from another PROJ installation.
2025-07-16 10:44:34,653 - fiona.ogrext - DEBUG - OLC_FASTSETNEXTBYINDEX: 1
2025-07-16 10:44:34,653 - fiona.ogrext - DEBUG - OLC_FASTFEATURECOUNT: 1
2025-07-16 10:44:34,653 - fiona.ogrext - DEBUG - Next index: 0
2025-07-16 10:44:34,654 - fiona.ogrext - DEBUG - Next index: 1
2025-07-16 10:44:34,711 - fiona.collection - DEBUG - Flushed buffer
2025-07-16 10:44:34,713 - fiona.collection - DEBUG - Stopped session
2025-07-16 10:44:34,813 - HTMLGenerator - INFO - [TIMER] Finished: Acquire geodataframe for Landscape_Units in 9.62 sec | Mem: 1033.58 MB (-0.00 MB) | CPU: 0.00%
2025-07-16 10:44:34,814 - HTMLGenerator - INFO - [TIMER] Starting: Acquire geometry for Landscape_Units
2025-07-16 10:44:34,915 - HTMLGenerator - INFO - [TIMER] Finished: Acquire geometry for Landscape_Units in 0.00 sec | Mem: 1033.58 MB (+0.00 MB) | CPU: 0.00%
2025-07-16 10:44:34,916 - HTMLGenerator - INFO - [TIMER] Starting: Convert Columns to strings
2025-07-16 10:44:35,026 - HTMLGenerator - INFO - [TIMER] Finished: Convert Columns to strings in 0.01 sec | Mem: 1033.58 MB (+0.00 MB) | CPU: 0.00%
2025-07-16 10:44:35,027 - HTMLGenerator - INFO - [TIMER] Starting: Acquire field data from spreadsheet; build out fields to summarize for popups
2025-07-16 10:44:35,130 - HTMLGenerator - INFO - [TIMER] Finished: Acquire field data from spreadsheet; build out fields to summarize for popups in 0.00 sec | Mem: 1033.58 MB (+0.00 MB) | CPU: 0.00%
2025-07-16 10:44:35,132 - HTMLGenerator - INFO - [TIMER] Starting: Get all popup fields and format
2025-07-16 10:44:35,234 - HTMLGenerator - INFO - [TIMER] Finished: Get all popup fields and format in 0.00 sec | Mem: 1033.58 MB (+0.00 MB) | CPU: 0.00%
2025-07-16 10:44:35,235 - HTMLGenerator - INFO - [TIMER] Starting: Determine all values and symbology to show in legend and map.
2025-07-16 10:44:35,337 - HTMLGenerator - INFO - [TIMER] Finished: Determine all values and symbology to show in legend and map. in 0.00 sec | Mem: 1033.58 MB (+0.00 MB) | CPU: 0.00%
2025-07-16 10:44:35,338 - HTMLGenerator - INFO - [TIMER] Starting: Get total bounds for the layer and set up map template.
2025-07-16 10:44:35,468 - HTMLGenerator - INFO - [TIMER] Finished: Get total bounds for the layer and set up map template. in 0.03 sec | Mem: 1033.58 MB (+0.00 MB) | CPU: 0.00%
2025-07-16 10:44:35,469 - HTMLGenerator - INFO - [TIMER] Starting: Create feature class layer and add to individual group and map
2025-07-16 10:44:35,580 - HTMLGenerator - INFO - [TIMER] Finished: Create feature class layer and add to individual group and map in 0.01 sec | Mem: 1033.58 MB (+0.00 MB) | CPU: 0.00%
2025-07-16 10:44:35,581 - HTMLGenerator - INFO - [TIMER] Starting: Create AOI layer and add to map
2025-07-16 10:44:35,730 - HTMLGenerator - INFO - [TIMER] Finished: Create AOI layer and add to map in 0.05 sec | Mem: 1033.58 MB (+0.00 MB) | CPU: 0.00%
2025-07-16 10:44:35,731 - HTMLGenerator - INFO - [TIMER] Starting: Generate tooltip fields
2025-07-16 10:44:35,833 - HTMLGenerator - INFO - [TIMER] Finished: Generate tooltip fields in 0.00 sec | Mem: 1033.58 MB (+0.00 MB) | CPU: 0.00%
2025-07-16 10:44:35,834 - HTMLGenerator - INFO - [TIMER] Starting: Create a feature group in the layers list to house all unique values
2025-07-16 10:44:35,946 - HTMLGenerator - INFO - [TIMER] Finished: Create a feature group in the layers list to house all unique values in 0.01 sec | Mem: 1033.58 MB (+0.00 MB) | CPU: 0.00%
2025-07-16 10:44:35,947 - HTMLGenerator - INFO - [TIMER] Starting: Create popup for each layer with overlap reporting
2025-07-16 10:44:36,065 - HTMLGenerator - INFO - [TIMER] Finished: Create popup for each layer with overlap reporting in 0.02 sec | Mem: 1033.58 MB (+0.00 MB) | CPU: 0.00%
2025-07-16 10:44:36,066 - HTMLGenerator - INFO - [TIMER] Starting: Create legend HTML for individual maps
2025-07-16 10:44:36,168 - HTMLGenerator - INFO - [TIMER] Finished: Create legend HTML for individual maps in 0.00 sec | Mem: 1033.58 MB (+0.00 MB) | CPU: 0.00%
2025-07-16 10:44:36,169 - HTMLGenerator - INFO - [TIMER] Starting: Add layer control for individual maps
2025-07-16 10:44:36,270 - HTMLGenerator - INFO - [TIMER] Finished: Add layer control for individual maps in 0.00 sec | Mem: 1033.58 MB (+0.00 MB) | CPU: 0.00%
2025-07-16 10:44:36,271 - HTMLGenerator - INFO - [TIMER] Starting: Add grouped layer control for individual maps; AOI, feature class
2025-07-16 10:44:36,373 - HTMLGenerator - INFO - [TIMER] Finished: Add grouped layer control for individual maps; AOI, feature class in 0.00 sec | Mem: 1033.58 MB (+0.00 MB) | CPU: 0.00%
2025-07-16 10:44:36,374 - HTMLGenerator - INFO - [TIMER] Starting: Save ind. map and cleanup
2025-07-16 10:44:36,533 - HTMLGenerator - INFO - [TIMER] Finished: Save ind. map and cleanup in 0.06 sec | Mem: 1033.58 MB (+0.00 MB) | CPU: 0.00%
2025-07-16 10:44:36,535 - HTMLGenerator - INFO - [TIMER] Starting: Acquire geodataframe for Strategic_Land_Resource_Plans
2025-07-16 10:44:36,597 - fiona._env - DEBUG - GDAL_DATA found in environment.
2025-07-16 10:44:36,599 - fiona._env - DEBUG - PROJ data found in package: path='P:\\corp\\central_clones\\python_geopandas\\Lib\\site-packages\\fiona\\proj_data'.
2025-07-16 10:44:38,492 - fiona._env - WARNING - PROJ: proj_identify: P:\corp\central_clones\python_geopandas\Lib\site-packages\fiona\proj_data\proj.db contains DATABASE.LAYOUT.VERSION.MINOR = 2 whereas a number >= 3 is expected. It comes from another PROJ installation.
2025-07-16 10:44:44,400 - fiona._env - WARNING - PROJ: proj_identify: P:\corp\central_clones\python_geopandas\Lib\site-packages\fiona\proj_data\proj.db contains DATABASE.LAYOUT.VERSION.MINOR = 2 whereas a number >= 3 is expected. It comes from another PROJ installation.
2025-07-16 10:44:44,680 - fiona._env - WARNING - PROJ: proj_identify: P:\corp\central_clones\python_geopandas\Lib\site-packages\fiona\proj_data\proj.db contains DATABASE.LAYOUT.VERSION.MINOR = 2 whereas a number >= 3 is expected. It comes from another PROJ installation.
2025-07-16 10:44:45,572 - fiona._env - DEBUG - GDAL_DATA found in environment.
2025-07-16 10:44:45,574 - fiona._env - DEBUG - PROJ data found in package: path='P:\\corp\\central_clones\\python_geopandas\\Lib\\site-packages\\fiona\\proj_data'.
2025-07-16 10:44:45,575 - fiona.ogrext - DEBUG - Got coordinate system
2025-07-16 10:44:45,590 - fiona.ogrext - DEBUG - Got coordinate system
2025-07-16 10:44:45,621 - fiona._env - WARNING - PROJ: proj_identify: P:\corp\central_clones\python_geopandas\Lib\site-packages\fiona\proj_data\proj.db contains DATABASE.LAYOUT.VERSION.MINOR = 2 whereas a number >= 3 is expected. It comes from another PROJ installation.
2025-07-16 10:44:45,621 - fiona.ogrext - DEBUG - OLC_FASTSETNEXTBYINDEX: 1
2025-07-16 10:44:45,621 - fiona.ogrext - DEBUG - OLC_FASTFEATURECOUNT: 1
2025-07-16 10:44:45,622 - fiona.ogrext - DEBUG - Next index: 0
2025-07-16 10:44:45,659 - fiona.collection - DEBUG - Flushed buffer
2025-07-16 10:44:45,661 - fiona.collection - DEBUG - Stopped session
2025-07-16 10:44:45,761 - HTMLGenerator - INFO - [TIMER] Finished: Acquire geodataframe for Strategic_Land_Resource_Plans in 9.13 sec | Mem: 1033.58 MB (+0.00 MB) | CPU: 0.00%
2025-07-16 10:44:45,762 - HTMLGenerator - INFO - [TIMER] Starting: Acquire geodataframe for Legal_OGMA
2025-07-16 10:44:45,823 - fiona._env - DEBUG - GDAL_DATA found in environment.
2025-07-16 10:44:45,824 - fiona._env - DEBUG - PROJ data found in package: path='P:\\corp\\central_clones\\python_geopandas\\Lib\\site-packages\\fiona\\proj_data'.
2025-07-16 10:44:48,328 - fiona._env - WARNING - PROJ: proj_identify: P:\corp\central_clones\python_geopandas\Lib\site-packages\fiona\proj_data\proj.db contains DATABASE.LAYOUT.VERSION.MINOR = 2 whereas a number >= 3 is expected. It comes from another PROJ installation.
2025-07-16 10:44:55,841 - fiona._env - WARNING - PROJ: proj_identify: P:\corp\central_clones\python_geopandas\Lib\site-packages\fiona\proj_data\proj.db contains DATABASE.LAYOUT.VERSION.MINOR = 2 whereas a number >= 3 is expected. It comes from another PROJ installation.
2025-07-16 10:44:56,127 - fiona._env - WARNING - PROJ: proj_identify: P:\corp\central_clones\python_geopandas\Lib\site-packages\fiona\proj_data\proj.db contains DATABASE.LAYOUT.VERSION.MINOR = 2 whereas a number >= 3 is expected. It comes from another PROJ installation.
2025-07-16 10:44:57,106 - fiona._env - DEBUG - GDAL_DATA found in environment.
2025-07-16 10:44:57,108 - fiona._env - DEBUG - PROJ data found in package: path='P:\\corp\\central_clones\\python_geopandas\\Lib\\site-packages\\fiona\\proj_data'.
2025-07-16 10:44:57,108 - fiona.ogrext - DEBUG - Got coordinate system
2025-07-16 10:44:57,121 - fiona.ogrext - DEBUG - Got coordinate system
2025-07-16 10:44:57,146 - fiona._env - WARNING - PROJ: proj_identify: P:\corp\central_clones\python_geopandas\Lib\site-packages\fiona\proj_data\proj.db contains DATABASE.LAYOUT.VERSION.MINOR = 2 whereas a number >= 3 is expected. It comes from another PROJ installation.
2025-07-16 10:44:57,147 - fiona.ogrext - DEBUG - OLC_FASTSETNEXTBYINDEX: 1
2025-07-16 10:44:57,147 - fiona.ogrext - DEBUG - OLC_FASTFEATURECOUNT: 1
2025-07-16 10:44:57,148 - fiona.ogrext - DEBUG - Next index: 0
2025-07-16 10:44:57,184 - fiona.collection - DEBUG - Flushed buffer
2025-07-16 10:44:57,185 - fiona.collection - DEBUG - Stopped session
2025-07-16 10:44:57,286 - HTMLGenerator - INFO - [TIMER] Finished: Acquire geodataframe for Legal_OGMA in 11.42 sec | Mem: 1033.58 MB (+0.00 MB) | CPU: 0.00%
2025-07-16 10:44:57,287 - HTMLGenerator - INFO - [TIMER] Starting: Acquire geodataframe for Non_Legal_OGMA
2025-07-16 10:44:57,347 - fiona._env - DEBUG - GDAL_DATA found in environment.
2025-07-16 10:44:57,348 - fiona._env - DEBUG - PROJ data found in package: path='P:\\corp\\central_clones\\python_geopandas\\Lib\\site-packages\\fiona\\proj_data'.
2025-07-16 10:44:59,148 - fiona._env - WARNING - PROJ: proj_identify: P:\corp\central_clones\python_geopandas\Lib\site-packages\fiona\proj_data\proj.db contains DATABASE.LAYOUT.VERSION.MINOR = 2 whereas a number >= 3 is expected. It comes from another PROJ installation.
2025-07-16 10:45:05,531 - fiona._env - WARNING - PROJ: proj_identify: P:\corp\central_clones\python_geopandas\Lib\site-packages\fiona\proj_data\proj.db contains DATABASE.LAYOUT.VERSION.MINOR = 2 whereas a number >= 3 is expected. It comes from another PROJ installation.
2025-07-16 10:45:05,864 - fiona._env - WARNING - PROJ: proj_identify: P:\corp\central_clones\python_geopandas\Lib\site-packages\fiona\proj_data\proj.db contains DATABASE.LAYOUT.VERSION.MINOR = 2 whereas a number >= 3 is expected. It comes from another PROJ installation.
2025-07-16 10:45:07,036 - fiona._env - DEBUG - GDAL_DATA found in environment.
2025-07-16 10:45:07,038 - fiona._env - DEBUG - PROJ data found in package: path='P:\\corp\\central_clones\\python_geopandas\\Lib\\site-packages\\fiona\\proj_data'.
2025-07-16 10:45:07,039 - fiona.ogrext - DEBUG - Got coordinate system
2025-07-16 10:45:07,063 - fiona.ogrext - DEBUG - Got coordinate system
2025-07-16 10:45:07,107 - fiona._env - WARNING - PROJ: proj_identify: P:\corp\central_clones\python_geopandas\Lib\site-packages\fiona\proj_data\proj.db contains DATABASE.LAYOUT.VERSION.MINOR = 2 whereas a number >= 3 is expected. It comes from another PROJ installation.
2025-07-16 10:45:07,108 - fiona.ogrext - DEBUG - OLC_FASTSETNEXTBYINDEX: 1
2025-07-16 10:45:07,108 - fiona.ogrext - DEBUG - OLC_FASTFEATURECOUNT: 1
2025-07-16 10:45:07,109 - fiona.ogrext - DEBUG - Next index: 0
2025-07-16 10:45:07,152 - fiona.collection - DEBUG - Flushed buffer
2025-07-16 10:45:07,154 - fiona.collection - DEBUG - Stopped session
2025-07-16 10:45:07,255 - HTMLGenerator - INFO - [TIMER] Finished: Acquire geodataframe for Non_Legal_OGMA in 9.87 sec | Mem: 1033.58 MB (-0.00 MB) | CPU: 0.00%
2025-07-16 10:45:07,257 - HTMLGenerator - INFO - [TIMER] Starting: Acquire geodataframe for Old_Growth_Recommended_Harvest_Deferral_Areas
2025-07-16 10:45:07,338 - fiona._env - DEBUG - GDAL_DATA found in environment.
2025-07-16 10:45:07,340 - fiona._env - DEBUG - PROJ data found in package: path='P:\\corp\\central_clones\\python_geopandas\\Lib\\site-packages\\fiona\\proj_data'.
2025-07-16 10:45:09,764 - fiona._env - WARNING - PROJ: proj_identify: P:\corp\central_clones\python_geopandas\Lib\site-packages\fiona\proj_data\proj.db contains DATABASE.LAYOUT.VERSION.MINOR = 2 whereas a number >= 3 is expected. It comes from another PROJ installation.
2025-07-16 10:45:17,134 - fiona._env - WARNING - PROJ: proj_identify: P:\corp\central_clones\python_geopandas\Lib\site-packages\fiona\proj_data\proj.db contains DATABASE.LAYOUT.VERSION.MINOR = 2 whereas a number >= 3 is expected. It comes from another PROJ installation.
2025-07-16 10:45:17,470 - fiona._env - WARNING - PROJ: proj_identify: P:\corp\central_clones\python_geopandas\Lib\site-packages\fiona\proj_data\proj.db contains DATABASE.LAYOUT.VERSION.MINOR = 2 whereas a number >= 3 is expected. It comes from another PROJ installation.
2025-07-16 10:45:18,531 - fiona._env - DEBUG - GDAL_DATA found in environment.
2025-07-16 10:45:18,533 - fiona._env - DEBUG - PROJ data found in package: path='P:\\corp\\central_clones\\python_geopandas\\Lib\\site-packages\\fiona\\proj_data'.
2025-07-16 10:45:18,534 - fiona.ogrext - DEBUG - Got coordinate system
2025-07-16 10:45:18,551 - fiona.ogrext - DEBUG - Got coordinate system
2025-07-16 10:45:18,586 - fiona._env - WARNING - PROJ: proj_identify: P:\corp\central_clones\python_geopandas\Lib\site-packages\fiona\proj_data\proj.db contains DATABASE.LAYOUT.VERSION.MINOR = 2 whereas a number >= 3 is expected. It comes from another PROJ installation.
2025-07-16 10:45:18,586 - fiona.ogrext - DEBUG - OLC_FASTSETNEXTBYINDEX: 1
2025-07-16 10:45:18,587 - fiona.ogrext - DEBUG - OLC_FASTFEATURECOUNT: 1
2025-07-16 10:45:18,587 - fiona.ogrext - DEBUG - Next index: 0
2025-07-16 10:45:18,631 - fiona.collection - DEBUG - Flushed buffer
2025-07-16 10:45:18,634 - fiona.collection - DEBUG - Stopped session
2025-07-16 10:45:18,735 - HTMLGenerator - INFO - [TIMER] Finished: Acquire geodataframe for Old_Growth_Recommended_Harvest_Deferral_Areas in 11.38 sec | Mem: 1033.58 MB (+0.00 MB) | CPU: 0.00%
2025-07-16 10:45:18,737 - HTMLGenerator - INFO - [TIMER] Starting: Acquire geodataframe for Legal_Strategic_Land_and_Resource_Planning_Objectives_polygons
2025-07-16 10:45:18,862 - fiona._env - DEBUG - GDAL_DATA found in environment.
2025-07-16 10:45:18,865 - fiona._env - DEBUG - PROJ data found in package: path='P:\\corp\\central_clones\\python_geopandas\\Lib\\site-packages\\fiona\\proj_data'.
2025-07-16 10:45:21,178 - fiona._env - WARNING - PROJ: proj_identify: P:\corp\central_clones\python_geopandas\Lib\site-packages\fiona\proj_data\proj.db contains DATABASE.LAYOUT.VERSION.MINOR = 2 whereas a number >= 3 is expected. It comes from another PROJ installation.
2025-07-16 10:45:28,382 - fiona._env - WARNING - PROJ: proj_identify: P:\corp\central_clones\python_geopandas\Lib\site-packages\fiona\proj_data\proj.db contains DATABASE.LAYOUT.VERSION.MINOR = 2 whereas a number >= 3 is expected. It comes from another PROJ installation.
2025-07-16 10:45:28,727 - fiona._env - WARNING - PROJ: proj_identify: P:\corp\central_clones\python_geopandas\Lib\site-packages\fiona\proj_data\proj.db contains DATABASE.LAYOUT.VERSION.MINOR = 2 whereas a number >= 3 is expected. It comes from another PROJ installation.
2025-07-16 10:45:29,982 - fiona._env - DEBUG - GDAL_DATA found in environment.
2025-07-16 10:45:29,984 - fiona._env - DEBUG - PROJ data found in package: path='P:\\corp\\central_clones\\python_geopandas\\Lib\\site-packages\\fiona\\proj_data'.
2025-07-16 10:45:29,985 - fiona.ogrext - DEBUG - Got coordinate system
2025-07-16 10:45:30,001 - fiona.ogrext - DEBUG - Got coordinate system
2025-07-16 10:45:30,032 - fiona._env - WARNING - PROJ: proj_identify: P:\corp\central_clones\python_geopandas\Lib\site-packages\fiona\proj_data\proj.db contains DATABASE.LAYOUT.VERSION.MINOR = 2 whereas a number >= 3 is expected. It comes from another PROJ installation.
2025-07-16 10:45:30,033 - fiona.ogrext - DEBUG - OLC_FASTSETNEXTBYINDEX: 1
2025-07-16 10:45:30,033 - fiona.ogrext - DEBUG - OLC_FASTFEATURECOUNT: 1
2025-07-16 10:45:30,034 - fiona.ogrext - DEBUG - Next index: 0
2025-07-16 10:45:30,090 - fiona.collection - DEBUG - Flushed buffer
2025-07-16 10:45:30,092 - fiona.collection - DEBUG - Stopped session
2025-07-16 10:45:30,194 - HTMLGenerator - INFO - [TIMER] Finished: Acquire geodataframe for Legal_Strategic_Land_and_Resource_Planning_Objectives_polygons in 11.36 sec | Mem: 1033.58 MB (-0.00 MB) | CPU: 0.00%
2025-07-16 10:45:30,195 - HTMLGenerator - INFO - [TIMER] Starting: Acquire geodataframe for Legal_Strategic_Land_and_Resource_Planning_Objectives_point
2025-07-16 10:45:30,297 - fiona._env - DEBUG - GDAL_DATA found in environment.
2025-07-16 10:45:30,298 - fiona._env - DEBUG - PROJ data found in package: path='P:\\corp\\central_clones\\python_geopandas\\Lib\\site-packages\\fiona\\proj_data'.
2025-07-16 10:45:32,656 - fiona._env - WARNING - PROJ: proj_identify: P:\corp\central_clones\python_geopandas\Lib\site-packages\fiona\proj_data\proj.db contains DATABASE.LAYOUT.VERSION.MINOR = 2 whereas a number >= 3 is expected. It comes from another PROJ installation.
2025-07-16 10:45:40,926 - fiona._env - WARNING - PROJ: proj_identify: P:\corp\central_clones\python_geopandas\Lib\site-packages\fiona\proj_data\proj.db contains DATABASE.LAYOUT.VERSION.MINOR = 2 whereas a number >= 3 is expected. It comes from another PROJ installation.
2025-07-16 10:45:41,273 - fiona._env - WARNING - PROJ: proj_identify: P:\corp\central_clones\python_geopandas\Lib\site-packages\fiona\proj_data\proj.db contains DATABASE.LAYOUT.VERSION.MINOR = 2 whereas a number >= 3 is expected. It comes from another PROJ installation.
2025-07-16 10:45:42,516 - fiona._env - DEBUG - GDAL_DATA found in environment.
2025-07-16 10:45:42,519 - fiona._env - DEBUG - PROJ data found in package: path='P:\\corp\\central_clones\\python_geopandas\\Lib\\site-packages\\fiona\\proj_data'.
2025-07-16 10:45:42,519 - fiona.ogrext - DEBUG - Got coordinate system
2025-07-16 10:45:42,539 - fiona.ogrext - DEBUG - Got coordinate system
2025-07-16 10:45:42,578 - fiona._env - WARNING - PROJ: proj_identify: P:\corp\central_clones\python_geopandas\Lib\site-packages\fiona\proj_data\proj.db contains DATABASE.LAYOUT.VERSION.MINOR = 2 whereas a number >= 3 is expected. It comes from another PROJ installation.
2025-07-16 10:45:42,579 - fiona.ogrext - DEBUG - OLC_FASTSETNEXTBYINDEX: 1
2025-07-16 10:45:42,579 - fiona.ogrext - DEBUG - OLC_FASTFEATURECOUNT: 1
2025-07-16 10:45:42,579 - fiona.ogrext - DEBUG - Next index: 0
2025-07-16 10:45:42,644 - fiona.collection - DEBUG - Flushed buffer
2025-07-16 10:45:42,647 - fiona.collection - DEBUG - Stopped session
2025-07-16 10:45:42,748 - HTMLGenerator - INFO - [TIMER] Finished: Acquire geodataframe for Legal_Strategic_Land_and_Resource_Planning_Objectives_point in 12.43 sec | Mem: 1033.58 MB (+0.00 MB) | CPU: 0.00%
2025-07-16 10:45:42,749 - HTMLGenerator - INFO - [TIMER] Starting: Acquire geodataframe for Legal_Strategic_Land_and_Resource_Planning_Objectives_line
2025-07-16 10:45:42,840 - fiona._env - DEBUG - GDAL_DATA found in environment.
2025-07-16 10:45:42,841 - fiona._env - DEBUG - PROJ data found in package: path='P:\\corp\\central_clones\\python_geopandas\\Lib\\site-packages\\fiona\\proj_data'.
2025-07-16 10:45:45,264 - fiona._env - WARNING - PROJ: proj_identify: P:\corp\central_clones\python_geopandas\Lib\site-packages\fiona\proj_data\proj.db contains DATABASE.LAYOUT.VERSION.MINOR = 2 whereas a number >= 3 is expected. It comes from another PROJ installation.
2025-07-16 10:45:53,123 - fiona._env - WARNING - PROJ: proj_identify: P:\corp\central_clones\python_geopandas\Lib\site-packages\fiona\proj_data\proj.db contains DATABASE.LAYOUT.VERSION.MINOR = 2 whereas a number >= 3 is expected. It comes from another PROJ installation.
2025-07-16 10:45:53,465 - fiona._env - WARNING - PROJ: proj_identify: P:\corp\central_clones\python_geopandas\Lib\site-packages\fiona\proj_data\proj.db contains DATABASE.LAYOUT.VERSION.MINOR = 2 whereas a number >= 3 is expected. It comes from another PROJ installation.
2025-07-16 10:45:54,667 - fiona._env - DEBUG - GDAL_DATA found in environment.
2025-07-16 10:45:54,670 - fiona._env - DEBUG - PROJ data found in package: path='P:\\corp\\central_clones\\python_geopandas\\Lib\\site-packages\\fiona\\proj_data'.
2025-07-16 10:45:54,671 - fiona.ogrext - DEBUG - Got coordinate system
2025-07-16 10:45:54,694 - fiona.ogrext - DEBUG - Got coordinate system
2025-07-16 10:45:54,737 - fiona._env - WARNING - PROJ: proj_identify: P:\corp\central_clones\python_geopandas\Lib\site-packages\fiona\proj_data\proj.db contains DATABASE.LAYOUT.VERSION.MINOR = 2 whereas a number >= 3 is expected. It comes from another PROJ installation.
2025-07-16 10:45:54,737 - fiona.ogrext - DEBUG - OLC_FASTSETNEXTBYINDEX: 1
2025-07-16 10:45:54,738 - fiona.ogrext - DEBUG - OLC_FASTFEATURECOUNT: 1
2025-07-16 10:45:54,738 - fiona.ogrext - DEBUG - Next index: 0
2025-07-16 10:45:54,803 - fiona.collection - DEBUG - Flushed buffer
2025-07-16 10:45:54,806 - fiona.collection - DEBUG - Stopped session
2025-07-16 10:45:54,907 - HTMLGenerator - INFO - [TIMER] Finished: Acquire geodataframe for Legal_Strategic_Land_and_Resource_Planning_Objectives_line in 12.06 sec | Mem: 1033.91 MB (+0.33 MB) | CPU: 0.00%
2025-07-16 10:45:54,908 - HTMLGenerator - INFO - [TIMER] Starting: Acquire geodataframe for Non_Legal_Strategic_Land_and_Resource_Planning_Features_polygon
2025-07-16 10:45:54,935 - fiona._env - DEBUG - GDAL_DATA found in environment.
2025-07-16 10:45:54,937 - fiona._env - DEBUG - PROJ data found in package: path='P:\\corp\\central_clones\\python_geopandas\\Lib\\site-packages\\fiona\\proj_data'.
2025-07-16 10:45:57,317 - fiona._env - WARNING - PROJ: proj_identify: P:\corp\central_clones\python_geopandas\Lib\site-packages\fiona\proj_data\proj.db contains DATABASE.LAYOUT.VERSION.MINOR = 2 whereas a number >= 3 is expected. It comes from another PROJ installation.
2025-07-16 10:46:04,304 - fiona._env - WARNING - PROJ: proj_identify: P:\corp\central_clones\python_geopandas\Lib\site-packages\fiona\proj_data\proj.db contains DATABASE.LAYOUT.VERSION.MINOR = 2 whereas a number >= 3 is expected. It comes from another PROJ installation.
2025-07-16 10:46:04,559 - fiona._env - WARNING - PROJ: proj_identify: P:\corp\central_clones\python_geopandas\Lib\site-packages\fiona\proj_data\proj.db contains DATABASE.LAYOUT.VERSION.MINOR = 2 whereas a number >= 3 is expected. It comes from another PROJ installation.
2025-07-16 10:46:05,435 - fiona._env - DEBUG - GDAL_DATA found in environment.
2025-07-16 10:46:05,437 - fiona._env - DEBUG - PROJ data found in package: path='P:\\corp\\central_clones\\python_geopandas\\Lib\\site-packages\\fiona\\proj_data'.
2025-07-16 10:46:05,437 - fiona.ogrext - DEBUG - Got coordinate system
2025-07-16 10:46:05,453 - fiona.ogrext - DEBUG - Got coordinate system
2025-07-16 10:46:05,483 - fiona._env - WARNING - PROJ: proj_identify: P:\corp\central_clones\python_geopandas\Lib\site-packages\fiona\proj_data\proj.db contains DATABASE.LAYOUT.VERSION.MINOR = 2 whereas a number >= 3 is expected. It comes from another PROJ installation.
2025-07-16 10:46:05,484 - fiona.ogrext - DEBUG - OLC_FASTSETNEXTBYINDEX: 1
2025-07-16 10:46:05,484 - fiona.ogrext - DEBUG - OLC_FASTFEATURECOUNT: 1
2025-07-16 10:46:05,484 - fiona.ogrext - DEBUG - Next index: 0
2025-07-16 10:46:05,520 - fiona.collection - DEBUG - Flushed buffer
2025-07-16 10:46:05,522 - fiona.collection - DEBUG - Stopped session
2025-07-16 10:46:05,622 - HTMLGenerator - INFO - [TIMER] Finished: Acquire geodataframe for Non_Legal_Strategic_Land_and_Resource_Planning_Features_polygon in 10.61 sec | Mem: 1033.91 MB (+0.00 MB) | CPU: 0.00%
2025-07-16 10:46:05,623 - HTMLGenerator - INFO - [TIMER] Starting: Acquire geodataframe for Non_Legal_Strategic_Land_and_Resource_Planning_Features_point
2025-07-16 10:46:05,647 - fiona._env - DEBUG - GDAL_DATA found in environment.
2025-07-16 10:46:05,649 - fiona._env - DEBUG - PROJ data found in package: path='P:\\corp\\central_clones\\python_geopandas\\Lib\\site-packages\\fiona\\proj_data'.
2025-07-16 10:46:07,774 - fiona._env - WARNING - PROJ: proj_identify: P:\corp\central_clones\python_geopandas\Lib\site-packages\fiona\proj_data\proj.db contains DATABASE.LAYOUT.VERSION.MINOR = 2 whereas a number >= 3 is expected. It comes from another PROJ installation.
2025-07-16 10:46:13,695 - fiona._env - WARNING - PROJ: proj_identify: P:\corp\central_clones\python_geopandas\Lib\site-packages\fiona\proj_data\proj.db contains DATABASE.LAYOUT.VERSION.MINOR = 2 whereas a number >= 3 is expected. It comes from another PROJ installation.
2025-07-16 10:46:13,940 - fiona._env - WARNING - PROJ: proj_identify: P:\corp\central_clones\python_geopandas\Lib\site-packages\fiona\proj_data\proj.db contains DATABASE.LAYOUT.VERSION.MINOR = 2 whereas a number >= 3 is expected. It comes from another PROJ installation.
2025-07-16 10:46:14,739 - fiona._env - DEBUG - GDAL_DATA found in environment.
2025-07-16 10:46:14,741 - fiona._env - DEBUG - PROJ data found in package: path='P:\\corp\\central_clones\\python_geopandas\\Lib\\site-packages\\fiona\\proj_data'.
2025-07-16 10:46:14,741 - fiona.ogrext - DEBUG - Got coordinate system
2025-07-16 10:46:14,754 - fiona.ogrext - DEBUG - Got coordinate system
2025-07-16 10:46:14,781 - fiona._env - WARNING - PROJ: proj_identify: P:\corp\central_clones\python_geopandas\Lib\site-packages\fiona\proj_data\proj.db contains DATABASE.LAYOUT.VERSION.MINOR = 2 whereas a number >= 3 is expected. It comes from another PROJ installation.
2025-07-16 10:46:14,781 - fiona.ogrext - DEBUG - OLC_FASTSETNEXTBYINDEX: 1
2025-07-16 10:46:14,781 - fiona.ogrext - DEBUG - OLC_FASTFEATURECOUNT: 1
2025-07-16 10:46:14,782 - fiona.ogrext - DEBUG - Next index: 0
2025-07-16 10:46:14,820 - fiona.collection - DEBUG - Flushed buffer
2025-07-16 10:46:14,822 - fiona.collection - DEBUG - Stopped session
2025-07-16 10:46:14,923 - HTMLGenerator - INFO - [TIMER] Finished: Acquire geodataframe for Non_Legal_Strategic_Land_and_Resource_Planning_Features_point in 9.20 sec | Mem: 1033.90 MB (-0.01 MB) | CPU: 0.00%
2025-07-16 10:46:14,924 - HTMLGenerator - INFO - [TIMER] Starting: Acquire geodataframe for Non_Legal_Strategic_Land_and_Resource_Planning_Features_line
2025-07-16 10:46:14,946 - fiona._env - DEBUG - GDAL_DATA found in environment.
2025-07-16 10:46:14,947 - fiona._env - DEBUG - PROJ data found in package: path='P:\\corp\\central_clones\\python_geopandas\\Lib\\site-packages\\fiona\\proj_data'.
2025-07-16 10:46:17,050 - fiona._env - WARNING - PROJ: proj_identify: P:\corp\central_clones\python_geopandas\Lib\site-packages\fiona\proj_data\proj.db contains DATABASE.LAYOUT.VERSION.MINOR = 2 whereas a number >= 3 is expected. It comes from another PROJ installation.
2025-07-16 10:46:23,174 - fiona._env - WARNING - PROJ: proj_identify: P:\corp\central_clones\python_geopandas\Lib\site-packages\fiona\proj_data\proj.db contains DATABASE.LAYOUT.VERSION.MINOR = 2 whereas a number >= 3 is expected. It comes from another PROJ installation.
2025-07-16 10:46:23,408 - fiona._env - WARNING - PROJ: proj_identify: P:\corp\central_clones\python_geopandas\Lib\site-packages\fiona\proj_data\proj.db contains DATABASE.LAYOUT.VERSION.MINOR = 2 whereas a number >= 3 is expected. It comes from another PROJ installation.
2025-07-16 10:46:24,258 - fiona._env - DEBUG - GDAL_DATA found in environment.
2025-07-16 10:46:24,260 - fiona._env - DEBUG - PROJ data found in package: path='P:\\corp\\central_clones\\python_geopandas\\Lib\\site-packages\\fiona\\proj_data'.
2025-07-16 10:46:24,260 - fiona.ogrext - DEBUG - Got coordinate system
2025-07-16 10:46:24,276 - fiona.ogrext - DEBUG - Got coordinate system
2025-07-16 10:46:24,300 - fiona._env - WARNING - PROJ: proj_identify: P:\corp\central_clones\python_geopandas\Lib\site-packages\fiona\proj_data\proj.db contains DATABASE.LAYOUT.VERSION.MINOR = 2 whereas a number >= 3 is expected. It comes from another PROJ installation.
2025-07-16 10:46:24,301 - fiona.ogrext - DEBUG - OLC_FASTSETNEXTBYINDEX: 1
2025-07-16 10:46:24,301 - fiona.ogrext - DEBUG - OLC_FASTFEATURECOUNT: 1
2025-07-16 10:46:24,301 - fiona.ogrext - DEBUG - Next index: 0
2025-07-16 10:46:24,337 - fiona.collection - DEBUG - Flushed buffer
2025-07-16 10:46:24,339 - fiona.collection - DEBUG - Stopped session
2025-07-16 10:46:24,441 - HTMLGenerator - INFO - [TIMER] Finished: Acquire geodataframe for Non_Legal_Strategic_Land_and_Resource_Planning_Features_line in 9.41 sec | Mem: 1033.90 MB (+0.00 MB) | CPU: 0.00%
2025-07-16 10:46:24,442 - HTMLGenerator - INFO - [TIMER] Starting: Acquire geodataframe for Archaeological_Potential
2025-07-16 10:46:24,509 - fiona._env - DEBUG - GDAL_DATA found in environment.
2025-07-16 10:46:24,510 - fiona._env - DEBUG - PROJ data found in package: path='P:\\corp\\central_clones\\python_geopandas\\Lib\\site-packages\\fiona\\proj_data'.
2025-07-16 10:46:26,600 - fiona._env - WARNING - PROJ: proj_identify: P:\corp\central_clones\python_geopandas\Lib\site-packages\fiona\proj_data\proj.db contains DATABASE.LAYOUT.VERSION.MINOR = 2 whereas a number >= 3 is expected. It comes from another PROJ installation.
2025-07-16 10:46:33,247 - fiona._env - WARNING - PROJ: proj_identify: P:\corp\central_clones\python_geopandas\Lib\site-packages\fiona\proj_data\proj.db contains DATABASE.LAYOUT.VERSION.MINOR = 2 whereas a number >= 3 is expected. It comes from another PROJ installation.
2025-07-16 10:46:33,504 - fiona._env - WARNING - PROJ: proj_identify: P:\corp\central_clones\python_geopandas\Lib\site-packages\fiona\proj_data\proj.db contains DATABASE.LAYOUT.VERSION.MINOR = 2 whereas a number >= 3 is expected. It comes from another PROJ installation.
2025-07-16 10:46:34,413 - fiona._env - DEBUG - GDAL_DATA found in environment.
2025-07-16 10:46:34,414 - fiona._env - DEBUG - PROJ data found in package: path='P:\\corp\\central_clones\\python_geopandas\\Lib\\site-packages\\fiona\\proj_data'.
2025-07-16 10:46:34,415 - fiona.ogrext - DEBUG - Got coordinate system
2025-07-16 10:46:34,430 - fiona.ogrext - DEBUG - Got coordinate system
2025-07-16 10:46:34,462 - fiona._env - WARNING - PROJ: proj_identify: P:\corp\central_clones\python_geopandas\Lib\site-packages\fiona\proj_data\proj.db contains DATABASE.LAYOUT.VERSION.MINOR = 2 whereas a number >= 3 is expected. It comes from another PROJ installation.
2025-07-16 10:46:34,462 - fiona.ogrext - DEBUG - OLC_FASTSETNEXTBYINDEX: 1
2025-07-16 10:46:34,463 - fiona.ogrext - DEBUG - OLC_FASTFEATURECOUNT: 1
2025-07-16 10:46:34,463 - fiona.ogrext - DEBUG - Next index: 0
2025-07-16 10:46:34,502 - fiona.collection - DEBUG - Flushed buffer
2025-07-16 10:46:34,504 - fiona.collection - DEBUG - Stopped session
2025-07-16 10:46:34,605 - HTMLGenerator - INFO - [TIMER] Finished: Acquire geodataframe for Archaeological_Potential in 10.06 sec | Mem: 1033.90 MB (+0.00 MB) | CPU: 0.00%
2025-07-16 10:46:34,606 - HTMLGenerator - INFO - [TIMER] Starting: Acquire geodataframe for Arch_Potential_Informed_Contributors_Layer
2025-07-16 10:46:34,667 - fiona._env - DEBUG - GDAL_DATA found in environment.
2025-07-16 10:46:34,669 - fiona._env - DEBUG - PROJ data found in package: path='P:\\corp\\central_clones\\python_geopandas\\Lib\\site-packages\\fiona\\proj_data'.
2025-07-16 10:46:36,484 - fiona._env - WARNING - PROJ: proj_identify: P:\corp\central_clones\python_geopandas\Lib\site-packages\fiona\proj_data\proj.db contains DATABASE.LAYOUT.VERSION.MINOR = 2 whereas a number >= 3 is expected. It comes from another PROJ installation.
2025-07-16 10:46:42,840 - fiona._env - WARNING - PROJ: proj_identify: P:\corp\central_clones\python_geopandas\Lib\site-packages\fiona\proj_data\proj.db contains DATABASE.LAYOUT.VERSION.MINOR = 2 whereas a number >= 3 is expected. It comes from another PROJ installation.
2025-07-16 10:46:43,132 - fiona._env - WARNING - PROJ: proj_identify: P:\corp\central_clones\python_geopandas\Lib\site-packages\fiona\proj_data\proj.db contains DATABASE.LAYOUT.VERSION.MINOR = 2 whereas a number >= 3 is expected. It comes from another PROJ installation.
2025-07-16 10:46:44,099 - fiona._env - DEBUG - GDAL_DATA found in environment.
2025-07-16 10:46:44,100 - fiona._env - DEBUG - PROJ data found in package: path='P:\\corp\\central_clones\\python_geopandas\\Lib\\site-packages\\fiona\\proj_data'.
2025-07-16 10:46:44,100 - fiona.ogrext - DEBUG - Got coordinate system
2025-07-16 10:46:44,114 - fiona.ogrext - DEBUG - Got coordinate system
2025-07-16 10:46:44,141 - fiona._env - WARNING - PROJ: proj_identify: P:\corp\central_clones\python_geopandas\Lib\site-packages\fiona\proj_data\proj.db contains DATABASE.LAYOUT.VERSION.MINOR = 2 whereas a number >= 3 is expected. It comes from another PROJ installation.
2025-07-16 10:46:44,141 - fiona.ogrext - DEBUG - OLC_FASTSETNEXTBYINDEX: 1
2025-07-16 10:46:44,141 - fiona.ogrext - DEBUG - OLC_FASTFEATURECOUNT: 1
2025-07-16 10:46:44,141 - fiona.ogrext - DEBUG - Next index: 0
2025-07-16 10:46:44,176 - fiona.collection - DEBUG - Flushed buffer
2025-07-16 10:46:44,177 - fiona.collection - DEBUG - Stopped session
2025-07-16 10:46:44,279 - HTMLGenerator - INFO - [TIMER] Finished: Acquire geodataframe for Arch_Potential_Informed_Contributors_Layer in 9.57 sec | Mem: 1033.90 MB (-0.00 MB) | CPU: 0.00%
2025-07-16 10:46:44,280 - HTMLGenerator - INFO - [TIMER] Starting: Acquire geodataframe for Known_Fish_Observations
2025-07-16 10:46:44,342 - fiona._env - DEBUG - GDAL_DATA found in environment.
2025-07-16 10:46:44,344 - fiona._env - DEBUG - PROJ data found in package: path='P:\\corp\\central_clones\\python_geopandas\\Lib\\site-packages\\fiona\\proj_data'.
2025-07-16 10:46:46,158 - fiona._env - WARNING - PROJ: proj_identify: P:\corp\central_clones\python_geopandas\Lib\site-packages\fiona\proj_data\proj.db contains DATABASE.LAYOUT.VERSION.MINOR = 2 whereas a number >= 3 is expected. It comes from another PROJ installation.
2025-07-16 10:46:52,122 - fiona._env - WARNING - PROJ: proj_identify: P:\corp\central_clones\python_geopandas\Lib\site-packages\fiona\proj_data\proj.db contains DATABASE.LAYOUT.VERSION.MINOR = 2 whereas a number >= 3 is expected. It comes from another PROJ installation.
2025-07-16 10:46:52,433 - fiona._env - WARNING - PROJ: proj_identify: P:\corp\central_clones\python_geopandas\Lib\site-packages\fiona\proj_data\proj.db contains DATABASE.LAYOUT.VERSION.MINOR = 2 whereas a number >= 3 is expected. It comes from another PROJ installation.
2025-07-16 10:46:53,297 - fiona._env - DEBUG - GDAL_DATA found in environment.
2025-07-16 10:46:53,298 - fiona._env - DEBUG - PROJ data found in package: path='P:\\corp\\central_clones\\python_geopandas\\Lib\\site-packages\\fiona\\proj_data'.
2025-07-16 10:46:53,299 - fiona.ogrext - DEBUG - Got coordinate system
2025-07-16 10:46:53,312 - fiona.ogrext - DEBUG - Got coordinate system
2025-07-16 10:46:53,341 - fiona._env - WARNING - PROJ: proj_identify: P:\corp\central_clones\python_geopandas\Lib\site-packages\fiona\proj_data\proj.db contains DATABASE.LAYOUT.VERSION.MINOR = 2 whereas a number >= 3 is expected. It comes from another PROJ installation.
2025-07-16 10:46:53,341 - fiona.ogrext - DEBUG - OLC_FASTSETNEXTBYINDEX: 1
2025-07-16 10:46:53,341 - fiona.ogrext - DEBUG - OLC_FASTFEATURECOUNT: 1
2025-07-16 10:46:53,341 - fiona.ogrext - DEBUG - Next index: 0
2025-07-16 10:46:53,342 - fiona.ogrext - DEBUG - Next index: 1
2025-07-16 10:46:53,342 - fiona.ogrext - DEBUG - Next index: 2
2025-07-16 10:46:53,379 - fiona.collection - DEBUG - Flushed buffer
2025-07-16 10:46:53,381 - fiona.collection - DEBUG - Stopped session
2025-07-16 10:46:53,482 - HTMLGenerator - INFO - [TIMER] Finished: Acquire geodataframe for Known_Fish_Observations in 9.10 sec | Mem: 1033.90 MB (+0.00 MB) | CPU: 0.00%
2025-07-16 10:46:53,483 - HTMLGenerator - INFO - [TIMER] Starting: Acquire geometry for Known_Fish_Observations
2025-07-16 10:46:53,584 - HTMLGenerator - INFO - [TIMER] Finished: Acquire geometry for Known_Fish_Observations in 0.00 sec | Mem: 1033.90 MB (+0.00 MB) | CPU: 0.00%
2025-07-16 10:46:53,584 - HTMLGenerator - INFO - [TIMER] Starting: Convert Columns to strings
2025-07-16 10:46:53,693 - HTMLGenerator - INFO - [TIMER] Finished: Convert Columns to strings in 0.01 sec | Mem: 1033.90 MB (+0.00 MB) | CPU: 0.00%
2025-07-16 10:46:53,694 - HTMLGenerator - INFO - [TIMER] Starting: Acquire field data from spreadsheet; build out fields to summarize for popups
2025-07-16 10:46:53,796 - HTMLGenerator - INFO - [TIMER] Finished: Acquire field data from spreadsheet; build out fields to summarize for popups in 0.00 sec | Mem: 1033.90 MB (+0.00 MB) | CPU: 0.00%
2025-07-16 10:46:53,797 - HTMLGenerator - INFO - [TIMER] Starting: Get all popup fields and format
2025-07-16 10:46:53,899 - HTMLGenerator - INFO - [TIMER] Finished: Get all popup fields and format in 0.00 sec | Mem: 1033.90 MB (+0.00 MB) | CPU: 0.00%
2025-07-16 10:46:53,899 - HTMLGenerator - INFO - [TIMER] Starting: Determine all values and symbology to show in legend and map.
2025-07-16 10:46:54,002 - HTMLGenerator - INFO - [TIMER] Finished: Determine all values and symbology to show in legend and map. in 0.00 sec | Mem: 1033.90 MB (+0.00 MB) | CPU: 0.00%
2025-07-16 10:46:54,003 - HTMLGenerator - INFO - [TIMER] Starting: Get total bounds for the layer and set up map template.
2025-07-16 10:46:54,149 - HTMLGenerator - INFO - [TIMER] Finished: Get total bounds for the layer and set up map template. in 0.05 sec | Mem: 1033.90 MB (+0.00 MB) | CPU: 0.00%
2025-07-16 10:46:54,150 - HTMLGenerator - INFO - [TIMER] Starting: Create feature class layer and add to individual group and map
2025-07-16 10:46:54,262 - HTMLGenerator - INFO - [TIMER] Finished: Create feature class layer and add to individual group and map in 0.01 sec | Mem: 1033.90 MB (+0.00 MB) | CPU: 0.00%
2025-07-16 10:46:54,263 - HTMLGenerator - INFO - [TIMER] Starting: Create AOI layer and add to map
2025-07-16 10:46:54,405 - HTMLGenerator - INFO - [TIMER] Finished: Create AOI layer and add to map in 0.04 sec | Mem: 1033.90 MB (+0.00 MB) | CPU: 0.00%
2025-07-16 10:46:54,406 - HTMLGenerator - INFO - [TIMER] Starting: Generate tooltip fields
2025-07-16 10:46:54,508 - HTMLGenerator - INFO - [TIMER] Finished: Generate tooltip fields in 0.00 sec | Mem: 1033.90 MB (+0.00 MB) | CPU: 0.00%
2025-07-16 10:46:54,509 - HTMLGenerator - INFO - [TIMER] Starting: Create a feature group in the layers list to house all unique values
2025-07-16 10:46:54,633 - HTMLGenerator - INFO - [TIMER] Finished: Create a feature group in the layers list to house all unique values in 0.02 sec | Mem: 1033.90 MB (+0.00 MB) | CPU: 0.00%
2025-07-16 10:46:54,634 - HTMLGenerator - INFO - [TIMER] Starting: Create popup for each layer with overlap reporting
2025-07-16 10:46:54,750 - HTMLGenerator - INFO - [TIMER] Finished: Create popup for each layer with overlap reporting in 0.02 sec | Mem: 1033.91 MB (+0.00 MB) | CPU: 0.00%
2025-07-16 10:46:54,751 - HTMLGenerator - INFO - [TIMER] Starting: Create legend HTML for individual maps
2025-07-16 10:46:54,854 - HTMLGenerator - INFO - [TIMER] Finished: Create legend HTML for individual maps in 0.00 sec | Mem: 1033.91 MB (+0.00 MB) | CPU: 0.00%
2025-07-16 10:46:54,855 - HTMLGenerator - INFO - [TIMER] Starting: Add layer control for individual maps
2025-07-16 10:46:54,955 - HTMLGenerator - INFO - [TIMER] Finished: Add layer control for individual maps in 0.00 sec | Mem: 1033.91 MB (+0.00 MB) | CPU: 0.00%
2025-07-16 10:46:54,956 - HTMLGenerator - INFO - [TIMER] Starting: Add grouped layer control for individual maps; AOI, feature class
2025-07-16 10:46:55,057 - HTMLGenerator - INFO - [TIMER] Finished: Add grouped layer control for individual maps; AOI, feature class in 0.00 sec | Mem: 1033.91 MB (+0.00 MB) | CPU: 0.00%
2025-07-16 10:46:55,058 - HTMLGenerator - INFO - [TIMER] Starting: Save ind. map and cleanup
2025-07-16 10:46:55,220 - HTMLGenerator - INFO - [TIMER] Finished: Save ind. map and cleanup in 0.06 sec | Mem: 1033.95 MB (+0.04 MB) | CPU: 0.00%
2025-07-16 10:46:55,221 - HTMLGenerator - INFO - [TIMER] Starting: Acquire geodataframe for Known_Fish_Observations_within_5km
2025-07-16 10:46:55,284 - fiona._env - DEBUG - GDAL_DATA found in environment.
2025-07-16 10:46:55,286 - fiona._env - DEBUG - PROJ data found in package: path='P:\\corp\\central_clones\\python_geopandas\\Lib\\site-packages\\fiona\\proj_data'.
2025-07-16 10:46:57,304 - fiona._env - WARNING - PROJ: proj_identify: P:\corp\central_clones\python_geopandas\Lib\site-packages\fiona\proj_data\proj.db contains DATABASE.LAYOUT.VERSION.MINOR = 2 whereas a number >= 3 is expected. It comes from another PROJ installation.
2025-07-16 10:47:03,238 - fiona._env - WARNING - PROJ: proj_identify: P:\corp\central_clones\python_geopandas\Lib\site-packages\fiona\proj_data\proj.db contains DATABASE.LAYOUT.VERSION.MINOR = 2 whereas a number >= 3 is expected. It comes from another PROJ installation.
2025-07-16 10:47:03,513 - fiona._env - WARNING - PROJ: proj_identify: P:\corp\central_clones\python_geopandas\Lib\site-packages\fiona\proj_data\proj.db contains DATABASE.LAYOUT.VERSION.MINOR = 2 whereas a number >= 3 is expected. It comes from another PROJ installation.
2025-07-16 10:47:04,441 - fiona._env - DEBUG - GDAL_DATA found in environment.
2025-07-16 10:47:04,442 - fiona._env - DEBUG - PROJ data found in package: path='P:\\corp\\central_clones\\python_geopandas\\Lib\\site-packages\\fiona\\proj_data'.
2025-07-16 10:47:04,442 - fiona.ogrext - DEBUG - Got coordinate system
2025-07-16 10:47:04,455 - fiona.ogrext - DEBUG - Got coordinate system
2025-07-16 10:47:04,484 - fiona._env - WARNING - PROJ: proj_identify: P:\corp\central_clones\python_geopandas\Lib\site-packages\fiona\proj_data\proj.db contains DATABASE.LAYOUT.VERSION.MINOR = 2 whereas a number >= 3 is expected. It comes from another PROJ installation.
2025-07-16 10:47:04,484 - fiona.ogrext - DEBUG - OLC_FASTSETNEXTBYINDEX: 1
2025-07-16 10:47:04,485 - fiona.ogrext - DEBUG - OLC_FASTFEATURECOUNT: 1
2025-07-16 10:47:04,485 - fiona.ogrext - DEBUG - Next index: 0
2025-07-16 10:47:04,485 - fiona.ogrext - DEBUG - Next index: 1
2025-07-16 10:47:04,487 - fiona.ogrext - DEBUG - Next index: 2
2025-07-16 10:47:04,488 - fiona.ogrext - DEBUG - Next index: 3
2025-07-16 10:47:04,489 - fiona.ogrext - DEBUG - Next index: 4
2025-07-16 10:47:04,490 - fiona.ogrext - DEBUG - Next index: 5
2025-07-16 10:47:04,492 - fiona.ogrext - DEBUG - Next index: 6
2025-07-16 10:47:04,493 - fiona.ogrext - DEBUG - Next index: 7
2025-07-16 10:47:04,494 - fiona.ogrext - DEBUG - Next index: 8
2025-07-16 10:47:04,495 - fiona.ogrext - DEBUG - Next index: 9
2025-07-16 10:47:04,496 - fiona.ogrext - DEBUG - Next index: 10
2025-07-16 10:47:04,497 - fiona.ogrext - DEBUG - Next index: 11
2025-07-16 10:47:04,498 - fiona.ogrext - DEBUG - Next index: 12
2025-07-16 10:47:04,499 - fiona.ogrext - DEBUG - Next index: 13
2025-07-16 10:47:04,500 - fiona.ogrext - DEBUG - Next index: 14
2025-07-16 10:47:04,501 - fiona.ogrext - DEBUG - Next index: 15
2025-07-16 10:47:04,502 - fiona.ogrext - DEBUG - Next index: 16
2025-07-16 10:47:04,503 - fiona.ogrext - DEBUG - Next index: 17
2025-07-16 10:47:04,504 - fiona.ogrext - DEBUG - Next index: 18
2025-07-16 10:47:04,504 - fiona.ogrext - DEBUG - Next index: 19
2025-07-16 10:47:04,505 - fiona.ogrext - DEBUG - Next index: 20
2025-07-16 10:47:04,506 - fiona.ogrext - DEBUG - Next index: 21
2025-07-16 10:47:04,507 - fiona.ogrext - DEBUG - Next index: 22
2025-07-16 10:47:04,508 - fiona.ogrext - DEBUG - Next index: 23
2025-07-16 10:47:04,509 - fiona.ogrext - DEBUG - Next index: 24
2025-07-16 10:47:04,511 - fiona.ogrext - DEBUG - Next index: 25
2025-07-16 10:47:04,512 - fiona.ogrext - DEBUG - Next index: 26
2025-07-16 10:47:04,513 - fiona.ogrext - DEBUG - Next index: 27
2025-07-16 10:47:04,514 - fiona.ogrext - DEBUG - Next index: 28
2025-07-16 10:47:04,515 - fiona.ogrext - DEBUG - Next index: 29
2025-07-16 10:47:04,516 - fiona.ogrext - DEBUG - Next index: 30
2025-07-16 10:47:04,517 - fiona.ogrext - DEBUG - Next index: 31
2025-07-16 10:47:04,517 - fiona.ogrext - DEBUG - Next index: 32
2025-07-16 10:47:04,518 - fiona.ogrext - DEBUG - Next index: 33
2025-07-16 10:47:04,519 - fiona.ogrext - DEBUG - Next index: 34
2025-07-16 10:47:04,520 - fiona.ogrext - DEBUG - Next index: 35
2025-07-16 10:47:04,522 - fiona.ogrext - DEBUG - Next index: 36
2025-07-16 10:47:04,523 - fiona.ogrext - DEBUG - Next index: 37
2025-07-16 10:47:04,524 - fiona.ogrext - DEBUG - Next index: 38
2025-07-16 10:47:04,525 - fiona.ogrext - DEBUG - Next index: 39
2025-07-16 10:47:04,526 - fiona.ogrext - DEBUG - Next index: 40
2025-07-16 10:47:04,528 - fiona.ogrext - DEBUG - Next index: 41
2025-07-16 10:47:04,529 - fiona.ogrext - DEBUG - Next index: 42
2025-07-16 10:47:04,531 - fiona.ogrext - DEBUG - Next index: 43
2025-07-16 10:47:04,532 - fiona.ogrext - DEBUG - Next index: 44
2025-07-16 10:47:04,533 - fiona.ogrext - DEBUG - Next index: 45
2025-07-16 10:47:04,534 - fiona.ogrext - DEBUG - Next index: 46
2025-07-16 10:47:04,535 - fiona.ogrext - DEBUG - Next index: 47
2025-07-16 10:47:04,536 - fiona.ogrext - DEBUG - Next index: 48
2025-07-16 10:47:04,537 - fiona.ogrext - DEBUG - Next index: 49
2025-07-16 10:47:04,538 - fiona.ogrext - DEBUG - Next index: 50
2025-07-16 10:47:04,539 - fiona.ogrext - DEBUG - Next index: 51
2025-07-16 10:47:04,540 - fiona.ogrext - DEBUG - Next index: 52
2025-07-16 10:47:04,541 - fiona.ogrext - DEBUG - Next index: 53
2025-07-16 10:47:04,542 - fiona.ogrext - DEBUG - Next index: 54
2025-07-16 10:47:04,543 - fiona.ogrext - DEBUG - Next index: 55
2025-07-16 10:47:04,545 - fiona.ogrext - DEBUG - Next index: 56
2025-07-16 10:47:04,546 - fiona.ogrext - DEBUG - Next index: 57
2025-07-16 10:47:04,547 - fiona.ogrext - DEBUG - Next index: 58
2025-07-16 10:47:04,548 - fiona.ogrext - DEBUG - Next index: 59
2025-07-16 10:47:04,549 - fiona.ogrext - DEBUG - Next index: 60
2025-07-16 10:47:04,550 - fiona.ogrext - DEBUG - Next index: 61
2025-07-16 10:47:04,551 - fiona.ogrext - DEBUG - Next index: 62
2025-07-16 10:47:04,552 - fiona.ogrext - DEBUG - Next index: 63
2025-07-16 10:47:04,553 - fiona.ogrext - DEBUG - Next index: 64
2025-07-16 10:47:04,554 - fiona.ogrext - DEBUG - Next index: 65
2025-07-16 10:47:04,555 - fiona.ogrext - DEBUG - Next index: 66
2025-07-16 10:47:04,556 - fiona.ogrext - DEBUG - Next index: 67
2025-07-16 10:47:04,557 - fiona.ogrext - DEBUG - Next index: 68
2025-07-16 10:47:04,558 - fiona.ogrext - DEBUG - Next index: 69
2025-07-16 10:47:04,559 - fiona.ogrext - DEBUG - Next index: 70
2025-07-16 10:47:04,560 - fiona.ogrext - DEBUG - Next index: 71
2025-07-16 10:47:04,561 - fiona.ogrext - DEBUG - Next index: 72
2025-07-16 10:47:04,562 - fiona.ogrext - DEBUG - Next index: 73
2025-07-16 10:47:04,563 - fiona.ogrext - DEBUG - Next index: 74
2025-07-16 10:47:04,564 - fiona.ogrext - DEBUG - Next index: 75
2025-07-16 10:47:04,565 - fiona.ogrext - DEBUG - Next index: 76
2025-07-16 10:47:04,566 - fiona.ogrext - DEBUG - Next index: 77
2025-07-16 10:47:04,566 - fiona.ogrext - DEBUG - Next index: 78
2025-07-16 10:47:04,567 - fiona.ogrext - DEBUG - Next index: 79
2025-07-16 10:47:04,568 - fiona.ogrext - DEBUG - Next index: 80
2025-07-16 10:47:04,569 - fiona.ogrext - DEBUG - Next index: 81
2025-07-16 10:47:04,570 - fiona.ogrext - DEBUG - Next index: 82
2025-07-16 10:47:04,571 - fiona.ogrext - DEBUG - Next index: 83
2025-07-16 10:47:04,572 - fiona.ogrext - DEBUG - Next index: 84
2025-07-16 10:47:04,573 - fiona.ogrext - DEBUG - Next index: 85
2025-07-16 10:47:04,574 - fiona.ogrext - DEBUG - Next index: 86
2025-07-16 10:47:04,575 - fiona.ogrext - DEBUG - Next index: 87
2025-07-16 10:47:04,576 - fiona.ogrext - DEBUG - Next index: 88
2025-07-16 10:47:04,577 - fiona.ogrext - DEBUG - Next index: 89
2025-07-16 10:47:04,578 - fiona.ogrext - DEBUG - Next index: 90
2025-07-16 10:47:04,579 - fiona.ogrext - DEBUG - Next index: 91
2025-07-16 10:47:04,580 - fiona.ogrext - DEBUG - Next index: 92
2025-07-16 10:47:04,581 - fiona.ogrext - DEBUG - Next index: 93
2025-07-16 10:47:04,582 - fiona.ogrext - DEBUG - Next index: 94
2025-07-16 10:47:04,582 - fiona.ogrext - DEBUG - Next index: 95
2025-07-16 10:47:04,583 - fiona.ogrext - DEBUG - Next index: 96
2025-07-16 10:47:04,584 - fiona.ogrext - DEBUG - Next index: 97
2025-07-16 10:47:04,585 - fiona.ogrext - DEBUG - Next index: 98
2025-07-16 10:47:04,587 - fiona.ogrext - DEBUG - Next index: 99
2025-07-16 10:47:04,588 - fiona.ogrext - DEBUG - Next index: 100
2025-07-16 10:47:04,589 - fiona.ogrext - DEBUG - Next index: 101
2025-07-16 10:47:04,591 - fiona.ogrext - DEBUG - Next index: 102
2025-07-16 10:47:04,592 - fiona.ogrext - DEBUG - Next index: 103
2025-07-16 10:47:04,593 - fiona.ogrext - DEBUG - Next index: 104
2025-07-16 10:47:04,594 - fiona.ogrext - DEBUG - Next index: 105
2025-07-16 10:47:04,595 - fiona.ogrext - DEBUG - Next index: 106
2025-07-16 10:47:04,596 - fiona.ogrext - DEBUG - Next index: 107
2025-07-16 10:47:04,596 - fiona.ogrext - DEBUG - Next index: 108
2025-07-16 10:47:04,598 - fiona.ogrext - DEBUG - Next index: 109
2025-07-16 10:47:04,599 - fiona.ogrext - DEBUG - Next index: 110
2025-07-16 10:47:04,601 - fiona.ogrext - DEBUG - Next index: 111
2025-07-16 10:47:04,602 - fiona.ogrext - DEBUG - Next index: 112
2025-07-16 10:47:04,604 - fiona.ogrext - DEBUG - Next index: 113
2025-07-16 10:47:04,605 - fiona.ogrext - DEBUG - Next index: 114
2025-07-16 10:47:04,607 - fiona.ogrext - DEBUG - Next index: 115
2025-07-16 10:47:04,608 - fiona.ogrext - DEBUG - Next index: 116
2025-07-16 10:47:04,610 - fiona.ogrext - DEBUG - Next index: 117
2025-07-16 10:47:04,611 - fiona.ogrext - DEBUG - Next index: 118
2025-07-16 10:47:04,612 - fiona.ogrext - DEBUG - Next index: 119
2025-07-16 10:47:04,613 - fiona.ogrext - DEBUG - Next index: 120
2025-07-16 10:47:04,614 - fiona.ogrext - DEBUG - Next index: 121
2025-07-16 10:47:04,615 - fiona.ogrext - DEBUG - Next index: 122
2025-07-16 10:47:04,616 - fiona.ogrext - DEBUG - Next index: 123
2025-07-16 10:47:04,617 - fiona.ogrext - DEBUG - Next index: 124
2025-07-16 10:47:04,618 - fiona.ogrext - DEBUG - Next index: 125
2025-07-16 10:47:04,619 - fiona.ogrext - DEBUG - Next index: 126
2025-07-16 10:47:04,620 - fiona.ogrext - DEBUG - Next index: 127
2025-07-16 10:47:04,621 - fiona.ogrext - DEBUG - Next index: 128
2025-07-16 10:47:04,622 - fiona.ogrext - DEBUG - Next index: 129
2025-07-16 10:47:04,623 - fiona.ogrext - DEBUG - Next index: 130
2025-07-16 10:47:04,624 - fiona.ogrext - DEBUG - Next index: 131
2025-07-16 10:47:04,625 - fiona.ogrext - DEBUG - Next index: 132
2025-07-16 10:47:04,626 - fiona.ogrext - DEBUG - Next index: 133
2025-07-16 10:47:04,627 - fiona.ogrext - DEBUG - Next index: 134
2025-07-16 10:47:04,628 - fiona.ogrext - DEBUG - Next index: 135
2025-07-16 10:47:04,629 - fiona.ogrext - DEBUG - Next index: 136
2025-07-16 10:47:04,630 - fiona.ogrext - DEBUG - Next index: 137
2025-07-16 10:47:04,632 - fiona.ogrext - DEBUG - Next index: 138
2025-07-16 10:47:04,633 - fiona.ogrext - DEBUG - Next index: 139
2025-07-16 10:47:04,635 - fiona.ogrext - DEBUG - Next index: 140
2025-07-16 10:47:04,636 - fiona.ogrext - DEBUG - Next index: 141
2025-07-16 10:47:04,637 - fiona.ogrext - DEBUG - Next index: 142
2025-07-16 10:47:04,638 - fiona.ogrext - DEBUG - Next index: 143
2025-07-16 10:47:04,640 - fiona.ogrext - DEBUG - Next index: 144
2025-07-16 10:47:04,641 - fiona.ogrext - DEBUG - Next index: 145
2025-07-16 10:47:04,642 - fiona.ogrext - DEBUG - Next index: 146
2025-07-16 10:47:04,643 - fiona.ogrext - DEBUG - Next index: 147
2025-07-16 10:47:04,644 - fiona.ogrext - DEBUG - Next index: 148
2025-07-16 10:47:04,645 - fiona.ogrext - DEBUG - Next index: 149
2025-07-16 10:47:04,645 - fiona.ogrext - DEBUG - Next index: 150
2025-07-16 10:47:04,646 - fiona.ogrext - DEBUG - Next index: 151
2025-07-16 10:47:04,647 - fiona.ogrext - DEBUG - Next index: 152
2025-07-16 10:47:04,649 - fiona.ogrext - DEBUG - Next index: 153
2025-07-16 10:47:04,650 - fiona.ogrext - DEBUG - Next index: 154
2025-07-16 10:47:04,651 - fiona.ogrext - DEBUG - Next index: 155
2025-07-16 10:47:04,652 - fiona.ogrext - DEBUG - Next index: 156
2025-07-16 10:47:04,653 - fiona.ogrext - DEBUG - Next index: 157
2025-07-16 10:47:04,654 - fiona.ogrext - DEBUG - Next index: 158
2025-07-16 10:47:04,654 - fiona.ogrext - DEBUG - Next index: 159
2025-07-16 10:47:04,655 - fiona.ogrext - DEBUG - Next index: 160
2025-07-16 10:47:04,656 - fiona.ogrext - DEBUG - Next index: 161
2025-07-16 10:47:04,657 - fiona.ogrext - DEBUG - Next index: 162
2025-07-16 10:47:04,699 - fiona.collection - DEBUG - Flushed buffer
2025-07-16 10:47:04,701 - fiona.collection - DEBUG - Stopped session
2025-07-16 10:47:04,802 - HTMLGenerator - INFO - [TIMER] Finished: Acquire geodataframe for Known_Fish_Observations_within_5km in 9.48 sec | Mem: 1034.42 MB (+0.47 MB) | CPU: 0.00%
2025-07-16 10:47:04,803 - HTMLGenerator - INFO - [TIMER] Starting: Acquire geometry for Known_Fish_Observations_within_5km
2025-07-16 10:47:04,904 - HTMLGenerator - INFO - [TIMER] Finished: Acquire geometry for Known_Fish_Observations_within_5km in 0.00 sec | Mem: 1034.42 MB (+0.00 MB) | CPU: 0.00%
2025-07-16 10:47:04,905 - HTMLGenerator - INFO - [TIMER] Starting: Convert Columns to strings
2025-07-16 10:47:05,016 - HTMLGenerator - INFO - [TIMER] Finished: Convert Columns to strings in 0.01 sec | Mem: 1034.42 MB (+0.00 MB) | CPU: 0.00%
2025-07-16 10:47:05,017 - HTMLGenerator - INFO - [TIMER] Starting: Acquire field data from spreadsheet; build out fields to summarize for popups
2025-07-16 10:47:05,118 - HTMLGenerator - INFO - [TIMER] Finished: Acquire field data from spreadsheet; build out fields to summarize for popups in 0.00 sec | Mem: 1034.42 MB (+0.00 MB) | CPU: 0.00%
2025-07-16 10:47:05,119 - HTMLGenerator - INFO - [TIMER] Starting: Get all popup fields and format
2025-07-16 10:47:05,226 - HTMLGenerator - INFO - [TIMER] Finished: Get all popup fields and format in 0.01 sec | Mem: 1034.42 MB (+0.00 MB) | CPU: 0.00%
2025-07-16 10:47:05,227 - HTMLGenerator - INFO - [TIMER] Starting: Determine all values and symbology to show in legend and map.
2025-07-16 10:47:05,331 - HTMLGenerator - INFO - [TIMER] Finished: Determine all values and symbology to show in legend and map. in 0.00 sec | Mem: 1034.42 MB (+0.00 MB) | CPU: 0.00%
2025-07-16 10:47:05,332 - HTMLGenerator - INFO - [TIMER] Starting: Get total bounds for the layer and set up map template.
2025-07-16 10:47:05,463 - HTMLGenerator - INFO - [TIMER] Finished: Get total bounds for the layer and set up map template. in 0.03 sec | Mem: 1034.42 MB (+0.00 MB) | CPU: 0.00%
2025-07-16 10:47:05,464 - HTMLGenerator - INFO - [TIMER] Starting: Create feature class layer and add to individual group and map
2025-07-16 10:47:05,576 - HTMLGenerator - INFO - [TIMER] Finished: Create feature class layer and add to individual group and map in 0.01 sec | Mem: 1034.42 MB (+0.00 MB) | CPU: 0.00%
2025-07-16 10:47:05,577 - HTMLGenerator - INFO - [TIMER] Starting: Create AOI layer and add to map
2025-07-16 10:47:05,738 - HTMLGenerator - INFO - [TIMER] Finished: Create AOI layer and add to map in 0.06 sec | Mem: 1034.42 MB (+0.00 MB) | CPU: 0.00%
2025-07-16 10:47:05,739 - HTMLGenerator - INFO - [TIMER] Starting: Generate tooltip fields
2025-07-16 10:47:05,841 - HTMLGenerator - INFO - [TIMER] Finished: Generate tooltip fields in 0.00 sec | Mem: 1034.42 MB (+0.00 MB) | CPU: 0.00%
2025-07-16 10:47:05,842 - HTMLGenerator - INFO - [TIMER] Starting: Create a feature group in the layers list to house all unique values
2025-07-16 10:47:06,212 - HTMLGenerator - INFO - [TIMER] Finished: Create a feature group in the layers list to house all unique values in 0.27 sec | Mem: 1034.87 MB (+0.45 MB) | CPU: 0.00%
2025-07-16 10:47:06,213 - HTMLGenerator - INFO - [TIMER] Starting: Create popup for each layer with overlap reporting
2025-07-16 10:47:06,397 - HTMLGenerator - INFO - [TIMER] Finished: Create popup for each layer with overlap reporting in 0.08 sec | Mem: 1036.22 MB (+1.35 MB) | CPU: 0.00%
2025-07-16 10:47:06,398 - HTMLGenerator - INFO - [TIMER] Starting: Create legend HTML for individual maps
2025-07-16 10:47:06,500 - HTMLGenerator - INFO - [TIMER] Finished: Create legend HTML for individual maps in 0.00 sec | Mem: 1036.22 MB (+0.00 MB) | CPU: 0.00%
2025-07-16 10:47:06,501 - HTMLGenerator - INFO - [TIMER] Starting: Add layer control for individual maps
2025-07-16 10:47:06,601 - HTMLGenerator - INFO - [TIMER] Finished: Add layer control for individual maps in 0.00 sec | Mem: 1036.22 MB (+0.00 MB) | CPU: 0.00%
2025-07-16 10:47:06,602 - HTMLGenerator - INFO - [TIMER] Starting: Add grouped layer control for individual maps; AOI, feature class
2025-07-16 10:47:06,704 - HTMLGenerator - INFO - [TIMER] Finished: Add grouped layer control for individual maps; AOI, feature class in 0.00 sec | Mem: 1036.22 MB (+0.00 MB) | CPU: 0.00%
2025-07-16 10:47:06,705 - HTMLGenerator - INFO - [TIMER] Starting: Save ind. map and cleanup
2025-07-16 10:47:07,013 - HTMLGenerator - INFO - [TIMER] Finished: Save ind. map and cleanup in 0.21 sec | Mem: 1036.76 MB (+0.54 MB) | CPU: 0.00%
2025-07-16 10:47:07,015 - HTMLGenerator - INFO - [TIMER] Starting: Acquire geodataframe for Historic_Known_Fish_Distribution_Points_with_Spawning_and_Rearing
2025-07-16 10:47:07,123 - fiona._env - DEBUG - GDAL_DATA found in environment.
2025-07-16 10:47:07,125 - fiona._env - DEBUG - PROJ data found in package: path='P:\\corp\\central_clones\\python_geopandas\\Lib\\site-packages\\fiona\\proj_data'.
2025-07-16 10:47:09,302 - fiona._env - WARNING - PROJ: proj_identify: P:\corp\central_clones\python_geopandas\Lib\site-packages\fiona\proj_data\proj.db contains DATABASE.LAYOUT.VERSION.MINOR = 2 whereas a number >= 3 is expected. It comes from another PROJ installation.
2025-07-16 10:47:15,394 - fiona._env - WARNING - PROJ: proj_identify: P:\corp\central_clones\python_geopandas\Lib\site-packages\fiona\proj_data\proj.db contains DATABASE.LAYOUT.VERSION.MINOR = 2 whereas a number >= 3 is expected. It comes from another PROJ installation.
2025-07-16 10:47:15,667 - fiona._env - WARNING - PROJ: proj_identify: P:\corp\central_clones\python_geopandas\Lib\site-packages\fiona\proj_data\proj.db contains DATABASE.LAYOUT.VERSION.MINOR = 2 whereas a number >= 3 is expected. It comes from another PROJ installation.
2025-07-16 10:47:16,568 - fiona._env - DEBUG - GDAL_DATA found in environment.
2025-07-16 10:47:16,573 - fiona._env - DEBUG - PROJ data found in package: path='P:\\corp\\central_clones\\python_geopandas\\Lib\\site-packages\\fiona\\proj_data'.
2025-07-16 10:47:16,574 - fiona.ogrext - DEBUG - Got coordinate system
2025-07-16 10:47:16,591 - fiona.ogrext - DEBUG - Got coordinate system
2025-07-16 10:47:16,615 - fiona._env - WARNING - PROJ: proj_identify: P:\corp\central_clones\python_geopandas\Lib\site-packages\fiona\proj_data\proj.db contains DATABASE.LAYOUT.VERSION.MINOR = 2 whereas a number >= 3 is expected. It comes from another PROJ installation.
2025-07-16 10:47:16,616 - fiona.ogrext - DEBUG - OLC_FASTSETNEXTBYINDEX: 1
2025-07-16 10:47:16,616 - fiona.ogrext - DEBUG - OLC_FASTFEATURECOUNT: 1
2025-07-16 10:47:16,616 - fiona.ogrext - DEBUG - Next index: 0
2025-07-16 10:47:16,655 - fiona.collection - DEBUG - Flushed buffer
2025-07-16 10:47:16,657 - fiona.collection - DEBUG - Stopped session
2025-07-16 10:47:16,757 - HTMLGenerator - INFO - [TIMER] Finished: Acquire geodataframe for Historic_Known_Fish_Distribution_Points_with_Spawning_and_Rearing in 9.64 sec | Mem: 1037.04 MB (+0.28 MB) | CPU: 0.00%
2025-07-16 10:47:16,758 - HTMLGenerator - INFO - [TIMER] Starting: Acquire geodataframe for Historic_Known_Fish_Dist_Points_with_Spawning_and_Rearing_5km_buffer
2025-07-16 10:47:16,821 - fiona._env - DEBUG - GDAL_DATA found in environment.
2025-07-16 10:47:16,822 - fiona._env - DEBUG - PROJ data found in package: path='P:\\corp\\central_clones\\python_geopandas\\Lib\\site-packages\\fiona\\proj_data'.
2025-07-16 10:47:18,925 - fiona._env - WARNING - PROJ: proj_identify: P:\corp\central_clones\python_geopandas\Lib\site-packages\fiona\proj_data\proj.db contains DATABASE.LAYOUT.VERSION.MINOR = 2 whereas a number >= 3 is expected. It comes from another PROJ installation.
2025-07-16 10:47:24,662 - fiona._env - WARNING - PROJ: proj_identify: P:\corp\central_clones\python_geopandas\Lib\site-packages\fiona\proj_data\proj.db contains DATABASE.LAYOUT.VERSION.MINOR = 2 whereas a number >= 3 is expected. It comes from another PROJ installation.
2025-07-16 10:47:24,925 - fiona._env - WARNING - PROJ: proj_identify: P:\corp\central_clones\python_geopandas\Lib\site-packages\fiona\proj_data\proj.db contains DATABASE.LAYOUT.VERSION.MINOR = 2 whereas a number >= 3 is expected. It comes from another PROJ installation.
2025-07-16 10:47:25,800 - fiona._env - DEBUG - GDAL_DATA found in environment.
2025-07-16 10:47:25,801 - fiona._env - DEBUG - PROJ data found in package: path='P:\\corp\\central_clones\\python_geopandas\\Lib\\site-packages\\fiona\\proj_data'.
2025-07-16 10:47:25,802 - fiona.ogrext - DEBUG - Got coordinate system
2025-07-16 10:47:25,813 - fiona.ogrext - DEBUG - Got coordinate system
2025-07-16 10:47:25,839 - fiona._env - WARNING - PROJ: proj_identify: P:\corp\central_clones\python_geopandas\Lib\site-packages\fiona\proj_data\proj.db contains DATABASE.LAYOUT.VERSION.MINOR = 2 whereas a number >= 3 is expected. It comes from another PROJ installation.
2025-07-16 10:47:25,840 - fiona.ogrext - DEBUG - OLC_FASTSETNEXTBYINDEX: 1
2025-07-16 10:47:25,840 - fiona.ogrext - DEBUG - OLC_FASTFEATURECOUNT: 1
2025-07-16 10:47:25,840 - fiona.ogrext - DEBUG - Next index: 0
2025-07-16 10:47:25,840 - fiona.ogrext - DEBUG - Next index: 1
2025-07-16 10:47:25,841 - fiona.ogrext - DEBUG - Next index: 2
2025-07-16 10:47:25,842 - fiona.ogrext - DEBUG - Next index: 3
2025-07-16 10:47:25,842 - fiona.ogrext - DEBUG - Next index: 4
2025-07-16 10:47:25,843 - fiona.ogrext - DEBUG - Next index: 5
2025-07-16 10:47:25,844 - fiona.ogrext - DEBUG - Next index: 6
2025-07-16 10:47:25,878 - fiona.collection - DEBUG - Flushed buffer
2025-07-16 10:47:25,880 - fiona.collection - DEBUG - Stopped session
2025-07-16 10:47:25,980 - HTMLGenerator - INFO - [TIMER] Finished: Acquire geodataframe for Historic_Known_Fish_Dist_Points_with_Spawning_and_Rearing_5km_buffer in 9.12 sec | Mem: 1037.36 MB (+0.32 MB) | CPU: 0.00%
2025-07-16 10:47:25,981 - HTMLGenerator - INFO - [TIMER] Starting: Acquire geometry for Historic_Known_Fish_Dist_Points_with_Spawning_and_Rearing_5km_buffer
2025-07-16 10:47:26,082 - HTMLGenerator - INFO - [TIMER] Finished: Acquire geometry for Historic_Known_Fish_Dist_Points_with_Spawning_and_Rearing_5km_buffer in 0.00 sec | Mem: 1037.36 MB (+0.00 MB) | CPU: 0.00%
2025-07-16 10:47:26,083 - HTMLGenerator - INFO - [TIMER] Starting: Convert Columns to strings
2025-07-16 10:47:26,190 - HTMLGenerator - INFO - [TIMER] Finished: Convert Columns to strings in 0.01 sec | Mem: 1037.36 MB (+0.00 MB) | CPU: 0.00%
2025-07-16 10:47:26,191 - HTMLGenerator - INFO - [TIMER] Starting: Acquire field data from spreadsheet; build out fields to summarize for popups
2025-07-16 10:47:26,293 - HTMLGenerator - INFO - [TIMER] Finished: Acquire field data from spreadsheet; build out fields to summarize for popups in 0.00 sec | Mem: 1037.36 MB (+0.00 MB) | CPU: 0.00%
2025-07-16 10:47:26,294 - HTMLGenerator - INFO - [TIMER] Starting: Get all popup fields and format
2025-07-16 10:47:26,396 - HTMLGenerator - INFO - [TIMER] Finished: Get all popup fields and format in 0.00 sec | Mem: 1037.36 MB (+0.00 MB) | CPU: 0.00%
2025-07-16 10:47:26,396 - HTMLGenerator - INFO - [TIMER] Starting: Determine all values and symbology to show in legend and map.
2025-07-16 10:47:26,499 - HTMLGenerator - INFO - [TIMER] Finished: Determine all values and symbology to show in legend and map. in 0.00 sec | Mem: 1037.36 MB (+0.00 MB) | CPU: 0.00%
2025-07-16 10:47:26,500 - HTMLGenerator - INFO - [TIMER] Starting: Get total bounds for the layer and set up map template.
2025-07-16 10:47:26,627 - HTMLGenerator - INFO - [TIMER] Finished: Get total bounds for the layer and set up map template. in 0.03 sec | Mem: 1037.36 MB (+0.00 MB) | CPU: 0.00%
2025-07-16 10:47:26,628 - HTMLGenerator - INFO - [TIMER] Starting: Create feature class layer and add to individual group and map
2025-07-16 10:47:26,739 - HTMLGenerator - INFO - [TIMER] Finished: Create feature class layer and add to individual group and map in 0.01 sec | Mem: 1037.36 MB (+0.00 MB) | CPU: 0.00%
2025-07-16 10:47:26,739 - HTMLGenerator - INFO - [TIMER] Starting: Create AOI layer and add to map
2025-07-16 10:47:26,879 - HTMLGenerator - INFO - [TIMER] Finished: Create AOI layer and add to map in 0.04 sec | Mem: 1037.36 MB (+0.00 MB) | CPU: 0.00%
2025-07-16 10:47:26,880 - HTMLGenerator - INFO - [TIMER] Starting: Generate tooltip fields
2025-07-16 10:47:26,981 - HTMLGenerator - INFO - [TIMER] Finished: Generate tooltip fields in 0.00 sec | Mem: 1037.36 MB (+0.00 MB) | CPU: 0.00%
2025-07-16 10:47:26,982 - HTMLGenerator - INFO - [TIMER] Starting: Create a feature group in the layers list to house all unique values
2025-07-16 10:47:27,094 - HTMLGenerator - INFO - [TIMER] Finished: Create a feature group in the layers list to house all unique values in 0.01 sec | Mem: 1037.36 MB (+0.00 MB) | CPU: 0.00%
2025-07-16 10:47:27,095 - HTMLGenerator - INFO - [TIMER] Starting: Create popup for each layer with overlap reporting
2025-07-16 10:47:27,213 - HTMLGenerator - INFO - [TIMER] Finished: Create popup for each layer with overlap reporting in 0.02 sec | Mem: 1037.36 MB (+0.00 MB) | CPU: 0.00%
2025-07-16 10:47:27,213 - HTMLGenerator - INFO - [TIMER] Starting: Create legend HTML for individual maps
2025-07-16 10:47:27,315 - HTMLGenerator - INFO - [TIMER] Finished: Create legend HTML for individual maps in 0.00 sec | Mem: 1037.36 MB (+0.00 MB) | CPU: 0.00%
2025-07-16 10:47:27,316 - HTMLGenerator - INFO - [TIMER] Starting: Add layer control for individual maps
2025-07-16 10:47:27,416 - HTMLGenerator - INFO - [TIMER] Finished: Add layer control for individual maps in 0.00 sec | Mem: 1037.36 MB (+0.00 MB) | CPU: 0.00%
2025-07-16 10:47:27,417 - HTMLGenerator - INFO - [TIMER] Starting: Add grouped layer control for individual maps; AOI, feature class
2025-07-16 10:47:27,517 - HTMLGenerator - INFO - [TIMER] Finished: Add grouped layer control for individual maps; AOI, feature class in 0.00 sec | Mem: 1037.36 MB (+0.00 MB) | CPU: 0.00%
2025-07-16 10:47:27,517 - HTMLGenerator - INFO - [TIMER] Starting: Save ind. map and cleanup
2025-07-16 10:47:27,675 - HTMLGenerator - INFO - [TIMER] Finished: Save ind. map and cleanup in 0.06 sec | Mem: 1037.36 MB (+0.00 MB) | CPU: 0.00%
2025-07-16 10:47:27,676 - HTMLGenerator - INFO - [TIMER] Starting: Acquire geodataframe for Biogeoclimatic_Zone
2025-07-16 10:47:27,699 - fiona._env - DEBUG - GDAL_DATA found in environment.
2025-07-16 10:47:27,700 - fiona._env - DEBUG - PROJ data found in package: path='P:\\corp\\central_clones\\python_geopandas\\Lib\\site-packages\\fiona\\proj_data'.
2025-07-16 10:47:29,582 - fiona._env - WARNING - PROJ: proj_identify: P:\corp\central_clones\python_geopandas\Lib\site-packages\fiona\proj_data\proj.db contains DATABASE.LAYOUT.VERSION.MINOR = 2 whereas a number >= 3 is expected. It comes from another PROJ installation.
2025-07-16 10:47:36,024 - fiona._env - WARNING - PROJ: proj_identify: P:\corp\central_clones\python_geopandas\Lib\site-packages\fiona\proj_data\proj.db contains DATABASE.LAYOUT.VERSION.MINOR = 2 whereas a number >= 3 is expected. It comes from another PROJ installation.
2025-07-16 10:47:36,330 - fiona._env - WARNING - PROJ: proj_identify: P:\corp\central_clones\python_geopandas\Lib\site-packages\fiona\proj_data\proj.db contains DATABASE.LAYOUT.VERSION.MINOR = 2 whereas a number >= 3 is expected. It comes from another PROJ installation.
2025-07-16 10:47:37,225 - fiona._env - DEBUG - GDAL_DATA found in environment.
2025-07-16 10:47:37,227 - fiona._env - DEBUG - PROJ data found in package: path='P:\\corp\\central_clones\\python_geopandas\\Lib\\site-packages\\fiona\\proj_data'.
2025-07-16 10:47:37,228 - fiona.ogrext - DEBUG - Got coordinate system
2025-07-16 10:47:37,241 - fiona.ogrext - DEBUG - Got coordinate system
2025-07-16 10:47:37,269 - fiona._env - WARNING - PROJ: proj_identify: P:\corp\central_clones\python_geopandas\Lib\site-packages\fiona\proj_data\proj.db contains DATABASE.LAYOUT.VERSION.MINOR = 2 whereas a number >= 3 is expected. It comes from another PROJ installation.
2025-07-16 10:47:37,269 - fiona.ogrext - DEBUG - OLC_FASTSETNEXTBYINDEX: 1
2025-07-16 10:47:37,269 - fiona.ogrext - DEBUG - OLC_FASTFEATURECOUNT: 1
2025-07-16 10:47:37,269 - fiona.ogrext - DEBUG - Next index: 0
2025-07-16 10:47:37,270 - fiona.ogrext - DEBUG - Next index: 1
2025-07-16 10:47:37,307 - fiona.collection - DEBUG - Flushed buffer
2025-07-16 10:47:37,309 - fiona.collection - DEBUG - Stopped session
2025-07-16 10:47:37,409 - HTMLGenerator - INFO - [TIMER] Finished: Acquire geodataframe for Biogeoclimatic_Zone in 9.63 sec | Mem: 1037.35 MB (-0.01 MB) | CPU: 0.00%
2025-07-16 10:47:37,410 - HTMLGenerator - INFO - [TIMER] Starting: Acquire geometry for Biogeoclimatic_Zone
2025-07-16 10:47:37,511 - HTMLGenerator - INFO - [TIMER] Finished: Acquire geometry for Biogeoclimatic_Zone in 0.00 sec | Mem: 1037.35 MB (+0.00 MB) | CPU: 0.00%
2025-07-16 10:47:37,512 - HTMLGenerator - INFO - [TIMER] Starting: Convert Columns to strings
2025-07-16 10:47:37,619 - HTMLGenerator - INFO - [TIMER] Finished: Convert Columns to strings in 0.01 sec | Mem: 1037.35 MB (+0.00 MB) | CPU: 0.00%
2025-07-16 10:47:37,620 - HTMLGenerator - INFO - [TIMER] Starting: Acquire field data from spreadsheet; build out fields to summarize for popups
2025-07-16 10:47:37,721 - HTMLGenerator - INFO - [TIMER] Finished: Acquire field data from spreadsheet; build out fields to summarize for popups in 0.00 sec | Mem: 1037.35 MB (+0.00 MB) | CPU: 0.00%
2025-07-16 10:47:37,721 - HTMLGenerator - INFO - [TIMER] Starting: Get all popup fields and format
2025-07-16 10:47:37,824 - HTMLGenerator - INFO - [TIMER] Finished: Get all popup fields and format in 0.00 sec | Mem: 1037.35 MB (+0.00 MB) | CPU: 0.00%
2025-07-16 10:47:37,825 - HTMLGenerator - INFO - [TIMER] Starting: Determine all values and symbology to show in legend and map.
2025-07-16 10:47:37,927 - HTMLGenerator - INFO - [TIMER] Finished: Determine all values and symbology to show in legend and map. in 0.00 sec | Mem: 1037.35 MB (+0.00 MB) | CPU: 0.00%
2025-07-16 10:47:37,928 - HTMLGenerator - INFO - [TIMER] Starting: Get total bounds for the layer and set up map template.
2025-07-16 10:47:38,055 - HTMLGenerator - INFO - [TIMER] Finished: Get total bounds for the layer and set up map template. in 0.03 sec | Mem: 1037.35 MB (+0.00 MB) | CPU: 0.00%
2025-07-16 10:47:38,056 - HTMLGenerator - INFO - [TIMER] Starting: Create feature class layer and add to individual group and map
2025-07-16 10:47:38,166 - HTMLGenerator - INFO - [TIMER] Finished: Create feature class layer and add to individual group and map in 0.01 sec | Mem: 1037.35 MB (+0.00 MB) | CPU: 0.00%
2025-07-16 10:47:38,167 - HTMLGenerator - INFO - [TIMER] Starting: Create AOI layer and add to map
2025-07-16 10:47:38,306 - HTMLGenerator - INFO - [TIMER] Finished: Create AOI layer and add to map in 0.04 sec | Mem: 1037.35 MB (+0.00 MB) | CPU: 0.00%
2025-07-16 10:47:38,307 - HTMLGenerator - INFO - [TIMER] Starting: Generate tooltip fields
2025-07-16 10:47:38,408 - HTMLGenerator - INFO - [TIMER] Finished: Generate tooltip fields in 0.00 sec | Mem: 1037.35 MB (+0.00 MB) | CPU: 0.00%
2025-07-16 10:47:38,409 - HTMLGenerator - INFO - [TIMER] Starting: Create a feature group in the layers list to house all unique values
2025-07-16 10:47:38,521 - HTMLGenerator - INFO - [TIMER] Finished: Create a feature group in the layers list to house all unique values in 0.01 sec | Mem: 1037.35 MB (+0.00 MB) | CPU: 0.00%
2025-07-16 10:47:38,522 - HTMLGenerator - INFO - [TIMER] Starting: Create popup for each layer with overlap reporting
2025-07-16 10:47:38,638 - HTMLGenerator - INFO - [TIMER] Finished: Create popup for each layer with overlap reporting in 0.02 sec | Mem: 1037.35 MB (+0.00 MB) | CPU: 0.00%
2025-07-16 10:47:38,638 - HTMLGenerator - INFO - [TIMER] Starting: Create legend HTML for individual maps
2025-07-16 10:47:38,740 - HTMLGenerator - INFO - [TIMER] Finished: Create legend HTML for individual maps in 0.00 sec | Mem: 1037.35 MB (+0.00 MB) | CPU: 0.00%
2025-07-16 10:47:38,740 - HTMLGenerator - INFO - [TIMER] Starting: Add layer control for individual maps
2025-07-16 10:47:38,841 - HTMLGenerator - INFO - [TIMER] Finished: Add layer control for individual maps in 0.00 sec | Mem: 1037.35 MB (+0.00 MB) | CPU: 0.00%
2025-07-16 10:47:38,842 - HTMLGenerator - INFO - [TIMER] Starting: Add grouped layer control for individual maps; AOI, feature class
2025-07-16 10:47:38,942 - HTMLGenerator - INFO - [TIMER] Finished: Add grouped layer control for individual maps; AOI, feature class in 0.00 sec | Mem: 1037.35 MB (+0.00 MB) | CPU: 0.00%
2025-07-16 10:47:38,943 - HTMLGenerator - INFO - [TIMER] Starting: Save ind. map and cleanup
2025-07-16 10:47:39,106 - HTMLGenerator - INFO - [TIMER] Finished: Save ind. map and cleanup in 0.06 sec | Mem: 1037.35 MB (+0.00 MB) | CPU: 0.00%
2025-07-16 10:47:39,107 - HTMLGenerator - INFO - [TIMER] Starting: Acquire geodataframe for Energy_Production_Tenures_Tantalis
2025-07-16 10:47:39,130 - fiona._env - DEBUG - GDAL_DATA found in environment.
2025-07-16 10:47:39,131 - fiona._env - DEBUG - PROJ data found in package: path='P:\\corp\\central_clones\\python_geopandas\\Lib\\site-packages\\fiona\\proj_data'.
2025-07-16 10:47:40,774 - fiona._env - WARNING - PROJ: proj_identify: P:\corp\central_clones\python_geopandas\Lib\site-packages\fiona\proj_data\proj.db contains DATABASE.LAYOUT.VERSION.MINOR = 2 whereas a number >= 3 is expected. It comes from another PROJ installation.
2025-07-16 10:47:46,860 - fiona._env - WARNING - PROJ: proj_identify: P:\corp\central_clones\python_geopandas\Lib\site-packages\fiona\proj_data\proj.db contains DATABASE.LAYOUT.VERSION.MINOR = 2 whereas a number >= 3 is expected. It comes from another PROJ installation.
2025-07-16 10:47:47,106 - fiona._env - WARNING - PROJ: proj_identify: P:\corp\central_clones\python_geopandas\Lib\site-packages\fiona\proj_data\proj.db contains DATABASE.LAYOUT.VERSION.MINOR = 2 whereas a number >= 3 is expected. It comes from another PROJ installation.
2025-07-16 10:47:47,963 - fiona._env - DEBUG - GDAL_DATA found in environment.
2025-07-16 10:47:47,964 - fiona._env - DEBUG - PROJ data found in package: path='P:\\corp\\central_clones\\python_geopandas\\Lib\\site-packages\\fiona\\proj_data'.
2025-07-16 10:47:47,964 - fiona.ogrext - DEBUG - Got coordinate system
2025-07-16 10:47:47,979 - fiona.ogrext - DEBUG - Got coordinate system
2025-07-16 10:47:48,006 - fiona._env - WARNING - PROJ: proj_identify: P:\corp\central_clones\python_geopandas\Lib\site-packages\fiona\proj_data\proj.db contains DATABASE.LAYOUT.VERSION.MINOR = 2 whereas a number >= 3 is expected. It comes from another PROJ installation.
2025-07-16 10:47:48,006 - fiona.ogrext - DEBUG - OLC_FASTSETNEXTBYINDEX: 1
2025-07-16 10:47:48,006 - fiona.ogrext - DEBUG - OLC_FASTFEATURECOUNT: 1
2025-07-16 10:47:48,007 - fiona.ogrext - DEBUG - Next index: 0
2025-07-16 10:47:48,042 - fiona.collection - DEBUG - Flushed buffer
2025-07-16 10:47:48,044 - fiona.collection - DEBUG - Stopped session
2025-07-16 10:47:48,144 - HTMLGenerator - INFO - [TIMER] Finished: Acquire geodataframe for Energy_Production_Tenures_Tantalis in 8.94 sec | Mem: 1037.36 MB (+0.00 MB) | CPU: 0.00%
2025-07-16 10:47:48,145 - HTMLGenerator - INFO - [TIMER] Starting: Acquire geodataframe for BCER_Road_Permit_Areas
2025-07-16 10:47:48,167 - fiona._env - DEBUG - GDAL_DATA found in environment.
2025-07-16 10:47:48,169 - fiona._env - DEBUG - PROJ data found in package: path='P:\\corp\\central_clones\\python_geopandas\\Lib\\site-packages\\fiona\\proj_data'.
2025-07-16 10:47:50,272 - fiona._env - WARNING - PROJ: proj_identify: P:\corp\central_clones\python_geopandas\Lib\site-packages\fiona\proj_data\proj.db contains DATABASE.LAYOUT.VERSION.MINOR = 2 whereas a number >= 3 is expected. It comes from another PROJ installation.
2025-07-16 10:47:56,287 - fiona._env - WARNING - PROJ: proj_identify: P:\corp\central_clones\python_geopandas\Lib\site-packages\fiona\proj_data\proj.db contains DATABASE.LAYOUT.VERSION.MINOR = 2 whereas a number >= 3 is expected. It comes from another PROJ installation.
2025-07-16 10:47:56,529 - fiona._env - WARNING - PROJ: proj_identify: P:\corp\central_clones\python_geopandas\Lib\site-packages\fiona\proj_data\proj.db contains DATABASE.LAYOUT.VERSION.MINOR = 2 whereas a number >= 3 is expected. It comes from another PROJ installation.
2025-07-16 10:47:57,409 - fiona._env - DEBUG - GDAL_DATA found in environment.
2025-07-16 10:47:57,411 - fiona._env - DEBUG - PROJ data found in package: path='P:\\corp\\central_clones\\python_geopandas\\Lib\\site-packages\\fiona\\proj_data'.
2025-07-16 10:47:57,411 - fiona.ogrext - DEBUG - Got coordinate system
2025-07-16 10:47:57,428 - fiona.ogrext - DEBUG - Got coordinate system
2025-07-16 10:47:57,458 - fiona._env - WARNING - PROJ: proj_identify: P:\corp\central_clones\python_geopandas\Lib\site-packages\fiona\proj_data\proj.db contains DATABASE.LAYOUT.VERSION.MINOR = 2 whereas a number >= 3 is expected. It comes from another PROJ installation.
2025-07-16 10:47:57,458 - fiona.ogrext - DEBUG - OLC_FASTSETNEXTBYINDEX: 1
2025-07-16 10:47:57,458 - fiona.ogrext - DEBUG - OLC_FASTFEATURECOUNT: 1
2025-07-16 10:47:57,458 - fiona.ogrext - DEBUG - Next index: 0
2025-07-16 10:47:57,495 - fiona.collection - DEBUG - Flushed buffer
2025-07-16 10:47:57,496 - fiona.collection - DEBUG - Stopped session
2025-07-16 10:47:57,597 - HTMLGenerator - INFO - [TIMER] Finished: Acquire geodataframe for BCER_Road_Permit_Areas in 9.35 sec | Mem: 1037.36 MB (+0.00 MB) | CPU: 0.00%
2025-07-16 10:47:57,598 - HTMLGenerator - INFO - [TIMER] Starting: Acquire geodataframe for BCER_Road_Application_Areas
2025-07-16 10:47:57,621 - fiona._env - DEBUG - GDAL_DATA found in environment.
2025-07-16 10:47:57,623 - fiona._env - DEBUG - PROJ data found in package: path='P:\\corp\\central_clones\\python_geopandas\\Lib\\site-packages\\fiona\\proj_data'.
2025-07-16 10:47:59,611 - fiona._env - WARNING - PROJ: proj_identify: P:\corp\central_clones\python_geopandas\Lib\site-packages\fiona\proj_data\proj.db contains DATABASE.LAYOUT.VERSION.MINOR = 2 whereas a number >= 3 is expected. It comes from another PROJ installation.
2025-07-16 10:48:08,431 - fiona._env - WARNING - PROJ: proj_identify: P:\corp\central_clones\python_geopandas\Lib\site-packages\fiona\proj_data\proj.db contains DATABASE.LAYOUT.VERSION.MINOR = 2 whereas a number >= 3 is expected. It comes from another PROJ installation.
2025-07-16 10:48:08,918 - fiona._env - WARNING - PROJ: proj_identify: P:\corp\central_clones\python_geopandas\Lib\site-packages\fiona\proj_data\proj.db contains DATABASE.LAYOUT.VERSION.MINOR = 2 whereas a number >= 3 is expected. It comes from another PROJ installation.
2025-07-16 10:48:10,352 - fiona._env - DEBUG - GDAL_DATA found in environment.
2025-07-16 10:48:10,354 - fiona._env - DEBUG - PROJ data found in package: path='P:\\corp\\central_clones\\python_geopandas\\Lib\\site-packages\\fiona\\proj_data'.
2025-07-16 10:48:10,355 - fiona.ogrext - DEBUG - Got coordinate system
2025-07-16 10:48:10,377 - fiona.ogrext - DEBUG - Got coordinate system
2025-07-16 10:48:10,430 - fiona._env - WARNING - PROJ: proj_identify: P:\corp\central_clones\python_geopandas\Lib\site-packages\fiona\proj_data\proj.db contains DATABASE.LAYOUT.VERSION.MINOR = 2 whereas a number >= 3 is expected. It comes from another PROJ installation.
2025-07-16 10:48:10,431 - fiona.ogrext - DEBUG - OLC_FASTSETNEXTBYINDEX: 1
2025-07-16 10:48:10,431 - fiona.ogrext - DEBUG - OLC_FASTFEATURECOUNT: 1
2025-07-16 10:48:10,431 - fiona.ogrext - DEBUG - Next index: 0
2025-07-16 10:48:10,512 - fiona.collection - DEBUG - Flushed buffer
2025-07-16 10:48:10,516 - fiona.collection - DEBUG - Stopped session
2025-07-16 10:48:10,617 - HTMLGenerator - INFO - [TIMER] Finished: Acquire geodataframe for BCER_Road_Application_Areas in 12.92 sec | Mem: 1037.36 MB (+0.00 MB) | CPU: 0.00%
2025-07-16 10:48:10,619 - HTMLGenerator - INFO - [TIMER] Starting: Acquire geodataframe for BCER_Well_Facility_Permits
2025-07-16 10:48:10,653 - fiona._env - DEBUG - GDAL_DATA found in environment.
2025-07-16 10:48:10,655 - fiona._env - DEBUG - PROJ data found in package: path='P:\\corp\\central_clones\\python_geopandas\\Lib\\site-packages\\fiona\\proj_data'.
2025-07-16 10:48:12,882 - fiona._env - WARNING - PROJ: proj_identify: P:\corp\central_clones\python_geopandas\Lib\site-packages\fiona\proj_data\proj.db contains DATABASE.LAYOUT.VERSION.MINOR = 2 whereas a number >= 3 is expected. It comes from another PROJ installation.
2025-07-16 10:48:21,478 - fiona._env - WARNING - PROJ: proj_identify: P:\corp\central_clones\python_geopandas\Lib\site-packages\fiona\proj_data\proj.db contains DATABASE.LAYOUT.VERSION.MINOR = 2 whereas a number >= 3 is expected. It comes from another PROJ installation.
2025-07-16 10:48:21,885 - fiona._env - WARNING - PROJ: proj_identify: P:\corp\central_clones\python_geopandas\Lib\site-packages\fiona\proj_data\proj.db contains DATABASE.LAYOUT.VERSION.MINOR = 2 whereas a number >= 3 is expected. It comes from another PROJ installation.
2025-07-16 10:48:23,038 - fiona._env - DEBUG - GDAL_DATA found in environment.
2025-07-16 10:48:23,041 - fiona._env - DEBUG - PROJ data found in package: path='P:\\corp\\central_clones\\python_geopandas\\Lib\\site-packages\\fiona\\proj_data'.
2025-07-16 10:48:23,041 - fiona.ogrext - DEBUG - Got coordinate system
2025-07-16 10:48:23,059 - fiona.ogrext - DEBUG - Got coordinate system
2025-07-16 10:48:23,095 - fiona._env - WARNING - PROJ: proj_identify: P:\corp\central_clones\python_geopandas\Lib\site-packages\fiona\proj_data\proj.db contains DATABASE.LAYOUT.VERSION.MINOR = 2 whereas a number >= 3 is expected. It comes from another PROJ installation.
2025-07-16 10:48:23,095 - fiona.ogrext - DEBUG - OLC_FASTSETNEXTBYINDEX: 1
2025-07-16 10:48:23,096 - fiona.ogrext - DEBUG - OLC_FASTFEATURECOUNT: 1
2025-07-16 10:48:23,096 - fiona.ogrext - DEBUG - Next index: 0
2025-07-16 10:48:23,147 - fiona.collection - DEBUG - Flushed buffer
2025-07-16 10:48:23,150 - fiona.collection - DEBUG - Stopped session
2025-07-16 10:48:23,251 - HTMLGenerator - INFO - [TIMER] Finished: Acquire geodataframe for BCER_Well_Facility_Permits in 12.53 sec | Mem: 1037.36 MB (+0.00 MB) | CPU: 0.00%
2025-07-16 10:48:23,253 - HTMLGenerator - INFO - [TIMER] Starting: Acquire geodataframe for BCER_Well_Facility_Applications
2025-07-16 10:48:23,283 - fiona._env - DEBUG - GDAL_DATA found in environment.
2025-07-16 10:48:23,285 - fiona._env - DEBUG - PROJ data found in package: path='P:\\corp\\central_clones\\python_geopandas\\Lib\\site-packages\\fiona\\proj_data'.
2025-07-16 10:48:25,030 - fiona._env - WARNING - PROJ: proj_identify: P:\corp\central_clones\python_geopandas\Lib\site-packages\fiona\proj_data\proj.db contains DATABASE.LAYOUT.VERSION.MINOR = 2 whereas a number >= 3 is expected. It comes from another PROJ installation.
2025-07-16 10:48:31,716 - fiona._env - WARNING - PROJ: proj_identify: P:\corp\central_clones\python_geopandas\Lib\site-packages\fiona\proj_data\proj.db contains DATABASE.LAYOUT.VERSION.MINOR = 2 whereas a number >= 3 is expected. It comes from another PROJ installation.
2025-07-16 10:48:31,985 - fiona._env - WARNING - PROJ: proj_identify: P:\corp\central_clones\python_geopandas\Lib\site-packages\fiona\proj_data\proj.db contains DATABASE.LAYOUT.VERSION.MINOR = 2 whereas a number >= 3 is expected. It comes from another PROJ installation.
2025-07-16 10:48:33,072 - fiona._env - DEBUG - GDAL_DATA found in environment.
2025-07-16 10:48:33,074 - fiona._env - DEBUG - PROJ data found in package: path='P:\\corp\\central_clones\\python_geopandas\\Lib\\site-packages\\fiona\\proj_data'.
2025-07-16 10:48:33,074 - fiona.ogrext - DEBUG - Got coordinate system
2025-07-16 10:48:33,090 - fiona.ogrext - DEBUG - Got coordinate system
2025-07-16 10:48:33,122 - fiona._env - WARNING - PROJ: proj_identify: P:\corp\central_clones\python_geopandas\Lib\site-packages\fiona\proj_data\proj.db contains DATABASE.LAYOUT.VERSION.MINOR = 2 whereas a number >= 3 is expected. It comes from another PROJ installation.
2025-07-16 10:48:33,123 - fiona.ogrext - DEBUG - OLC_FASTSETNEXTBYINDEX: 1
2025-07-16 10:48:33,123 - fiona.ogrext - DEBUG - OLC_FASTFEATURECOUNT: 1
2025-07-16 10:48:33,123 - fiona.ogrext - DEBUG - Next index: 0
2025-07-16 10:48:33,166 - fiona.collection - DEBUG - Flushed buffer
2025-07-16 10:48:33,168 - fiona.collection - DEBUG - Stopped session
2025-07-16 10:48:33,269 - HTMLGenerator - INFO - [TIMER] Finished: Acquire geodataframe for BCER_Well_Facility_Applications in 9.91 sec | Mem: 1037.36 MB (+0.00 MB) | CPU: 0.00%
2025-07-16 10:48:33,270 - HTMLGenerator - INFO - [TIMER] Starting: Acquire geodataframe for BCER_Pipeline_Area_Permits
2025-07-16 10:48:33,298 - fiona._env - DEBUG - GDAL_DATA found in environment.
2025-07-16 10:48:33,300 - fiona._env - DEBUG - PROJ data found in package: path='P:\\corp\\central_clones\\python_geopandas\\Lib\\site-packages\\fiona\\proj_data'.
2025-07-16 10:48:35,083 - fiona._env - WARNING - PROJ: proj_identify: P:\corp\central_clones\python_geopandas\Lib\site-packages\fiona\proj_data\proj.db contains DATABASE.LAYOUT.VERSION.MINOR = 2 whereas a number >= 3 is expected. It comes from another PROJ installation.
2025-07-16 10:48:41,925 - fiona._env - WARNING - PROJ: proj_identify: P:\corp\central_clones\python_geopandas\Lib\site-packages\fiona\proj_data\proj.db contains DATABASE.LAYOUT.VERSION.MINOR = 2 whereas a number >= 3 is expected. It comes from another PROJ installation.
2025-07-16 10:48:42,228 - fiona._env - WARNING - PROJ: proj_identify: P:\corp\central_clones\python_geopandas\Lib\site-packages\fiona\proj_data\proj.db contains DATABASE.LAYOUT.VERSION.MINOR = 2 whereas a number >= 3 is expected. It comes from another PROJ installation.
2025-07-16 10:48:43,240 - fiona._env - DEBUG - GDAL_DATA found in environment.
2025-07-16 10:48:43,241 - fiona._env - DEBUG - PROJ data found in package: path='P:\\corp\\central_clones\\python_geopandas\\Lib\\site-packages\\fiona\\proj_data'.
2025-07-16 10:48:43,241 - fiona.ogrext - DEBUG - Got coordinate system
2025-07-16 10:48:43,254 - fiona.ogrext - DEBUG - Got coordinate system
2025-07-16 10:48:43,280 - fiona._env - WARNING - PROJ: proj_identify: P:\corp\central_clones\python_geopandas\Lib\site-packages\fiona\proj_data\proj.db contains DATABASE.LAYOUT.VERSION.MINOR = 2 whereas a number >= 3 is expected. It comes from another PROJ installation.
2025-07-16 10:48:43,280 - fiona.ogrext - DEBUG - OLC_FASTSETNEXTBYINDEX: 1
2025-07-16 10:48:43,280 - fiona.ogrext - DEBUG - OLC_FASTFEATURECOUNT: 1
2025-07-16 10:48:43,280 - fiona.ogrext - DEBUG - Next index: 0
2025-07-16 10:48:43,315 - fiona.collection - DEBUG - Flushed buffer
2025-07-16 10:48:43,317 - fiona.collection - DEBUG - Stopped session
2025-07-16 10:48:43,418 - HTMLGenerator - INFO - [TIMER] Finished: Acquire geodataframe for BCER_Pipeline_Area_Permits in 10.05 sec | Mem: 1037.36 MB (+0.00 MB) | CPU: 0.00%
2025-07-16 10:48:43,419 - HTMLGenerator - INFO - [TIMER] Starting: Acquire geodataframe for BCER_Pipeline_Area_Applications
2025-07-16 10:48:43,441 - fiona._env - DEBUG - GDAL_DATA found in environment.
2025-07-16 10:48:43,442 - fiona._env - DEBUG - PROJ data found in package: path='P:\\corp\\central_clones\\python_geopandas\\Lib\\site-packages\\fiona\\proj_data'.
2025-07-16 10:48:45,170 - fiona._env - WARNING - PROJ: proj_identify: P:\corp\central_clones\python_geopandas\Lib\site-packages\fiona\proj_data\proj.db contains DATABASE.LAYOUT.VERSION.MINOR = 2 whereas a number >= 3 is expected. It comes from another PROJ installation.
2025-07-16 10:48:51,162 - fiona._env - WARNING - PROJ: proj_identify: P:\corp\central_clones\python_geopandas\Lib\site-packages\fiona\proj_data\proj.db contains DATABASE.LAYOUT.VERSION.MINOR = 2 whereas a number >= 3 is expected. It comes from another PROJ installation.
2025-07-16 10:48:51,434 - fiona._env - WARNING - PROJ: proj_identify: P:\corp\central_clones\python_geopandas\Lib\site-packages\fiona\proj_data\proj.db contains DATABASE.LAYOUT.VERSION.MINOR = 2 whereas a number >= 3 is expected. It comes from another PROJ installation.
2025-07-16 10:48:52,619 - fiona._env - DEBUG - GDAL_DATA found in environment.
2025-07-16 10:48:52,621 - fiona._env - DEBUG - PROJ data found in package: path='P:\\corp\\central_clones\\python_geopandas\\Lib\\site-packages\\fiona\\proj_data'.
2025-07-16 10:48:52,622 - fiona.ogrext - DEBUG - Got coordinate system
2025-07-16 10:48:52,644 - fiona.ogrext - DEBUG - Got coordinate system
2025-07-16 10:48:52,683 - fiona._env - WARNING - PROJ: proj_identify: P:\corp\central_clones\python_geopandas\Lib\site-packages\fiona\proj_data\proj.db contains DATABASE.LAYOUT.VERSION.MINOR = 2 whereas a number >= 3 is expected. It comes from another PROJ installation.
2025-07-16 10:48:52,683 - fiona.ogrext - DEBUG - OLC_FASTSETNEXTBYINDEX: 1
2025-07-16 10:48:52,683 - fiona.ogrext - DEBUG - OLC_FASTFEATURECOUNT: 1
2025-07-16 10:48:52,683 - fiona.ogrext - DEBUG - Next index: 0
2025-07-16 10:48:52,742 - fiona.collection - DEBUG - Flushed buffer
2025-07-16 10:48:52,744 - fiona.collection - DEBUG - Stopped session
2025-07-16 10:48:52,845 - HTMLGenerator - INFO - [TIMER] Finished: Acquire geodataframe for BCER_Pipeline_Area_Applications in 9.33 sec | Mem: 1037.36 MB (+0.00 MB) | CPU: 0.00%
2025-07-16 10:48:52,846 - HTMLGenerator - INFO - [TIMER] Starting: Acquire geodataframe for BCER_Pipeline_Area_Permits_within_50m
2025-07-16 10:48:52,880 - fiona._env - DEBUG - GDAL_DATA found in environment.
2025-07-16 10:48:52,881 - fiona._env - DEBUG - PROJ data found in package: path='P:\\corp\\central_clones\\python_geopandas\\Lib\\site-packages\\fiona\\proj_data'.
2025-07-16 10:48:54,552 - fiona._env - WARNING - PROJ: proj_identify: P:\corp\central_clones\python_geopandas\Lib\site-packages\fiona\proj_data\proj.db contains DATABASE.LAYOUT.VERSION.MINOR = 2 whereas a number >= 3 is expected. It comes from another PROJ installation.
2025-07-16 10:49:00,338 - fiona._env - WARNING - PROJ: proj_identify: P:\corp\central_clones\python_geopandas\Lib\site-packages\fiona\proj_data\proj.db contains DATABASE.LAYOUT.VERSION.MINOR = 2 whereas a number >= 3 is expected. It comes from another PROJ installation.
2025-07-16 10:49:00,614 - fiona._env - WARNING - PROJ: proj_identify: P:\corp\central_clones\python_geopandas\Lib\site-packages\fiona\proj_data\proj.db contains DATABASE.LAYOUT.VERSION.MINOR = 2 whereas a number >= 3 is expected. It comes from another PROJ installation.
2025-07-16 10:49:01,506 - fiona._env - DEBUG - GDAL_DATA found in environment.
2025-07-16 10:49:01,508 - fiona._env - DEBUG - PROJ data found in package: path='P:\\corp\\central_clones\\python_geopandas\\Lib\\site-packages\\fiona\\proj_data'.
2025-07-16 10:49:01,508 - fiona.ogrext - DEBUG - Got coordinate system
2025-07-16 10:49:01,522 - fiona.ogrext - DEBUG - Got coordinate system
2025-07-16 10:49:01,548 - fiona._env - WARNING - PROJ: proj_identify: P:\corp\central_clones\python_geopandas\Lib\site-packages\fiona\proj_data\proj.db contains DATABASE.LAYOUT.VERSION.MINOR = 2 whereas a number >= 3 is expected. It comes from another PROJ installation.
2025-07-16 10:49:01,548 - fiona.ogrext - DEBUG - OLC_FASTSETNEXTBYINDEX: 1
2025-07-16 10:49:01,549 - fiona.ogrext - DEBUG - OLC_FASTFEATURECOUNT: 1
2025-07-16 10:49:01,549 - fiona.ogrext - DEBUG - Next index: 0
2025-07-16 10:49:01,584 - fiona.collection - DEBUG - Flushed buffer
2025-07-16 10:49:01,586 - fiona.collection - DEBUG - Stopped session
2025-07-16 10:49:01,686 - HTMLGenerator - INFO - [TIMER] Finished: Acquire geodataframe for BCER_Pipeline_Area_Permits_within_50m in 8.74 sec | Mem: 1037.36 MB (-0.00 MB) | CPU: 0.00%
2025-07-16 10:49:01,688 - HTMLGenerator - INFO - [TIMER] Starting: Acquire geodataframe for BCER_Pipeline_Area_Applications_within_50m
2025-07-16 10:49:01,712 - fiona._env - DEBUG - GDAL_DATA found in environment.
2025-07-16 10:49:01,714 - fiona._env - DEBUG - PROJ data found in package: path='P:\\corp\\central_clones\\python_geopandas\\Lib\\site-packages\\fiona\\proj_data'.
2025-07-16 10:49:05,686 - fiona._env - WARNING - PROJ: proj_identify: P:\corp\central_clones\python_geopandas\Lib\site-packages\fiona\proj_data\proj.db contains DATABASE.LAYOUT.VERSION.MINOR = 2 whereas a number >= 3 is expected. It comes from another PROJ installation.
2025-07-16 10:49:13,681 - fiona._env - WARNING - PROJ: proj_identify: P:\corp\central_clones\python_geopandas\Lib\site-packages\fiona\proj_data\proj.db contains DATABASE.LAYOUT.VERSION.MINOR = 2 whereas a number >= 3 is expected. It comes from another PROJ installation.
2025-07-16 10:49:14,099 - fiona._env - WARNING - PROJ: proj_identify: P:\corp\central_clones\python_geopandas\Lib\site-packages\fiona\proj_data\proj.db contains DATABASE.LAYOUT.VERSION.MINOR = 2 whereas a number >= 3 is expected. It comes from another PROJ installation.
2025-07-16 10:49:15,181 - fiona._env - DEBUG - GDAL_DATA found in environment.
2025-07-16 10:49:15,183 - fiona._env - DEBUG - PROJ data found in package: path='P:\\corp\\central_clones\\python_geopandas\\Lib\\site-packages\\fiona\\proj_data'.
2025-07-16 10:49:15,183 - fiona.ogrext - DEBUG - Got coordinate system
2025-07-16 10:49:15,198 - fiona.ogrext - DEBUG - Got coordinate system
2025-07-16 10:49:15,227 - fiona._env - WARNING - PROJ: proj_identify: P:\corp\central_clones\python_geopandas\Lib\site-packages\fiona\proj_data\proj.db contains DATABASE.LAYOUT.VERSION.MINOR = 2 whereas a number >= 3 is expected. It comes from another PROJ installation.
2025-07-16 10:49:15,227 - fiona.ogrext - DEBUG - OLC_FASTSETNEXTBYINDEX: 1
2025-07-16 10:49:15,227 - fiona.ogrext - DEBUG - OLC_FASTFEATURECOUNT: 1
2025-07-16 10:49:15,227 - fiona.ogrext - DEBUG - Next index: 0
2025-07-16 10:49:15,263 - fiona.collection - DEBUG - Flushed buffer
2025-07-16 10:49:15,265 - fiona.collection - DEBUG - Stopped session
2025-07-16 10:49:15,365 - HTMLGenerator - INFO - [TIMER] Finished: Acquire geodataframe for BCER_Pipeline_Area_Applications_within_50m in 13.58 sec | Mem: 1037.34 MB (-0.02 MB) | CPU: 0.00%
2025-07-16 10:49:15,366 - HTMLGenerator - INFO - [TIMER] Starting: Acquire geodataframe for BCER_Construction_Corridor
2025-07-16 10:49:15,388 - fiona._env - DEBUG - GDAL_DATA found in environment.
2025-07-16 10:49:15,390 - fiona._env - DEBUG - PROJ data found in package: path='P:\\corp\\central_clones\\python_geopandas\\Lib\\site-packages\\fiona\\proj_data'.
2025-07-16 10:49:16,916 - fiona._env - WARNING - PROJ: proj_identify: P:\corp\central_clones\python_geopandas\Lib\site-packages\fiona\proj_data\proj.db contains DATABASE.LAYOUT.VERSION.MINOR = 2 whereas a number >= 3 is expected. It comes from another PROJ installation.
2025-07-16 10:49:22,984 - fiona._env - WARNING - PROJ: proj_identify: P:\corp\central_clones\python_geopandas\Lib\site-packages\fiona\proj_data\proj.db contains DATABASE.LAYOUT.VERSION.MINOR = 2 whereas a number >= 3 is expected. It comes from another PROJ installation.
2025-07-16 10:49:23,324 - fiona._env - WARNING - PROJ: proj_identify: P:\corp\central_clones\python_geopandas\Lib\site-packages\fiona\proj_data\proj.db contains DATABASE.LAYOUT.VERSION.MINOR = 2 whereas a number >= 3 is expected. It comes from another PROJ installation.
2025-07-16 10:49:24,481 - fiona._env - DEBUG - GDAL_DATA found in environment.
2025-07-16 10:49:24,482 - fiona._env - DEBUG - PROJ data found in package: path='P:\\corp\\central_clones\\python_geopandas\\Lib\\site-packages\\fiona\\proj_data'.
2025-07-16 10:49:24,483 - fiona.ogrext - DEBUG - Got coordinate system
2025-07-16 10:49:24,503 - fiona.ogrext - DEBUG - Got coordinate system
2025-07-16 10:49:24,538 - fiona._env - WARNING - PROJ: proj_identify: P:\corp\central_clones\python_geopandas\Lib\site-packages\fiona\proj_data\proj.db contains DATABASE.LAYOUT.VERSION.MINOR = 2 whereas a number >= 3 is expected. It comes from another PROJ installation.
2025-07-16 10:49:24,538 - fiona.ogrext - DEBUG - OLC_FASTSETNEXTBYINDEX: 1
2025-07-16 10:49:24,538 - fiona.ogrext - DEBUG - OLC_FASTFEATURECOUNT: 1
2025-07-16 10:49:24,538 - fiona.ogrext - DEBUG - Next index: 0
2025-07-16 10:49:24,592 - fiona.collection - DEBUG - Flushed buffer
2025-07-16 10:49:24,595 - fiona.collection - DEBUG - Stopped session
2025-07-16 10:49:24,696 - HTMLGenerator - INFO - [TIMER] Finished: Acquire geodataframe for BCER_Construction_Corridor in 9.23 sec | Mem: 1037.35 MB (+0.01 MB) | CPU: 0.00%
2025-07-16 10:49:24,698 - HTMLGenerator - INFO - [TIMER] Starting: Acquire geodataframe for BCER_Seismic_Permits
2025-07-16 10:49:24,733 - fiona._env - DEBUG - GDAL_DATA found in environment.
2025-07-16 10:49:24,734 - fiona._env - DEBUG - PROJ data found in package: path='P:\\corp\\central_clones\\python_geopandas\\Lib\\site-packages\\fiona\\proj_data'.
2025-07-16 10:49:26,870 - fiona._env - WARNING - PROJ: proj_identify: P:\corp\central_clones\python_geopandas\Lib\site-packages\fiona\proj_data\proj.db contains DATABASE.LAYOUT.VERSION.MINOR = 2 whereas a number >= 3 is expected. It comes from another PROJ installation.
2025-07-16 10:49:35,405 - fiona._env - WARNING - PROJ: proj_identify: P:\corp\central_clones\python_geopandas\Lib\site-packages\fiona\proj_data\proj.db contains DATABASE.LAYOUT.VERSION.MINOR = 2 whereas a number >= 3 is expected. It comes from another PROJ installation.
2025-07-16 10:49:35,766 - fiona._env - WARNING - PROJ: proj_identify: P:\corp\central_clones\python_geopandas\Lib\site-packages\fiona\proj_data\proj.db contains DATABASE.LAYOUT.VERSION.MINOR = 2 whereas a number >= 3 is expected. It comes from another PROJ installation.
2025-07-16 10:49:36,908 - fiona._env - DEBUG - GDAL_DATA found in environment.
2025-07-16 10:49:36,911 - fiona._env - DEBUG - PROJ data found in package: path='P:\\corp\\central_clones\\python_geopandas\\Lib\\site-packages\\fiona\\proj_data'.
2025-07-16 10:49:36,912 - fiona.ogrext - DEBUG - Got coordinate system
2025-07-16 10:49:36,930 - fiona.ogrext - DEBUG - Got coordinate system
2025-07-16 10:49:36,965 - fiona._env - WARNING - PROJ: proj_identify: P:\corp\central_clones\python_geopandas\Lib\site-packages\fiona\proj_data\proj.db contains DATABASE.LAYOUT.VERSION.MINOR = 2 whereas a number >= 3 is expected. It comes from another PROJ installation.
2025-07-16 10:49:36,966 - fiona.ogrext - DEBUG - OLC_FASTSETNEXTBYINDEX: 1
2025-07-16 10:49:36,966 - fiona.ogrext - DEBUG - OLC_FASTFEATURECOUNT: 1
2025-07-16 10:49:36,966 - fiona.ogrext - DEBUG - Next index: 0
2025-07-16 10:49:37,016 - fiona.collection - DEBUG - Flushed buffer
2025-07-16 10:49:37,018 - fiona.collection - DEBUG - Stopped session
2025-07-16 10:49:37,118 - HTMLGenerator - INFO - [TIMER] Finished: Acquire geodataframe for BCER_Seismic_Permits in 12.32 sec | Mem: 1037.36 MB (+0.01 MB) | CPU: 0.00%
2025-07-16 10:49:37,119 - HTMLGenerator - INFO - [TIMER] Starting: Acquire geodataframe for BCER_Seismic_Applications
2025-07-16 10:49:37,148 - fiona._env - DEBUG - GDAL_DATA found in environment.
2025-07-16 10:49:37,151 - fiona._env - DEBUG - PROJ data found in package: path='P:\\corp\\central_clones\\python_geopandas\\Lib\\site-packages\\fiona\\proj_data'.
2025-07-16 10:49:39,081 - fiona._env - WARNING - PROJ: proj_identify: P:\corp\central_clones\python_geopandas\Lib\site-packages\fiona\proj_data\proj.db contains DATABASE.LAYOUT.VERSION.MINOR = 2 whereas a number >= 3 is expected. It comes from another PROJ installation.
2025-07-16 10:49:46,225 - fiona._env - WARNING - PROJ: proj_identify: P:\corp\central_clones\python_geopandas\Lib\site-packages\fiona\proj_data\proj.db contains DATABASE.LAYOUT.VERSION.MINOR = 2 whereas a number >= 3 is expected. It comes from another PROJ installation.
2025-07-16 10:49:46,494 - fiona._env - WARNING - PROJ: proj_identify: P:\corp\central_clones\python_geopandas\Lib\site-packages\fiona\proj_data\proj.db contains DATABASE.LAYOUT.VERSION.MINOR = 2 whereas a number >= 3 is expected. It comes from another PROJ installation.
2025-07-16 10:49:47,420 - fiona._env - DEBUG - GDAL_DATA found in environment.
2025-07-16 10:49:47,422 - fiona._env - DEBUG - PROJ data found in package: path='P:\\corp\\central_clones\\python_geopandas\\Lib\\site-packages\\fiona\\proj_data'.
2025-07-16 10:49:47,423 - fiona.ogrext - DEBUG - Got coordinate system
2025-07-16 10:49:47,436 - fiona.ogrext - DEBUG - Got coordinate system
2025-07-16 10:49:47,463 - fiona._env - WARNING - PROJ: proj_identify: P:\corp\central_clones\python_geopandas\Lib\site-packages\fiona\proj_data\proj.db contains DATABASE.LAYOUT.VERSION.MINOR = 2 whereas a number >= 3 is expected. It comes from another PROJ installation.
2025-07-16 10:49:47,464 - fiona.ogrext - DEBUG - OLC_FASTSETNEXTBYINDEX: 1
2025-07-16 10:49:47,464 - fiona.ogrext - DEBUG - OLC_FASTFEATURECOUNT: 1
2025-07-16 10:49:47,464 - fiona.ogrext - DEBUG - Next index: 0
2025-07-16 10:49:47,500 - fiona.collection - DEBUG - Flushed buffer
2025-07-16 10:49:47,502 - fiona.collection - DEBUG - Stopped session
2025-07-16 10:49:47,602 - HTMLGenerator - INFO - [TIMER] Finished: Acquire geodataframe for BCER_Seismic_Applications in 10.38 sec | Mem: 1037.34 MB (-0.01 MB) | CPU: 0.00%
2025-07-16 10:49:47,603 - HTMLGenerator - INFO - [TIMER] Starting: Acquire geodataframe for BCER_Facility_Location_Permits
2025-07-16 10:49:47,672 - fiona._env - DEBUG - GDAL_DATA found in environment.
2025-07-16 10:49:47,675 - fiona._env - DEBUG - PROJ data found in package: path='P:\\corp\\central_clones\\python_geopandas\\Lib\\site-packages\\fiona\\proj_data'.
2025-07-16 10:49:49,467 - fiona._env - WARNING - PROJ: proj_identify: P:\corp\central_clones\python_geopandas\Lib\site-packages\fiona\proj_data\proj.db contains DATABASE.LAYOUT.VERSION.MINOR = 2 whereas a number >= 3 is expected. It comes from another PROJ installation.
2025-07-16 10:49:55,404 - fiona._env - WARNING - PROJ: proj_identify: P:\corp\central_clones\python_geopandas\Lib\site-packages\fiona\proj_data\proj.db contains DATABASE.LAYOUT.VERSION.MINOR = 2 whereas a number >= 3 is expected. It comes from another PROJ installation.
2025-07-16 10:49:55,751 - fiona._env - WARNING - PROJ: proj_identify: P:\corp\central_clones\python_geopandas\Lib\site-packages\fiona\proj_data\proj.db contains DATABASE.LAYOUT.VERSION.MINOR = 2 whereas a number >= 3 is expected. It comes from another PROJ installation.
2025-07-16 10:49:56,801 - fiona._env - DEBUG - GDAL_DATA found in environment.
2025-07-16 10:49:56,802 - fiona._env - DEBUG - PROJ data found in package: path='P:\\corp\\central_clones\\python_geopandas\\Lib\\site-packages\\fiona\\proj_data'.
2025-07-16 10:49:56,803 - fiona.ogrext - DEBUG - Got coordinate system
2025-07-16 10:49:56,818 - fiona.ogrext - DEBUG - Got coordinate system
2025-07-16 10:49:56,845 - fiona._env - WARNING - PROJ: proj_identify: P:\corp\central_clones\python_geopandas\Lib\site-packages\fiona\proj_data\proj.db contains DATABASE.LAYOUT.VERSION.MINOR = 2 whereas a number >= 3 is expected. It comes from another PROJ installation.
2025-07-16 10:49:56,845 - fiona.ogrext - DEBUG - OLC_FASTSETNEXTBYINDEX: 1
2025-07-16 10:49:56,846 - fiona.ogrext - DEBUG - OLC_FASTFEATURECOUNT: 1
2025-07-16 10:49:56,846 - fiona.ogrext - DEBUG - Next index: 0
2025-07-16 10:49:56,881 - fiona.collection - DEBUG - Flushed buffer
2025-07-16 10:49:56,883 - fiona.collection - DEBUG - Stopped session
2025-07-16 10:49:56,983 - HTMLGenerator - INFO - [TIMER] Finished: Acquire geodataframe for BCER_Facility_Location_Permits in 9.28 sec | Mem: 1037.35 MB (+0.01 MB) | CPU: 0.00%
2025-07-16 10:49:56,984 - HTMLGenerator - INFO - [TIMER] Starting: Acquire geodataframe for BCER_Ancillary_Permits
2025-07-16 10:49:57,045 - fiona._env - DEBUG - GDAL_DATA found in environment.
2025-07-16 10:49:57,046 - fiona._env - DEBUG - PROJ data found in package: path='P:\\corp\\central_clones\\python_geopandas\\Lib\\site-packages\\fiona\\proj_data'.
2025-07-16 10:49:58,848 - fiona._env - WARNING - PROJ: proj_identify: P:\corp\central_clones\python_geopandas\Lib\site-packages\fiona\proj_data\proj.db contains DATABASE.LAYOUT.VERSION.MINOR = 2 whereas a number >= 3 is expected. It comes from another PROJ installation.
2025-07-16 10:50:05,410 - fiona._env - WARNING - PROJ: proj_identify: P:\corp\central_clones\python_geopandas\Lib\site-packages\fiona\proj_data\proj.db contains DATABASE.LAYOUT.VERSION.MINOR = 2 whereas a number >= 3 is expected. It comes from another PROJ installation.
2025-07-16 10:50:05,788 - fiona._env - WARNING - PROJ: proj_identify: P:\corp\central_clones\python_geopandas\Lib\site-packages\fiona\proj_data\proj.db contains DATABASE.LAYOUT.VERSION.MINOR = 2 whereas a number >= 3 is expected. It comes from another PROJ installation.
2025-07-16 10:50:07,115 - fiona._env - DEBUG - GDAL_DATA found in environment.
2025-07-16 10:50:07,116 - fiona._env - DEBUG - PROJ data found in package: path='P:\\corp\\central_clones\\python_geopandas\\Lib\\site-packages\\fiona\\proj_data'.
2025-07-16 10:50:07,117 - fiona.ogrext - DEBUG - Got coordinate system
2025-07-16 10:50:07,133 - fiona.ogrext - DEBUG - Got coordinate system
2025-07-16 10:50:07,163 - fiona._env - WARNING - PROJ: proj_identify: P:\corp\central_clones\python_geopandas\Lib\site-packages\fiona\proj_data\proj.db contains DATABASE.LAYOUT.VERSION.MINOR = 2 whereas a number >= 3 is expected. It comes from another PROJ installation.
2025-07-16 10:50:07,163 - fiona.ogrext - DEBUG - OLC_FASTSETNEXTBYINDEX: 1
2025-07-16 10:50:07,164 - fiona.ogrext - DEBUG - OLC_FASTFEATURECOUNT: 1
2025-07-16 10:50:07,164 - fiona.ogrext - DEBUG - Next index: 0
2025-07-16 10:50:07,208 - fiona.collection - DEBUG - Flushed buffer
2025-07-16 10:50:07,209 - fiona.collection - DEBUG - Stopped session
2025-07-16 10:50:07,311 - HTMLGenerator - INFO - [TIMER] Finished: Acquire geodataframe for BCER_Ancillary_Permits in 10.23 sec | Mem: 1037.35 MB (-0.00 MB) | CPU: 0.00%
2025-07-16 10:50:07,312 - HTMLGenerator - INFO - [TIMER] Starting: Acquire geodataframe for BCER_Ancillary_Applications
2025-07-16 10:50:07,402 - fiona._env - DEBUG - GDAL_DATA found in environment.
2025-07-16 10:50:07,403 - fiona._env - DEBUG - PROJ data found in package: path='P:\\corp\\central_clones\\python_geopandas\\Lib\\site-packages\\fiona\\proj_data'.
2025-07-16 10:50:09,431 - fiona._env - WARNING - PROJ: proj_identify: P:\corp\central_clones\python_geopandas\Lib\site-packages\fiona\proj_data\proj.db contains DATABASE.LAYOUT.VERSION.MINOR = 2 whereas a number >= 3 is expected. It comes from another PROJ installation.
2025-07-16 10:50:15,505 - fiona._env - WARNING - PROJ: proj_identify: P:\corp\central_clones\python_geopandas\Lib\site-packages\fiona\proj_data\proj.db contains DATABASE.LAYOUT.VERSION.MINOR = 2 whereas a number >= 3 is expected. It comes from another PROJ installation.
2025-07-16 10:50:15,738 - fiona._env - WARNING - PROJ: proj_identify: P:\corp\central_clones\python_geopandas\Lib\site-packages\fiona\proj_data\proj.db contains DATABASE.LAYOUT.VERSION.MINOR = 2 whereas a number >= 3 is expected. It comes from another PROJ installation.
2025-07-16 10:50:16,626 - fiona._env - DEBUG - GDAL_DATA found in environment.
2025-07-16 10:50:16,628 - fiona._env - DEBUG - PROJ data found in package: path='P:\\corp\\central_clones\\python_geopandas\\Lib\\site-packages\\fiona\\proj_data'.
2025-07-16 10:50:16,628 - fiona.ogrext - DEBUG - Got coordinate system
2025-07-16 10:50:16,643 - fiona.ogrext - DEBUG - Got coordinate system
2025-07-16 10:50:16,681 - fiona._env - WARNING - PROJ: proj_identify: P:\corp\central_clones\python_geopandas\Lib\site-packages\fiona\proj_data\proj.db contains DATABASE.LAYOUT.VERSION.MINOR = 2 whereas a number >= 3 is expected. It comes from another PROJ installation.
2025-07-16 10:50:16,681 - fiona.ogrext - DEBUG - OLC_FASTSETNEXTBYINDEX: 1
2025-07-16 10:50:16,682 - fiona.ogrext - DEBUG - OLC_FASTFEATURECOUNT: 1
2025-07-16 10:50:16,682 - fiona.ogrext - DEBUG - Next index: 0
2025-07-16 10:50:16,716 - fiona.collection - DEBUG - Flushed buffer
2025-07-16 10:50:16,718 - fiona.collection - DEBUG - Stopped session
2025-07-16 10:50:16,818 - HTMLGenerator - INFO - [TIMER] Finished: Acquire geodataframe for BCER_Ancillary_Applications in 9.40 sec | Mem: 1037.35 MB (+0.00 MB) | CPU: 0.00%
2025-07-16 10:50:16,819 - HTMLGenerator - INFO - [TIMER] Starting: Acquire geodataframe for BCER_Sump_Locations
2025-07-16 10:50:16,841 - fiona._env - DEBUG - GDAL_DATA found in environment.
2025-07-16 10:50:16,843 - fiona._env - DEBUG - PROJ data found in package: path='P:\\corp\\central_clones\\python_geopandas\\Lib\\site-packages\\fiona\\proj_data'.
2025-07-16 10:50:18,632 - fiona._env - WARNING - PROJ: proj_identify: P:\corp\central_clones\python_geopandas\Lib\site-packages\fiona\proj_data\proj.db contains DATABASE.LAYOUT.VERSION.MINOR = 2 whereas a number >= 3 is expected. It comes from another PROJ installation.
2025-07-16 10:50:25,956 - fiona._env - WARNING - PROJ: proj_identify: P:\corp\central_clones\python_geopandas\Lib\site-packages\fiona\proj_data\proj.db contains DATABASE.LAYOUT.VERSION.MINOR = 2 whereas a number >= 3 is expected. It comes from another PROJ installation.
2025-07-16 10:50:26,216 - fiona._env - WARNING - PROJ: proj_identify: P:\corp\central_clones\python_geopandas\Lib\site-packages\fiona\proj_data\proj.db contains DATABASE.LAYOUT.VERSION.MINOR = 2 whereas a number >= 3 is expected. It comes from another PROJ installation.
2025-07-16 10:50:27,250 - fiona._env - DEBUG - GDAL_DATA found in environment.
2025-07-16 10:50:27,251 - fiona._env - DEBUG - PROJ data found in package: path='P:\\corp\\central_clones\\python_geopandas\\Lib\\site-packages\\fiona\\proj_data'.
2025-07-16 10:50:27,252 - fiona.ogrext - DEBUG - Got coordinate system
2025-07-16 10:50:27,265 - fiona.ogrext - DEBUG - Got coordinate system
2025-07-16 10:50:27,293 - fiona._env - WARNING - PROJ: proj_identify: P:\corp\central_clones\python_geopandas\Lib\site-packages\fiona\proj_data\proj.db contains DATABASE.LAYOUT.VERSION.MINOR = 2 whereas a number >= 3 is expected. It comes from another PROJ installation.
2025-07-16 10:50:27,293 - fiona.ogrext - DEBUG - OLC_FASTSETNEXTBYINDEX: 1
2025-07-16 10:50:27,293 - fiona.ogrext - DEBUG - OLC_FASTFEATURECOUNT: 1
2025-07-16 10:50:27,294 - fiona.ogrext - DEBUG - Next index: 0
2025-07-16 10:50:27,333 - fiona.collection - DEBUG - Flushed buffer
2025-07-16 10:50:27,335 - fiona.collection - DEBUG - Stopped session
2025-07-16 10:50:27,435 - HTMLGenerator - INFO - [TIMER] Finished: Acquire geodataframe for BCER_Sump_Locations in 10.52 sec | Mem: 1037.35 MB (-0.00 MB) | CPU: 0.00%
2025-07-16 10:50:27,436 - HTMLGenerator - INFO - [TIMER] Starting: Acquire geodataframe for BCER_Waste_Disposal_Sites
2025-07-16 10:50:27,459 - fiona._env - DEBUG - GDAL_DATA found in environment.
2025-07-16 10:50:27,461 - fiona._env - DEBUG - PROJ data found in package: path='P:\\corp\\central_clones\\python_geopandas\\Lib\\site-packages\\fiona\\proj_data'.
2025-07-16 10:50:29,250 - fiona._env - WARNING - PROJ: proj_identify: P:\corp\central_clones\python_geopandas\Lib\site-packages\fiona\proj_data\proj.db contains DATABASE.LAYOUT.VERSION.MINOR = 2 whereas a number >= 3 is expected. It comes from another PROJ installation.
2025-07-16 10:50:35,702 - fiona._env - WARNING - PROJ: proj_identify: P:\corp\central_clones\python_geopandas\Lib\site-packages\fiona\proj_data\proj.db contains DATABASE.LAYOUT.VERSION.MINOR = 2 whereas a number >= 3 is expected. It comes from another PROJ installation.
2025-07-16 10:50:36,007 - fiona._env - WARNING - PROJ: proj_identify: P:\corp\central_clones\python_geopandas\Lib\site-packages\fiona\proj_data\proj.db contains DATABASE.LAYOUT.VERSION.MINOR = 2 whereas a number >= 3 is expected. It comes from another PROJ installation.
2025-07-16 10:50:37,087 - fiona._env - DEBUG - GDAL_DATA found in environment.
2025-07-16 10:50:37,089 - fiona._env - DEBUG - PROJ data found in package: path='P:\\corp\\central_clones\\python_geopandas\\Lib\\site-packages\\fiona\\proj_data'.
2025-07-16 10:50:37,090 - fiona.ogrext - DEBUG - Got coordinate system
2025-07-16 10:50:37,109 - fiona.ogrext - DEBUG - Got coordinate system
2025-07-16 10:50:37,148 - fiona._env - WARNING - PROJ: proj_identify: P:\corp\central_clones\python_geopandas\Lib\site-packages\fiona\proj_data\proj.db contains DATABASE.LAYOUT.VERSION.MINOR = 2 whereas a number >= 3 is expected. It comes from another PROJ installation.
2025-07-16 10:50:37,149 - fiona.ogrext - DEBUG - OLC_FASTSETNEXTBYINDEX: 1
2025-07-16 10:50:37,149 - fiona.ogrext - DEBUG - OLC_FASTFEATURECOUNT: 1
2025-07-16 10:50:37,149 - fiona.ogrext - DEBUG - Next index: 0
2025-07-16 10:50:37,189 - fiona.collection - DEBUG - Flushed buffer
2025-07-16 10:50:37,192 - fiona.collection - DEBUG - Stopped session
2025-07-16 10:50:37,292 - HTMLGenerator - INFO - [TIMER] Finished: Acquire geodataframe for BCER_Waste_Disposal_Sites in 9.76 sec | Mem: 1037.34 MB (-0.00 MB) | CPU: 0.00%
2025-07-16 10:50:37,293 - HTMLGenerator - INFO - [TIMER] Starting: Acquire geodataframe for BCER_Water_Source_Permits
2025-07-16 10:50:37,324 - fiona._env - DEBUG - GDAL_DATA found in environment.
2025-07-16 10:50:37,325 - fiona._env - DEBUG - PROJ data found in package: path='P:\\corp\\central_clones\\python_geopandas\\Lib\\site-packages\\fiona\\proj_data'.
2025-07-16 10:50:38,912 - fiona._env - WARNING - PROJ: proj_identify: P:\corp\central_clones\python_geopandas\Lib\site-packages\fiona\proj_data\proj.db contains DATABASE.LAYOUT.VERSION.MINOR = 2 whereas a number >= 3 is expected. It comes from another PROJ installation.
2025-07-16 10:50:45,158 - fiona._env - WARNING - PROJ: proj_identify: P:\corp\central_clones\python_geopandas\Lib\site-packages\fiona\proj_data\proj.db contains DATABASE.LAYOUT.VERSION.MINOR = 2 whereas a number >= 3 is expected. It comes from another PROJ installation.
2025-07-16 10:50:45,406 - fiona._env - WARNING - PROJ: proj_identify: P:\corp\central_clones\python_geopandas\Lib\site-packages\fiona\proj_data\proj.db contains DATABASE.LAYOUT.VERSION.MINOR = 2 whereas a number >= 3 is expected. It comes from another PROJ installation.
2025-07-16 10:50:46,370 - fiona._env - DEBUG - GDAL_DATA found in environment.
2025-07-16 10:50:46,380 - fiona._env - DEBUG - PROJ data found in package: path='P:\\corp\\central_clones\\python_geopandas\\Lib\\site-packages\\fiona\\proj_data'.
2025-07-16 10:50:46,381 - fiona.ogrext - DEBUG - Got coordinate system
2025-07-16 10:50:46,394 - fiona.ogrext - DEBUG - Got coordinate system
2025-07-16 10:50:46,422 - fiona._env - WARNING - PROJ: proj_identify: P:\corp\central_clones\python_geopandas\Lib\site-packages\fiona\proj_data\proj.db contains DATABASE.LAYOUT.VERSION.MINOR = 2 whereas a number >= 3 is expected. It comes from another PROJ installation.
2025-07-16 10:50:46,422 - fiona.ogrext - DEBUG - OLC_FASTSETNEXTBYINDEX: 1
2025-07-16 10:50:46,422 - fiona.ogrext - DEBUG - OLC_FASTFEATURECOUNT: 1
2025-07-16 10:50:46,422 - fiona.ogrext - DEBUG - Next index: 0
2025-07-16 10:50:46,459 - fiona.collection - DEBUG - Flushed buffer
2025-07-16 10:50:46,461 - fiona.collection - DEBUG - Stopped session
2025-07-16 10:50:46,561 - HTMLGenerator - INFO - [TIMER] Finished: Acquire geodataframe for BCER_Water_Source_Permits in 9.17 sec | Mem: 1037.35 MB (+0.00 MB) | CPU: 0.00%
2025-07-16 10:50:46,562 - HTMLGenerator - INFO - [TIMER] Starting: Acquire geodataframe for BCER_Water_Source_Applications
2025-07-16 10:50:46,585 - fiona._env - DEBUG - GDAL_DATA found in environment.
2025-07-16 10:50:46,586 - fiona._env - DEBUG - PROJ data found in package: path='P:\\corp\\central_clones\\python_geopandas\\Lib\\site-packages\\fiona\\proj_data'.
2025-07-16 10:50:48,103 - fiona._env - WARNING - PROJ: proj_identify: P:\corp\central_clones\python_geopandas\Lib\site-packages\fiona\proj_data\proj.db contains DATABASE.LAYOUT.VERSION.MINOR = 2 whereas a number >= 3 is expected. It comes from another PROJ installation.
2025-07-16 10:50:54,623 - fiona._env - WARNING - PROJ: proj_identify: P:\corp\central_clones\python_geopandas\Lib\site-packages\fiona\proj_data\proj.db contains DATABASE.LAYOUT.VERSION.MINOR = 2 whereas a number >= 3 is expected. It comes from another PROJ installation.
2025-07-16 10:50:54,870 - fiona._env - WARNING - PROJ: proj_identify: P:\corp\central_clones\python_geopandas\Lib\site-packages\fiona\proj_data\proj.db contains DATABASE.LAYOUT.VERSION.MINOR = 2 whereas a number >= 3 is expected. It comes from another PROJ installation.
2025-07-16 10:50:55,909 - fiona._env - DEBUG - GDAL_DATA found in environment.
2025-07-16 10:50:55,910 - fiona._env - DEBUG - PROJ data found in package: path='P:\\corp\\central_clones\\python_geopandas\\Lib\\site-packages\\fiona\\proj_data'.
2025-07-16 10:50:55,911 - fiona.ogrext - DEBUG - Got coordinate system
2025-07-16 10:50:55,928 - fiona.ogrext - DEBUG - Got coordinate system
2025-07-16 10:50:55,956 - fiona._env - WARNING - PROJ: proj_identify: P:\corp\central_clones\python_geopandas\Lib\site-packages\fiona\proj_data\proj.db contains DATABASE.LAYOUT.VERSION.MINOR = 2 whereas a number >= 3 is expected. It comes from another PROJ installation.
2025-07-16 10:50:55,957 - fiona.ogrext - DEBUG - OLC_FASTSETNEXTBYINDEX: 1
2025-07-16 10:50:55,957 - fiona.ogrext - DEBUG - OLC_FASTFEATURECOUNT: 1
2025-07-16 10:50:55,957 - fiona.ogrext - DEBUG - Next index: 0
2025-07-16 10:50:56,001 - fiona.collection - DEBUG - Flushed buffer
2025-07-16 10:50:56,003 - fiona.collection - DEBUG - Stopped session
2025-07-16 10:50:56,104 - HTMLGenerator - INFO - [TIMER] Finished: Acquire geodataframe for BCER_Water_Source_Applications in 9.44 sec | Mem: 1037.34 MB (-0.00 MB) | CPU: 0.00%
2025-07-16 10:50:56,106 - HTMLGenerator - INFO - [TIMER] Starting: Acquire geodataframe for LEGACY_BCER_Petroleum_Development_Roads_Pre_2006_within_50m
2025-07-16 10:50:56,157 - fiona._env - DEBUG - GDAL_DATA found in environment.
2025-07-16 10:50:56,159 - fiona._env - DEBUG - PROJ data found in package: path='P:\\corp\\central_clones\\python_geopandas\\Lib\\site-packages\\fiona\\proj_data'.
2025-07-16 10:50:58,431 - fiona._env - WARNING - PROJ: proj_identify: P:\corp\central_clones\python_geopandas\Lib\site-packages\fiona\proj_data\proj.db contains DATABASE.LAYOUT.VERSION.MINOR = 2 whereas a number >= 3 is expected. It comes from another PROJ installation.
2025-07-16 10:51:06,032 - fiona._env - WARNING - PROJ: proj_identify: P:\corp\central_clones\python_geopandas\Lib\site-packages\fiona\proj_data\proj.db contains DATABASE.LAYOUT.VERSION.MINOR = 2 whereas a number >= 3 is expected. It comes from another PROJ installation.
2025-07-16 10:51:06,417 - fiona._env - WARNING - PROJ: proj_identify: P:\corp\central_clones\python_geopandas\Lib\site-packages\fiona\proj_data\proj.db contains DATABASE.LAYOUT.VERSION.MINOR = 2 whereas a number >= 3 is expected. It comes from another PROJ installation.
2025-07-16 10:51:07,519 - fiona._env - DEBUG - GDAL_DATA found in environment.
2025-07-16 10:51:07,520 - fiona._env - DEBUG - PROJ data found in package: path='P:\\corp\\central_clones\\python_geopandas\\Lib\\site-packages\\fiona\\proj_data'.
2025-07-16 10:51:07,520 - fiona.ogrext - DEBUG - Got coordinate system
2025-07-16 10:51:07,533 - fiona.ogrext - DEBUG - Got coordinate system
2025-07-16 10:51:07,563 - fiona._env - WARNING - PROJ: proj_identify: P:\corp\central_clones\python_geopandas\Lib\site-packages\fiona\proj_data\proj.db contains DATABASE.LAYOUT.VERSION.MINOR = 2 whereas a number >= 3 is expected. It comes from another PROJ installation.
2025-07-16 10:51:07,563 - fiona.ogrext - DEBUG - OLC_FASTSETNEXTBYINDEX: 1
2025-07-16 10:51:07,563 - fiona.ogrext - DEBUG - OLC_FASTFEATURECOUNT: 1
2025-07-16 10:51:07,563 - fiona.ogrext - DEBUG - Next index: 0
2025-07-16 10:51:07,597 - fiona.collection - DEBUG - Flushed buffer
2025-07-16 10:51:07,599 - fiona.collection - DEBUG - Stopped session
2025-07-16 10:51:07,700 - HTMLGenerator - INFO - [TIMER] Finished: Acquire geodataframe for LEGACY_BCER_Petroleum_Development_Roads_Pre_2006_within_50m in 11.47 sec | Mem: 1038.11 MB (+0.77 MB) | CPU: 0.00%
2025-07-16 10:51:07,701 - HTMLGenerator - INFO - [TIMER] Starting: Acquire geodataframe for LEGACY_BCER_Facility_Locations_Pre_2016
2025-07-16 10:51:07,723 - fiona._env - DEBUG - GDAL_DATA found in environment.
2025-07-16 10:51:07,724 - fiona._env - DEBUG - PROJ data found in package: path='P:\\corp\\central_clones\\python_geopandas\\Lib\\site-packages\\fiona\\proj_data'.
2025-07-16 10:51:09,598 - fiona._env - WARNING - PROJ: proj_identify: P:\corp\central_clones\python_geopandas\Lib\site-packages\fiona\proj_data\proj.db contains DATABASE.LAYOUT.VERSION.MINOR = 2 whereas a number >= 3 is expected. It comes from another PROJ installation.
2025-07-16 10:51:17,420 - fiona._env - WARNING - PROJ: proj_identify: P:\corp\central_clones\python_geopandas\Lib\site-packages\fiona\proj_data\proj.db contains DATABASE.LAYOUT.VERSION.MINOR = 2 whereas a number >= 3 is expected. It comes from another PROJ installation.
2025-07-16 10:51:17,818 - fiona._env - WARNING - PROJ: proj_identify: P:\corp\central_clones\python_geopandas\Lib\site-packages\fiona\proj_data\proj.db contains DATABASE.LAYOUT.VERSION.MINOR = 2 whereas a number >= 3 is expected. It comes from another PROJ installation.
2025-07-16 10:51:18,917 - fiona._env - DEBUG - GDAL_DATA found in environment.
2025-07-16 10:51:18,918 - fiona._env - DEBUG - PROJ data found in package: path='P:\\corp\\central_clones\\python_geopandas\\Lib\\site-packages\\fiona\\proj_data'.
2025-07-16 10:51:18,919 - fiona.ogrext - DEBUG - Got coordinate system
2025-07-16 10:51:18,931 - fiona.ogrext - DEBUG - Got coordinate system
2025-07-16 10:51:18,964 - fiona._env - WARNING - PROJ: proj_identify: P:\corp\central_clones\python_geopandas\Lib\site-packages\fiona\proj_data\proj.db contains DATABASE.LAYOUT.VERSION.MINOR = 2 whereas a number >= 3 is expected. It comes from another PROJ installation.
2025-07-16 10:51:18,965 - fiona.ogrext - DEBUG - OLC_FASTSETNEXTBYINDEX: 1
2025-07-16 10:51:18,965 - fiona.ogrext - DEBUG - OLC_FASTFEATURECOUNT: 1
2025-07-16 10:51:18,965 - fiona.ogrext - DEBUG - Next index: 0
2025-07-16 10:51:19,012 - fiona.collection - DEBUG - Flushed buffer
2025-07-16 10:51:19,014 - fiona.collection - DEBUG - Stopped session
2025-07-16 10:51:19,115 - HTMLGenerator - INFO - [TIMER] Finished: Acquire geodataframe for LEGACY_BCER_Facility_Locations_Pre_2016 in 11.31 sec | Mem: 1038.12 MB (+0.01 MB) | CPU: 0.00%
2025-07-16 10:51:19,116 - HTMLGenerator - INFO - [TIMER] Starting: Acquire geodataframe for AOI_of_First_Nations_Reconciliation_Initiatives
2025-07-16 10:51:19,146 - fiona._env - DEBUG - GDAL_DATA found in environment.
2025-07-16 10:51:19,148 - fiona._env - DEBUG - PROJ data found in package: path='P:\\corp\\central_clones\\python_geopandas\\Lib\\site-packages\\fiona\\proj_data'.
2025-07-16 10:51:20,808 - fiona._env - WARNING - PROJ: proj_identify: P:\corp\central_clones\python_geopandas\Lib\site-packages\fiona\proj_data\proj.db contains DATABASE.LAYOUT.VERSION.MINOR = 2 whereas a number >= 3 is expected. It comes from another PROJ installation.
2025-07-16 10:51:26,849 - fiona._env - WARNING - PROJ: proj_identify: P:\corp\central_clones\python_geopandas\Lib\site-packages\fiona\proj_data\proj.db contains DATABASE.LAYOUT.VERSION.MINOR = 2 whereas a number >= 3 is expected. It comes from another PROJ installation.
2025-07-16 10:51:27,138 - fiona._env - WARNING - PROJ: proj_identify: P:\corp\central_clones\python_geopandas\Lib\site-packages\fiona\proj_data\proj.db contains DATABASE.LAYOUT.VERSION.MINOR = 2 whereas a number >= 3 is expected. It comes from another PROJ installation.
2025-07-16 10:51:28,054 - fiona._env - DEBUG - GDAL_DATA found in environment.
2025-07-16 10:51:28,055 - fiona._env - DEBUG - PROJ data found in package: path='P:\\corp\\central_clones\\python_geopandas\\Lib\\site-packages\\fiona\\proj_data'.
2025-07-16 10:51:28,056 - fiona.ogrext - DEBUG - Got coordinate system
2025-07-16 10:51:28,068 - fiona.ogrext - DEBUG - Got coordinate system
2025-07-16 10:51:28,097 - fiona._env - WARNING - PROJ: proj_identify: P:\corp\central_clones\python_geopandas\Lib\site-packages\fiona\proj_data\proj.db contains DATABASE.LAYOUT.VERSION.MINOR = 2 whereas a number >= 3 is expected. It comes from another PROJ installation.
2025-07-16 10:51:28,098 - fiona.ogrext - DEBUG - OLC_FASTSETNEXTBYINDEX: 1
2025-07-16 10:51:28,098 - fiona.ogrext - DEBUG - OLC_FASTFEATURECOUNT: 1
2025-07-16 10:51:28,098 - fiona.ogrext - DEBUG - Next index: 0
2025-07-16 10:51:28,132 - fiona.collection - DEBUG - Flushed buffer
2025-07-16 10:51:28,134 - fiona.collection - DEBUG - Stopped session
2025-07-16 10:51:28,234 - HTMLGenerator - INFO - [TIMER] Finished: Acquire geodataframe for AOI_of_First_Nations_Reconciliation_Initiatives in 9.02 sec | Mem: 1038.14 MB (+0.02 MB) | CPU: 0.00%
2025-07-16 10:51:28,236 - HTMLGenerator - INFO - [TIMER] Starting: Acquire geodataframe for MOT_District_Boundaries
2025-07-16 10:51:28,260 - fiona._env - DEBUG - GDAL_DATA found in environment.
2025-07-16 10:51:28,261 - fiona._env - DEBUG - PROJ data found in package: path='P:\\corp\\central_clones\\python_geopandas\\Lib\\site-packages\\fiona\\proj_data'.
2025-07-16 10:51:30,838 - fiona._env - WARNING - PROJ: proj_identify: P:\corp\central_clones\python_geopandas\Lib\site-packages\fiona\proj_data\proj.db contains DATABASE.LAYOUT.VERSION.MINOR = 2 whereas a number >= 3 is expected. It comes from another PROJ installation.
2025-07-16 10:51:36,925 - fiona._env - WARNING - PROJ: proj_identify: P:\corp\central_clones\python_geopandas\Lib\site-packages\fiona\proj_data\proj.db contains DATABASE.LAYOUT.VERSION.MINOR = 2 whereas a number >= 3 is expected. It comes from another PROJ installation.
2025-07-16 10:51:37,290 - fiona._env - WARNING - PROJ: proj_identify: P:\corp\central_clones\python_geopandas\Lib\site-packages\fiona\proj_data\proj.db contains DATABASE.LAYOUT.VERSION.MINOR = 2 whereas a number >= 3 is expected. It comes from another PROJ installation.
2025-07-16 10:51:38,196 - fiona._env - DEBUG - GDAL_DATA found in environment.
2025-07-16 10:51:38,198 - fiona._env - DEBUG - PROJ data found in package: path='P:\\corp\\central_clones\\python_geopandas\\Lib\\site-packages\\fiona\\proj_data'.
2025-07-16 10:51:38,199 - fiona.ogrext - DEBUG - Got coordinate system
2025-07-16 10:51:38,219 - fiona.ogrext - DEBUG - Got coordinate system
2025-07-16 10:51:38,246 - fiona._env - WARNING - PROJ: proj_identify: P:\corp\central_clones\python_geopandas\Lib\site-packages\fiona\proj_data\proj.db contains DATABASE.LAYOUT.VERSION.MINOR = 2 whereas a number >= 3 is expected. It comes from another PROJ installation.
2025-07-16 10:51:38,246 - fiona.ogrext - DEBUG - OLC_FASTSETNEXTBYINDEX: 1
2025-07-16 10:51:38,246 - fiona.ogrext - DEBUG - OLC_FASTFEATURECOUNT: 1
2025-07-16 10:51:38,247 - fiona.ogrext - DEBUG - Next index: 0
2025-07-16 10:51:38,247 - fiona.ogrext - DEBUG - Next index: 1
2025-07-16 10:51:38,281 - fiona.collection - DEBUG - Flushed buffer
2025-07-16 10:51:38,282 - fiona.collection - DEBUG - Stopped session
2025-07-16 10:51:38,383 - HTMLGenerator - INFO - [TIMER] Finished: Acquire geodataframe for MOT_District_Boundaries in 10.05 sec | Mem: 1038.14 MB (+0.00 MB) | CPU: 0.00%
2025-07-16 10:51:38,384 - HTMLGenerator - INFO - [TIMER] Starting: Acquire geometry for MOT_District_Boundaries
2025-07-16 10:51:38,485 - HTMLGenerator - INFO - [TIMER] Finished: Acquire geometry for MOT_District_Boundaries in 0.00 sec | Mem: 1038.14 MB (+0.00 MB) | CPU: 0.00%
2025-07-16 10:51:38,486 - HTMLGenerator - INFO - [TIMER] Starting: Convert Columns to strings
2025-07-16 10:51:38,590 - HTMLGenerator - INFO - [TIMER] Finished: Convert Columns to strings in 0.00 sec | Mem: 1038.14 MB (+0.00 MB) | CPU: 0.00%
2025-07-16 10:51:38,591 - HTMLGenerator - INFO - [TIMER] Starting: Acquire field data from spreadsheet; build out fields to summarize for popups
2025-07-16 10:51:38,693 - HTMLGenerator - INFO - [TIMER] Finished: Acquire field data from spreadsheet; build out fields to summarize for popups in 0.00 sec | Mem: 1038.14 MB (+0.00 MB) | CPU: 0.00%
2025-07-16 10:51:38,694 - HTMLGenerator - INFO - [TIMER] Starting: Get all popup fields and format
2025-07-16 10:51:38,795 - HTMLGenerator - INFO - [TIMER] Finished: Get all popup fields and format in 0.00 sec | Mem: 1038.14 MB (+0.00 MB) | CPU: 0.00%
2025-07-16 10:51:38,796 - HTMLGenerator - INFO - [TIMER] Starting: Determine all values and symbology to show in legend and map.
2025-07-16 10:51:38,899 - HTMLGenerator - INFO - [TIMER] Finished: Determine all values and symbology to show in legend and map. in 0.00 sec | Mem: 1038.14 MB (+0.00 MB) | CPU: 0.00%
2025-07-16 10:51:38,901 - HTMLGenerator - INFO - [TIMER] Starting: Get total bounds for the layer and set up map template.
2025-07-16 10:51:39,042 - HTMLGenerator - INFO - [TIMER] Finished: Get total bounds for the layer and set up map template. in 0.04 sec | Mem: 1038.14 MB (+0.00 MB) | CPU: 0.00%
2025-07-16 10:51:39,043 - HTMLGenerator - INFO - [TIMER] Starting: Create feature class layer and add to individual group and map
2025-07-16 10:51:39,155 - HTMLGenerator - INFO - [TIMER] Finished: Create feature class layer and add to individual group and map in 0.01 sec | Mem: 1038.14 MB (+0.00 MB) | CPU: 0.00%
2025-07-16 10:51:39,156 - HTMLGenerator - INFO - [TIMER] Starting: Create AOI layer and add to map
2025-07-16 10:51:39,297 - HTMLGenerator - INFO - [TIMER] Finished: Create AOI layer and add to map in 0.04 sec | Mem: 1038.14 MB (+0.00 MB) | CPU: 0.00%
2025-07-16 10:51:39,298 - HTMLGenerator - INFO - [TIMER] Starting: Generate tooltip fields
2025-07-16 10:51:39,400 - HTMLGenerator - INFO - [TIMER] Finished: Generate tooltip fields in 0.00 sec | Mem: 1038.14 MB (+0.00 MB) | CPU: 0.00%
2025-07-16 10:51:39,401 - HTMLGenerator - INFO - [TIMER] Starting: Create a feature group in the layers list to house all unique values
2025-07-16 10:51:39,513 - HTMLGenerator - INFO - [TIMER] Finished: Create a feature group in the layers list to house all unique values in 0.01 sec | Mem: 1038.14 MB (+0.00 MB) | CPU: 0.00%
2025-07-16 10:51:39,514 - HTMLGenerator - INFO - [TIMER] Starting: Create popup for each layer with overlap reporting
2025-07-16 10:51:39,633 - HTMLGenerator - INFO - [TIMER] Finished: Create popup for each layer with overlap reporting in 0.02 sec | Mem: 1038.14 MB (+0.00 MB) | CPU: 0.00%
2025-07-16 10:51:39,634 - HTMLGenerator - INFO - [TIMER] Starting: Create legend HTML for individual maps
2025-07-16 10:51:39,737 - HTMLGenerator - INFO - [TIMER] Finished: Create legend HTML for individual maps in 0.00 sec | Mem: 1038.14 MB (+0.00 MB) | CPU: 0.00%
2025-07-16 10:51:39,739 - HTMLGenerator - INFO - [TIMER] Starting: Add layer control for individual maps
2025-07-16 10:51:39,840 - HTMLGenerator - INFO - [TIMER] Finished: Add layer control for individual maps in 0.00 sec | Mem: 1038.14 MB (+0.00 MB) | CPU: 0.00%
2025-07-16 10:51:39,841 - HTMLGenerator - INFO - [TIMER] Starting: Add grouped layer control for individual maps; AOI, feature class
2025-07-16 10:51:39,942 - HTMLGenerator - INFO - [TIMER] Finished: Add grouped layer control for individual maps; AOI, feature class in 0.00 sec | Mem: 1038.14 MB (+0.00 MB) | CPU: 0.00%
2025-07-16 10:51:39,943 - HTMLGenerator - INFO - [TIMER] Starting: Save ind. map and cleanup
2025-07-16 10:51:40,128 - HTMLGenerator - INFO - [TIMER] Finished: Save ind. map and cleanup in 0.09 sec | Mem: 1038.14 MB (+0.00 MB) | CPU: 0.00%
2025-07-16 10:51:40,129 - HTMLGenerator - INFO - [TIMER] Starting: Acquire geodataframe for MOE_District_Boundaries
2025-07-16 10:51:40,161 - fiona._env - DEBUG - GDAL_DATA found in environment.
2025-07-16 10:51:40,163 - fiona._env - DEBUG - PROJ data found in package: path='P:\\corp\\central_clones\\python_geopandas\\Lib\\site-packages\\fiona\\proj_data'.
2025-07-16 10:51:42,603 - fiona._env - WARNING - PROJ: proj_identify: P:\corp\central_clones\python_geopandas\Lib\site-packages\fiona\proj_data\proj.db contains DATABASE.LAYOUT.VERSION.MINOR = 2 whereas a number >= 3 is expected. It comes from another PROJ installation.
2025-07-16 10:51:51,824 - fiona._env - WARNING - PROJ: proj_identify: P:\corp\central_clones\python_geopandas\Lib\site-packages\fiona\proj_data\proj.db contains DATABASE.LAYOUT.VERSION.MINOR = 2 whereas a number >= 3 is expected. It comes from another PROJ installation.
2025-07-16 10:51:52,139 - fiona._env - WARNING - PROJ: proj_identify: P:\corp\central_clones\python_geopandas\Lib\site-packages\fiona\proj_data\proj.db contains DATABASE.LAYOUT.VERSION.MINOR = 2 whereas a number >= 3 is expected. It comes from another PROJ installation.
2025-07-16 10:51:53,345 - fiona._env - DEBUG - GDAL_DATA found in environment.
2025-07-16 10:51:53,347 - fiona._env - DEBUG - PROJ data found in package: path='P:\\corp\\central_clones\\python_geopandas\\Lib\\site-packages\\fiona\\proj_data'.
2025-07-16 10:51:53,348 - fiona.ogrext - DEBUG - Got coordinate system
2025-07-16 10:51:53,370 - fiona.ogrext - DEBUG - Got coordinate system
2025-07-16 10:51:53,407 - fiona._env - WARNING - PROJ: proj_identify: P:\corp\central_clones\python_geopandas\Lib\site-packages\fiona\proj_data\proj.db contains DATABASE.LAYOUT.VERSION.MINOR = 2 whereas a number >= 3 is expected. It comes from another PROJ installation.
2025-07-16 10:51:53,408 - fiona.ogrext - DEBUG - OLC_FASTSETNEXTBYINDEX: 1
2025-07-16 10:51:53,408 - fiona.ogrext - DEBUG - OLC_FASTFEATURECOUNT: 1
2025-07-16 10:51:53,408 - fiona.ogrext - DEBUG - Next index: 0
2025-07-16 10:51:53,408 - fiona.ogrext - DEBUG - Next index: 1
2025-07-16 10:51:53,462 - fiona.collection - DEBUG - Flushed buffer
2025-07-16 10:51:53,464 - fiona.collection - DEBUG - Stopped session
2025-07-16 10:51:53,565 - HTMLGenerator - INFO - [TIMER] Finished: Acquire geodataframe for MOE_District_Boundaries in 13.33 sec | Mem: 1038.14 MB (+0.00 MB) | CPU: 0.00%
2025-07-16 10:51:53,566 - HTMLGenerator - INFO - [TIMER] Starting: Acquire geometry for MOE_District_Boundaries
2025-07-16 10:51:53,669 - HTMLGenerator - INFO - [TIMER] Finished: Acquire geometry for MOE_District_Boundaries in 0.00 sec | Mem: 1038.14 MB (+0.00 MB) | CPU: 0.00%
2025-07-16 10:51:53,670 - HTMLGenerator - INFO - [TIMER] Starting: Convert Columns to strings
2025-07-16 10:51:53,775 - HTMLGenerator - INFO - [TIMER] Finished: Convert Columns to strings in 0.00 sec | Mem: 1038.14 MB (+0.00 MB) | CPU: 0.00%
2025-07-16 10:51:53,776 - HTMLGenerator - INFO - [TIMER] Starting: Acquire field data from spreadsheet; build out fields to summarize for popups
2025-07-16 10:51:53,878 - HTMLGenerator - INFO - [TIMER] Finished: Acquire field data from spreadsheet; build out fields to summarize for popups in 0.00 sec | Mem: 1038.14 MB (+0.00 MB) | CPU: 0.00%
2025-07-16 10:51:53,879 - HTMLGenerator - INFO - [TIMER] Starting: Get all popup fields and format
2025-07-16 10:51:53,981 - HTMLGenerator - INFO - [TIMER] Finished: Get all popup fields and format in 0.00 sec | Mem: 1038.14 MB (+0.00 MB) | CPU: 0.00%
2025-07-16 10:51:53,982 - HTMLGenerator - INFO - [TIMER] Starting: Determine all values and symbology to show in legend and map.
2025-07-16 10:51:54,086 - HTMLGenerator - INFO - [TIMER] Finished: Determine all values and symbology to show in legend and map. in 0.00 sec | Mem: 1038.14 MB (+0.00 MB) | CPU: 0.00%
2025-07-16 10:51:54,088 - HTMLGenerator - INFO - [TIMER] Starting: Get total bounds for the layer and set up map template.
2025-07-16 10:51:54,225 - HTMLGenerator - INFO - [TIMER] Finished: Get total bounds for the layer and set up map template. in 0.04 sec | Mem: 1038.14 MB (+0.00 MB) | CPU: 0.00%
2025-07-16 10:51:54,226 - HTMLGenerator - INFO - [TIMER] Starting: Create feature class layer and add to individual group and map
2025-07-16 10:51:54,336 - HTMLGenerator - INFO - [TIMER] Finished: Create feature class layer and add to individual group and map in 0.01 sec | Mem: 1038.14 MB (+0.00 MB) | CPU: 0.00%
2025-07-16 10:51:54,337 - HTMLGenerator - INFO - [TIMER] Starting: Create AOI layer and add to map
2025-07-16 10:51:54,477 - HTMLGenerator - INFO - [TIMER] Finished: Create AOI layer and add to map in 0.04 sec | Mem: 1038.15 MB (+0.01 MB) | CPU: 0.00%
2025-07-16 10:51:54,478 - HTMLGenerator - INFO - [TIMER] Starting: Generate tooltip fields
2025-07-16 10:51:54,579 - HTMLGenerator - INFO - [TIMER] Finished: Generate tooltip fields in 0.00 sec | Mem: 1038.15 MB (+0.00 MB) | CPU: 0.00%
2025-07-16 10:51:54,580 - HTMLGenerator - INFO - [TIMER] Starting: Create a feature group in the layers list to house all unique values
2025-07-16 10:51:54,691 - HTMLGenerator - INFO - [TIMER] Finished: Create a feature group in the layers list to house all unique values in 0.01 sec | Mem: 1038.15 MB (+0.00 MB) | CPU: 0.00%
2025-07-16 10:51:54,692 - HTMLGenerator - INFO - [TIMER] Starting: Create popup for each layer with overlap reporting
2025-07-16 10:51:54,809 - HTMLGenerator - INFO - [TIMER] Finished: Create popup for each layer with overlap reporting in 0.02 sec | Mem: 1038.15 MB (+0.00 MB) | CPU: 0.00%
2025-07-16 10:51:54,809 - HTMLGenerator - INFO - [TIMER] Starting: Create legend HTML for individual maps
2025-07-16 10:51:54,912 - HTMLGenerator - INFO - [TIMER] Finished: Create legend HTML for individual maps in 0.00 sec | Mem: 1038.15 MB (+0.00 MB) | CPU: 0.00%
2025-07-16 10:51:54,912 - HTMLGenerator - INFO - [TIMER] Starting: Add layer control for individual maps
2025-07-16 10:51:55,013 - HTMLGenerator - INFO - [TIMER] Finished: Add layer control for individual maps in 0.00 sec | Mem: 1038.15 MB (+0.00 MB) | CPU: 0.00%
2025-07-16 10:51:55,014 - HTMLGenerator - INFO - [TIMER] Starting: Add grouped layer control for individual maps; AOI, feature class
2025-07-16 10:51:55,114 - HTMLGenerator - INFO - [TIMER] Finished: Add grouped layer control for individual maps; AOI, feature class in 0.00 sec | Mem: 1038.15 MB (+0.00 MB) | CPU: 0.00%
2025-07-16 10:51:55,115 - HTMLGenerator - INFO - [TIMER] Starting: Save ind. map and cleanup
2025-07-16 10:51:55,270 - HTMLGenerator - INFO - [TIMER] Finished: Save ind. map and cleanup in 0.05 sec | Mem: 1038.16 MB (+0.00 MB) | CPU: 0.00%
2025-07-16 10:51:55,271 - HTMLGenerator - INFO - [TIMER] Starting: Acquire geodataframe for Health_Authority_Boundaries
2025-07-16 10:51:55,294 - fiona._env - DEBUG - GDAL_DATA found in environment.
2025-07-16 10:51:55,296 - fiona._env - DEBUG - PROJ data found in package: path='P:\\corp\\central_clones\\python_geopandas\\Lib\\site-packages\\fiona\\proj_data'.
2025-07-16 10:51:56,957 - fiona._env - WARNING - PROJ: proj_identify: P:\corp\central_clones\python_geopandas\Lib\site-packages\fiona\proj_data\proj.db contains DATABASE.LAYOUT.VERSION.MINOR = 2 whereas a number >= 3 is expected. It comes from another PROJ installation.
2025-07-16 10:52:03,826 - fiona._env - WARNING - PROJ: proj_identify: P:\corp\central_clones\python_geopandas\Lib\site-packages\fiona\proj_data\proj.db contains DATABASE.LAYOUT.VERSION.MINOR = 2 whereas a number >= 3 is expected. It comes from another PROJ installation.
2025-07-16 10:52:04,131 - fiona._env - WARNING - PROJ: proj_identify: P:\corp\central_clones\python_geopandas\Lib\site-packages\fiona\proj_data\proj.db contains DATABASE.LAYOUT.VERSION.MINOR = 2 whereas a number >= 3 is expected. It comes from another PROJ installation.
2025-07-16 10:52:05,184 - fiona._env - DEBUG - GDAL_DATA found in environment.
2025-07-16 10:52:05,186 - fiona._env - DEBUG - PROJ data found in package: path='P:\\corp\\central_clones\\python_geopandas\\Lib\\site-packages\\fiona\\proj_data'.
2025-07-16 10:52:05,187 - fiona.ogrext - DEBUG - Got coordinate system
2025-07-16 10:52:05,202 - fiona.ogrext - DEBUG - Got coordinate system
2025-07-16 10:52:05,234 - fiona._env - WARNING - PROJ: proj_identify: P:\corp\central_clones\python_geopandas\Lib\site-packages\fiona\proj_data\proj.db contains DATABASE.LAYOUT.VERSION.MINOR = 2 whereas a number >= 3 is expected. It comes from another PROJ installation.
2025-07-16 10:52:05,235 - fiona.ogrext - DEBUG - OLC_FASTSETNEXTBYINDEX: 1
2025-07-16 10:52:05,235 - fiona.ogrext - DEBUG - OLC_FASTFEATURECOUNT: 1
2025-07-16 10:52:05,235 - fiona.ogrext - DEBUG - Next index: 0
2025-07-16 10:52:05,235 - fiona.ogrext - DEBUG - Next index: 1
2025-07-16 10:52:05,273 - fiona.collection - DEBUG - Flushed buffer
2025-07-16 10:52:05,276 - fiona.collection - DEBUG - Stopped session
2025-07-16 10:52:05,376 - HTMLGenerator - INFO - [TIMER] Finished: Acquire geodataframe for Health_Authority_Boundaries in 10.00 sec | Mem: 1038.16 MB (+0.01 MB) | CPU: 0.00%
2025-07-16 10:52:05,377 - HTMLGenerator - INFO - [TIMER] Starting: Acquire geometry for Health_Authority_Boundaries
2025-07-16 10:52:05,479 - HTMLGenerator - INFO - [TIMER] Finished: Acquire geometry for Health_Authority_Boundaries in 0.00 sec | Mem: 1038.16 MB (+0.00 MB) | CPU: 0.00%
2025-07-16 10:52:05,480 - HTMLGenerator - INFO - [TIMER] Starting: Convert Columns to strings
2025-07-16 10:52:05,585 - HTMLGenerator - INFO - [TIMER] Finished: Convert Columns to strings in 0.00 sec | Mem: 1038.17 MB (+0.00 MB) | CPU: 0.00%
2025-07-16 10:52:05,586 - HTMLGenerator - INFO - [TIMER] Starting: Acquire field data from spreadsheet; build out fields to summarize for popups
2025-07-16 10:52:05,688 - HTMLGenerator - INFO - [TIMER] Finished: Acquire field data from spreadsheet; build out fields to summarize for popups in 0.00 sec | Mem: 1038.17 MB (+0.00 MB) | CPU: 0.00%
2025-07-16 10:52:05,689 - HTMLGenerator - INFO - [TIMER] Starting: Get all popup fields and format
2025-07-16 10:52:05,791 - HTMLGenerator - INFO - [TIMER] Finished: Get all popup fields and format in 0.00 sec | Mem: 1038.17 MB (+0.00 MB) | CPU: 0.00%
2025-07-16 10:52:05,792 - HTMLGenerator - INFO - [TIMER] Starting: Determine all values and symbology to show in legend and map.
2025-07-16 10:52:05,895 - HTMLGenerator - INFO - [TIMER] Finished: Determine all values and symbology to show in legend and map. in 0.00 sec | Mem: 1038.17 MB (+0.00 MB) | CPU: 0.00%
2025-07-16 10:52:05,896 - HTMLGenerator - INFO - [TIMER] Starting: Get total bounds for the layer and set up map template.
2025-07-16 10:52:06,029 - HTMLGenerator - INFO - [TIMER] Finished: Get total bounds for the layer and set up map template. in 0.03 sec | Mem: 1038.17 MB (+0.00 MB) | CPU: 0.00%
2025-07-16 10:52:06,030 - HTMLGenerator - INFO - [TIMER] Starting: Create feature class layer and add to individual group and map
2025-07-16 10:52:06,145 - HTMLGenerator - INFO - [TIMER] Finished: Create feature class layer and add to individual group and map in 0.01 sec | Mem: 1038.17 MB (+0.00 MB) | CPU: 0.00%
2025-07-16 10:52:06,146 - HTMLGenerator - INFO - [TIMER] Starting: Create AOI layer and add to map
2025-07-16 10:52:06,288 - HTMLGenerator - INFO - [TIMER] Finished: Create AOI layer and add to map in 0.04 sec | Mem: 1038.17 MB (+0.00 MB) | CPU: 0.00%
2025-07-16 10:52:06,289 - HTMLGenerator - INFO - [TIMER] Starting: Generate tooltip fields
2025-07-16 10:52:06,391 - HTMLGenerator - INFO - [TIMER] Finished: Generate tooltip fields in 0.00 sec | Mem: 1038.17 MB (+0.00 MB) | CPU: 0.00%
2025-07-16 10:52:06,392 - HTMLGenerator - INFO - [TIMER] Starting: Create a feature group in the layers list to house all unique values
2025-07-16 10:52:06,502 - HTMLGenerator - INFO - [TIMER] Finished: Create a feature group in the layers list to house all unique values in 0.01 sec | Mem: 1038.17 MB (+0.00 MB) | CPU: 0.00%
2025-07-16 10:52:06,502 - HTMLGenerator - INFO - [TIMER] Starting: Create popup for each layer with overlap reporting
2025-07-16 10:52:06,619 - HTMLGenerator - INFO - [TIMER] Finished: Create popup for each layer with overlap reporting in 0.02 sec | Mem: 1038.17 MB (+0.00 MB) | CPU: 0.00%
2025-07-16 10:52:06,619 - HTMLGenerator - INFO - [TIMER] Starting: Create legend HTML for individual maps
2025-07-16 10:52:06,721 - HTMLGenerator - INFO - [TIMER] Finished: Create legend HTML for individual maps in 0.00 sec | Mem: 1038.17 MB (+0.00 MB) | CPU: 0.00%
2025-07-16 10:52:06,721 - HTMLGenerator - INFO - [TIMER] Starting: Add layer control for individual maps
2025-07-16 10:52:06,823 - HTMLGenerator - INFO - [TIMER] Finished: Add layer control for individual maps in 0.00 sec | Mem: 1038.17 MB (+0.00 MB) | CPU: 0.00%
2025-07-16 10:52:06,823 - HTMLGenerator - INFO - [TIMER] Starting: Add grouped layer control for individual maps; AOI, feature class
2025-07-16 10:52:06,924 - HTMLGenerator - INFO - [TIMER] Finished: Add grouped layer control for individual maps; AOI, feature class in 0.00 sec | Mem: 1038.17 MB (+0.00 MB) | CPU: 0.00%
2025-07-16 10:52:06,924 - HTMLGenerator - INFO - [TIMER] Starting: Save ind. map and cleanup
2025-07-16 10:52:07,078 - HTMLGenerator - INFO - [TIMER] Finished: Save ind. map and cleanup in 0.05 sec | Mem: 1038.17 MB (+0.00 MB) | CPU: 0.00%
2025-07-16 10:52:07,079 - HTMLGenerator - INFO - [TIMER] Starting: Acquire geodataframe for Land_Districts
2025-07-16 10:52:07,104 - fiona._env - DEBUG - GDAL_DATA found in environment.
2025-07-16 10:52:07,105 - fiona._env - DEBUG - PROJ data found in package: path='P:\\corp\\central_clones\\python_geopandas\\Lib\\site-packages\\fiona\\proj_data'.
2025-07-16 10:52:08,718 - fiona._env - WARNING - PROJ: proj_identify: P:\corp\central_clones\python_geopandas\Lib\site-packages\fiona\proj_data\proj.db contains DATABASE.LAYOUT.VERSION.MINOR = 2 whereas a number >= 3 is expected. It comes from another PROJ installation.
2025-07-16 10:52:16,429 - fiona._env - WARNING - PROJ: proj_identify: P:\corp\central_clones\python_geopandas\Lib\site-packages\fiona\proj_data\proj.db contains DATABASE.LAYOUT.VERSION.MINOR = 2 whereas a number >= 3 is expected. It comes from another PROJ installation.
2025-07-16 10:52:16,685 - fiona._env - WARNING - PROJ: proj_identify: P:\corp\central_clones\python_geopandas\Lib\site-packages\fiona\proj_data\proj.db contains DATABASE.LAYOUT.VERSION.MINOR = 2 whereas a number >= 3 is expected. It comes from another PROJ installation.
2025-07-16 10:52:17,715 - fiona._env - DEBUG - GDAL_DATA found in environment.
2025-07-16 10:52:17,717 - fiona._env - DEBUG - PROJ data found in package: path='P:\\corp\\central_clones\\python_geopandas\\Lib\\site-packages\\fiona\\proj_data'.
2025-07-16 10:52:17,717 - fiona.ogrext - DEBUG - Got coordinate system
2025-07-16 10:52:17,732 - fiona.ogrext - DEBUG - Got coordinate system
2025-07-16 10:52:17,768 - fiona._env - WARNING - PROJ: proj_identify: P:\corp\central_clones\python_geopandas\Lib\site-packages\fiona\proj_data\proj.db contains DATABASE.LAYOUT.VERSION.MINOR = 2 whereas a number >= 3 is expected. It comes from another PROJ installation.
2025-07-16 10:52:17,768 - fiona.ogrext - DEBUG - OLC_FASTSETNEXTBYINDEX: 1
2025-07-16 10:52:17,769 - fiona.ogrext - DEBUG - OLC_FASTFEATURECOUNT: 1
2025-07-16 10:52:17,769 - fiona.ogrext - DEBUG - Next index: 0
2025-07-16 10:52:17,769 - fiona.ogrext - DEBUG - Next index: 1
2025-07-16 10:52:17,813 - fiona.collection - DEBUG - Flushed buffer
2025-07-16 10:52:17,816 - fiona.collection - DEBUG - Stopped session
2025-07-16 10:52:17,916 - HTMLGenerator - INFO - [TIMER] Finished: Acquire geodataframe for Land_Districts in 10.74 sec | Mem: 1038.16 MB (-0.01 MB) | CPU: 0.00%
2025-07-16 10:52:17,916 - HTMLGenerator - INFO - [TIMER] Starting: Acquire geometry for Land_Districts
2025-07-16 10:52:18,018 - HTMLGenerator - INFO - [TIMER] Finished: Acquire geometry for Land_Districts in 0.00 sec | Mem: 1038.16 MB (+0.00 MB) | CPU: 0.00%
2025-07-16 10:52:18,018 - HTMLGenerator - INFO - [TIMER] Starting: Convert Columns to strings
2025-07-16 10:52:18,123 - HTMLGenerator - INFO - [TIMER] Finished: Convert Columns to strings in 0.00 sec | Mem: 1038.16 MB (+0.00 MB) | CPU: 0.00%
2025-07-16 10:52:18,124 - HTMLGenerator - INFO - [TIMER] Starting: Acquire field data from spreadsheet; build out fields to summarize for popups
2025-07-16 10:52:18,225 - HTMLGenerator - INFO - [TIMER] Finished: Acquire field data from spreadsheet; build out fields to summarize for popups in 0.00 sec | Mem: 1038.16 MB (+0.00 MB) | CPU: 0.00%
2025-07-16 10:52:18,226 - HTMLGenerator - INFO - [TIMER] Starting: Get all popup fields and format
2025-07-16 10:52:18,328 - HTMLGenerator - INFO - [TIMER] Finished: Get all popup fields and format in 0.00 sec | Mem: 1038.16 MB (+0.00 MB) | CPU: 0.00%
2025-07-16 10:52:18,328 - HTMLGenerator - INFO - [TIMER] Starting: Determine all values and symbology to show in legend and map.
2025-07-16 10:52:18,431 - HTMLGenerator - INFO - [TIMER] Finished: Determine all values and symbology to show in legend and map. in 0.00 sec | Mem: 1038.16 MB (+0.00 MB) | CPU: 0.00%
2025-07-16 10:52:18,432 - HTMLGenerator - INFO - [TIMER] Starting: Get total bounds for the layer and set up map template.
2025-07-16 10:52:18,564 - HTMLGenerator - INFO - [TIMER] Finished: Get total bounds for the layer and set up map template. in 0.03 sec | Mem: 1038.16 MB (+0.00 MB) | CPU: 0.00%
2025-07-16 10:52:18,564 - HTMLGenerator - INFO - [TIMER] Starting: Create feature class layer and add to individual group and map
2025-07-16 10:52:18,676 - HTMLGenerator - INFO - [TIMER] Finished: Create feature class layer and add to individual group and map in 0.01 sec | Mem: 1038.16 MB (+0.00 MB) | CPU: 0.00%
2025-07-16 10:52:18,677 - HTMLGenerator - INFO - [TIMER] Starting: Create AOI layer and add to map
2025-07-16 10:52:18,816 - HTMLGenerator - INFO - [TIMER] Finished: Create AOI layer and add to map in 0.04 sec | Mem: 1038.16 MB (+0.00 MB) | CPU: 0.00%
2025-07-16 10:52:18,817 - HTMLGenerator - INFO - [TIMER] Starting: Generate tooltip fields
2025-07-16 10:52:18,919 - HTMLGenerator - INFO - [TIMER] Finished: Generate tooltip fields in 0.00 sec | Mem: 1038.16 MB (+0.00 MB) | CPU: 0.00%
2025-07-16 10:52:18,919 - HTMLGenerator - INFO - [TIMER] Starting: Create a feature group in the layers list to house all unique values
2025-07-16 10:52:19,030 - HTMLGenerator - INFO - [TIMER] Finished: Create a feature group in the layers list to house all unique values in 0.01 sec | Mem: 1038.16 MB (+0.00 MB) | CPU: 0.00%
2025-07-16 10:52:19,030 - HTMLGenerator - INFO - [TIMER] Starting: Create popup for each layer with overlap reporting
2025-07-16 10:52:19,154 - HTMLGenerator - INFO - [TIMER] Finished: Create popup for each layer with overlap reporting in 0.02 sec | Mem: 1038.16 MB (+0.00 MB) | CPU: 0.00%
2025-07-16 10:52:19,155 - HTMLGenerator - INFO - [TIMER] Starting: Create legend HTML for individual maps
2025-07-16 10:52:19,256 - HTMLGenerator - INFO - [TIMER] Finished: Create legend HTML for individual maps in 0.00 sec | Mem: 1038.16 MB (+0.00 MB) | CPU: 0.00%
2025-07-16 10:52:19,256 - HTMLGenerator - INFO - [TIMER] Starting: Add layer control for individual maps
2025-07-16 10:52:19,357 - HTMLGenerator - INFO - [TIMER] Finished: Add layer control for individual maps in 0.00 sec | Mem: 1038.16 MB (+0.00 MB) | CPU: 0.00%
2025-07-16 10:52:19,357 - HTMLGenerator - INFO - [TIMER] Starting: Add grouped layer control for individual maps; AOI, feature class
2025-07-16 10:52:19,458 - HTMLGenerator - INFO - [TIMER] Finished: Add grouped layer control for individual maps; AOI, feature class in 0.00 sec | Mem: 1038.16 MB (+0.00 MB) | CPU: 0.00%
2025-07-16 10:52:19,458 - HTMLGenerator - INFO - [TIMER] Starting: Save ind. map and cleanup
2025-07-16 10:52:19,612 - HTMLGenerator - INFO - [TIMER] Finished: Save ind. map and cleanup in 0.05 sec | Mem: 1038.16 MB (+0.00 MB) | CPU: 0.00%
2025-07-16 10:52:19,613 - HTMLGenerator - INFO - [TIMER] Starting: Acquire geodataframe for Regional_Districts
2025-07-16 10:52:19,636 - fiona._env - DEBUG - GDAL_DATA found in environment.
2025-07-16 10:52:19,637 - fiona._env - DEBUG - PROJ data found in package: path='P:\\corp\\central_clones\\python_geopandas\\Lib\\site-packages\\fiona\\proj_data'.
2025-07-16 10:52:21,739 - fiona._env - WARNING - PROJ: proj_identify: P:\corp\central_clones\python_geopandas\Lib\site-packages\fiona\proj_data\proj.db contains DATABASE.LAYOUT.VERSION.MINOR = 2 whereas a number >= 3 is expected. It comes from another PROJ installation.
2025-07-16 10:52:27,522 - fiona._env - WARNING - PROJ: proj_identify: P:\corp\central_clones\python_geopandas\Lib\site-packages\fiona\proj_data\proj.db contains DATABASE.LAYOUT.VERSION.MINOR = 2 whereas a number >= 3 is expected. It comes from another PROJ installation.
2025-07-16 10:52:27,755 - fiona._env - WARNING - PROJ: proj_identify: P:\corp\central_clones\python_geopandas\Lib\site-packages\fiona\proj_data\proj.db contains DATABASE.LAYOUT.VERSION.MINOR = 2 whereas a number >= 3 is expected. It comes from another PROJ installation.
2025-07-16 10:52:28,524 - fiona._env - DEBUG - GDAL_DATA found in environment.
2025-07-16 10:52:28,525 - fiona._env - DEBUG - PROJ data found in package: path='P:\\corp\\central_clones\\python_geopandas\\Lib\\site-packages\\fiona\\proj_data'.
2025-07-16 10:52:28,526 - fiona.ogrext - DEBUG - Got coordinate system
2025-07-16 10:52:28,538 - fiona.ogrext - DEBUG - Got coordinate system
2025-07-16 10:52:28,560 - fiona._env - WARNING - PROJ: proj_identify: P:\corp\central_clones\python_geopandas\Lib\site-packages\fiona\proj_data\proj.db contains DATABASE.LAYOUT.VERSION.MINOR = 2 whereas a number >= 3 is expected. It comes from another PROJ installation.
2025-07-16 10:52:28,561 - fiona.ogrext - DEBUG - OLC_FASTSETNEXTBYINDEX: 1
2025-07-16 10:52:28,561 - fiona.ogrext - DEBUG - OLC_FASTFEATURECOUNT: 1
2025-07-16 10:52:28,561 - fiona.ogrext - DEBUG - Next index: 0
2025-07-16 10:52:28,561 - fiona.ogrext - DEBUG - Next index: 1
2025-07-16 10:52:28,598 - fiona.collection - DEBUG - Flushed buffer
2025-07-16 10:52:28,599 - fiona.collection - DEBUG - Stopped session
2025-07-16 10:52:28,700 - HTMLGenerator - INFO - [TIMER] Finished: Acquire geodataframe for Regional_Districts in 8.99 sec | Mem: 1038.16 MB (+0.00 MB) | CPU: 0.00%
2025-07-16 10:52:28,701 - HTMLGenerator - INFO - [TIMER] Starting: Acquire geometry for Regional_Districts
2025-07-16 10:52:28,802 - HTMLGenerator - INFO - [TIMER] Finished: Acquire geometry for Regional_Districts in 0.00 sec | Mem: 1038.16 MB (+0.00 MB) | CPU: 0.00%
2025-07-16 10:52:28,803 - HTMLGenerator - INFO - [TIMER] Starting: Convert Columns to strings
2025-07-16 10:52:28,911 - HTMLGenerator - INFO - [TIMER] Finished: Convert Columns to strings in 0.01 sec | Mem: 1038.16 MB (+0.00 MB) | CPU: 0.00%
2025-07-16 10:52:28,912 - HTMLGenerator - INFO - [TIMER] Starting: Acquire field data from spreadsheet; build out fields to summarize for popups
2025-07-16 10:52:29,014 - HTMLGenerator - INFO - [TIMER] Finished: Acquire field data from spreadsheet; build out fields to summarize for popups in 0.00 sec | Mem: 1038.16 MB (+0.00 MB) | CPU: 0.00%
2025-07-16 10:52:29,014 - HTMLGenerator - INFO - [TIMER] Starting: Get all popup fields and format
2025-07-16 10:52:29,116 - HTMLGenerator - INFO - [TIMER] Finished: Get all popup fields and format in 0.00 sec | Mem: 1038.16 MB (+0.00 MB) | CPU: 0.00%
2025-07-16 10:52:29,117 - HTMLGenerator - INFO - [TIMER] Starting: Determine all values and symbology to show in legend and map.
2025-07-16 10:52:29,221 - HTMLGenerator - INFO - [TIMER] Finished: Determine all values and symbology to show in legend and map. in 0.00 sec | Mem: 1038.16 MB (+0.00 MB) | CPU: 0.00%
2025-07-16 10:52:29,222 - HTMLGenerator - INFO - [TIMER] Starting: Get total bounds for the layer and set up map template.
2025-07-16 10:52:29,347 - HTMLGenerator - INFO - [TIMER] Finished: Get total bounds for the layer and set up map template. in 0.02 sec | Mem: 1038.16 MB (+0.00 MB) | CPU: 0.00%
2025-07-16 10:52:29,347 - HTMLGenerator - INFO - [TIMER] Starting: Create feature class layer and add to individual group and map
2025-07-16 10:52:29,458 - HTMLGenerator - INFO - [TIMER] Finished: Create feature class layer and add to individual group and map in 0.01 sec | Mem: 1038.16 MB (+0.00 MB) | CPU: 0.00%
2025-07-16 10:52:29,458 - HTMLGenerator - INFO - [TIMER] Starting: Create AOI layer and add to map
2025-07-16 10:52:29,597 - HTMLGenerator - INFO - [TIMER] Finished: Create AOI layer and add to map in 0.04 sec | Mem: 1038.23 MB (+0.07 MB) | CPU: 0.00%
2025-07-16 10:52:29,598 - HTMLGenerator - INFO - [TIMER] Starting: Generate tooltip fields
2025-07-16 10:52:29,699 - HTMLGenerator - INFO - [TIMER] Finished: Generate tooltip fields in 0.00 sec | Mem: 1038.23 MB (+0.00 MB) | CPU: 0.00%
2025-07-16 10:52:29,700 - HTMLGenerator - INFO - [TIMER] Starting: Create a feature group in the layers list to house all unique values
2025-07-16 10:52:29,812 - HTMLGenerator - INFO - [TIMER] Finished: Create a feature group in the layers list to house all unique values in 0.01 sec | Mem: 1038.25 MB (+0.02 MB) | CPU: 0.00%
2025-07-16 10:52:29,812 - HTMLGenerator - INFO - [TIMER] Starting: Create popup for each layer with overlap reporting
2025-07-16 10:52:29,930 - HTMLGenerator - INFO - [TIMER] Finished: Create popup for each layer with overlap reporting in 0.02 sec | Mem: 1038.25 MB (+0.00 MB) | CPU: 0.00%
2025-07-16 10:52:29,930 - HTMLGenerator - INFO - [TIMER] Starting: Create legend HTML for individual maps
2025-07-16 10:52:30,032 - HTMLGenerator - INFO - [TIMER] Finished: Create legend HTML for individual maps in 0.00 sec | Mem: 1038.26 MB (+0.00 MB) | CPU: 0.00%
2025-07-16 10:52:30,032 - HTMLGenerator - INFO - [TIMER] Starting: Add layer control for individual maps
2025-07-16 10:52:30,133 - HTMLGenerator - INFO - [TIMER] Finished: Add layer control for individual maps in 0.00 sec | Mem: 1038.26 MB (+0.00 MB) | CPU: 0.00%
2025-07-16 10:52:30,133 - HTMLGenerator - INFO - [TIMER] Starting: Add grouped layer control for individual maps; AOI, feature class
2025-07-16 10:52:30,234 - HTMLGenerator - INFO - [TIMER] Finished: Add grouped layer control for individual maps; AOI, feature class in 0.00 sec | Mem: 1038.26 MB (+0.00 MB) | CPU: 0.00%
2025-07-16 10:52:30,234 - HTMLGenerator - INFO - [TIMER] Starting: Save ind. map and cleanup
2025-07-16 10:52:30,386 - HTMLGenerator - INFO - [TIMER] Finished: Save ind. map and cleanup in 0.05 sec | Mem: 1038.32 MB (+0.07 MB) | CPU: 0.00%
2025-07-16 10:52:30,387 - HTMLGenerator - INFO - [TIMER] Starting: Acquire geodataframe for Muskwa_Kechika_Management_Area
2025-07-16 10:52:30,410 - fiona._env - DEBUG - GDAL_DATA found in environment.
2025-07-16 10:52:30,411 - fiona._env - DEBUG - PROJ data found in package: path='P:\\corp\\central_clones\\python_geopandas\\Lib\\site-packages\\fiona\\proj_data'.
2025-07-16 10:52:32,196 - fiona._env - WARNING - PROJ: proj_identify: P:\corp\central_clones\python_geopandas\Lib\site-packages\fiona\proj_data\proj.db contains DATABASE.LAYOUT.VERSION.MINOR = 2 whereas a number >= 3 is expected. It comes from another PROJ installation.
2025-07-16 10:52:38,099 - fiona._env - WARNING - PROJ: proj_identify: P:\corp\central_clones\python_geopandas\Lib\site-packages\fiona\proj_data\proj.db contains DATABASE.LAYOUT.VERSION.MINOR = 2 whereas a number >= 3 is expected. It comes from another PROJ installation.
2025-07-16 10:52:38,377 - fiona._env - WARNING - PROJ: proj_identify: P:\corp\central_clones\python_geopandas\Lib\site-packages\fiona\proj_data\proj.db contains DATABASE.LAYOUT.VERSION.MINOR = 2 whereas a number >= 3 is expected. It comes from another PROJ installation.
2025-07-16 10:52:39,217 - fiona._env - DEBUG - GDAL_DATA found in environment.
2025-07-16 10:52:39,218 - fiona._env - DEBUG - PROJ data found in package: path='P:\\corp\\central_clones\\python_geopandas\\Lib\\site-packages\\fiona\\proj_data'.
2025-07-16 10:52:39,218 - fiona.ogrext - DEBUG - Got coordinate system
2025-07-16 10:52:39,232 - fiona.ogrext - DEBUG - Got coordinate system
2025-07-16 10:52:39,257 - fiona._env - WARNING - PROJ: proj_identify: P:\corp\central_clones\python_geopandas\Lib\site-packages\fiona\proj_data\proj.db contains DATABASE.LAYOUT.VERSION.MINOR = 2 whereas a number >= 3 is expected. It comes from another PROJ installation.
2025-07-16 10:52:39,257 - fiona.ogrext - DEBUG - OLC_FASTSETNEXTBYINDEX: 1
2025-07-16 10:52:39,257 - fiona.ogrext - DEBUG - OLC_FASTFEATURECOUNT: 1
2025-07-16 10:52:39,257 - fiona.ogrext - DEBUG - Next index: 0
2025-07-16 10:52:39,291 - fiona.collection - DEBUG - Flushed buffer
2025-07-16 10:52:39,293 - fiona.collection - DEBUG - Stopped session
2025-07-16 10:52:39,393 - HTMLGenerator - INFO - [TIMER] Finished: Acquire geodataframe for Muskwa_Kechika_Management_Area in 8.91 sec | Mem: 1038.32 MB (+0.00 MB) | CPU: 0.00%
2025-07-16 10:52:39,394 - HTMLGenerator - INFO - [TIMER] Starting: Acquire geodataframe for Natural_Resource_District
2025-07-16 10:52:39,417 - fiona._env - DEBUG - GDAL_DATA found in environment.
2025-07-16 10:52:39,418 - fiona._env - DEBUG - PROJ data found in package: path='P:\\corp\\central_clones\\python_geopandas\\Lib\\site-packages\\fiona\\proj_data'.
2025-07-16 10:52:41,224 - fiona._env - WARNING - PROJ: proj_identify: P:\corp\central_clones\python_geopandas\Lib\site-packages\fiona\proj_data\proj.db contains DATABASE.LAYOUT.VERSION.MINOR = 2 whereas a number >= 3 is expected. It comes from another PROJ installation.
2025-07-16 10:52:46,750 - fiona._env - WARNING - PROJ: proj_identify: P:\corp\central_clones\python_geopandas\Lib\site-packages\fiona\proj_data\proj.db contains DATABASE.LAYOUT.VERSION.MINOR = 2 whereas a number >= 3 is expected. It comes from another PROJ installation.
2025-07-16 10:52:46,993 - fiona._env - WARNING - PROJ: proj_identify: P:\corp\central_clones\python_geopandas\Lib\site-packages\fiona\proj_data\proj.db contains DATABASE.LAYOUT.VERSION.MINOR = 2 whereas a number >= 3 is expected. It comes from another PROJ installation.
2025-07-16 10:52:47,800 - fiona._env - DEBUG - GDAL_DATA found in environment.
2025-07-16 10:52:47,801 - fiona._env - DEBUG - PROJ data found in package: path='P:\\corp\\central_clones\\python_geopandas\\Lib\\site-packages\\fiona\\proj_data'.
2025-07-16 10:52:47,802 - fiona.ogrext - DEBUG - Got coordinate system
2025-07-16 10:52:47,815 - fiona.ogrext - DEBUG - Got coordinate system
2025-07-16 10:52:47,839 - fiona._env - WARNING - PROJ: proj_identify: P:\corp\central_clones\python_geopandas\Lib\site-packages\fiona\proj_data\proj.db contains DATABASE.LAYOUT.VERSION.MINOR = 2 whereas a number >= 3 is expected. It comes from another PROJ installation.
2025-07-16 10:52:47,839 - fiona.ogrext - DEBUG - OLC_FASTSETNEXTBYINDEX: 1
2025-07-16 10:52:47,840 - fiona.ogrext - DEBUG - OLC_FASTFEATURECOUNT: 1
2025-07-16 10:52:47,840 - fiona.ogrext - DEBUG - Next index: 0
2025-07-16 10:52:47,840 - fiona.ogrext - DEBUG - Next index: 1
2025-07-16 10:52:47,876 - fiona.collection - DEBUG - Flushed buffer
2025-07-16 10:52:47,878 - fiona.collection - DEBUG - Stopped session
2025-07-16 10:52:47,978 - HTMLGenerator - INFO - [TIMER] Finished: Acquire geodataframe for Natural_Resource_District in 8.48 sec | Mem: 1038.34 MB (+0.02 MB) | CPU: 0.00%
2025-07-16 10:52:47,978 - HTMLGenerator - INFO - [TIMER] Starting: Acquire geometry for Natural_Resource_District
2025-07-16 10:52:48,080 - HTMLGenerator - INFO - [TIMER] Finished: Acquire geometry for Natural_Resource_District in 0.00 sec | Mem: 1038.34 MB (+0.00 MB) | CPU: 0.00%
2025-07-16 10:52:48,080 - HTMLGenerator - INFO - [TIMER] Starting: Convert Columns to strings
2025-07-16 10:52:48,185 - HTMLGenerator - INFO - [TIMER] Finished: Convert Columns to strings in 0.00 sec | Mem: 1038.34 MB (+0.00 MB) | CPU: 0.00%
2025-07-16 10:52:48,186 - HTMLGenerator - INFO - [TIMER] Starting: Acquire field data from spreadsheet; build out fields to summarize for popups
2025-07-16 10:52:48,287 - HTMLGenerator - INFO - [TIMER] Finished: Acquire field data from spreadsheet; build out fields to summarize for popups in 0.00 sec | Mem: 1038.34 MB (+0.00 MB) | CPU: 0.00%
2025-07-16 10:52:48,288 - HTMLGenerator - INFO - [TIMER] Starting: Get all popup fields and format
2025-07-16 10:52:48,389 - HTMLGenerator - INFO - [TIMER] Finished: Get all popup fields and format in 0.00 sec | Mem: 1038.34 MB (+0.00 MB) | CPU: 0.00%
2025-07-16 10:52:48,390 - HTMLGenerator - INFO - [TIMER] Starting: Determine all values and symbology to show in legend and map.
2025-07-16 10:52:48,493 - HTMLGenerator - INFO - [TIMER] Finished: Determine all values and symbology to show in legend and map. in 0.00 sec | Mem: 1038.34 MB (+0.00 MB) | CPU: 0.00%
2025-07-16 10:52:48,494 - HTMLGenerator - INFO - [TIMER] Starting: Get total bounds for the layer and set up map template.
2025-07-16 10:52:48,631 - HTMLGenerator - INFO - [TIMER] Finished: Get total bounds for the layer and set up map template. in 0.03 sec | Mem: 1038.36 MB (+0.01 MB) | CPU: 0.00%
2025-07-16 10:52:48,646 - HTMLGenerator - INFO - [TIMER] Starting: Create feature class layer and add to individual group and map
2025-07-16 10:52:48,757 - HTMLGenerator - INFO - [TIMER] Finished: Create feature class layer and add to individual group and map in 0.01 sec | Mem: 1038.36 MB (+0.00 MB) | CPU: 0.00%
2025-07-16 10:52:48,758 - HTMLGenerator - INFO - [TIMER] Starting: Create AOI layer and add to map
2025-07-16 10:52:48,897 - HTMLGenerator - INFO - [TIMER] Finished: Create AOI layer and add to map in 0.04 sec | Mem: 1038.46 MB (+0.11 MB) | CPU: 0.00%
2025-07-16 10:52:48,898 - HTMLGenerator - INFO - [TIMER] Starting: Generate tooltip fields
2025-07-16 10:52:49,000 - HTMLGenerator - INFO - [TIMER] Finished: Generate tooltip fields in 0.00 sec | Mem: 1038.46 MB (+0.00 MB) | CPU: 0.00%
2025-07-16 10:52:49,001 - HTMLGenerator - INFO - [TIMER] Starting: Create a feature group in the layers list to house all unique values
2025-07-16 10:52:49,112 - HTMLGenerator - INFO - [TIMER] Finished: Create a feature group in the layers list to house all unique values in 0.01 sec | Mem: 1038.47 MB (+0.01 MB) | CPU: 0.00%
2025-07-16 10:52:49,113 - HTMLGenerator - INFO - [TIMER] Starting: Create popup for each layer with overlap reporting
2025-07-16 10:52:49,230 - HTMLGenerator - INFO - [TIMER] Finished: Create popup for each layer with overlap reporting in 0.02 sec | Mem: 1038.48 MB (+0.01 MB) | CPU: 0.00%
2025-07-16 10:52:49,231 - HTMLGenerator - INFO - [TIMER] Starting: Create legend HTML for individual maps
2025-07-16 10:52:49,333 - HTMLGenerator - INFO - [TIMER] Finished: Create legend HTML for individual maps in 0.00 sec | Mem: 1038.49 MB (+0.01 MB) | CPU: 0.00%
2025-07-16 10:52:49,334 - HTMLGenerator - INFO - [TIMER] Starting: Add layer control for individual maps
2025-07-16 10:52:49,434 - HTMLGenerator - INFO - [TIMER] Finished: Add layer control for individual maps in 0.00 sec | Mem: 1038.49 MB (+0.00 MB) | CPU: 0.00%
2025-07-16 10:52:49,435 - HTMLGenerator - INFO - [TIMER] Starting: Add grouped layer control for individual maps; AOI, feature class
2025-07-16 10:52:49,536 - HTMLGenerator - INFO - [TIMER] Finished: Add grouped layer control for individual maps; AOI, feature class in 0.00 sec | Mem: 1038.49 MB (+0.00 MB) | CPU: 0.00%
2025-07-16 10:52:49,537 - HTMLGenerator - INFO - [TIMER] Starting: Save ind. map and cleanup
2025-07-16 10:52:49,702 - HTMLGenerator - INFO - [TIMER] Finished: Save ind. map and cleanup in 0.06 sec | Mem: 1038.49 MB (+0.00 MB) | CPU: 0.00%
2025-07-16 10:52:49,703 - HTMLGenerator - INFO - [TIMER] Starting: Acquire geodataframe for Natural_Resource_Regions
2025-07-16 10:52:49,725 - fiona._env - DEBUG - GDAL_DATA found in environment.
2025-07-16 10:52:49,726 - fiona._env - DEBUG - PROJ data found in package: path='P:\\corp\\central_clones\\python_geopandas\\Lib\\site-packages\\fiona\\proj_data'.
2025-07-16 10:52:51,519 - fiona._env - WARNING - PROJ: proj_identify: P:\corp\central_clones\python_geopandas\Lib\site-packages\fiona\proj_data\proj.db contains DATABASE.LAYOUT.VERSION.MINOR = 2 whereas a number >= 3 is expected. It comes from another PROJ installation.
2025-07-16 10:52:59,019 - fiona._env - WARNING - PROJ: proj_identify: P:\corp\central_clones\python_geopandas\Lib\site-packages\fiona\proj_data\proj.db contains DATABASE.LAYOUT.VERSION.MINOR = 2 whereas a number >= 3 is expected. It comes from another PROJ installation.
2025-07-16 10:52:59,317 - fiona._env - WARNING - PROJ: proj_identify: P:\corp\central_clones\python_geopandas\Lib\site-packages\fiona\proj_data\proj.db contains DATABASE.LAYOUT.VERSION.MINOR = 2 whereas a number >= 3 is expected. It comes from another PROJ installation.
2025-07-16 10:53:00,379 - fiona._env - DEBUG - GDAL_DATA found in environment.
2025-07-16 10:53:00,380 - fiona._env - DEBUG - PROJ data found in package: path='P:\\corp\\central_clones\\python_geopandas\\Lib\\site-packages\\fiona\\proj_data'.
2025-07-16 10:53:00,381 - fiona.ogrext - DEBUG - Got coordinate system
2025-07-16 10:53:00,398 - fiona.ogrext - DEBUG - Got coordinate system
2025-07-16 10:53:00,432 - fiona._env - WARNING - PROJ: proj_identify: P:\corp\central_clones\python_geopandas\Lib\site-packages\fiona\proj_data\proj.db contains DATABASE.LAYOUT.VERSION.MINOR = 2 whereas a number >= 3 is expected. It comes from another PROJ installation.
2025-07-16 10:53:00,433 - fiona.ogrext - DEBUG - OLC_FASTSETNEXTBYINDEX: 1
2025-07-16 10:53:00,433 - fiona.ogrext - DEBUG - OLC_FASTFEATURECOUNT: 1
2025-07-16 10:53:00,433 - fiona.ogrext - DEBUG - Next index: 0
2025-07-16 10:53:00,434 - fiona.ogrext - DEBUG - Next index: 1
2025-07-16 10:53:00,490 - fiona.collection - DEBUG - Flushed buffer
2025-07-16 10:53:00,493 - fiona.collection - DEBUG - Stopped session
2025-07-16 10:53:00,593 - HTMLGenerator - INFO - [TIMER] Finished: Acquire geodataframe for Natural_Resource_Regions in 10.79 sec | Mem: 1038.49 MB (+0.00 MB) | CPU: 0.00%
2025-07-16 10:53:00,594 - HTMLGenerator - INFO - [TIMER] Starting: Acquire geometry for Natural_Resource_Regions
2025-07-16 10:53:00,695 - HTMLGenerator - INFO - [TIMER] Finished: Acquire geometry for Natural_Resource_Regions in 0.00 sec | Mem: 1038.49 MB (+0.00 MB) | CPU: 0.00%
2025-07-16 10:53:00,696 - HTMLGenerator - INFO - [TIMER] Starting: Convert Columns to strings
2025-07-16 10:53:00,805 - HTMLGenerator - INFO - [TIMER] Finished: Convert Columns to strings in 0.01 sec | Mem: 1038.49 MB (+0.00 MB) | CPU: 0.00%
2025-07-16 10:53:00,806 - HTMLGenerator - INFO - [TIMER] Starting: Acquire field data from spreadsheet; build out fields to summarize for popups
2025-07-16 10:53:00,909 - HTMLGenerator - INFO - [TIMER] Finished: Acquire field data from spreadsheet; build out fields to summarize for popups in 0.00 sec | Mem: 1038.49 MB (+0.00 MB) | CPU: 0.00%
2025-07-16 10:53:00,910 - HTMLGenerator - INFO - [TIMER] Starting: Get all popup fields and format
2025-07-16 10:53:01,012 - HTMLGenerator - INFO - [TIMER] Finished: Get all popup fields and format in 0.00 sec | Mem: 1038.49 MB (+0.00 MB) | CPU: 0.00%
2025-07-16 10:53:01,013 - HTMLGenerator - INFO - [TIMER] Starting: Determine all values and symbology to show in legend and map.
2025-07-16 10:53:01,116 - HTMLGenerator - INFO - [TIMER] Finished: Determine all values and symbology to show in legend and map. in 0.00 sec | Mem: 1038.49 MB (+0.00 MB) | CPU: 0.00%
2025-07-16 10:53:01,118 - HTMLGenerator - INFO - [TIMER] Starting: Get total bounds for the layer and set up map template.
2025-07-16 10:53:01,259 - HTMLGenerator - INFO - [TIMER] Finished: Get total bounds for the layer and set up map template. in 0.04 sec | Mem: 1038.49 MB (+0.00 MB) | CPU: 0.00%
2025-07-16 10:53:01,260 - HTMLGenerator - INFO - [TIMER] Starting: Create feature class layer and add to individual group and map
2025-07-16 10:53:01,373 - HTMLGenerator - INFO - [TIMER] Finished: Create feature class layer and add to individual group and map in 0.01 sec | Mem: 1038.49 MB (+0.00 MB) | CPU: 0.00%
2025-07-16 10:53:01,374 - HTMLGenerator - INFO - [TIMER] Starting: Create AOI layer and add to map
2025-07-16 10:53:01,521 - HTMLGenerator - INFO - [TIMER] Finished: Create AOI layer and add to map in 0.05 sec | Mem: 1038.50 MB (+0.00 MB) | CPU: 0.00%
2025-07-16 10:53:01,522 - HTMLGenerator - INFO - [TIMER] Starting: Generate tooltip fields
2025-07-16 10:53:01,624 - HTMLGenerator - INFO - [TIMER] Finished: Generate tooltip fields in 0.00 sec | Mem: 1038.50 MB (+0.00 MB) | CPU: 0.00%
2025-07-16 10:53:01,625 - HTMLGenerator - INFO - [TIMER] Starting: Create a feature group in the layers list to house all unique values
2025-07-16 10:53:01,739 - HTMLGenerator - INFO - [TIMER] Finished: Create a feature group in the layers list to house all unique values in 0.01 sec | Mem: 1038.50 MB (+0.00 MB) | CPU: 0.00%
2025-07-16 10:53:01,740 - HTMLGenerator - INFO - [TIMER] Starting: Create popup for each layer with overlap reporting
2025-07-16 10:53:01,862 - HTMLGenerator - INFO - [TIMER] Finished: Create popup for each layer with overlap reporting in 0.02 sec | Mem: 1038.50 MB (+0.00 MB) | CPU: 0.00%
2025-07-16 10:53:01,863 - HTMLGenerator - INFO - [TIMER] Starting: Create legend HTML for individual maps
2025-07-16 10:53:01,964 - HTMLGenerator - INFO - [TIMER] Finished: Create legend HTML for individual maps in 0.00 sec | Mem: 1038.50 MB (+0.00 MB) | CPU: 0.00%
2025-07-16 10:53:01,965 - HTMLGenerator - INFO - [TIMER] Starting: Add layer control for individual maps
2025-07-16 10:53:02,066 - HTMLGenerator - INFO - [TIMER] Finished: Add layer control for individual maps in 0.00 sec | Mem: 1038.50 MB (+0.00 MB) | CPU: 0.00%
2025-07-16 10:53:02,067 - HTMLGenerator - INFO - [TIMER] Starting: Add grouped layer control for individual maps; AOI, feature class
2025-07-16 10:53:02,169 - HTMLGenerator - INFO - [TIMER] Finished: Add grouped layer control for individual maps; AOI, feature class in 0.00 sec | Mem: 1038.50 MB (+0.00 MB) | CPU: 0.00%
2025-07-16 10:53:02,170 - HTMLGenerator - INFO - [TIMER] Starting: Save ind. map and cleanup
2025-07-16 10:53:02,344 - HTMLGenerator - INFO - [TIMER] Finished: Save ind. map and cleanup in 0.07 sec | Mem: 1038.50 MB (+0.00 MB) | CPU: 0.00%
2025-07-16 10:53:02,345 - HTMLGenerator - INFO - [TIMER] Starting: Acquire geodataframe for Natural_Resource_ADM_Areas
2025-07-16 10:53:02,377 - fiona._env - DEBUG - GDAL_DATA found in environment.
2025-07-16 10:53:02,380 - fiona._env - DEBUG - PROJ data found in package: path='P:\\corp\\central_clones\\python_geopandas\\Lib\\site-packages\\fiona\\proj_data'.
2025-07-16 10:53:04,429 - fiona._env - WARNING - PROJ: proj_identify: P:\corp\central_clones\python_geopandas\Lib\site-packages\fiona\proj_data\proj.db contains DATABASE.LAYOUT.VERSION.MINOR = 2 whereas a number >= 3 is expected. It comes from another PROJ installation.
2025-07-16 10:53:11,055 - fiona._env - WARNING - PROJ: proj_identify: P:\corp\central_clones\python_geopandas\Lib\site-packages\fiona\proj_data\proj.db contains DATABASE.LAYOUT.VERSION.MINOR = 2 whereas a number >= 3 is expected. It comes from another PROJ installation.
2025-07-16 10:53:11,299 - fiona._env - WARNING - PROJ: proj_identify: P:\corp\central_clones\python_geopandas\Lib\site-packages\fiona\proj_data\proj.db contains DATABASE.LAYOUT.VERSION.MINOR = 2 whereas a number >= 3 is expected. It comes from another PROJ installation.
2025-07-16 10:53:12,118 - fiona._env - DEBUG - GDAL_DATA found in environment.
2025-07-16 10:53:12,119 - fiona._env - DEBUG - PROJ data found in package: path='P:\\corp\\central_clones\\python_geopandas\\Lib\\site-packages\\fiona\\proj_data'.
2025-07-16 10:53:12,120 - fiona.ogrext - DEBUG - Got coordinate system
2025-07-16 10:53:12,136 - fiona.ogrext - DEBUG - Got coordinate system
2025-07-16 10:53:12,167 - fiona._env - WARNING - PROJ: proj_identify: P:\corp\central_clones\python_geopandas\Lib\site-packages\fiona\proj_data\proj.db contains DATABASE.LAYOUT.VERSION.MINOR = 2 whereas a number >= 3 is expected. It comes from another PROJ installation.
2025-07-16 10:53:12,167 - fiona.ogrext - DEBUG - OLC_FASTSETNEXTBYINDEX: 1
2025-07-16 10:53:12,168 - fiona.ogrext - DEBUG - OLC_FASTFEATURECOUNT: 1
2025-07-16 10:53:12,168 - fiona.ogrext - DEBUG - Next index: 0
2025-07-16 10:53:12,168 - fiona.ogrext - DEBUG - Next index: 1
2025-07-16 10:53:12,214 - fiona.collection - DEBUG - Flushed buffer
2025-07-16 10:53:12,217 - fiona.collection - DEBUG - Stopped session
2025-07-16 10:53:12,317 - HTMLGenerator - INFO - [TIMER] Finished: Acquire geodataframe for Natural_Resource_ADM_Areas in 9.87 sec | Mem: 1038.50 MB (-0.00 MB) | CPU: 0.00%
2025-07-16 10:53:12,318 - HTMLGenerator - INFO - [TIMER] Starting: Acquire geometry for Natural_Resource_ADM_Areas
2025-07-16 10:53:12,420 - HTMLGenerator - INFO - [TIMER] Finished: Acquire geometry for Natural_Resource_ADM_Areas in 0.00 sec | Mem: 1038.50 MB (+0.00 MB) | CPU: 0.00%
2025-07-16 10:53:12,421 - HTMLGenerator - INFO - [TIMER] Starting: Convert Columns to strings
2025-07-16 10:53:12,527 - HTMLGenerator - INFO - [TIMER] Finished: Convert Columns to strings in 0.01 sec | Mem: 1038.50 MB (+0.00 MB) | CPU: 0.00%
2025-07-16 10:53:12,528 - HTMLGenerator - INFO - [TIMER] Starting: Acquire field data from spreadsheet; build out fields to summarize for popups
2025-07-16 10:53:12,630 - HTMLGenerator - INFO - [TIMER] Finished: Acquire field data from spreadsheet; build out fields to summarize for popups in 0.00 sec | Mem: 1038.50 MB (+0.00 MB) | CPU: 0.00%
2025-07-16 10:53:12,631 - HTMLGenerator - INFO - [TIMER] Starting: Get all popup fields and format
2025-07-16 10:53:12,733 - HTMLGenerator - INFO - [TIMER] Finished: Get all popup fields and format in 0.00 sec | Mem: 1038.50 MB (+0.00 MB) | CPU: 0.00%
2025-07-16 10:53:12,733 - HTMLGenerator - INFO - [TIMER] Starting: Determine all values and symbology to show in legend and map.
2025-07-16 10:53:12,836 - HTMLGenerator - INFO - [TIMER] Finished: Determine all values and symbology to show in legend and map. in 0.00 sec | Mem: 1038.50 MB (+0.00 MB) | CPU: 0.00%
2025-07-16 10:53:12,837 - HTMLGenerator - INFO - [TIMER] Starting: Get total bounds for the layer and set up map template.
2025-07-16 10:53:12,971 - HTMLGenerator - INFO - [TIMER] Finished: Get total bounds for the layer and set up map template. in 0.03 sec | Mem: 1038.50 MB (+0.00 MB) | CPU: 0.00%
2025-07-16 10:53:12,971 - HTMLGenerator - INFO - [TIMER] Starting: Create feature class layer and add to individual group and map
2025-07-16 10:53:13,082 - HTMLGenerator - INFO - [TIMER] Finished: Create feature class layer and add to individual group and map in 0.01 sec | Mem: 1038.50 MB (+0.00 MB) | CPU: 0.00%
2025-07-16 10:53:13,083 - HTMLGenerator - INFO - [TIMER] Starting: Create AOI layer and add to map
2025-07-16 10:53:13,222 - HTMLGenerator - INFO - [TIMER] Finished: Create AOI layer and add to map in 0.04 sec | Mem: 1038.50 MB (+0.00 MB) | CPU: 0.00%
2025-07-16 10:53:13,222 - HTMLGenerator - INFO - [TIMER] Starting: Generate tooltip fields
2025-07-16 10:53:13,324 - HTMLGenerator - INFO - [TIMER] Finished: Generate tooltip fields in 0.00 sec | Mem: 1038.50 MB (+0.00 MB) | CPU: 0.00%
2025-07-16 10:53:13,325 - HTMLGenerator - INFO - [TIMER] Starting: Create a feature group in the layers list to house all unique values
2025-07-16 10:53:13,436 - HTMLGenerator - INFO - [TIMER] Finished: Create a feature group in the layers list to house all unique values in 0.01 sec | Mem: 1038.50 MB (+0.00 MB) | CPU: 0.00%
2025-07-16 10:53:13,436 - HTMLGenerator - INFO - [TIMER] Starting: Create popup for each layer with overlap reporting
2025-07-16 10:53:13,553 - HTMLGenerator - INFO - [TIMER] Finished: Create popup for each layer with overlap reporting in 0.02 sec | Mem: 1038.56 MB (+0.06 MB) | CPU: 0.00%
2025-07-16 10:53:13,554 - HTMLGenerator - INFO - [TIMER] Starting: Create legend HTML for individual maps
2025-07-16 10:53:13,655 - HTMLGenerator - INFO - [TIMER] Finished: Create legend HTML for individual maps in 0.00 sec | Mem: 1038.56 MB (+0.00 MB) | CPU: 0.00%
2025-07-16 10:53:13,655 - HTMLGenerator - INFO - [TIMER] Starting: Add layer control for individual maps
2025-07-16 10:53:13,756 - HTMLGenerator - INFO - [TIMER] Finished: Add layer control for individual maps in 0.00 sec | Mem: 1038.56 MB (+0.00 MB) | CPU: 0.00%
2025-07-16 10:53:13,757 - HTMLGenerator - INFO - [TIMER] Starting: Add grouped layer control for individual maps; AOI, feature class
2025-07-16 10:53:13,857 - HTMLGenerator - INFO - [TIMER] Finished: Add grouped layer control for individual maps; AOI, feature class in 0.00 sec | Mem: 1038.56 MB (+0.00 MB) | CPU: 0.00%
2025-07-16 10:53:13,858 - HTMLGenerator - INFO - [TIMER] Starting: Save ind. map and cleanup
2025-07-16 10:53:14,014 - HTMLGenerator - INFO - [TIMER] Finished: Save ind. map and cleanup in 0.05 sec | Mem: 1038.61 MB (+0.05 MB) | CPU: 0.00%
2025-07-16 10:53:14,015 - HTMLGenerator - INFO - [TIMER] Starting: Acquire geodataframe for Water_Management_Districts
2025-07-16 10:53:14,037 - fiona._env - DEBUG - GDAL_DATA found in environment.
2025-07-16 10:53:14,039 - fiona._env - DEBUG - PROJ data found in package: path='P:\\corp\\central_clones\\python_geopandas\\Lib\\site-packages\\fiona\\proj_data'.
2025-07-16 10:53:15,806 - fiona._env - WARNING - PROJ: proj_identify: P:\corp\central_clones\python_geopandas\Lib\site-packages\fiona\proj_data\proj.db contains DATABASE.LAYOUT.VERSION.MINOR = 2 whereas a number >= 3 is expected. It comes from another PROJ installation.
2025-07-16 10:53:22,189 - fiona._env - WARNING - PROJ: proj_identify: P:\corp\central_clones\python_geopandas\Lib\site-packages\fiona\proj_data\proj.db contains DATABASE.LAYOUT.VERSION.MINOR = 2 whereas a number >= 3 is expected. It comes from another PROJ installation.
2025-07-16 10:53:22,429 - fiona._env - WARNING - PROJ: proj_identify: P:\corp\central_clones\python_geopandas\Lib\site-packages\fiona\proj_data\proj.db contains DATABASE.LAYOUT.VERSION.MINOR = 2 whereas a number >= 3 is expected. It comes from another PROJ installation.
2025-07-16 10:53:23,232 - fiona._env - DEBUG - GDAL_DATA found in environment.
2025-07-16 10:53:23,234 - fiona._env - DEBUG - PROJ data found in package: path='P:\\corp\\central_clones\\python_geopandas\\Lib\\site-packages\\fiona\\proj_data'.
2025-07-16 10:53:23,234 - fiona.ogrext - DEBUG - Got coordinate system
2025-07-16 10:53:23,247 - fiona.ogrext - DEBUG - Got coordinate system
2025-07-16 10:53:23,272 - fiona._env - WARNING - PROJ: proj_identify: P:\corp\central_clones\python_geopandas\Lib\site-packages\fiona\proj_data\proj.db contains DATABASE.LAYOUT.VERSION.MINOR = 2 whereas a number >= 3 is expected. It comes from another PROJ installation.
2025-07-16 10:53:23,272 - fiona.ogrext - DEBUG - OLC_FASTSETNEXTBYINDEX: 1
2025-07-16 10:53:23,273 - fiona.ogrext - DEBUG - OLC_FASTFEATURECOUNT: 1
2025-07-16 10:53:23,273 - fiona.ogrext - DEBUG - Next index: 0
2025-07-16 10:53:23,273 - fiona.ogrext - DEBUG - Next index: 1
2025-07-16 10:53:23,306 - fiona.collection - DEBUG - Flushed buffer
2025-07-16 10:53:23,309 - fiona.collection - DEBUG - Stopped session
2025-07-16 10:53:23,409 - HTMLGenerator - INFO - [TIMER] Finished: Acquire geodataframe for Water_Management_Districts in 9.29 sec | Mem: 1038.62 MB (+0.01 MB) | CPU: 0.00%
2025-07-16 10:53:23,409 - HTMLGenerator - INFO - [TIMER] Starting: Acquire geometry for Water_Management_Districts
2025-07-16 10:53:23,511 - HTMLGenerator - INFO - [TIMER] Finished: Acquire geometry for Water_Management_Districts in 0.00 sec | Mem: 1038.62 MB (+0.00 MB) | CPU: 0.00%
2025-07-16 10:53:23,511 - HTMLGenerator - INFO - [TIMER] Starting: Convert Columns to strings
2025-07-16 10:53:23,616 - HTMLGenerator - INFO - [TIMER] Finished: Convert Columns to strings in 0.00 sec | Mem: 1038.62 MB (+0.00 MB) | CPU: 0.00%
2025-07-16 10:53:23,617 - HTMLGenerator - INFO - [TIMER] Starting: Acquire field data from spreadsheet; build out fields to summarize for popups
2025-07-16 10:53:23,718 - HTMLGenerator - INFO - [TIMER] Finished: Acquire field data from spreadsheet; build out fields to summarize for popups in 0.00 sec | Mem: 1038.62 MB (+0.00 MB) | CPU: 0.00%
2025-07-16 10:53:23,719 - HTMLGenerator - INFO - [TIMER] Starting: Get all popup fields and format
2025-07-16 10:53:23,820 - HTMLGenerator - INFO - [TIMER] Finished: Get all popup fields and format in 0.00 sec | Mem: 1038.62 MB (+0.00 MB) | CPU: 0.00%
2025-07-16 10:53:23,820 - HTMLGenerator - INFO - [TIMER] Starting: Determine all values and symbology to show in legend and map.
2025-07-16 10:53:23,923 - HTMLGenerator - INFO - [TIMER] Finished: Determine all values and symbology to show in legend and map. in 0.00 sec | Mem: 1038.62 MB (+0.00 MB) | CPU: 0.00%
2025-07-16 10:53:23,924 - HTMLGenerator - INFO - [TIMER] Starting: Get total bounds for the layer and set up map template.
2025-07-16 10:53:24,059 - HTMLGenerator - INFO - [TIMER] Finished: Get total bounds for the layer and set up map template. in 0.03 sec | Mem: 1038.64 MB (+0.01 MB) | CPU: 0.00%
2025-07-16 10:53:24,059 - HTMLGenerator - INFO - [TIMER] Starting: Create feature class layer and add to individual group and map
2025-07-16 10:53:24,170 - HTMLGenerator - INFO - [TIMER] Finished: Create feature class layer and add to individual group and map in 0.01 sec | Mem: 1038.64 MB (+0.00 MB) | CPU: 0.00%
2025-07-16 10:53:24,171 - HTMLGenerator - INFO - [TIMER] Starting: Create AOI layer and add to map
2025-07-16 10:53:24,310 - HTMLGenerator - INFO - [TIMER] Finished: Create AOI layer and add to map in 0.04 sec | Mem: 1038.84 MB (+0.19 MB) | CPU: 0.00%
2025-07-16 10:53:24,310 - HTMLGenerator - INFO - [TIMER] Starting: Generate tooltip fields
2025-07-16 10:53:24,412 - HTMLGenerator - INFO - [TIMER] Finished: Generate tooltip fields in 0.00 sec | Mem: 1038.84 MB (+0.00 MB) | CPU: 0.00%
2025-07-16 10:53:24,412 - HTMLGenerator - INFO - [TIMER] Starting: Create a feature group in the layers list to house all unique values
2025-07-16 10:53:24,524 - HTMLGenerator - INFO - [TIMER] Finished: Create a feature group in the layers list to house all unique values in 0.01 sec | Mem: 1038.85 MB (+0.01 MB) | CPU: 0.00%
2025-07-16 10:53:24,524 - HTMLGenerator - INFO - [TIMER] Starting: Create popup for each layer with overlap reporting
2025-07-16 10:53:24,642 - HTMLGenerator - INFO - [TIMER] Finished: Create popup for each layer with overlap reporting in 0.02 sec | Mem: 1038.87 MB (+0.02 MB) | CPU: 0.00%
2025-07-16 10:53:24,643 - HTMLGenerator - INFO - [TIMER] Starting: Create legend HTML for individual maps
2025-07-16 10:53:24,744 - HTMLGenerator - INFO - [TIMER] Finished: Create legend HTML for individual maps in 0.00 sec | Mem: 1038.88 MB (+0.00 MB) | CPU: 0.00%
2025-07-16 10:53:24,745 - HTMLGenerator - INFO - [TIMER] Starting: Add layer control for individual maps
2025-07-16 10:53:24,845 - HTMLGenerator - INFO - [TIMER] Finished: Add layer control for individual maps in 0.00 sec | Mem: 1038.88 MB (+0.00 MB) | CPU: 0.00%
2025-07-16 10:53:24,845 - HTMLGenerator - INFO - [TIMER] Starting: Add grouped layer control for individual maps; AOI, feature class
2025-07-16 10:53:24,946 - HTMLGenerator - INFO - [TIMER] Finished: Add grouped layer control for individual maps; AOI, feature class in 0.00 sec | Mem: 1038.88 MB (+0.00 MB) | CPU: 0.00%
2025-07-16 10:53:24,946 - HTMLGenerator - INFO - [TIMER] Starting: Save ind. map and cleanup
2025-07-16 10:53:25,102 - HTMLGenerator - INFO - [TIMER] Finished: Save ind. map and cleanup in 0.05 sec | Mem: 1039.01 MB (+0.13 MB) | CPU: 0.00%
2025-07-16 10:53:25,103 - HTMLGenerator - INFO - [TIMER] Starting: Acquire geodataframe for Water_Management_Precincts
2025-07-16 10:53:25,125 - fiona._env - DEBUG - GDAL_DATA found in environment.
2025-07-16 10:53:25,127 - fiona._env - DEBUG - PROJ data found in package: path='P:\\corp\\central_clones\\python_geopandas\\Lib\\site-packages\\fiona\\proj_data'.
2025-07-16 10:53:26,999 - fiona._env - WARNING - PROJ: proj_identify: P:\corp\central_clones\python_geopandas\Lib\site-packages\fiona\proj_data\proj.db contains DATABASE.LAYOUT.VERSION.MINOR = 2 whereas a number >= 3 is expected. It comes from another PROJ installation.
2025-07-16 10:53:32,930 - fiona._env - WARNING - PROJ: proj_identify: P:\corp\central_clones\python_geopandas\Lib\site-packages\fiona\proj_data\proj.db contains DATABASE.LAYOUT.VERSION.MINOR = 2 whereas a number >= 3 is expected. It comes from another PROJ installation.
2025-07-16 10:53:33,207 - fiona._env - WARNING - PROJ: proj_identify: P:\corp\central_clones\python_geopandas\Lib\site-packages\fiona\proj_data\proj.db contains DATABASE.LAYOUT.VERSION.MINOR = 2 whereas a number >= 3 is expected. It comes from another PROJ installation.
2025-07-16 10:53:34,119 - fiona._env - DEBUG - GDAL_DATA found in environment.
2025-07-16 10:53:34,120 - fiona._env - DEBUG - PROJ data found in package: path='P:\\corp\\central_clones\\python_geopandas\\Lib\\site-packages\\fiona\\proj_data'.
2025-07-16 10:53:34,121 - fiona.ogrext - DEBUG - Got coordinate system
2025-07-16 10:53:34,142 - fiona.ogrext - DEBUG - Got coordinate system
2025-07-16 10:53:34,170 - fiona._env - WARNING - PROJ: proj_identify: P:\corp\central_clones\python_geopandas\Lib\site-packages\fiona\proj_data\proj.db contains DATABASE.LAYOUT.VERSION.MINOR = 2 whereas a number >= 3 is expected. It comes from another PROJ installation.
2025-07-16 10:53:34,171 - fiona.ogrext - DEBUG - OLC_FASTSETNEXTBYINDEX: 1
2025-07-16 10:53:34,171 - fiona.ogrext - DEBUG - OLC_FASTFEATURECOUNT: 1
2025-07-16 10:53:34,172 - fiona.ogrext - DEBUG - Next index: 0
2025-07-16 10:53:34,172 - fiona.ogrext - DEBUG - Next index: 1
2025-07-16 10:53:34,211 - fiona.collection - DEBUG - Flushed buffer
2025-07-16 10:53:34,213 - fiona.collection - DEBUG - Stopped session
2025-07-16 10:53:34,314 - HTMLGenerator - INFO - [TIMER] Finished: Acquire geodataframe for Water_Management_Precincts in 9.11 sec | Mem: 1039.01 MB (+0.00 MB) | CPU: 0.00%
2025-07-16 10:53:34,315 - HTMLGenerator - INFO - [TIMER] Starting: Acquire geometry for Water_Management_Precincts
2025-07-16 10:53:34,417 - HTMLGenerator - INFO - [TIMER] Finished: Acquire geometry for Water_Management_Precincts in 0.00 sec | Mem: 1039.01 MB (+0.00 MB) | CPU: 0.00%
2025-07-16 10:53:34,418 - HTMLGenerator - INFO - [TIMER] Starting: Convert Columns to strings
2025-07-16 10:53:34,522 - HTMLGenerator - INFO - [TIMER] Finished: Convert Columns to strings in 0.00 sec | Mem: 1039.01 MB (+0.00 MB) | CPU: 0.00%
2025-07-16 10:53:34,523 - HTMLGenerator - INFO - [TIMER] Starting: Acquire field data from spreadsheet; build out fields to summarize for popups
2025-07-16 10:53:34,625 - HTMLGenerator - INFO - [TIMER] Finished: Acquire field data from spreadsheet; build out fields to summarize for popups in 0.00 sec | Mem: 1039.01 MB (+0.00 MB) | CPU: 0.00%
2025-07-16 10:53:34,626 - HTMLGenerator - INFO - [TIMER] Starting: Get all popup fields and format
2025-07-16 10:53:34,727 - HTMLGenerator - INFO - [TIMER] Finished: Get all popup fields and format in 0.00 sec | Mem: 1039.01 MB (+0.00 MB) | CPU: 0.00%
2025-07-16 10:53:34,728 - HTMLGenerator - INFO - [TIMER] Starting: Determine all values and symbology to show in legend and map.
2025-07-16 10:53:34,830 - HTMLGenerator - INFO - [TIMER] Finished: Determine all values and symbology to show in legend and map. in 0.00 sec | Mem: 1039.01 MB (+0.00 MB) | CPU: 0.00%
2025-07-16 10:53:34,831 - HTMLGenerator - INFO - [TIMER] Starting: Get total bounds for the layer and set up map template.
2025-07-16 10:53:34,967 - HTMLGenerator - INFO - [TIMER] Finished: Get total bounds for the layer and set up map template. in 0.03 sec | Mem: 1039.02 MB (+0.01 MB) | CPU: 0.00%
2025-07-16 10:53:34,968 - HTMLGenerator - INFO - [TIMER] Starting: Create feature class layer and add to individual group and map
2025-07-16 10:53:35,079 - HTMLGenerator - INFO - [TIMER] Finished: Create feature class layer and add to individual group and map in 0.01 sec | Mem: 1039.02 MB (+0.00 MB) | CPU: 0.00%
2025-07-16 10:53:35,080 - HTMLGenerator - INFO - [TIMER] Starting: Create AOI layer and add to map
2025-07-16 10:53:35,222 - HTMLGenerator - INFO - [TIMER] Finished: Create AOI layer and add to map in 0.04 sec | Mem: 1039.16 MB (+0.14 MB) | CPU: 0.00%
2025-07-16 10:53:35,224 - HTMLGenerator - INFO - [TIMER] Starting: Generate tooltip fields
2025-07-16 10:53:35,327 - HTMLGenerator - INFO - [TIMER] Finished: Generate tooltip fields in 0.00 sec | Mem: 1039.16 MB (+0.00 MB) | CPU: 0.00%
2025-07-16 10:53:35,328 - HTMLGenerator - INFO - [TIMER] Starting: Create a feature group in the layers list to house all unique values
2025-07-16 10:53:35,439 - HTMLGenerator - INFO - [TIMER] Finished: Create a feature group in the layers list to house all unique values in 0.01 sec | Mem: 1039.16 MB (+0.00 MB) | CPU: 0.00%
2025-07-16 10:53:35,440 - HTMLGenerator - INFO - [TIMER] Starting: Create popup for each layer with overlap reporting
2025-07-16 10:53:35,557 - HTMLGenerator - INFO - [TIMER] Finished: Create popup for each layer with overlap reporting in 0.02 sec | Mem: 1039.16 MB (+0.00 MB) | CPU: 0.00%
2025-07-16 10:53:35,558 - HTMLGenerator - INFO - [TIMER] Starting: Create legend HTML for individual maps
2025-07-16 10:53:35,659 - HTMLGenerator - INFO - [TIMER] Finished: Create legend HTML for individual maps in 0.00 sec | Mem: 1039.16 MB (+0.00 MB) | CPU: 0.00%
2025-07-16 10:53:35,660 - HTMLGenerator - INFO - [TIMER] Starting: Add layer control for individual maps
2025-07-16 10:53:35,761 - HTMLGenerator - INFO - [TIMER] Finished: Add layer control for individual maps in 0.00 sec | Mem: 1039.16 MB (+0.00 MB) | CPU: 0.00%
2025-07-16 10:53:35,762 - HTMLGenerator - INFO - [TIMER] Starting: Add grouped layer control for individual maps; AOI, feature class
2025-07-16 10:53:35,863 - HTMLGenerator - INFO - [TIMER] Finished: Add grouped layer control for individual maps; AOI, feature class in 0.00 sec | Mem: 1039.16 MB (+0.00 MB) | CPU: 0.00%
2025-07-16 10:53:35,864 - HTMLGenerator - INFO - [TIMER] Starting: Save ind. map and cleanup
2025-07-16 10:53:36,018 - HTMLGenerator - INFO - [TIMER] Finished: Save ind. map and cleanup in 0.05 sec | Mem: 1039.16 MB (+0.00 MB) | CPU: 0.00%
2025-07-16 10:53:36,019 - HTMLGenerator - INFO - [TIMER] Starting: Acquire geodataframe for Municipalities
2025-07-16 10:53:36,079 - fiona._env - DEBUG - GDAL_DATA found in environment.
2025-07-16 10:53:36,080 - fiona._env - DEBUG - PROJ data found in package: path='P:\\corp\\central_clones\\python_geopandas\\Lib\\site-packages\\fiona\\proj_data'.
2025-07-16 10:53:37,764 - fiona._env - WARNING - PROJ: proj_identify: P:\corp\central_clones\python_geopandas\Lib\site-packages\fiona\proj_data\proj.db contains DATABASE.LAYOUT.VERSION.MINOR = 2 whereas a number >= 3 is expected. It comes from another PROJ installation.
2025-07-16 10:53:43,566 - fiona._env - WARNING - PROJ: proj_identify: P:\corp\central_clones\python_geopandas\Lib\site-packages\fiona\proj_data\proj.db contains DATABASE.LAYOUT.VERSION.MINOR = 2 whereas a number >= 3 is expected. It comes from another PROJ installation.
2025-07-16 10:53:43,865 - fiona._env - WARNING - PROJ: proj_identify: P:\corp\central_clones\python_geopandas\Lib\site-packages\fiona\proj_data\proj.db contains DATABASE.LAYOUT.VERSION.MINOR = 2 whereas a number >= 3 is expected. It comes from another PROJ installation.
2025-07-16 10:53:45,295 - fiona._env - DEBUG - GDAL_DATA found in environment.
2025-07-16 10:53:45,297 - fiona._env - DEBUG - PROJ data found in package: path='P:\\corp\\central_clones\\python_geopandas\\Lib\\site-packages\\fiona\\proj_data'.
2025-07-16 10:53:45,300 - fiona.ogrext - DEBUG - Got coordinate system
2025-07-16 10:53:45,322 - fiona.ogrext - DEBUG - Got coordinate system
2025-07-16 10:53:45,367 - fiona._env - WARNING - PROJ: proj_identify: P:\corp\central_clones\python_geopandas\Lib\site-packages\fiona\proj_data\proj.db contains DATABASE.LAYOUT.VERSION.MINOR = 2 whereas a number >= 3 is expected. It comes from another PROJ installation.
2025-07-16 10:53:45,368 - fiona.ogrext - DEBUG - OLC_FASTSETNEXTBYINDEX: 1
2025-07-16 10:53:45,368 - fiona.ogrext - DEBUG - OLC_FASTFEATURECOUNT: 1
2025-07-16 10:53:45,369 - fiona.ogrext - DEBUG - Next index: 0
2025-07-16 10:53:45,369 - fiona.ogrext - DEBUG - Next index: 1
2025-07-16 10:53:45,439 - fiona.collection - DEBUG - Flushed buffer
2025-07-16 10:53:45,442 - fiona.collection - DEBUG - Stopped session
2025-07-16 10:53:45,543 - HTMLGenerator - INFO - [TIMER] Finished: Acquire geodataframe for Municipalities in 9.42 sec | Mem: 1039.17 MB (+0.00 MB) | CPU: 0.00%
2025-07-16 10:53:45,545 - HTMLGenerator - INFO - [TIMER] Starting: Acquire geometry for Municipalities
2025-07-16 10:53:45,647 - HTMLGenerator - INFO - [TIMER] Finished: Acquire geometry for Municipalities in 0.00 sec | Mem: 1039.17 MB (+0.00 MB) | CPU: 0.00%
2025-07-16 10:53:45,648 - HTMLGenerator - INFO - [TIMER] Starting: Convert Columns to strings
2025-07-16 10:53:45,760 - HTMLGenerator - INFO - [TIMER] Finished: Convert Columns to strings in 0.01 sec | Mem: 1039.17 MB (+0.00 MB) | CPU: 0.00%
2025-07-16 10:53:45,763 - HTMLGenerator - INFO - [TIMER] Starting: Acquire field data from spreadsheet; build out fields to summarize for popups
2025-07-16 10:53:45,867 - HTMLGenerator - INFO - [TIMER] Finished: Acquire field data from spreadsheet; build out fields to summarize for popups in 0.00 sec | Mem: 1039.17 MB (+0.00 MB) | CPU: 0.00%
2025-07-16 10:53:45,868 - HTMLGenerator - INFO - [TIMER] Starting: Get all popup fields and format
2025-07-16 10:53:45,970 - HTMLGenerator - INFO - [TIMER] Finished: Get all popup fields and format in 0.00 sec | Mem: 1039.17 MB (+0.00 MB) | CPU: 0.00%
2025-07-16 10:53:45,971 - HTMLGenerator - INFO - [TIMER] Starting: Determine all values and symbology to show in legend and map.
2025-07-16 10:53:46,075 - HTMLGenerator - INFO - [TIMER] Finished: Determine all values and symbology to show in legend and map. in 0.00 sec | Mem: 1039.17 MB (+0.00 MB) | CPU: 0.00%
2025-07-16 10:53:46,077 - HTMLGenerator - INFO - [TIMER] Starting: Get total bounds for the layer and set up map template.
2025-07-16 10:53:46,225 - HTMLGenerator - INFO - [TIMER] Finished: Get total bounds for the layer and set up map template. in 0.05 sec | Mem: 1039.17 MB (+0.00 MB) | CPU: 0.00%
2025-07-16 10:53:46,226 - HTMLGenerator - INFO - [TIMER] Starting: Create feature class layer and add to individual group and map
2025-07-16 10:53:46,341 - HTMLGenerator - INFO - [TIMER] Finished: Create feature class layer and add to individual group and map in 0.01 sec | Mem: 1039.17 MB (+0.00 MB) | CPU: 0.00%
2025-07-16 10:53:46,342 - HTMLGenerator - INFO - [TIMER] Starting: Create AOI layer and add to map
2025-07-16 10:53:46,489 - HTMLGenerator - INFO - [TIMER] Finished: Create AOI layer and add to map in 0.05 sec | Mem: 1039.18 MB (+0.01 MB) | CPU: 0.00%
2025-07-16 10:53:46,490 - HTMLGenerator - INFO - [TIMER] Starting: Generate tooltip fields
2025-07-16 10:53:46,592 - HTMLGenerator - INFO - [TIMER] Finished: Generate tooltip fields in 0.00 sec | Mem: 1039.18 MB (+0.00 MB) | CPU: 0.00%
2025-07-16 10:53:46,593 - HTMLGenerator - INFO - [TIMER] Starting: Create a feature group in the layers list to house all unique values
2025-07-16 10:53:46,704 - HTMLGenerator - INFO - [TIMER] Finished: Create a feature group in the layers list to house all unique values in 0.01 sec | Mem: 1039.18 MB (+0.00 MB) | CPU: 0.00%
2025-07-16 10:53:46,705 - HTMLGenerator - INFO - [TIMER] Starting: Create popup for each layer with overlap reporting
2025-07-16 10:53:46,824 - HTMLGenerator - INFO - [TIMER] Finished: Create popup for each layer with overlap reporting in 0.02 sec | Mem: 1039.18 MB (+0.00 MB) | CPU: 0.00%
2025-07-16 10:53:46,825 - HTMLGenerator - INFO - [TIMER] Starting: Create legend HTML for individual maps
2025-07-16 10:53:46,927 - HTMLGenerator - INFO - [TIMER] Finished: Create legend HTML for individual maps in 0.00 sec | Mem: 1039.18 MB (+0.00 MB) | CPU: 0.00%
2025-07-16 10:53:46,928 - HTMLGenerator - INFO - [TIMER] Starting: Add layer control for individual maps
2025-07-16 10:53:47,029 - HTMLGenerator - INFO - [TIMER] Finished: Add layer control for individual maps in 0.00 sec | Mem: 1039.18 MB (+0.00 MB) | CPU: 0.00%
2025-07-16 10:53:47,030 - HTMLGenerator - INFO - [TIMER] Starting: Add grouped layer control for individual maps; AOI, feature class
2025-07-16 10:53:47,131 - HTMLGenerator - INFO - [TIMER] Finished: Add grouped layer control for individual maps; AOI, feature class in 0.00 sec | Mem: 1039.18 MB (+0.00 MB) | CPU: 0.00%
2025-07-16 10:53:47,132 - HTMLGenerator - INFO - [TIMER] Starting: Save ind. map and cleanup
2025-07-16 10:53:47,297 - HTMLGenerator - INFO - [TIMER] Finished: Save ind. map and cleanup in 0.06 sec | Mem: 1039.18 MB (+0.00 MB) | CPU: 0.00%
2025-07-16 10:53:47,299 - HTMLGenerator - INFO - [TIMER] Starting: Acquire geodataframe for Nanwakolas_Area_Significance
2025-07-16 10:53:47,368 - fiona._env - DEBUG - GDAL_DATA found in environment.
2025-07-16 10:53:47,369 - fiona._env - DEBUG - PROJ data found in package: path='P:\\corp\\central_clones\\python_geopandas\\Lib\\site-packages\\fiona\\proj_data'.
2025-07-16 10:53:49,682 - fiona._env - WARNING - PROJ: proj_identify: P:\corp\central_clones\python_geopandas\Lib\site-packages\fiona\proj_data\proj.db contains DATABASE.LAYOUT.VERSION.MINOR = 2 whereas a number >= 3 is expected. It comes from another PROJ installation.
2025-07-16 10:53:55,515 - fiona._env - WARNING - PROJ: proj_identify: P:\corp\central_clones\python_geopandas\Lib\site-packages\fiona\proj_data\proj.db contains DATABASE.LAYOUT.VERSION.MINOR = 2 whereas a number >= 3 is expected. It comes from another PROJ installation.
2025-07-16 10:53:55,856 - fiona._env - WARNING - PROJ: proj_identify: P:\corp\central_clones\python_geopandas\Lib\site-packages\fiona\proj_data\proj.db contains DATABASE.LAYOUT.VERSION.MINOR = 2 whereas a number >= 3 is expected. It comes from another PROJ installation.
2025-07-16 10:53:56,914 - fiona._env - DEBUG - GDAL_DATA found in environment.
2025-07-16 10:53:56,916 - fiona._env - DEBUG - PROJ data found in package: path='P:\\corp\\central_clones\\python_geopandas\\Lib\\site-packages\\fiona\\proj_data'.
2025-07-16 10:53:56,917 - fiona.ogrext - DEBUG - Got coordinate system
2025-07-16 10:53:56,940 - fiona.ogrext - DEBUG - Got coordinate system
2025-07-16 10:53:56,973 - fiona._env - WARNING - PROJ: proj_identify: P:\corp\central_clones\python_geopandas\Lib\site-packages\fiona\proj_data\proj.db contains DATABASE.LAYOUT.VERSION.MINOR = 2 whereas a number >= 3 is expected. It comes from another PROJ installation.
2025-07-16 10:53:56,974 - fiona.ogrext - DEBUG - OLC_FASTSETNEXTBYINDEX: 1
2025-07-16 10:53:56,974 - fiona.ogrext - DEBUG - OLC_FASTFEATURECOUNT: 1
2025-07-16 10:53:56,974 - fiona.ogrext - DEBUG - Next index: 0
2025-07-16 10:53:57,024 - fiona.collection - DEBUG - Flushed buffer
2025-07-16 10:53:57,026 - fiona.collection - DEBUG - Stopped session
2025-07-16 10:53:57,127 - HTMLGenerator - INFO - [TIMER] Finished: Acquire geodataframe for Nanwakolas_Area_Significance in 9.73 sec | Mem: 1039.18 MB (+0.00 MB) | CPU: 0.00%
2025-07-16 10:53:57,128 - HTMLGenerator - INFO - [TIMER] Starting: Acquire geodataframe for First_Nation_Treaty_Lands
2025-07-16 10:53:57,191 - fiona._env - DEBUG - GDAL_DATA found in environment.
2025-07-16 10:53:57,193 - fiona._env - DEBUG - PROJ data found in package: path='P:\\corp\\central_clones\\python_geopandas\\Lib\\site-packages\\fiona\\proj_data'.
2025-07-16 10:53:59,171 - fiona._env - WARNING - PROJ: proj_identify: P:\corp\central_clones\python_geopandas\Lib\site-packages\fiona\proj_data\proj.db contains DATABASE.LAYOUT.VERSION.MINOR = 2 whereas a number >= 3 is expected. It comes from another PROJ installation.
2025-07-16 10:54:05,955 - fiona._env - WARNING - PROJ: proj_identify: P:\corp\central_clones\python_geopandas\Lib\site-packages\fiona\proj_data\proj.db contains DATABASE.LAYOUT.VERSION.MINOR = 2 whereas a number >= 3 is expected. It comes from another PROJ installation.
2025-07-16 10:54:06,302 - fiona._env - WARNING - PROJ: proj_identify: P:\corp\central_clones\python_geopandas\Lib\site-packages\fiona\proj_data\proj.db contains DATABASE.LAYOUT.VERSION.MINOR = 2 whereas a number >= 3 is expected. It comes from another PROJ installation.
2025-07-16 10:54:07,348 - fiona._env - DEBUG - GDAL_DATA found in environment.
2025-07-16 10:54:07,349 - fiona._env - DEBUG - PROJ data found in package: path='P:\\corp\\central_clones\\python_geopandas\\Lib\\site-packages\\fiona\\proj_data'.
2025-07-16 10:54:07,350 - fiona.ogrext - DEBUG - Got coordinate system
2025-07-16 10:54:07,366 - fiona.ogrext - DEBUG - Got coordinate system
2025-07-16 10:54:07,392 - fiona._env - WARNING - PROJ: proj_identify: P:\corp\central_clones\python_geopandas\Lib\site-packages\fiona\proj_data\proj.db contains DATABASE.LAYOUT.VERSION.MINOR = 2 whereas a number >= 3 is expected. It comes from another PROJ installation.
2025-07-16 10:54:07,393 - fiona.ogrext - DEBUG - OLC_FASTSETNEXTBYINDEX: 1
2025-07-16 10:54:07,393 - fiona.ogrext - DEBUG - OLC_FASTFEATURECOUNT: 1
2025-07-16 10:54:07,393 - fiona.ogrext - DEBUG - Next index: 0
2025-07-16 10:54:07,434 - fiona.collection - DEBUG - Flushed buffer
2025-07-16 10:54:07,437 - fiona.collection - DEBUG - Stopped session
2025-07-16 10:54:07,538 - HTMLGenerator - INFO - [TIMER] Finished: Acquire geodataframe for First_Nation_Treaty_Lands in 10.31 sec | Mem: 1039.17 MB (-0.01 MB) | CPU: 0.00%
2025-07-16 10:54:07,539 - HTMLGenerator - INFO - [TIMER] Starting: Acquire geodataframe for First_Nation_Treaty_Related_Lands
2025-07-16 10:54:07,600 - fiona._env - DEBUG - GDAL_DATA found in environment.
2025-07-16 10:54:07,601 - fiona._env - DEBUG - PROJ data found in package: path='P:\\corp\\central_clones\\python_geopandas\\Lib\\site-packages\\fiona\\proj_data'.
2025-07-16 10:54:09,865 - fiona._env - WARNING - PROJ: proj_identify: P:\corp\central_clones\python_geopandas\Lib\site-packages\fiona\proj_data\proj.db contains DATABASE.LAYOUT.VERSION.MINOR = 2 whereas a number >= 3 is expected. It comes from another PROJ installation.
2025-07-16 10:54:15,436 - fiona._env - WARNING - PROJ: proj_identify: P:\corp\central_clones\python_geopandas\Lib\site-packages\fiona\proj_data\proj.db contains DATABASE.LAYOUT.VERSION.MINOR = 2 whereas a number >= 3 is expected. It comes from another PROJ installation.
2025-07-16 10:54:15,659 - fiona._env - WARNING - PROJ: proj_identify: P:\corp\central_clones\python_geopandas\Lib\site-packages\fiona\proj_data\proj.db contains DATABASE.LAYOUT.VERSION.MINOR = 2 whereas a number >= 3 is expected. It comes from another PROJ installation.
2025-07-16 10:54:16,491 - fiona._env - DEBUG - GDAL_DATA found in environment.
2025-07-16 10:54:16,492 - fiona._env - DEBUG - PROJ data found in package: path='P:\\corp\\central_clones\\python_geopandas\\Lib\\site-packages\\fiona\\proj_data'.
2025-07-16 10:54:16,493 - fiona.ogrext - DEBUG - Got coordinate system
2025-07-16 10:54:16,506 - fiona.ogrext - DEBUG - Got coordinate system
2025-07-16 10:54:16,534 - fiona._env - WARNING - PROJ: proj_identify: P:\corp\central_clones\python_geopandas\Lib\site-packages\fiona\proj_data\proj.db contains DATABASE.LAYOUT.VERSION.MINOR = 2 whereas a number >= 3 is expected. It comes from another PROJ installation.
2025-07-16 10:54:16,535 - fiona.ogrext - DEBUG - OLC_FASTSETNEXTBYINDEX: 1
2025-07-16 10:54:16,535 - fiona.ogrext - DEBUG - OLC_FASTFEATURECOUNT: 1
2025-07-16 10:54:16,535 - fiona.ogrext - DEBUG - Next index: 0
2025-07-16 10:54:16,570 - fiona.collection - DEBUG - Flushed buffer
2025-07-16 10:54:16,572 - fiona.collection - DEBUG - Stopped session
2025-07-16 10:54:16,673 - HTMLGenerator - INFO - [TIMER] Finished: Acquire geodataframe for First_Nation_Treaty_Related_Lands in 9.03 sec | Mem: 1039.18 MB (+0.00 MB) | CPU: 0.00%
2025-07-16 10:54:16,674 - HTMLGenerator - INFO - [TIMER] Starting: Acquire geodataframe for First_Nation_Treaty_Areas
2025-07-16 10:54:16,734 - fiona._env - DEBUG - GDAL_DATA found in environment.
2025-07-16 10:54:16,735 - fiona._env - DEBUG - PROJ data found in package: path='P:\\corp\\central_clones\\python_geopandas\\Lib\\site-packages\\fiona\\proj_data'.
2025-07-16 10:54:18,389 - fiona._env - WARNING - PROJ: proj_identify: P:\corp\central_clones\python_geopandas\Lib\site-packages\fiona\proj_data\proj.db contains DATABASE.LAYOUT.VERSION.MINOR = 2 whereas a number >= 3 is expected. It comes from another PROJ installation.
2025-07-16 10:54:23,669 - fiona._env - WARNING - PROJ: proj_identify: P:\corp\central_clones\python_geopandas\Lib\site-packages\fiona\proj_data\proj.db contains DATABASE.LAYOUT.VERSION.MINOR = 2 whereas a number >= 3 is expected. It comes from another PROJ installation.
2025-07-16 10:54:23,887 - fiona._env - WARNING - PROJ: proj_identify: P:\corp\central_clones\python_geopandas\Lib\site-packages\fiona\proj_data\proj.db contains DATABASE.LAYOUT.VERSION.MINOR = 2 whereas a number >= 3 is expected. It comes from another PROJ installation.
2025-07-16 10:54:24,683 - fiona._env - DEBUG - GDAL_DATA found in environment.
2025-07-16 10:54:24,684 - fiona._env - DEBUG - PROJ data found in package: path='P:\\corp\\central_clones\\python_geopandas\\Lib\\site-packages\\fiona\\proj_data'.
2025-07-16 10:54:24,685 - fiona.ogrext - DEBUG - Got coordinate system
2025-07-16 10:54:24,697 - fiona.ogrext - DEBUG - Got coordinate system
2025-07-16 10:54:24,720 - fiona._env - WARNING - PROJ: proj_identify: P:\corp\central_clones\python_geopandas\Lib\site-packages\fiona\proj_data\proj.db contains DATABASE.LAYOUT.VERSION.MINOR = 2 whereas a number >= 3 is expected. It comes from another PROJ installation.
2025-07-16 10:54:24,721 - fiona.ogrext - DEBUG - OLC_FASTSETNEXTBYINDEX: 1
2025-07-16 10:54:24,721 - fiona.ogrext - DEBUG - OLC_FASTFEATURECOUNT: 1
2025-07-16 10:54:24,721 - fiona.ogrext - DEBUG - Next index: 0
2025-07-16 10:54:24,721 - fiona.ogrext - DEBUG - Next index: 1
2025-07-16 10:54:24,722 - fiona.ogrext - DEBUG - Next index: 2
2025-07-16 10:54:24,723 - fiona.ogrext - DEBUG - Next index: 3
2025-07-16 10:54:24,724 - fiona.ogrext - DEBUG - Next index: 4
2025-07-16 10:54:24,726 - fiona.ogrext - DEBUG - Next index: 5
2025-07-16 10:54:24,726 - fiona.ogrext - DEBUG - Next index: 6
2025-07-16 10:54:24,762 - fiona.collection - DEBUG - Flushed buffer
2025-07-16 10:54:24,764 - fiona.collection - DEBUG - Stopped session
2025-07-16 10:54:24,864 - HTMLGenerator - INFO - [TIMER] Finished: Acquire geodataframe for First_Nation_Treaty_Areas in 8.09 sec | Mem: 1039.18 MB (+0.00 MB) | CPU: 0.00%
2025-07-16 10:54:24,865 - HTMLGenerator - INFO - [TIMER] Starting: Acquire geometry for First_Nation_Treaty_Areas
2025-07-16 10:54:24,966 - HTMLGenerator - INFO - [TIMER] Finished: Acquire geometry for First_Nation_Treaty_Areas in 0.00 sec | Mem: 1039.18 MB (+0.00 MB) | CPU: 0.00%
2025-07-16 10:54:24,967 - HTMLGenerator - INFO - [TIMER] Starting: Convert Columns to strings
2025-07-16 10:54:25,073 - HTMLGenerator - INFO - [TIMER] Finished: Convert Columns to strings in 0.01 sec | Mem: 1039.18 MB (+0.00 MB) | CPU: 0.00%
2025-07-16 10:54:25,074 - HTMLGenerator - INFO - [TIMER] Starting: Acquire field data from spreadsheet; build out fields to summarize for popups
2025-07-16 10:54:25,176 - HTMLGenerator - INFO - [TIMER] Finished: Acquire field data from spreadsheet; build out fields to summarize for popups in 0.00 sec | Mem: 1039.18 MB (+0.00 MB) | CPU: 0.00%
2025-07-16 10:54:25,177 - HTMLGenerator - INFO - [TIMER] Starting: Get all popup fields and format
2025-07-16 10:54:25,280 - HTMLGenerator - INFO - [TIMER] Finished: Get all popup fields and format in 0.00 sec | Mem: 1039.18 MB (+0.00 MB) | CPU: 0.00%
2025-07-16 10:54:25,281 - HTMLGenerator - INFO - [TIMER] Starting: Determine all values and symbology to show in legend and map.
2025-07-16 10:54:25,383 - HTMLGenerator - INFO - [TIMER] Finished: Determine all values and symbology to show in legend and map. in 0.00 sec | Mem: 1039.18 MB (+0.00 MB) | CPU: 0.00%
2025-07-16 10:54:25,384 - HTMLGenerator - INFO - [TIMER] Starting: Get total bounds for the layer and set up map template.
2025-07-16 10:54:25,509 - HTMLGenerator - INFO - [TIMER] Finished: Get total bounds for the layer and set up map template. in 0.02 sec | Mem: 1039.18 MB (+0.00 MB) | CPU: 0.00%
2025-07-16 10:54:25,510 - HTMLGenerator - INFO - [TIMER] Starting: Create feature class layer and add to individual group and map
2025-07-16 10:54:25,621 - HTMLGenerator - INFO - [TIMER] Finished: Create feature class layer and add to individual group and map in 0.01 sec | Mem: 1039.18 MB (+0.00 MB) | CPU: 0.00%
2025-07-16 10:54:25,621 - HTMLGenerator - INFO - [TIMER] Starting: Create AOI layer and add to map
2025-07-16 10:54:25,761 - HTMLGenerator - INFO - [TIMER] Finished: Create AOI layer and add to map in 0.04 sec | Mem: 1039.27 MB (+0.09 MB) | CPU: 0.00%
2025-07-16 10:54:25,762 - HTMLGenerator - INFO - [TIMER] Starting: Generate tooltip fields
2025-07-16 10:54:25,863 - HTMLGenerator - INFO - [TIMER] Finished: Generate tooltip fields in 0.00 sec | Mem: 1039.27 MB (+0.00 MB) | CPU: 0.00%
2025-07-16 10:54:25,864 - HTMLGenerator - INFO - [TIMER] Starting: Create a feature group in the layers list to house all unique values
2025-07-16 10:54:25,979 - HTMLGenerator - INFO - [TIMER] Finished: Create a feature group in the layers list to house all unique values in 0.01 sec | Mem: 1039.39 MB (+0.12 MB) | CPU: 0.00%
2025-07-16 10:54:25,979 - HTMLGenerator - INFO - [TIMER] Starting: Create popup for each layer with overlap reporting
2025-07-16 10:54:26,107 - HTMLGenerator - INFO - [TIMER] Finished: Create popup for each layer with overlap reporting in 0.03 sec | Mem: 1039.52 MB (+0.12 MB) | CPU: 0.00%
2025-07-16 10:54:26,107 - HTMLGenerator - INFO - [TIMER] Starting: Create legend HTML for individual maps
2025-07-16 10:54:26,209 - HTMLGenerator - INFO - [TIMER] Finished: Create legend HTML for individual maps in 0.00 sec | Mem: 1039.52 MB (+0.00 MB) | CPU: 0.00%
2025-07-16 10:54:26,209 - HTMLGenerator - INFO - [TIMER] Starting: Add layer control for individual maps
2025-07-16 10:54:26,310 - HTMLGenerator - INFO - [TIMER] Finished: Add layer control for individual maps in 0.00 sec | Mem: 1039.52 MB (+0.00 MB) | CPU: 0.00%
2025-07-16 10:54:26,310 - HTMLGenerator - INFO - [TIMER] Starting: Add grouped layer control for individual maps; AOI, feature class
2025-07-16 10:54:26,411 - HTMLGenerator - INFO - [TIMER] Finished: Add grouped layer control for individual maps; AOI, feature class in 0.00 sec | Mem: 1039.52 MB (+0.00 MB) | CPU: 0.00%
2025-07-16 10:54:26,412 - HTMLGenerator - INFO - [TIMER] Starting: Save ind. map and cleanup
2025-07-16 10:54:26,572 - HTMLGenerator - INFO - [TIMER] Finished: Save ind. map and cleanup in 0.06 sec | Mem: 1039.61 MB (+0.09 MB) | CPU: 0.00%
2025-07-16 10:54:26,573 - HTMLGenerator - INFO - [TIMER] Starting: Acquire geodataframe for Land_Claim_Settlement_Areas
2025-07-16 10:54:26,597 - fiona._env - DEBUG - GDAL_DATA found in environment.
2025-07-16 10:54:26,598 - fiona._env - DEBUG - PROJ data found in package: path='P:\\corp\\central_clones\\python_geopandas\\Lib\\site-packages\\fiona\\proj_data'.
2025-07-16 10:54:28,162 - fiona._env - WARNING - PROJ: proj_identify: P:\corp\central_clones\python_geopandas\Lib\site-packages\fiona\proj_data\proj.db contains DATABASE.LAYOUT.VERSION.MINOR = 2 whereas a number >= 3 is expected. It comes from another PROJ installation.
2025-07-16 10:54:34,152 - fiona._env - WARNING - PROJ: proj_identify: P:\corp\central_clones\python_geopandas\Lib\site-packages\fiona\proj_data\proj.db contains DATABASE.LAYOUT.VERSION.MINOR = 2 whereas a number >= 3 is expected. It comes from another PROJ installation.
2025-07-16 10:54:34,460 - fiona._env - WARNING - PROJ: proj_identify: P:\corp\central_clones\python_geopandas\Lib\site-packages\fiona\proj_data\proj.db contains DATABASE.LAYOUT.VERSION.MINOR = 2 whereas a number >= 3 is expected. It comes from another PROJ installation.
2025-07-16 10:54:35,544 - fiona._env - DEBUG - GDAL_DATA found in environment.
2025-07-16 10:54:35,545 - fiona._env - DEBUG - PROJ data found in package: path='P:\\corp\\central_clones\\python_geopandas\\Lib\\site-packages\\fiona\\proj_data'.
2025-07-16 10:54:35,546 - fiona.ogrext - DEBUG - Got coordinate system
2025-07-16 10:54:35,560 - fiona.ogrext - DEBUG - Got coordinate system
2025-07-16 10:54:35,583 - fiona._env - WARNING - PROJ: proj_identify: P:\corp\central_clones\python_geopandas\Lib\site-packages\fiona\proj_data\proj.db contains DATABASE.LAYOUT.VERSION.MINOR = 2 whereas a number >= 3 is expected. It comes from another PROJ installation.
2025-07-16 10:54:35,584 - fiona.ogrext - DEBUG - OLC_FASTSETNEXTBYINDEX: 1
2025-07-16 10:54:35,584 - fiona.ogrext - DEBUG - OLC_FASTFEATURECOUNT: 1
2025-07-16 10:54:35,584 - fiona.ogrext - DEBUG - Next index: 0
2025-07-16 10:54:35,618 - fiona.collection - DEBUG - Flushed buffer
2025-07-16 10:54:35,620 - fiona.collection - DEBUG - Stopped session
2025-07-16 10:54:35,720 - HTMLGenerator - INFO - [TIMER] Finished: Acquire geodataframe for Land_Claim_Settlement_Areas in 9.05 sec | Mem: 1039.61 MB (-0.01 MB) | CPU: 0.00%
2025-07-16 10:54:35,722 - HTMLGenerator - INFO - [TIMER] Starting: Acquire geodataframe for Island_Trust_Referrals
2025-07-16 10:54:35,787 - fiona._env - DEBUG - GDAL_DATA found in environment.
2025-07-16 10:54:35,789 - fiona._env - DEBUG - PROJ data found in package: path='P:\\corp\\central_clones\\python_geopandas\\Lib\\site-packages\\fiona\\proj_data'.
2025-07-16 10:54:37,388 - fiona._env - WARNING - PROJ: proj_identify: P:\corp\central_clones\python_geopandas\Lib\site-packages\fiona\proj_data\proj.db contains DATABASE.LAYOUT.VERSION.MINOR = 2 whereas a number >= 3 is expected. It comes from another PROJ installation.
2025-07-16 10:54:42,908 - fiona._env - WARNING - PROJ: proj_identify: P:\corp\central_clones\python_geopandas\Lib\site-packages\fiona\proj_data\proj.db contains DATABASE.LAYOUT.VERSION.MINOR = 2 whereas a number >= 3 is expected. It comes from another PROJ installation.
2025-07-16 10:54:43,184 - fiona._env - WARNING - PROJ: proj_identify: P:\corp\central_clones\python_geopandas\Lib\site-packages\fiona\proj_data\proj.db contains DATABASE.LAYOUT.VERSION.MINOR = 2 whereas a number >= 3 is expected. It comes from another PROJ installation.
2025-07-16 10:54:44,053 - fiona._env - DEBUG - GDAL_DATA found in environment.
2025-07-16 10:54:44,055 - fiona._env - DEBUG - PROJ data found in package: path='P:\\corp\\central_clones\\python_geopandas\\Lib\\site-packages\\fiona\\proj_data'.
2025-07-16 10:54:44,055 - fiona.ogrext - DEBUG - Got coordinate system
2025-07-16 10:54:44,068 - fiona.ogrext - DEBUG - Got coordinate system
2025-07-16 10:54:44,096 - fiona._env - WARNING - PROJ: proj_identify: P:\corp\central_clones\python_geopandas\Lib\site-packages\fiona\proj_data\proj.db contains DATABASE.LAYOUT.VERSION.MINOR = 2 whereas a number >= 3 is expected. It comes from another PROJ installation.
2025-07-16 10:54:44,097 - fiona.ogrext - DEBUG - OLC_FASTSETNEXTBYINDEX: 1
2025-07-16 10:54:44,097 - fiona.ogrext - DEBUG - OLC_FASTFEATURECOUNT: 1
2025-07-16 10:54:44,097 - fiona.ogrext - DEBUG - Next index: 0
2025-07-16 10:54:44,134 - fiona.collection - DEBUG - Flushed buffer
2025-07-16 10:54:44,136 - fiona.collection - DEBUG - Stopped session
2025-07-16 10:54:44,237 - HTMLGenerator - INFO - [TIMER] Finished: Acquire geodataframe for Island_Trust_Referrals in 8.41 sec | Mem: 1039.61 MB (+0.00 MB) | CPU: 0.00%
2025-07-16 10:54:44,238 - HTMLGenerator - INFO - [TIMER] Starting: Acquire geodataframe for MOT_Service_Area_Referrals
2025-07-16 10:54:44,298 - fiona._env - DEBUG - GDAL_DATA found in environment.
2025-07-16 10:54:44,300 - fiona._env - DEBUG - PROJ data found in package: path='P:\\corp\\central_clones\\python_geopandas\\Lib\\site-packages\\fiona\\proj_data'.
2025-07-16 10:54:46,094 - fiona._env - WARNING - PROJ: proj_identify: P:\corp\central_clones\python_geopandas\Lib\site-packages\fiona\proj_data\proj.db contains DATABASE.LAYOUT.VERSION.MINOR = 2 whereas a number >= 3 is expected. It comes from another PROJ installation.
2025-07-16 10:54:51,983 - fiona._env - WARNING - PROJ: proj_identify: P:\corp\central_clones\python_geopandas\Lib\site-packages\fiona\proj_data\proj.db contains DATABASE.LAYOUT.VERSION.MINOR = 2 whereas a number >= 3 is expected. It comes from another PROJ installation.
2025-07-16 10:54:52,245 - fiona._env - WARNING - PROJ: proj_identify: P:\corp\central_clones\python_geopandas\Lib\site-packages\fiona\proj_data\proj.db contains DATABASE.LAYOUT.VERSION.MINOR = 2 whereas a number >= 3 is expected. It comes from another PROJ installation.
2025-07-16 10:54:53,123 - fiona._env - DEBUG - GDAL_DATA found in environment.
2025-07-16 10:54:53,125 - fiona._env - DEBUG - PROJ data found in package: path='P:\\corp\\central_clones\\python_geopandas\\Lib\\site-packages\\fiona\\proj_data'.
2025-07-16 10:54:53,125 - fiona.ogrext - DEBUG - Got coordinate system
2025-07-16 10:54:53,140 - fiona.ogrext - DEBUG - Got coordinate system
2025-07-16 10:54:53,187 - fiona._env - WARNING - PROJ: proj_identify: P:\corp\central_clones\python_geopandas\Lib\site-packages\fiona\proj_data\proj.db contains DATABASE.LAYOUT.VERSION.MINOR = 2 whereas a number >= 3 is expected. It comes from another PROJ installation.
2025-07-16 10:54:53,187 - fiona.ogrext - DEBUG - OLC_FASTSETNEXTBYINDEX: 1
2025-07-16 10:54:53,188 - fiona.ogrext - DEBUG - OLC_FASTFEATURECOUNT: 1
2025-07-16 10:54:53,188 - fiona.ogrext - DEBUG - Next index: 0
2025-07-16 10:54:53,188 - fiona.ogrext - DEBUG - Next index: 1
2025-07-16 10:54:53,222 - fiona.collection - DEBUG - Flushed buffer
2025-07-16 10:54:53,224 - fiona.collection - DEBUG - Stopped session
2025-07-16 10:54:53,324 - HTMLGenerator - INFO - [TIMER] Finished: Acquire geodataframe for MOT_Service_Area_Referrals in 8.98 sec | Mem: 1039.61 MB (+0.00 MB) | CPU: 0.00%
2025-07-16 10:54:53,325 - HTMLGenerator - INFO - [TIMER] Starting: Acquire geometry for MOT_Service_Area_Referrals
2025-07-16 10:54:53,426 - HTMLGenerator - INFO - [TIMER] Finished: Acquire geometry for MOT_Service_Area_Referrals in 0.00 sec | Mem: 1039.61 MB (+0.00 MB) | CPU: 0.00%
2025-07-16 10:54:53,427 - HTMLGenerator - INFO - [TIMER] Starting: Convert Columns to strings
2025-07-16 10:54:53,531 - HTMLGenerator - INFO - [TIMER] Finished: Convert Columns to strings in 0.00 sec | Mem: 1039.61 MB (+0.00 MB) | CPU: 0.00%
2025-07-16 10:54:53,532 - HTMLGenerator - INFO - [TIMER] Starting: Acquire field data from spreadsheet; build out fields to summarize for popups
2025-07-16 10:54:53,637 - HTMLGenerator - INFO - [TIMER] Finished: Acquire field data from spreadsheet; build out fields to summarize for popups in 0.00 sec | Mem: 1039.61 MB (+0.00 MB) | CPU: 0.00%
2025-07-16 10:54:53,638 - HTMLGenerator - INFO - [TIMER] Starting: Get all popup fields and format
2025-07-16 10:54:53,741 - HTMLGenerator - INFO - [TIMER] Finished: Get all popup fields and format in 0.00 sec | Mem: 1039.61 MB (+0.00 MB) | CPU: 0.00%
2025-07-16 10:54:53,742 - HTMLGenerator - INFO - [TIMER] Starting: Determine all values and symbology to show in legend and map.
2025-07-16 10:54:53,846 - HTMLGenerator - INFO - [TIMER] Finished: Determine all values and symbology to show in legend and map. in 0.00 sec | Mem: 1039.61 MB (+0.00 MB) | CPU: 0.00%
2025-07-16 10:54:53,848 - HTMLGenerator - INFO - [TIMER] Starting: Get total bounds for the layer and set up map template.
2025-07-16 10:54:54,380 - HTMLGenerator - INFO - [TIMER] Finished: Get total bounds for the layer and set up map template. in 0.43 sec | Mem: 1039.71 MB (+0.10 MB) | CPU: 0.00%
2025-07-16 10:54:54,381 - HTMLGenerator - INFO - [TIMER] Starting: Create feature class layer and add to individual group and map
2025-07-16 10:54:54,492 - HTMLGenerator - INFO - [TIMER] Finished: Create feature class layer and add to individual group and map in 0.01 sec | Mem: 1039.72 MB (+0.01 MB) | CPU: 0.00%
2025-07-16 10:54:54,493 - HTMLGenerator - INFO - [TIMER] Starting: Create AOI layer and add to map
2025-07-16 10:54:54,634 - HTMLGenerator - INFO - [TIMER] Finished: Create AOI layer and add to map in 0.04 sec | Mem: 1039.90 MB (+0.18 MB) | CPU: 0.00%
2025-07-16 10:54:54,635 - HTMLGenerator - INFO - [TIMER] Starting: Generate tooltip fields
2025-07-16 10:54:54,737 - HTMLGenerator - INFO - [TIMER] Finished: Generate tooltip fields in 0.00 sec | Mem: 1039.90 MB (+0.00 MB) | CPU: 0.00%
2025-07-16 10:54:54,738 - HTMLGenerator - INFO - [TIMER] Starting: Create a feature group in the layers list to house all unique values
2025-07-16 10:54:54,849 - HTMLGenerator - INFO - [TIMER] Finished: Create a feature group in the layers list to house all unique values in 0.01 sec | Mem: 1039.90 MB (+0.00 MB) | CPU: 0.00%
2025-07-16 10:54:54,850 - HTMLGenerator - INFO - [TIMER] Starting: Create popup for each layer with overlap reporting
2025-07-16 10:54:54,967 - HTMLGenerator - INFO - [TIMER] Finished: Create popup for each layer with overlap reporting in 0.02 sec | Mem: 1039.91 MB (+0.02 MB) | CPU: 0.00%
2025-07-16 10:54:54,968 - HTMLGenerator - INFO - [TIMER] Starting: Create legend HTML for individual maps
2025-07-16 10:54:55,069 - HTMLGenerator - INFO - [TIMER] Finished: Create legend HTML for individual maps in 0.00 sec | Mem: 1039.92 MB (+0.00 MB) | CPU: 0.00%
2025-07-16 10:54:55,070 - HTMLGenerator - INFO - [TIMER] Starting: Add layer control for individual maps
2025-07-16 10:54:55,172 - HTMLGenerator - INFO - [TIMER] Finished: Add layer control for individual maps in 0.00 sec | Mem: 1039.92 MB (+0.00 MB) | CPU: 0.00%
2025-07-16 10:54:55,173 - HTMLGenerator - INFO - [TIMER] Starting: Add grouped layer control for individual maps; AOI, feature class
2025-07-16 10:54:55,274 - HTMLGenerator - INFO - [TIMER] Finished: Add grouped layer control for individual maps; AOI, feature class in 0.00 sec | Mem: 1039.92 MB (+0.00 MB) | CPU: 0.00%
2025-07-16 10:54:55,274 - HTMLGenerator - INFO - [TIMER] Starting: Save ind. map and cleanup
2025-07-16 10:54:55,432 - HTMLGenerator - INFO - [TIMER] Finished: Save ind. map and cleanup in 0.06 sec | Mem: 1039.98 MB (+0.06 MB) | CPU: 0.00%
2025-07-16 10:54:55,434 - HTMLGenerator - INFO - [TIMER] Starting: Acquire geodataframe for Water_Approvals_Sec_10_and_11_Locations
2025-07-16 10:54:55,498 - fiona._env - DEBUG - GDAL_DATA found in environment.
2025-07-16 10:54:55,499 - fiona._env - DEBUG - PROJ data found in package: path='P:\\corp\\central_clones\\python_geopandas\\Lib\\site-packages\\fiona\\proj_data'.
2025-07-16 10:54:57,643 - fiona._env - WARNING - PROJ: proj_identify: P:\corp\central_clones\python_geopandas\Lib\site-packages\fiona\proj_data\proj.db contains DATABASE.LAYOUT.VERSION.MINOR = 2 whereas a number >= 3 is expected. It comes from another PROJ installation.
2025-07-16 10:55:04,592 - fiona._env - WARNING - PROJ: proj_identify: P:\corp\central_clones\python_geopandas\Lib\site-packages\fiona\proj_data\proj.db contains DATABASE.LAYOUT.VERSION.MINOR = 2 whereas a number >= 3 is expected. It comes from another PROJ installation.
2025-07-16 10:55:05,029 - fiona._env - WARNING - PROJ: proj_identify: P:\corp\central_clones\python_geopandas\Lib\site-packages\fiona\proj_data\proj.db contains DATABASE.LAYOUT.VERSION.MINOR = 2 whereas a number >= 3 is expected. It comes from another PROJ installation.
2025-07-16 10:55:05,921 - fiona._env - DEBUG - GDAL_DATA found in environment.
2025-07-16 10:55:05,923 - fiona._env - DEBUG - PROJ data found in package: path='P:\\corp\\central_clones\\python_geopandas\\Lib\\site-packages\\fiona\\proj_data'.
2025-07-16 10:55:05,923 - fiona.ogrext - DEBUG - Got coordinate system
2025-07-16 10:55:05,938 - fiona.ogrext - DEBUG - Got coordinate system
2025-07-16 10:55:05,966 - fiona._env - WARNING - PROJ: proj_identify: P:\corp\central_clones\python_geopandas\Lib\site-packages\fiona\proj_data\proj.db contains DATABASE.LAYOUT.VERSION.MINOR = 2 whereas a number >= 3 is expected. It comes from another PROJ installation.
2025-07-16 10:55:05,967 - fiona.ogrext - DEBUG - OLC_FASTSETNEXTBYINDEX: 1
2025-07-16 10:55:05,967 - fiona.ogrext - DEBUG - OLC_FASTFEATURECOUNT: 1
2025-07-16 10:55:05,967 - fiona.ogrext - DEBUG - Next index: 0
2025-07-16 10:55:05,967 - fiona.ogrext - DEBUG - Next index: 1
2025-07-16 10:55:06,014 - fiona.collection - DEBUG - Flushed buffer
2025-07-16 10:55:06,016 - fiona.collection - DEBUG - Stopped session
2025-07-16 10:55:06,116 - HTMLGenerator - INFO - [TIMER] Finished: Acquire geodataframe for Water_Approvals_Sec_10_and_11_Locations in 10.58 sec | Mem: 1041.34 MB (+1.36 MB) | CPU: 0.00%
2025-07-16 10:55:06,117 - HTMLGenerator - INFO - [TIMER] Starting: Acquire geometry for Water_Approvals_Sec_10_and_11_Locations
2025-07-16 10:55:06,219 - HTMLGenerator - INFO - [TIMER] Finished: Acquire geometry for Water_Approvals_Sec_10_and_11_Locations in 0.00 sec | Mem: 1041.34 MB (+0.00 MB) | CPU: 0.00%
2025-07-16 10:55:06,220 - HTMLGenerator - INFO - [TIMER] Starting: Convert Columns to strings
2025-07-16 10:55:06,336 - HTMLGenerator - INFO - [TIMER] Finished: Convert Columns to strings in 0.01 sec | Mem: 1041.34 MB (+0.00 MB) | CPU: 0.00%
2025-07-16 10:55:06,337 - HTMLGenerator - INFO - [TIMER] Starting: Acquire field data from spreadsheet; build out fields to summarize for popups
2025-07-16 10:55:06,440 - HTMLGenerator - INFO - [TIMER] Finished: Acquire field data from spreadsheet; build out fields to summarize for popups in 0.00 sec | Mem: 1041.34 MB (+0.00 MB) | CPU: 0.00%
2025-07-16 10:55:06,441 - HTMLGenerator - INFO - [TIMER] Starting: Get all popup fields and format
2025-07-16 10:55:06,548 - HTMLGenerator - INFO - [TIMER] Finished: Get all popup fields and format in 0.01 sec | Mem: 1041.34 MB (+0.00 MB) | CPU: 0.00%
2025-07-16 10:55:06,549 - HTMLGenerator - INFO - [TIMER] Starting: Determine all values and symbology to show in legend and map.
2025-07-16 10:55:06,653 - HTMLGenerator - INFO - [TIMER] Finished: Determine all values and symbology to show in legend and map. in 0.00 sec | Mem: 1041.34 MB (+0.00 MB) | CPU: 0.00%
2025-07-16 10:55:06,654 - HTMLGenerator - INFO - [TIMER] Starting: Get total bounds for the layer and set up map template.
2025-07-16 10:55:06,788 - HTMLGenerator - INFO - [TIMER] Finished: Get total bounds for the layer and set up map template. in 0.03 sec | Mem: 1041.34 MB (+0.00 MB) | CPU: 0.00%
2025-07-16 10:55:06,789 - HTMLGenerator - INFO - [TIMER] Starting: Create feature class layer and add to individual group and map
2025-07-16 10:55:06,907 - HTMLGenerator - INFO - [TIMER] Finished: Create feature class layer and add to individual group and map in 0.02 sec | Mem: 1041.34 MB (+0.00 MB) | CPU: 0.00%
2025-07-16 10:55:06,908 - HTMLGenerator - INFO - [TIMER] Starting: Create AOI layer and add to map
2025-07-16 10:55:07,060 - HTMLGenerator - INFO - [TIMER] Finished: Create AOI layer and add to map in 0.05 sec | Mem: 1041.34 MB (+0.00 MB) | CPU: 0.00%
2025-07-16 10:55:07,061 - HTMLGenerator - INFO - [TIMER] Starting: Generate tooltip fields
2025-07-16 10:55:07,163 - HTMLGenerator - INFO - [TIMER] Finished: Generate tooltip fields in 0.00 sec | Mem: 1041.34 MB (+0.00 MB) | CPU: 0.00%
2025-07-16 10:55:07,164 - HTMLGenerator - INFO - [TIMER] Starting: Create a feature group in the layers list to house all unique values
2025-07-16 10:55:07,281 - HTMLGenerator - INFO - [TIMER] Finished: Create a feature group in the layers list to house all unique values in 0.02 sec | Mem: 1041.34 MB (+0.00 MB) | CPU: 0.00%
2025-07-16 10:55:07,282 - HTMLGenerator - INFO - [TIMER] Starting: Create popup for each layer with overlap reporting
2025-07-16 10:55:07,410 - HTMLGenerator - INFO - [TIMER] Finished: Create popup for each layer with overlap reporting in 0.03 sec | Mem: 1041.34 MB (+0.00 MB) | CPU: 0.00%
2025-07-16 10:55:07,411 - HTMLGenerator - INFO - [TIMER] Starting: Create legend HTML for individual maps
2025-07-16 10:55:07,515 - HTMLGenerator - INFO - [TIMER] Finished: Create legend HTML for individual maps in 0.00 sec | Mem: 1041.34 MB (+0.00 MB) | CPU: 0.00%
2025-07-16 10:55:07,516 - HTMLGenerator - INFO - [TIMER] Starting: Add layer control for individual maps
2025-07-16 10:55:07,619 - HTMLGenerator - INFO - [TIMER] Finished: Add layer control for individual maps in 0.00 sec | Mem: 1041.34 MB (+0.00 MB) | CPU: 0.00%
2025-07-16 10:55:07,620 - HTMLGenerator - INFO - [TIMER] Starting: Add grouped layer control for individual maps; AOI, feature class
2025-07-16 10:55:07,721 - HTMLGenerator - INFO - [TIMER] Finished: Add grouped layer control for individual maps; AOI, feature class in 0.00 sec | Mem: 1041.34 MB (+0.00 MB) | CPU: 0.00%
2025-07-16 10:55:07,722 - HTMLGenerator - INFO - [TIMER] Starting: Save ind. map and cleanup
2025-07-16 10:55:07,889 - HTMLGenerator - INFO - [TIMER] Finished: Save ind. map and cleanup in 0.07 sec | Mem: 1041.34 MB (+0.00 MB) | CPU: 0.00%
2025-07-16 10:55:07,891 - HTMLGenerator - INFO - [TIMER] Starting: Acquire geodataframe for Approximate_Floodplain_in_Lower_Fraser_and_Squamish_Rivers
2025-07-16 10:55:07,964 - fiona._env - DEBUG - GDAL_DATA found in environment.
2025-07-16 10:55:07,966 - fiona._env - DEBUG - PROJ data found in package: path='P:\\corp\\central_clones\\python_geopandas\\Lib\\site-packages\\fiona\\proj_data'.
2025-07-16 10:55:09,967 - fiona._env - WARNING - PROJ: proj_identify: P:\corp\central_clones\python_geopandas\Lib\site-packages\fiona\proj_data\proj.db contains DATABASE.LAYOUT.VERSION.MINOR = 2 whereas a number >= 3 is expected. It comes from another PROJ installation.
2025-07-16 10:55:16,532 - fiona._env - WARNING - PROJ: proj_identify: P:\corp\central_clones\python_geopandas\Lib\site-packages\fiona\proj_data\proj.db contains DATABASE.LAYOUT.VERSION.MINOR = 2 whereas a number >= 3 is expected. It comes from another PROJ installation.
2025-07-16 10:55:16,799 - fiona._env - WARNING - PROJ: proj_identify: P:\corp\central_clones\python_geopandas\Lib\site-packages\fiona\proj_data\proj.db contains DATABASE.LAYOUT.VERSION.MINOR = 2 whereas a number >= 3 is expected. It comes from another PROJ installation.
2025-07-16 10:55:17,908 - fiona._env - DEBUG - GDAL_DATA found in environment.
2025-07-16 10:55:17,910 - fiona._env - DEBUG - PROJ data found in package: path='P:\\corp\\central_clones\\python_geopandas\\Lib\\site-packages\\fiona\\proj_data'.
2025-07-16 10:55:17,911 - fiona.ogrext - DEBUG - Got coordinate system
2025-07-16 10:55:17,924 - fiona.ogrext - DEBUG - Got coordinate system
2025-07-16 10:55:17,955 - fiona._env - WARNING - PROJ: proj_identify: P:\corp\central_clones\python_geopandas\Lib\site-packages\fiona\proj_data\proj.db contains DATABASE.LAYOUT.VERSION.MINOR = 2 whereas a number >= 3 is expected. It comes from another PROJ installation.
2025-07-16 10:55:17,955 - fiona.ogrext - DEBUG - OLC_FASTSETNEXTBYINDEX: 1
2025-07-16 10:55:17,956 - fiona.ogrext - DEBUG - OLC_FASTFEATURECOUNT: 1
2025-07-16 10:55:17,956 - fiona.ogrext - DEBUG - Next index: 0
2025-07-16 10:55:17,990 - fiona.collection - DEBUG - Flushed buffer
2025-07-16 10:55:17,992 - fiona.collection - DEBUG - Stopped session
2025-07-16 10:55:18,093 - HTMLGenerator - INFO - [TIMER] Finished: Acquire geodataframe for Approximate_Floodplain_in_Lower_Fraser_and_Squamish_Rivers in 10.10 sec | Mem: 1041.57 MB (+0.23 MB) | CPU: 0.00%
2025-07-16 10:55:18,094 - HTMLGenerator - INFO - [TIMER] Starting: Acquire geodataframe for Flood_Control_Points_in_Lower_Mainland
2025-07-16 10:55:18,175 - fiona._env - DEBUG - GDAL_DATA found in environment.
2025-07-16 10:55:18,177 - fiona._env - DEBUG - PROJ data found in package: path='P:\\corp\\central_clones\\python_geopandas\\Lib\\site-packages\\fiona\\proj_data'.
2025-07-16 10:55:19,891 - fiona._env - WARNING - PROJ: proj_identify: P:\corp\central_clones\python_geopandas\Lib\site-packages\fiona\proj_data\proj.db contains DATABASE.LAYOUT.VERSION.MINOR = 2 whereas a number >= 3 is expected. It comes from another PROJ installation.
2025-07-16 10:55:25,839 - fiona._env - WARNING - PROJ: proj_identify: P:\corp\central_clones\python_geopandas\Lib\site-packages\fiona\proj_data\proj.db contains DATABASE.LAYOUT.VERSION.MINOR = 2 whereas a number >= 3 is expected. It comes from another PROJ installation.
2025-07-16 10:55:26,112 - fiona._env - WARNING - PROJ: proj_identify: P:\corp\central_clones\python_geopandas\Lib\site-packages\fiona\proj_data\proj.db contains DATABASE.LAYOUT.VERSION.MINOR = 2 whereas a number >= 3 is expected. It comes from another PROJ installation.
2025-07-16 10:55:27,194 - fiona._env - DEBUG - GDAL_DATA found in environment.
2025-07-16 10:55:27,195 - fiona._env - DEBUG - PROJ data found in package: path='P:\\corp\\central_clones\\python_geopandas\\Lib\\site-packages\\fiona\\proj_data'.
2025-07-16 10:55:27,196 - fiona.ogrext - DEBUG - Got coordinate system
2025-07-16 10:55:27,207 - fiona.ogrext - DEBUG - Got coordinate system
2025-07-16 10:55:27,230 - fiona._env - WARNING - PROJ: proj_identify: P:\corp\central_clones\python_geopandas\Lib\site-packages\fiona\proj_data\proj.db contains DATABASE.LAYOUT.VERSION.MINOR = 2 whereas a number >= 3 is expected. It comes from another PROJ installation.
2025-07-16 10:55:27,230 - fiona.ogrext - DEBUG - OLC_FASTSETNEXTBYINDEX: 1
2025-07-16 10:55:27,230 - fiona.ogrext - DEBUG - OLC_FASTFEATURECOUNT: 1
2025-07-16 10:55:27,231 - fiona.ogrext - DEBUG - Next index: 0
2025-07-16 10:55:27,265 - fiona.collection - DEBUG - Flushed buffer
2025-07-16 10:55:27,267 - fiona.collection - DEBUG - Stopped session
2025-07-16 10:55:27,368 - HTMLGenerator - INFO - [TIMER] Finished: Acquire geodataframe for Flood_Control_Points_in_Lower_Mainland in 9.15 sec | Mem: 1041.69 MB (+0.12 MB) | CPU: 0.00%
2025-07-16 10:55:27,369 - HTMLGenerator - INFO - [TIMER] Starting: Acquire geodataframe for Flood_Dykes_Lower_Fraser_and_Squamish_Rivers
2025-07-16 10:55:27,433 - fiona._env - DEBUG - GDAL_DATA found in environment.
2025-07-16 10:55:27,434 - fiona._env - DEBUG - PROJ data found in package: path='P:\\corp\\central_clones\\python_geopandas\\Lib\\site-packages\\fiona\\proj_data'.
2025-07-16 10:55:29,167 - fiona._env - WARNING - PROJ: proj_identify: P:\corp\central_clones\python_geopandas\Lib\site-packages\fiona\proj_data\proj.db contains DATABASE.LAYOUT.VERSION.MINOR = 2 whereas a number >= 3 is expected. It comes from another PROJ installation.
2025-07-16 10:55:35,925 - fiona._env - WARNING - PROJ: proj_identify: P:\corp\central_clones\python_geopandas\Lib\site-packages\fiona\proj_data\proj.db contains DATABASE.LAYOUT.VERSION.MINOR = 2 whereas a number >= 3 is expected. It comes from another PROJ installation.
2025-07-16 10:55:36,322 - fiona._env - WARNING - PROJ: proj_identify: P:\corp\central_clones\python_geopandas\Lib\site-packages\fiona\proj_data\proj.db contains DATABASE.LAYOUT.VERSION.MINOR = 2 whereas a number >= 3 is expected. It comes from another PROJ installation.
2025-07-16 10:55:37,308 - fiona._env - DEBUG - GDAL_DATA found in environment.
2025-07-16 10:55:37,310 - fiona._env - DEBUG - PROJ data found in package: path='P:\\corp\\central_clones\\python_geopandas\\Lib\\site-packages\\fiona\\proj_data'.
2025-07-16 10:55:37,312 - fiona.ogrext - DEBUG - Got coordinate system
2025-07-16 10:55:37,332 - fiona.ogrext - DEBUG - Got coordinate system
2025-07-16 10:55:37,371 - fiona._env - WARNING - PROJ: proj_identify: P:\corp\central_clones\python_geopandas\Lib\site-packages\fiona\proj_data\proj.db contains DATABASE.LAYOUT.VERSION.MINOR = 2 whereas a number >= 3 is expected. It comes from another PROJ installation.
2025-07-16 10:55:37,372 - fiona.ogrext - DEBUG - OLC_FASTSETNEXTBYINDEX: 1
2025-07-16 10:55:37,372 - fiona.ogrext - DEBUG - OLC_FASTFEATURECOUNT: 1
2025-07-16 10:55:37,372 - fiona.ogrext - DEBUG - Next index: 0
2025-07-16 10:55:37,440 - fiona.collection - DEBUG - Flushed buffer
2025-07-16 10:55:37,443 - fiona.collection - DEBUG - Stopped session
2025-07-16 10:55:37,544 - HTMLGenerator - INFO - [TIMER] Finished: Acquire geodataframe for Flood_Dykes_Lower_Fraser_and_Squamish_Rivers in 10.07 sec | Mem: 1041.69 MB (+0.00 MB) | CPU: 0.00%
2025-07-16 10:55:37,545 - HTMLGenerator - INFO - [TIMER] Starting: Acquire geodataframe for Flood_Protection_Structural_Works
2025-07-16 10:55:37,628 - fiona._env - DEBUG - GDAL_DATA found in environment.
2025-07-16 10:55:37,631 - fiona._env - DEBUG - PROJ data found in package: path='P:\\corp\\central_clones\\python_geopandas\\Lib\\site-packages\\fiona\\proj_data'.
2025-07-16 10:55:39,139 - fiona._env - WARNING - PROJ: proj_identify: P:\corp\central_clones\python_geopandas\Lib\site-packages\fiona\proj_data\proj.db contains DATABASE.LAYOUT.VERSION.MINOR = 2 whereas a number >= 3 is expected. It comes from another PROJ installation.
2025-07-16 10:55:45,381 - fiona._env - WARNING - PROJ: proj_identify: P:\corp\central_clones\python_geopandas\Lib\site-packages\fiona\proj_data\proj.db contains DATABASE.LAYOUT.VERSION.MINOR = 2 whereas a number >= 3 is expected. It comes from another PROJ installation.
2025-07-16 10:55:45,641 - fiona._env - WARNING - PROJ: proj_identify: P:\corp\central_clones\python_geopandas\Lib\site-packages\fiona\proj_data\proj.db contains DATABASE.LAYOUT.VERSION.MINOR = 2 whereas a number >= 3 is expected. It comes from another PROJ installation.
2025-07-16 10:55:46,796 - fiona._env - DEBUG - GDAL_DATA found in environment.
2025-07-16 10:55:46,797 - fiona._env - DEBUG - PROJ data found in package: path='P:\\corp\\central_clones\\python_geopandas\\Lib\\site-packages\\fiona\\proj_data'.
2025-07-16 10:55:46,799 - fiona.ogrext - DEBUG - Got coordinate system
2025-07-16 10:55:46,819 - fiona.ogrext - DEBUG - Got coordinate system
2025-07-16 10:55:46,848 - fiona._env - WARNING - PROJ: proj_identify: P:\corp\central_clones\python_geopandas\Lib\site-packages\fiona\proj_data\proj.db contains DATABASE.LAYOUT.VERSION.MINOR = 2 whereas a number >= 3 is expected. It comes from another PROJ installation.
2025-07-16 10:55:46,849 - fiona.ogrext - DEBUG - OLC_FASTSETNEXTBYINDEX: 1
2025-07-16 10:55:46,849 - fiona.ogrext - DEBUG - OLC_FASTFEATURECOUNT: 1
2025-07-16 10:55:46,850 - fiona.ogrext - DEBUG - Next index: 0
2025-07-16 10:55:46,898 - fiona.collection - DEBUG - Flushed buffer
2025-07-16 10:55:46,900 - fiona.collection - DEBUG - Stopped session
2025-07-16 10:55:47,001 - HTMLGenerator - INFO - [TIMER] Finished: Acquire geodataframe for Flood_Protection_Structural_Works in 9.35 sec | Mem: 1041.70 MB (+0.01 MB) | CPU: 0.00%
2025-07-16 10:55:47,002 - HTMLGenerator - INFO - [TIMER] Starting: Acquire geodataframe for Flood_Protection_Appurtenant_Structures
2025-07-16 10:55:47,063 - fiona._env - DEBUG - GDAL_DATA found in environment.
2025-07-16 10:55:47,065 - fiona._env - DEBUG - PROJ data found in package: path='P:\\corp\\central_clones\\python_geopandas\\Lib\\site-packages\\fiona\\proj_data'.
2025-07-16 10:55:48,696 - fiona._env - WARNING - PROJ: proj_identify: P:\corp\central_clones\python_geopandas\Lib\site-packages\fiona\proj_data\proj.db contains DATABASE.LAYOUT.VERSION.MINOR = 2 whereas a number >= 3 is expected. It comes from another PROJ installation.
2025-07-16 10:55:54,580 - fiona._env - WARNING - PROJ: proj_identify: P:\corp\central_clones\python_geopandas\Lib\site-packages\fiona\proj_data\proj.db contains DATABASE.LAYOUT.VERSION.MINOR = 2 whereas a number >= 3 is expected. It comes from another PROJ installation.
2025-07-16 10:55:54,863 - fiona._env - WARNING - PROJ: proj_identify: P:\corp\central_clones\python_geopandas\Lib\site-packages\fiona\proj_data\proj.db contains DATABASE.LAYOUT.VERSION.MINOR = 2 whereas a number >= 3 is expected. It comes from another PROJ installation.
2025-07-16 10:55:55,899 - fiona._env - DEBUG - GDAL_DATA found in environment.
2025-07-16 10:55:55,901 - fiona._env - DEBUG - PROJ data found in package: path='P:\\corp\\central_clones\\python_geopandas\\Lib\\site-packages\\fiona\\proj_data'.
2025-07-16 10:55:55,902 - fiona.ogrext - DEBUG - Got coordinate system
2025-07-16 10:55:55,922 - fiona.ogrext - DEBUG - Got coordinate system
2025-07-16 10:55:55,967 - fiona._env - WARNING - PROJ: proj_identify: P:\corp\central_clones\python_geopandas\Lib\site-packages\fiona\proj_data\proj.db contains DATABASE.LAYOUT.VERSION.MINOR = 2 whereas a number >= 3 is expected. It comes from another PROJ installation.
2025-07-16 10:55:55,968 - fiona.ogrext - DEBUG - OLC_FASTSETNEXTBYINDEX: 1
2025-07-16 10:55:55,968 - fiona.ogrext - DEBUG - OLC_FASTFEATURECOUNT: 1
2025-07-16 10:55:55,969 - fiona.ogrext - DEBUG - Next index: 0
2025-07-16 10:55:56,030 - fiona.collection - DEBUG - Flushed buffer
2025-07-16 10:55:56,035 - fiona.collection - DEBUG - Stopped session
2025-07-16 10:55:56,135 - HTMLGenerator - INFO - [TIMER] Finished: Acquire geodataframe for Flood_Protection_Appurtenant_Structures in 9.03 sec | Mem: 1041.70 MB (+0.00 MB) | CPU: 0.00%
2025-07-16 10:55:56,137 - HTMLGenerator - INFO - [TIMER] Starting: Acquire geodataframe for Mapped_Historical_Floodplains_in_BC
2025-07-16 10:55:56,166 - fiona._env - DEBUG - GDAL_DATA found in environment.
2025-07-16 10:55:56,167 - fiona._env - DEBUG - PROJ data found in package: path='P:\\corp\\central_clones\\python_geopandas\\Lib\\site-packages\\fiona\\proj_data'.
2025-07-16 10:55:57,975 - fiona._env - WARNING - PROJ: proj_identify: P:\corp\central_clones\python_geopandas\Lib\site-packages\fiona\proj_data\proj.db contains DATABASE.LAYOUT.VERSION.MINOR = 2 whereas a number >= 3 is expected. It comes from another PROJ installation.
2025-07-16 10:56:04,114 - fiona._env - WARNING - PROJ: proj_identify: P:\corp\central_clones\python_geopandas\Lib\site-packages\fiona\proj_data\proj.db contains DATABASE.LAYOUT.VERSION.MINOR = 2 whereas a number >= 3 is expected. It comes from another PROJ installation.
2025-07-16 10:56:04,394 - fiona._env - WARNING - PROJ: proj_identify: P:\corp\central_clones\python_geopandas\Lib\site-packages\fiona\proj_data\proj.db contains DATABASE.LAYOUT.VERSION.MINOR = 2 whereas a number >= 3 is expected. It comes from another PROJ installation.
2025-07-16 10:56:05,227 - fiona._env - DEBUG - GDAL_DATA found in environment.
2025-07-16 10:56:05,228 - fiona._env - DEBUG - PROJ data found in package: path='P:\\corp\\central_clones\\python_geopandas\\Lib\\site-packages\\fiona\\proj_data'.
2025-07-16 10:56:05,229 - fiona.ogrext - DEBUG - Got coordinate system
2025-07-16 10:56:05,243 - fiona.ogrext - DEBUG - Got coordinate system
2025-07-16 10:56:05,270 - fiona._env - WARNING - PROJ: proj_identify: P:\corp\central_clones\python_geopandas\Lib\site-packages\fiona\proj_data\proj.db contains DATABASE.LAYOUT.VERSION.MINOR = 2 whereas a number >= 3 is expected. It comes from another PROJ installation.
2025-07-16 10:56:05,270 - fiona.ogrext - DEBUG - OLC_FASTSETNEXTBYINDEX: 1
2025-07-16 10:56:05,270 - fiona.ogrext - DEBUG - OLC_FASTFEATURECOUNT: 1
2025-07-16 10:56:05,270 - fiona.ogrext - DEBUG - Next index: 0
2025-07-16 10:56:05,304 - fiona.collection - DEBUG - Flushed buffer
2025-07-16 10:56:05,305 - fiona.collection - DEBUG - Stopped session
2025-07-16 10:56:05,406 - HTMLGenerator - INFO - [TIMER] Finished: Acquire geodataframe for Mapped_Historical_Floodplains_in_BC in 9.17 sec | Mem: 1041.70 MB (+0.00 MB) | CPU: 0.00%
2025-07-16 10:56:05,407 - HTMLGenerator - INFO - [TIMER] Starting: Acquire geodataframe for Base_Freshet_1894_Extent
2025-07-16 10:56:05,429 - fiona._env - DEBUG - GDAL_DATA found in environment.
2025-07-16 10:56:05,430 - fiona._env - DEBUG - PROJ data found in package: path='P:\\corp\\central_clones\\python_geopandas\\Lib\\site-packages\\fiona\\proj_data'.
2025-07-16 10:56:07,616 - fiona._env - WARNING - PROJ: proj_identify: P:\corp\central_clones\python_geopandas\Lib\site-packages\fiona\proj_data\proj.db contains DATABASE.LAYOUT.VERSION.MINOR = 2 whereas a number >= 3 is expected. It comes from another PROJ installation.
2025-07-16 10:56:14,422 - fiona._env - WARNING - PROJ: proj_identify: P:\corp\central_clones\python_geopandas\Lib\site-packages\fiona\proj_data\proj.db contains DATABASE.LAYOUT.VERSION.MINOR = 2 whereas a number >= 3 is expected. It comes from another PROJ installation.
2025-07-16 10:56:14,685 - fiona._env - WARNING - PROJ: proj_identify: P:\corp\central_clones\python_geopandas\Lib\site-packages\fiona\proj_data\proj.db contains DATABASE.LAYOUT.VERSION.MINOR = 2 whereas a number >= 3 is expected. It comes from another PROJ installation.
2025-07-16 10:56:15,759 - fiona._env - DEBUG - GDAL_DATA found in environment.
2025-07-16 10:56:15,760 - fiona._env - DEBUG - PROJ data found in package: path='P:\\corp\\central_clones\\python_geopandas\\Lib\\site-packages\\fiona\\proj_data'.
2025-07-16 10:56:15,760 - fiona.ogrext - DEBUG - Got coordinate system
2025-07-16 10:56:15,773 - fiona.ogrext - DEBUG - Got coordinate system
2025-07-16 10:56:15,821 - fiona._env - WARNING - PROJ: proj_identify: P:\corp\central_clones\python_geopandas\Lib\site-packages\fiona\proj_data\proj.db contains DATABASE.LAYOUT.VERSION.MINOR = 2 whereas a number >= 3 is expected. It comes from another PROJ installation.
2025-07-16 10:56:15,822 - fiona.ogrext - DEBUG - OLC_FASTSETNEXTBYINDEX: 1
2025-07-16 10:56:15,822 - fiona.ogrext - DEBUG - OLC_FASTFEATURECOUNT: 1
2025-07-16 10:56:15,822 - fiona.ogrext - DEBUG - Next index: 0
2025-07-16 10:56:15,868 - fiona.collection - DEBUG - Flushed buffer
2025-07-16 10:56:15,870 - fiona.collection - DEBUG - Stopped session
2025-07-16 10:56:15,971 - HTMLGenerator - INFO - [TIMER] Finished: Acquire geodataframe for Base_Freshet_1894_Extent in 10.46 sec | Mem: 1041.70 MB (+0.00 MB) | CPU: 0.00%
2025-07-16 10:56:15,973 - HTMLGenerator - INFO - [TIMER] Starting: Acquire geodataframe for shishalh_swiya
2025-07-16 10:56:15,999 - fiona._env - DEBUG - GDAL_DATA found in environment.
2025-07-16 10:56:16,001 - fiona._env - DEBUG - PROJ data found in package: path='P:\\corp\\central_clones\\python_geopandas\\Lib\\site-packages\\fiona\\proj_data'.
2025-07-16 10:56:18,063 - fiona._env - WARNING - PROJ: proj_identify: P:\corp\central_clones\python_geopandas\Lib\site-packages\fiona\proj_data\proj.db contains DATABASE.LAYOUT.VERSION.MINOR = 2 whereas a number >= 3 is expected. It comes from another PROJ installation.
2025-07-16 10:56:24,664 - fiona._env - WARNING - PROJ: proj_identify: P:\corp\central_clones\python_geopandas\Lib\site-packages\fiona\proj_data\proj.db contains DATABASE.LAYOUT.VERSION.MINOR = 2 whereas a number >= 3 is expected. It comes from another PROJ installation.
2025-07-16 10:56:24,908 - fiona._env - WARNING - PROJ: proj_identify: P:\corp\central_clones\python_geopandas\Lib\site-packages\fiona\proj_data\proj.db contains DATABASE.LAYOUT.VERSION.MINOR = 2 whereas a number >= 3 is expected. It comes from another PROJ installation.
2025-07-16 10:56:25,888 - fiona._env - DEBUG - GDAL_DATA found in environment.
2025-07-16 10:56:25,890 - fiona._env - DEBUG - PROJ data found in package: path='P:\\corp\\central_clones\\python_geopandas\\Lib\\site-packages\\fiona\\proj_data'.
2025-07-16 10:56:25,890 - fiona.ogrext - DEBUG - Got coordinate system
2025-07-16 10:56:25,906 - fiona.ogrext - DEBUG - Got coordinate system
2025-07-16 10:56:25,933 - fiona._env - WARNING - PROJ: proj_identify: P:\corp\central_clones\python_geopandas\Lib\site-packages\fiona\proj_data\proj.db contains DATABASE.LAYOUT.VERSION.MINOR = 2 whereas a number >= 3 is expected. It comes from another PROJ installation.
2025-07-16 10:56:25,934 - fiona.ogrext - DEBUG - OLC_FASTSETNEXTBYINDEX: 1
2025-07-16 10:56:25,934 - fiona.ogrext - DEBUG - OLC_FASTFEATURECOUNT: 1
2025-07-16 10:56:25,934 - fiona.ogrext - DEBUG - Next index: 0
2025-07-16 10:56:25,975 - fiona.collection - DEBUG - Flushed buffer
2025-07-16 10:56:25,977 - fiona.collection - DEBUG - Stopped session
2025-07-16 10:56:26,078 - HTMLGenerator - INFO - [TIMER] Finished: Acquire geodataframe for shishalh_swiya in 10.00 sec | Mem: 1041.70 MB (-0.00 MB) | CPU: 0.00%
2025-07-16 10:56:26,081 - HTMLGenerator - INFO - [TIMER] Starting: Acquire geodataframe for Pender_Harbour_Dock_Management_Zones
2025-07-16 10:56:26,109 - fiona._env - DEBUG - GDAL_DATA found in environment.
2025-07-16 10:56:26,111 - fiona._env - DEBUG - PROJ data found in package: path='P:\\corp\\central_clones\\python_geopandas\\Lib\\site-packages\\fiona\\proj_data'.
2025-07-16 10:56:27,888 - fiona._env - WARNING - PROJ: proj_identify: P:\corp\central_clones\python_geopandas\Lib\site-packages\fiona\proj_data\proj.db contains DATABASE.LAYOUT.VERSION.MINOR = 2 whereas a number >= 3 is expected. It comes from another PROJ installation.
2025-07-16 10:56:34,059 - fiona._env - WARNING - PROJ: proj_identify: P:\corp\central_clones\python_geopandas\Lib\site-packages\fiona\proj_data\proj.db contains DATABASE.LAYOUT.VERSION.MINOR = 2 whereas a number >= 3 is expected. It comes from another PROJ installation.
2025-07-16 10:56:34,340 - fiona._env - WARNING - PROJ: proj_identify: P:\corp\central_clones\python_geopandas\Lib\site-packages\fiona\proj_data\proj.db contains DATABASE.LAYOUT.VERSION.MINOR = 2 whereas a number >= 3 is expected. It comes from another PROJ installation.
2025-07-16 10:56:35,231 - fiona._env - DEBUG - GDAL_DATA found in environment.
2025-07-16 10:56:35,233 - fiona._env - DEBUG - PROJ data found in package: path='P:\\corp\\central_clones\\python_geopandas\\Lib\\site-packages\\fiona\\proj_data'.
2025-07-16 10:56:35,234 - fiona.ogrext - DEBUG - Got coordinate system
2025-07-16 10:56:35,248 - fiona.ogrext - DEBUG - Got coordinate system
2025-07-16 10:56:35,276 - fiona._env - WARNING - PROJ: proj_identify: P:\corp\central_clones\python_geopandas\Lib\site-packages\fiona\proj_data\proj.db contains DATABASE.LAYOUT.VERSION.MINOR = 2 whereas a number >= 3 is expected. It comes from another PROJ installation.
2025-07-16 10:56:35,276 - fiona.ogrext - DEBUG - OLC_FASTSETNEXTBYINDEX: 1
2025-07-16 10:56:35,276 - fiona.ogrext - DEBUG - OLC_FASTFEATURECOUNT: 1
2025-07-16 10:56:35,277 - fiona.ogrext - DEBUG - Next index: 0
2025-07-16 10:56:35,313 - fiona.collection - DEBUG - Flushed buffer
2025-07-16 10:56:35,315 - fiona.collection - DEBUG - Stopped session
2025-07-16 10:56:35,415 - HTMLGenerator - INFO - [TIMER] Finished: Acquire geodataframe for Pender_Harbour_Dock_Management_Zones in 9.23 sec | Mem: 1042.01 MB (+0.31 MB) | CPU: 0.00%
2025-07-16 10:56:35,417 - HTMLGenerator - INFO - [TIMER] Starting: Acquire geodataframe for VFPA_Managed_Federal_Lands_and_Waters
2025-07-16 10:56:35,479 - fiona._env - DEBUG - GDAL_DATA found in environment.
2025-07-16 10:56:35,480 - fiona._env - DEBUG - PROJ data found in package: path='P:\\corp\\central_clones\\python_geopandas\\Lib\\site-packages\\fiona\\proj_data'.
2025-07-16 10:56:37,059 - fiona._env - WARNING - PROJ: proj_identify: P:\corp\central_clones\python_geopandas\Lib\site-packages\fiona\proj_data\proj.db contains DATABASE.LAYOUT.VERSION.MINOR = 2 whereas a number >= 3 is expected. It comes from another PROJ installation.
2025-07-16 10:56:43,352 - fiona._env - WARNING - PROJ: proj_identify: P:\corp\central_clones\python_geopandas\Lib\site-packages\fiona\proj_data\proj.db contains DATABASE.LAYOUT.VERSION.MINOR = 2 whereas a number >= 3 is expected. It comes from another PROJ installation.
2025-07-16 10:56:43,588 - fiona._env - WARNING - PROJ: proj_identify: P:\corp\central_clones\python_geopandas\Lib\site-packages\fiona\proj_data\proj.db contains DATABASE.LAYOUT.VERSION.MINOR = 2 whereas a number >= 3 is expected. It comes from another PROJ installation.
2025-07-16 10:56:44,548 - fiona._env - DEBUG - GDAL_DATA found in environment.
2025-07-16 10:56:44,551 - fiona._env - DEBUG - PROJ data found in package: path='P:\\corp\\central_clones\\python_geopandas\\Lib\\site-packages\\fiona\\proj_data'.
2025-07-16 10:56:44,552 - fiona.ogrext - DEBUG - Got coordinate system
2025-07-16 10:56:44,570 - fiona.ogrext - DEBUG - Got coordinate system
2025-07-16 10:56:44,602 - fiona._env - WARNING - PROJ: proj_identify: P:\corp\central_clones\python_geopandas\Lib\site-packages\fiona\proj_data\proj.db contains DATABASE.LAYOUT.VERSION.MINOR = 2 whereas a number >= 3 is expected. It comes from another PROJ installation.
2025-07-16 10:56:44,602 - fiona.ogrext - DEBUG - OLC_FASTSETNEXTBYINDEX: 1
2025-07-16 10:56:44,603 - fiona.ogrext - DEBUG - OLC_FASTFEATURECOUNT: 1
2025-07-16 10:56:44,603 - fiona.ogrext - DEBUG - Next index: 0
2025-07-16 10:56:44,644 - fiona.collection - DEBUG - Flushed buffer
2025-07-16 10:56:44,646 - fiona.collection - DEBUG - Stopped session
2025-07-16 10:56:44,747 - HTMLGenerator - INFO - [TIMER] Finished: Acquire geodataframe for VFPA_Managed_Federal_Lands_and_Waters in 9.23 sec | Mem: 1042.02 MB (+0.02 MB) | CPU: 0.00%
2025-07-16 10:56:44,749 - HTMLGenerator - INFO - [TIMER] Starting: Acquire geodataframe for VFPA_Navigational_Jurisdiction
2025-07-16 10:56:44,824 - fiona._env - DEBUG - GDAL_DATA found in environment.
2025-07-16 10:56:44,826 - fiona._env - DEBUG - PROJ data found in package: path='P:\\corp\\central_clones\\python_geopandas\\Lib\\site-packages\\fiona\\proj_data'.
2025-07-16 10:56:46,619 - fiona._env - WARNING - PROJ: proj_identify: P:\corp\central_clones\python_geopandas\Lib\site-packages\fiona\proj_data\proj.db contains DATABASE.LAYOUT.VERSION.MINOR = 2 whereas a number >= 3 is expected. It comes from another PROJ installation.
2025-07-16 10:56:53,631 - fiona._env - WARNING - PROJ: proj_identify: P:\corp\central_clones\python_geopandas\Lib\site-packages\fiona\proj_data\proj.db contains DATABASE.LAYOUT.VERSION.MINOR = 2 whereas a number >= 3 is expected. It comes from another PROJ installation.
2025-07-16 10:56:54,142 - fiona._env - WARNING - PROJ: proj_identify: P:\corp\central_clones\python_geopandas\Lib\site-packages\fiona\proj_data\proj.db contains DATABASE.LAYOUT.VERSION.MINOR = 2 whereas a number >= 3 is expected. It comes from another PROJ installation.
2025-07-16 10:56:55,541 - fiona._env - DEBUG - GDAL_DATA found in environment.
2025-07-16 10:56:55,543 - fiona._env - DEBUG - PROJ data found in package: path='P:\\corp\\central_clones\\python_geopandas\\Lib\\site-packages\\fiona\\proj_data'.
2025-07-16 10:56:55,544 - fiona.ogrext - DEBUG - Got coordinate system
2025-07-16 10:56:55,568 - fiona.ogrext - DEBUG - Got coordinate system
2025-07-16 10:56:55,609 - fiona._env - WARNING - PROJ: proj_identify: P:\corp\central_clones\python_geopandas\Lib\site-packages\fiona\proj_data\proj.db contains DATABASE.LAYOUT.VERSION.MINOR = 2 whereas a number >= 3 is expected. It comes from another PROJ installation.
2025-07-16 10:56:55,610 - fiona.ogrext - DEBUG - OLC_FASTSETNEXTBYINDEX: 1
2025-07-16 10:56:55,610 - fiona.ogrext - DEBUG - OLC_FASTFEATURECOUNT: 1
2025-07-16 10:56:55,611 - fiona.ogrext - DEBUG - Next index: 0
2025-07-16 10:56:55,678 - fiona.collection - DEBUG - Flushed buffer
2025-07-16 10:56:55,681 - fiona.collection - DEBUG - Stopped session
2025-07-16 10:56:55,782 - HTMLGenerator - INFO - [TIMER] Finished: Acquire geodataframe for VFPA_Navigational_Jurisdiction in 10.93 sec | Mem: 1042.02 MB (+0.00 MB) | CPU: 0.00%
2025-07-16 10:56:55,785 - HTMLGenerator - INFO - [TIMER] Starting: Acquire geodataframe for MaPPs_North_Vancouver_Island_Marine_Plan
2025-07-16 10:56:55,920 - fiona._env - DEBUG - GDAL_DATA found in environment.
2025-07-16 10:56:55,922 - fiona._env - DEBUG - PROJ data found in package: path='P:\\corp\\central_clones\\python_geopandas\\Lib\\site-packages\\fiona\\proj_data'.
2025-07-16 10:56:58,533 - fiona._env - WARNING - PROJ: proj_identify: P:\corp\central_clones\python_geopandas\Lib\site-packages\fiona\proj_data\proj.db contains DATABASE.LAYOUT.VERSION.MINOR = 2 whereas a number >= 3 is expected. It comes from another PROJ installation.
2025-07-16 10:57:07,343 - fiona._env - WARNING - PROJ: proj_identify: P:\corp\central_clones\python_geopandas\Lib\site-packages\fiona\proj_data\proj.db contains DATABASE.LAYOUT.VERSION.MINOR = 2 whereas a number >= 3 is expected. It comes from another PROJ installation.
2025-07-16 10:57:07,606 - fiona._env - WARNING - PROJ: proj_identify: P:\corp\central_clones\python_geopandas\Lib\site-packages\fiona\proj_data\proj.db contains DATABASE.LAYOUT.VERSION.MINOR = 2 whereas a number >= 3 is expected. It comes from another PROJ installation.
2025-07-16 10:57:08,641 - fiona._env - DEBUG - GDAL_DATA found in environment.
2025-07-16 10:57:08,643 - fiona._env - DEBUG - PROJ data found in package: path='P:\\corp\\central_clones\\python_geopandas\\Lib\\site-packages\\fiona\\proj_data'.
2025-07-16 10:57:08,644 - fiona.ogrext - DEBUG - Got coordinate system
2025-07-16 10:57:08,659 - fiona.ogrext - DEBUG - Got coordinate system
2025-07-16 10:57:08,688 - fiona._env - WARNING - PROJ: proj_identify: P:\corp\central_clones\python_geopandas\Lib\site-packages\fiona\proj_data\proj.db contains DATABASE.LAYOUT.VERSION.MINOR = 2 whereas a number >= 3 is expected. It comes from another PROJ installation.
2025-07-16 10:57:08,689 - fiona.ogrext - DEBUG - OLC_FASTSETNEXTBYINDEX: 1
2025-07-16 10:57:08,689 - fiona.ogrext - DEBUG - OLC_FASTFEATURECOUNT: 1
2025-07-16 10:57:08,690 - fiona.ogrext - DEBUG - Next index: 0
2025-07-16 10:57:08,733 - fiona.collection - DEBUG - Flushed buffer
2025-07-16 10:57:08,736 - fiona.collection - DEBUG - Stopped session
2025-07-16 10:57:08,836 - HTMLGenerator - INFO - [TIMER] Finished: Acquire geodataframe for MaPPs_North_Vancouver_Island_Marine_Plan in 12.95 sec | Mem: 1042.02 MB (+0.00 MB) | CPU: 0.00%
2025-07-16 10:57:08,837 - HTMLGenerator - INFO - [TIMER] Starting: Acquire geodataframe for Sea_to_Sky_SLRP_Boundary_
2025-07-16 10:57:08,913 - fiona._env - DEBUG - GDAL_DATA found in environment.
2025-07-16 10:57:08,916 - fiona._env - DEBUG - PROJ data found in package: path='P:\\corp\\central_clones\\python_geopandas\\Lib\\site-packages\\fiona\\proj_data'.
2025-07-16 10:57:10,795 - fiona._env - WARNING - PROJ: proj_identify: P:\corp\central_clones\python_geopandas\Lib\site-packages\fiona\proj_data\proj.db contains DATABASE.LAYOUT.VERSION.MINOR = 2 whereas a number >= 3 is expected. It comes from another PROJ installation.
2025-07-16 10:57:17,972 - fiona._env - WARNING - PROJ: proj_identify: P:\corp\central_clones\python_geopandas\Lib\site-packages\fiona\proj_data\proj.db contains DATABASE.LAYOUT.VERSION.MINOR = 2 whereas a number >= 3 is expected. It comes from another PROJ installation.
2025-07-16 10:57:18,220 - fiona._env - WARNING - PROJ: proj_identify: P:\corp\central_clones\python_geopandas\Lib\site-packages\fiona\proj_data\proj.db contains DATABASE.LAYOUT.VERSION.MINOR = 2 whereas a number >= 3 is expected. It comes from another PROJ installation.
2025-07-16 10:57:19,048 - fiona._env - DEBUG - GDAL_DATA found in environment.
2025-07-16 10:57:19,049 - fiona._env - DEBUG - PROJ data found in package: path='P:\\corp\\central_clones\\python_geopandas\\Lib\\site-packages\\fiona\\proj_data'.
2025-07-16 10:57:19,050 - fiona.ogrext - DEBUG - Got coordinate system
2025-07-16 10:57:19,063 - fiona.ogrext - DEBUG - Got coordinate system
2025-07-16 10:57:19,086 - fiona._env - WARNING - PROJ: proj_identify: P:\corp\central_clones\python_geopandas\Lib\site-packages\fiona\proj_data\proj.db contains DATABASE.LAYOUT.VERSION.MINOR = 2 whereas a number >= 3 is expected. It comes from another PROJ installation.
2025-07-16 10:57:19,087 - fiona.ogrext - DEBUG - OLC_FASTSETNEXTBYINDEX: 1
2025-07-16 10:57:19,087 - fiona.ogrext - DEBUG - OLC_FASTFEATURECOUNT: 1
2025-07-16 10:57:19,087 - fiona.ogrext - DEBUG - Next index: 0
2025-07-16 10:57:19,124 - fiona.collection - DEBUG - Flushed buffer
2025-07-16 10:57:19,126 - fiona.collection - DEBUG - Stopped session
2025-07-16 10:57:19,227 - HTMLGenerator - INFO - [TIMER] Finished: Acquire geodataframe for Sea_to_Sky_SLRP_Boundary_ in 10.29 sec | Mem: 1042.02 MB (+0.00 MB) | CPU: 0.00%
2025-07-16 10:57:19,228 - HTMLGenerator - INFO - [TIMER] Starting: Acquire geodataframe for Indian_River_SLRP_Boundary
2025-07-16 10:57:19,303 - fiona._env - DEBUG - GDAL_DATA found in environment.
2025-07-16 10:57:19,304 - fiona._env - DEBUG - PROJ data found in package: path='P:\\corp\\central_clones\\python_geopandas\\Lib\\site-packages\\fiona\\proj_data'.
2025-07-16 10:57:21,023 - fiona._env - WARNING - PROJ: proj_identify: P:\corp\central_clones\python_geopandas\Lib\site-packages\fiona\proj_data\proj.db contains DATABASE.LAYOUT.VERSION.MINOR = 2 whereas a number >= 3 is expected. It comes from another PROJ installation.
2025-07-16 10:57:26,820 - fiona._env - WARNING - PROJ: proj_identify: P:\corp\central_clones\python_geopandas\Lib\site-packages\fiona\proj_data\proj.db contains DATABASE.LAYOUT.VERSION.MINOR = 2 whereas a number >= 3 is expected. It comes from another PROJ installation.
2025-07-16 10:57:27,061 - fiona._env - WARNING - PROJ: proj_identify: P:\corp\central_clones\python_geopandas\Lib\site-packages\fiona\proj_data\proj.db contains DATABASE.LAYOUT.VERSION.MINOR = 2 whereas a number >= 3 is expected. It comes from another PROJ installation.
2025-07-16 10:57:27,862 - fiona._env - DEBUG - GDAL_DATA found in environment.
2025-07-16 10:57:27,864 - fiona._env - DEBUG - PROJ data found in package: path='P:\\corp\\central_clones\\python_geopandas\\Lib\\site-packages\\fiona\\proj_data'.
2025-07-16 10:57:27,864 - fiona.ogrext - DEBUG - Got coordinate system
2025-07-16 10:57:27,879 - fiona.ogrext - DEBUG - Got coordinate system
2025-07-16 10:57:27,905 - fiona._env - WARNING - PROJ: proj_identify: P:\corp\central_clones\python_geopandas\Lib\site-packages\fiona\proj_data\proj.db contains DATABASE.LAYOUT.VERSION.MINOR = 2 whereas a number >= 3 is expected. It comes from another PROJ installation.
2025-07-16 10:57:27,905 - fiona.ogrext - DEBUG - OLC_FASTSETNEXTBYINDEX: 1
2025-07-16 10:57:27,905 - fiona.ogrext - DEBUG - OLC_FASTFEATURECOUNT: 1
2025-07-16 10:57:27,905 - fiona.ogrext - DEBUG - Next index: 0
2025-07-16 10:57:27,950 - fiona.collection - DEBUG - Flushed buffer
2025-07-16 10:57:27,952 - fiona.collection - DEBUG - Stopped session
2025-07-16 10:57:28,052 - HTMLGenerator - INFO - [TIMER] Finished: Acquire geodataframe for Indian_River_SLRP_Boundary in 8.72 sec | Mem: 1042.02 MB (+0.00 MB) | CPU: 0.00%
2025-07-16 10:57:28,053 - HTMLGenerator - INFO - [TIMER] Starting: Acquire geodataframe for Sea_to_Sky_LRMP_Conservancies_
2025-07-16 10:57:28,075 - fiona._env - DEBUG - GDAL_DATA found in environment.
2025-07-16 10:57:28,076 - fiona._env - DEBUG - PROJ data found in package: path='P:\\corp\\central_clones\\python_geopandas\\Lib\\site-packages\\fiona\\proj_data'.
2025-07-16 10:57:29,592 - fiona._env - WARNING - PROJ: proj_identify: P:\corp\central_clones\python_geopandas\Lib\site-packages\fiona\proj_data\proj.db contains DATABASE.LAYOUT.VERSION.MINOR = 2 whereas a number >= 3 is expected. It comes from another PROJ installation.
2025-07-16 10:57:35,622 - fiona._env - WARNING - PROJ: proj_identify: P:\corp\central_clones\python_geopandas\Lib\site-packages\fiona\proj_data\proj.db contains DATABASE.LAYOUT.VERSION.MINOR = 2 whereas a number >= 3 is expected. It comes from another PROJ installation.
2025-07-16 10:57:35,936 - fiona._env - WARNING - PROJ: proj_identify: P:\corp\central_clones\python_geopandas\Lib\site-packages\fiona\proj_data\proj.db contains DATABASE.LAYOUT.VERSION.MINOR = 2 whereas a number >= 3 is expected. It comes from another PROJ installation.
2025-07-16 10:57:36,828 - fiona._env - DEBUG - GDAL_DATA found in environment.
2025-07-16 10:57:36,829 - fiona._env - DEBUG - PROJ data found in package: path='P:\\corp\\central_clones\\python_geopandas\\Lib\\site-packages\\fiona\\proj_data'.
2025-07-16 10:57:36,830 - fiona.ogrext - DEBUG - Got coordinate system
2025-07-16 10:57:36,841 - fiona.ogrext - DEBUG - Got coordinate system
2025-07-16 10:57:36,866 - fiona._env - WARNING - PROJ: proj_identify: P:\corp\central_clones\python_geopandas\Lib\site-packages\fiona\proj_data\proj.db contains DATABASE.LAYOUT.VERSION.MINOR = 2 whereas a number >= 3 is expected. It comes from another PROJ installation.
2025-07-16 10:57:36,866 - fiona.ogrext - DEBUG - OLC_FASTSETNEXTBYINDEX: 1
2025-07-16 10:57:36,866 - fiona.ogrext - DEBUG - OLC_FASTFEATURECOUNT: 1
2025-07-16 10:57:36,867 - fiona.ogrext - DEBUG - Next index: 0
2025-07-16 10:57:36,901 - fiona.collection - DEBUG - Flushed buffer
2025-07-16 10:57:36,903 - fiona.collection - DEBUG - Stopped session
2025-07-16 10:57:37,003 - HTMLGenerator - INFO - [TIMER] Finished: Acquire geodataframe for Sea_to_Sky_LRMP_Conservancies_ in 8.85 sec | Mem: 1042.02 MB (+0.00 MB) | CPU: 0.00%
2025-07-16 10:57:37,004 - HTMLGenerator - INFO - [TIMER] Starting: Acquire geodataframe for Sea_to_Sky_LRMP_Legal_Cultural_Management_Areas
2025-07-16 10:57:37,066 - fiona._env - DEBUG - GDAL_DATA found in environment.
2025-07-16 10:57:37,068 - fiona._env - DEBUG - PROJ data found in package: path='P:\\corp\\central_clones\\python_geopandas\\Lib\\site-packages\\fiona\\proj_data'.
2025-07-16 10:57:39,262 - fiona._env - WARNING - PROJ: proj_identify: P:\corp\central_clones\python_geopandas\Lib\site-packages\fiona\proj_data\proj.db contains DATABASE.LAYOUT.VERSION.MINOR = 2 whereas a number >= 3 is expected. It comes from another PROJ installation.
2025-07-16 10:57:44,673 - fiona._env - WARNING - PROJ: proj_identify: P:\corp\central_clones\python_geopandas\Lib\site-packages\fiona\proj_data\proj.db contains DATABASE.LAYOUT.VERSION.MINOR = 2 whereas a number >= 3 is expected. It comes from another PROJ installation.
2025-07-16 10:57:44,919 - fiona._env - WARNING - PROJ: proj_identify: P:\corp\central_clones\python_geopandas\Lib\site-packages\fiona\proj_data\proj.db contains DATABASE.LAYOUT.VERSION.MINOR = 2 whereas a number >= 3 is expected. It comes from another PROJ installation.
2025-07-16 10:57:45,783 - fiona._env - DEBUG - GDAL_DATA found in environment.
2025-07-16 10:57:45,785 - fiona._env - DEBUG - PROJ data found in package: path='P:\\corp\\central_clones\\python_geopandas\\Lib\\site-packages\\fiona\\proj_data'.
2025-07-16 10:57:45,785 - fiona.ogrext - DEBUG - Got coordinate system
2025-07-16 10:57:45,797 - fiona.ogrext - DEBUG - Got coordinate system
2025-07-16 10:57:45,821 - fiona._env - WARNING - PROJ: proj_identify: P:\corp\central_clones\python_geopandas\Lib\site-packages\fiona\proj_data\proj.db contains DATABASE.LAYOUT.VERSION.MINOR = 2 whereas a number >= 3 is expected. It comes from another PROJ installation.
2025-07-16 10:57:45,821 - fiona.ogrext - DEBUG - OLC_FASTSETNEXTBYINDEX: 1
2025-07-16 10:57:45,822 - fiona.ogrext - DEBUG - OLC_FASTFEATURECOUNT: 1
2025-07-16 10:57:45,822 - fiona.ogrext - DEBUG - Next index: 0
2025-07-16 10:57:45,858 - fiona.collection - DEBUG - Flushed buffer
2025-07-16 10:57:45,860 - fiona.collection - DEBUG - Stopped session
2025-07-16 10:57:45,961 - HTMLGenerator - INFO - [TIMER] Finished: Acquire geodataframe for Sea_to_Sky_LRMP_Legal_Cultural_Management_Areas in 8.86 sec | Mem: 1042.02 MB (+0.00 MB) | CPU: 0.00%
2025-07-16 10:57:45,962 - HTMLGenerator - INFO - [TIMER] Starting: Acquire geodataframe for Sea_to_Sky_LRMP_Legal_Cultural_Places
2025-07-16 10:57:46,022 - fiona._env - DEBUG - GDAL_DATA found in environment.
2025-07-16 10:57:46,024 - fiona._env - DEBUG - PROJ data found in package: path='P:\\corp\\central_clones\\python_geopandas\\Lib\\site-packages\\fiona\\proj_data'.
2025-07-16 10:57:47,523 - fiona._env - WARNING - PROJ: proj_identify: P:\corp\central_clones\python_geopandas\Lib\site-packages\fiona\proj_data\proj.db contains DATABASE.LAYOUT.VERSION.MINOR = 2 whereas a number >= 3 is expected. It comes from another PROJ installation.
2025-07-16 10:57:52,949 - fiona._env - WARNING - PROJ: proj_identify: P:\corp\central_clones\python_geopandas\Lib\site-packages\fiona\proj_data\proj.db contains DATABASE.LAYOUT.VERSION.MINOR = 2 whereas a number >= 3 is expected. It comes from another PROJ installation.
2025-07-16 10:57:53,193 - fiona._env - WARNING - PROJ: proj_identify: P:\corp\central_clones\python_geopandas\Lib\site-packages\fiona\proj_data\proj.db contains DATABASE.LAYOUT.VERSION.MINOR = 2 whereas a number >= 3 is expected. It comes from another PROJ installation.
2025-07-16 10:57:54,025 - fiona._env - DEBUG - GDAL_DATA found in environment.
2025-07-16 10:57:54,026 - fiona._env - DEBUG - PROJ data found in package: path='P:\\corp\\central_clones\\python_geopandas\\Lib\\site-packages\\fiona\\proj_data'.
2025-07-16 10:57:54,027 - fiona.ogrext - DEBUG - Got coordinate system
2025-07-16 10:57:54,039 - fiona.ogrext - DEBUG - Got coordinate system
2025-07-16 10:57:54,063 - fiona._env - WARNING - PROJ: proj_identify: P:\corp\central_clones\python_geopandas\Lib\site-packages\fiona\proj_data\proj.db contains DATABASE.LAYOUT.VERSION.MINOR = 2 whereas a number >= 3 is expected. It comes from another PROJ installation.
2025-07-16 10:57:54,063 - fiona.ogrext - DEBUG - OLC_FASTSETNEXTBYINDEX: 1
2025-07-16 10:57:54,063 - fiona.ogrext - DEBUG - OLC_FASTFEATURECOUNT: 1
2025-07-16 10:57:54,063 - fiona.ogrext - DEBUG - Next index: 0
2025-07-16 10:57:54,103 - fiona.collection - DEBUG - Flushed buffer
2025-07-16 10:57:54,105 - fiona.collection - DEBUG - Stopped session
2025-07-16 10:57:54,205 - HTMLGenerator - INFO - [TIMER] Finished: Acquire geodataframe for Sea_to_Sky_LRMP_Legal_Cultural_Places in 8.14 sec | Mem: 1042.02 MB (-0.00 MB) | CPU: 0.00%
2025-07-16 10:57:54,206 - HTMLGenerator - INFO - [TIMER] Starting: Acquire geodataframe for Sea_to_Sky_LRMP_Legal_Floodplain_Management_Areas
2025-07-16 10:57:54,268 - fiona._env - DEBUG - GDAL_DATA found in environment.
2025-07-16 10:57:54,269 - fiona._env - DEBUG - PROJ data found in package: path='P:\\corp\\central_clones\\python_geopandas\\Lib\\site-packages\\fiona\\proj_data'.
2025-07-16 10:57:56,747 - fiona._env - WARNING - PROJ: proj_identify: P:\corp\central_clones\python_geopandas\Lib\site-packages\fiona\proj_data\proj.db contains DATABASE.LAYOUT.VERSION.MINOR = 2 whereas a number >= 3 is expected. It comes from another PROJ installation.
2025-07-16 10:58:02,228 - fiona._env - WARNING - PROJ: proj_identify: P:\corp\central_clones\python_geopandas\Lib\site-packages\fiona\proj_data\proj.db contains DATABASE.LAYOUT.VERSION.MINOR = 2 whereas a number >= 3 is expected. It comes from another PROJ installation.
2025-07-16 10:58:02,483 - fiona._env - WARNING - PROJ: proj_identify: P:\corp\central_clones\python_geopandas\Lib\site-packages\fiona\proj_data\proj.db contains DATABASE.LAYOUT.VERSION.MINOR = 2 whereas a number >= 3 is expected. It comes from another PROJ installation.
2025-07-16 10:58:03,368 - fiona._env - DEBUG - GDAL_DATA found in environment.
2025-07-16 10:58:03,369 - fiona._env - DEBUG - PROJ data found in package: path='P:\\corp\\central_clones\\python_geopandas\\Lib\\site-packages\\fiona\\proj_data'.
2025-07-16 10:58:03,370 - fiona.ogrext - DEBUG - Got coordinate system
2025-07-16 10:58:03,382 - fiona.ogrext - DEBUG - Got coordinate system
2025-07-16 10:58:03,407 - fiona._env - WARNING - PROJ: proj_identify: P:\corp\central_clones\python_geopandas\Lib\site-packages\fiona\proj_data\proj.db contains DATABASE.LAYOUT.VERSION.MINOR = 2 whereas a number >= 3 is expected. It comes from another PROJ installation.
2025-07-16 10:58:03,408 - fiona.ogrext - DEBUG - OLC_FASTSETNEXTBYINDEX: 1
2025-07-16 10:58:03,408 - fiona.ogrext - DEBUG - OLC_FASTFEATURECOUNT: 1
2025-07-16 10:58:03,408 - fiona.ogrext - DEBUG - Next index: 0
2025-07-16 10:58:03,444 - fiona.collection - DEBUG - Flushed buffer
2025-07-16 10:58:03,446 - fiona.collection - DEBUG - Stopped session
2025-07-16 10:58:03,546 - HTMLGenerator - INFO - [TIMER] Finished: Acquire geodataframe for Sea_to_Sky_LRMP_Legal_Floodplain_Management_Areas in 9.24 sec | Mem: 1042.02 MB (+0.00 MB) | CPU: 0.00%
2025-07-16 10:58:03,547 - HTMLGenerator - INFO - [TIMER] Starting: Acquire geodataframe for Sea_to_Sky_LRMP_Legal_Stand_greater_than_40_years_old_in_the_Birkenhead_Corridor
2025-07-16 10:58:03,571 - fiona._env - DEBUG - GDAL_DATA found in environment.
2025-07-16 10:58:03,573 - fiona._env - DEBUG - PROJ data found in package: path='P:\\corp\\central_clones\\python_geopandas\\Lib\\site-packages\\fiona\\proj_data'.
2025-07-16 10:58:05,239 - fiona._env - WARNING - PROJ: proj_identify: P:\corp\central_clones\python_geopandas\Lib\site-packages\fiona\proj_data\proj.db contains DATABASE.LAYOUT.VERSION.MINOR = 2 whereas a number >= 3 is expected. It comes from another PROJ installation.
2025-07-16 10:58:10,773 - fiona._env - WARNING - PROJ: proj_identify: P:\corp\central_clones\python_geopandas\Lib\site-packages\fiona\proj_data\proj.db contains DATABASE.LAYOUT.VERSION.MINOR = 2 whereas a number >= 3 is expected. It comes from another PROJ installation.
2025-07-16 10:58:11,027 - fiona._env - WARNING - PROJ: proj_identify: P:\corp\central_clones\python_geopandas\Lib\site-packages\fiona\proj_data\proj.db contains DATABASE.LAYOUT.VERSION.MINOR = 2 whereas a number >= 3 is expected. It comes from another PROJ installation.
2025-07-16 10:58:11,896 - fiona._env - DEBUG - GDAL_DATA found in environment.
2025-07-16 10:58:11,898 - fiona._env - DEBUG - PROJ data found in package: path='P:\\corp\\central_clones\\python_geopandas\\Lib\\site-packages\\fiona\\proj_data'.
2025-07-16 10:58:11,898 - fiona.ogrext - DEBUG - Got coordinate system
2025-07-16 10:58:11,911 - fiona.ogrext - DEBUG - Got coordinate system
2025-07-16 10:58:11,939 - fiona._env - WARNING - PROJ: proj_identify: P:\corp\central_clones\python_geopandas\Lib\site-packages\fiona\proj_data\proj.db contains DATABASE.LAYOUT.VERSION.MINOR = 2 whereas a number >= 3 is expected. It comes from another PROJ installation.
2025-07-16 10:58:11,939 - fiona.ogrext - DEBUG - OLC_FASTSETNEXTBYINDEX: 1
2025-07-16 10:58:11,939 - fiona.ogrext - DEBUG - OLC_FASTFEATURECOUNT: 1
2025-07-16 10:58:11,939 - fiona.ogrext - DEBUG - Next index: 0
2025-07-16 10:58:11,976 - fiona.collection - DEBUG - Flushed buffer
2025-07-16 10:58:11,978 - fiona.collection - DEBUG - Stopped session
2025-07-16 10:58:12,078 - HTMLGenerator - INFO - [TIMER] Finished: Acquire geodataframe for Sea_to_Sky_LRMP_Legal_Stand_greater_than_40_years_old_in_the_Birkenhead_Corridor in 8.43 sec | Mem: 1042.02 MB (+0.00 MB) | CPU: 0.00%
2025-07-16 10:58:12,079 - HTMLGenerator - INFO - [TIMER] Starting: Acquire geodataframe for Sea_to_Sky_LRMP_Legal_Upper_Lillooet_River_Riparian_Area_
2025-07-16 10:58:12,102 - fiona._env - DEBUG - GDAL_DATA found in environment.
2025-07-16 10:58:12,104 - fiona._env - DEBUG - PROJ data found in package: path='P:\\corp\\central_clones\\python_geopandas\\Lib\\site-packages\\fiona\\proj_data'.
2025-07-16 10:58:13,653 - fiona._env - WARNING - PROJ: proj_identify: P:\corp\central_clones\python_geopandas\Lib\site-packages\fiona\proj_data\proj.db contains DATABASE.LAYOUT.VERSION.MINOR = 2 whereas a number >= 3 is expected. It comes from another PROJ installation.
2025-07-16 10:58:19,740 - fiona._env - WARNING - PROJ: proj_identify: P:\corp\central_clones\python_geopandas\Lib\site-packages\fiona\proj_data\proj.db contains DATABASE.LAYOUT.VERSION.MINOR = 2 whereas a number >= 3 is expected. It comes from another PROJ installation.
2025-07-16 10:58:20,026 - fiona._env - WARNING - PROJ: proj_identify: P:\corp\central_clones\python_geopandas\Lib\site-packages\fiona\proj_data\proj.db contains DATABASE.LAYOUT.VERSION.MINOR = 2 whereas a number >= 3 is expected. It comes from another PROJ installation.
2025-07-16 10:58:20,947 - fiona._env - DEBUG - GDAL_DATA found in environment.
2025-07-16 10:58:20,948 - fiona._env - DEBUG - PROJ data found in package: path='P:\\corp\\central_clones\\python_geopandas\\Lib\\site-packages\\fiona\\proj_data'.
2025-07-16 10:58:20,949 - fiona.ogrext - DEBUG - Got coordinate system
2025-07-16 10:58:20,961 - fiona.ogrext - DEBUG - Got coordinate system
2025-07-16 10:58:20,989 - fiona._env - WARNING - PROJ: proj_identify: P:\corp\central_clones\python_geopandas\Lib\site-packages\fiona\proj_data\proj.db contains DATABASE.LAYOUT.VERSION.MINOR = 2 whereas a number >= 3 is expected. It comes from another PROJ installation.
2025-07-16 10:58:20,989 - fiona.ogrext - DEBUG - OLC_FASTSETNEXTBYINDEX: 1
2025-07-16 10:58:20,989 - fiona.ogrext - DEBUG - OLC_FASTFEATURECOUNT: 1
2025-07-16 10:58:20,989 - fiona.ogrext - DEBUG - Next index: 0
2025-07-16 10:58:21,026 - fiona.collection - DEBUG - Flushed buffer
2025-07-16 10:58:21,028 - fiona.collection - DEBUG - Stopped session
2025-07-16 10:58:21,128 - HTMLGenerator - INFO - [TIMER] Finished: Acquire geodataframe for Sea_to_Sky_LRMP_Legal_Upper_Lillooet_River_Riparian_Area_ in 8.95 sec | Mem: 1042.02 MB (+0.00 MB) | CPU: 0.00%
2025-07-16 10:58:21,129 - HTMLGenerator - INFO - [TIMER] Starting: Acquire geodataframe for Sea_to_Sky_LRMP_Legal_Wildland_Area_
2025-07-16 10:58:21,152 - fiona._env - DEBUG - GDAL_DATA found in environment.
2025-07-16 10:58:21,153 - fiona._env - DEBUG - PROJ data found in package: path='P:\\corp\\central_clones\\python_geopandas\\Lib\\site-packages\\fiona\\proj_data'.
2025-07-16 10:58:22,664 - fiona._env - WARNING - PROJ: proj_identify: P:\corp\central_clones\python_geopandas\Lib\site-packages\fiona\proj_data\proj.db contains DATABASE.LAYOUT.VERSION.MINOR = 2 whereas a number >= 3 is expected. It comes from another PROJ installation.
2025-07-16 10:58:28,712 - fiona._env - WARNING - PROJ: proj_identify: P:\corp\central_clones\python_geopandas\Lib\site-packages\fiona\proj_data\proj.db contains DATABASE.LAYOUT.VERSION.MINOR = 2 whereas a number >= 3 is expected. It comes from another PROJ installation.
2025-07-16 10:58:29,015 - fiona._env - WARNING - PROJ: proj_identify: P:\corp\central_clones\python_geopandas\Lib\site-packages\fiona\proj_data\proj.db contains DATABASE.LAYOUT.VERSION.MINOR = 2 whereas a number >= 3 is expected. It comes from another PROJ installation.
2025-07-16 10:58:29,914 - fiona._env - DEBUG - GDAL_DATA found in environment.
2025-07-16 10:58:29,916 - fiona._env - DEBUG - PROJ data found in package: path='P:\\corp\\central_clones\\python_geopandas\\Lib\\site-packages\\fiona\\proj_data'.
2025-07-16 10:58:29,916 - fiona.ogrext - DEBUG - Got coordinate system
2025-07-16 10:58:29,928 - fiona.ogrext - DEBUG - Got coordinate system
2025-07-16 10:58:29,955 - fiona._env - WARNING - PROJ: proj_identify: P:\corp\central_clones\python_geopandas\Lib\site-packages\fiona\proj_data\proj.db contains DATABASE.LAYOUT.VERSION.MINOR = 2 whereas a number >= 3 is expected. It comes from another PROJ installation.
2025-07-16 10:58:29,955 - fiona.ogrext - DEBUG - OLC_FASTSETNEXTBYINDEX: 1
2025-07-16 10:58:29,955 - fiona.ogrext - DEBUG - OLC_FASTFEATURECOUNT: 1
2025-07-16 10:58:29,955 - fiona.ogrext - DEBUG - Next index: 0
2025-07-16 10:58:29,991 - fiona.collection - DEBUG - Flushed buffer
2025-07-16 10:58:29,993 - fiona.collection - DEBUG - Stopped session
2025-07-16 10:58:30,094 - HTMLGenerator - INFO - [TIMER] Finished: Acquire geodataframe for Sea_to_Sky_LRMP_Legal_Wildland_Area_ in 8.86 sec | Mem: 1042.02 MB (+0.00 MB) | CPU: 0.00%
2025-07-16 10:58:30,095 - HTMLGenerator - INFO - [TIMER] Starting: Acquire geodataframe for Sea_to_Sky_LRMP_Non_Legal_Cultural_Places
2025-07-16 10:58:30,137 - fiona._env - DEBUG - GDAL_DATA found in environment.
2025-07-16 10:58:30,138 - fiona._env - DEBUG - PROJ data found in package: path='P:\\corp\\central_clones\\python_geopandas\\Lib\\site-packages\\fiona\\proj_data'.
2025-07-16 10:58:31,826 - fiona._env - WARNING - PROJ: proj_identify: P:\corp\central_clones\python_geopandas\Lib\site-packages\fiona\proj_data\proj.db contains DATABASE.LAYOUT.VERSION.MINOR = 2 whereas a number >= 3 is expected. It comes from another PROJ installation.
2025-07-16 10:58:37,538 - fiona._env - WARNING - PROJ: proj_identify: P:\corp\central_clones\python_geopandas\Lib\site-packages\fiona\proj_data\proj.db contains DATABASE.LAYOUT.VERSION.MINOR = 2 whereas a number >= 3 is expected. It comes from another PROJ installation.
2025-07-16 10:58:37,788 - fiona._env - WARNING - PROJ: proj_identify: P:\corp\central_clones\python_geopandas\Lib\site-packages\fiona\proj_data\proj.db contains DATABASE.LAYOUT.VERSION.MINOR = 2 whereas a number >= 3 is expected. It comes from another PROJ installation.
2025-07-16 10:58:38,658 - fiona._env - DEBUG - GDAL_DATA found in environment.
2025-07-16 10:58:38,659 - fiona._env - DEBUG - PROJ data found in package: path='P:\\corp\\central_clones\\python_geopandas\\Lib\\site-packages\\fiona\\proj_data'.
2025-07-16 10:58:38,660 - fiona.ogrext - DEBUG - Got coordinate system
2025-07-16 10:58:38,681 - fiona.ogrext - DEBUG - Got coordinate system
2025-07-16 10:58:38,714 - fiona._env - WARNING - PROJ: proj_identify: P:\corp\central_clones\python_geopandas\Lib\site-packages\fiona\proj_data\proj.db contains DATABASE.LAYOUT.VERSION.MINOR = 2 whereas a number >= 3 is expected. It comes from another PROJ installation.
2025-07-16 10:58:38,714 - fiona.ogrext - DEBUG - OLC_FASTSETNEXTBYINDEX: 1
2025-07-16 10:58:38,714 - fiona.ogrext - DEBUG - OLC_FASTFEATURECOUNT: 1
2025-07-16 10:58:38,715 - fiona.ogrext - DEBUG - Next index: 0
2025-07-16 10:58:38,758 - fiona.collection - DEBUG - Flushed buffer
2025-07-16 10:58:38,760 - fiona.collection - DEBUG - Stopped session
2025-07-16 10:58:38,860 - HTMLGenerator - INFO - [TIMER] Finished: Acquire geodataframe for Sea_to_Sky_LRMP_Non_Legal_Cultural_Places in 8.64 sec | Mem: 1042.02 MB (-0.00 MB) | CPU: 0.00%
2025-07-16 10:58:38,861 - HTMLGenerator - INFO - [TIMER] Starting: Acquire geodataframe for Sea_to_Sky_LRMP_Non_Legal_Front_Country_Area
2025-07-16 10:58:38,912 - fiona._env - DEBUG - GDAL_DATA found in environment.
2025-07-16 10:58:38,913 - fiona._env - DEBUG - PROJ data found in package: path='P:\\corp\\central_clones\\python_geopandas\\Lib\\site-packages\\fiona\\proj_data'.
2025-07-16 10:58:40,679 - fiona._env - WARNING - PROJ: proj_identify: P:\corp\central_clones\python_geopandas\Lib\site-packages\fiona\proj_data\proj.db contains DATABASE.LAYOUT.VERSION.MINOR = 2 whereas a number >= 3 is expected. It comes from another PROJ installation.
2025-07-16 10:58:46,054 - fiona._env - WARNING - PROJ: proj_identify: P:\corp\central_clones\python_geopandas\Lib\site-packages\fiona\proj_data\proj.db contains DATABASE.LAYOUT.VERSION.MINOR = 2 whereas a number >= 3 is expected. It comes from another PROJ installation.
2025-07-16 10:58:46,294 - fiona._env - WARNING - PROJ: proj_identify: P:\corp\central_clones\python_geopandas\Lib\site-packages\fiona\proj_data\proj.db contains DATABASE.LAYOUT.VERSION.MINOR = 2 whereas a number >= 3 is expected. It comes from another PROJ installation.
2025-07-16 10:58:47,136 - fiona._env - DEBUG - GDAL_DATA found in environment.
2025-07-16 10:58:47,137 - fiona._env - DEBUG - PROJ data found in package: path='P:\\corp\\central_clones\\python_geopandas\\Lib\\site-packages\\fiona\\proj_data'.
2025-07-16 10:58:47,137 - fiona.ogrext - DEBUG - Got coordinate system
2025-07-16 10:58:47,149 - fiona.ogrext - DEBUG - Got coordinate system
2025-07-16 10:58:47,172 - fiona._env - WARNING - PROJ: proj_identify: P:\corp\central_clones\python_geopandas\Lib\site-packages\fiona\proj_data\proj.db contains DATABASE.LAYOUT.VERSION.MINOR = 2 whereas a number >= 3 is expected. It comes from another PROJ installation.
2025-07-16 10:58:47,173 - fiona.ogrext - DEBUG - OLC_FASTSETNEXTBYINDEX: 1
2025-07-16 10:58:47,173 - fiona.ogrext - DEBUG - OLC_FASTFEATURECOUNT: 1
2025-07-16 10:58:47,173 - fiona.ogrext - DEBUG - Next index: 0
2025-07-16 10:58:47,209 - fiona.collection - DEBUG - Flushed buffer
2025-07-16 10:58:47,211 - fiona.collection - DEBUG - Stopped session
2025-07-16 10:58:47,311 - HTMLGenerator - INFO - [TIMER] Finished: Acquire geodataframe for Sea_to_Sky_LRMP_Non_Legal_Front_Country_Area in 8.32 sec | Mem: 1042.02 MB (+0.00 MB) | CPU: 0.00%
2025-07-16 10:58:47,312 - HTMLGenerator - INFO - [TIMER] Starting: Acquire geodataframe for Sea_to_Sky_LRMP_Non_Legal_Grizzly_Bear_Excluded_Areas
2025-07-16 10:58:47,336 - fiona._env - DEBUG - GDAL_DATA found in environment.
2025-07-16 10:58:47,337 - fiona._env - DEBUG - PROJ data found in package: path='P:\\corp\\central_clones\\python_geopandas\\Lib\\site-packages\\fiona\\proj_data'.
2025-07-16 10:58:48,826 - fiona._env - WARNING - PROJ: proj_identify: P:\corp\central_clones\python_geopandas\Lib\site-packages\fiona\proj_data\proj.db contains DATABASE.LAYOUT.VERSION.MINOR = 2 whereas a number >= 3 is expected. It comes from another PROJ installation.
2025-07-16 10:58:54,291 - fiona._env - WARNING - PROJ: proj_identify: P:\corp\central_clones\python_geopandas\Lib\site-packages\fiona\proj_data\proj.db contains DATABASE.LAYOUT.VERSION.MINOR = 2 whereas a number >= 3 is expected. It comes from another PROJ installation.
2025-07-16 10:58:54,528 - fiona._env - WARNING - PROJ: proj_identify: P:\corp\central_clones\python_geopandas\Lib\site-packages\fiona\proj_data\proj.db contains DATABASE.LAYOUT.VERSION.MINOR = 2 whereas a number >= 3 is expected. It comes from another PROJ installation.
2025-07-16 10:58:55,327 - fiona._env - DEBUG - GDAL_DATA found in environment.
2025-07-16 10:58:55,328 - fiona._env - DEBUG - PROJ data found in package: path='P:\\corp\\central_clones\\python_geopandas\\Lib\\site-packages\\fiona\\proj_data'.
2025-07-16 10:58:55,329 - fiona.ogrext - DEBUG - Got coordinate system
2025-07-16 10:58:55,340 - fiona.ogrext - DEBUG - Got coordinate system
2025-07-16 10:58:55,365 - fiona._env - WARNING - PROJ: proj_identify: P:\corp\central_clones\python_geopandas\Lib\site-packages\fiona\proj_data\proj.db contains DATABASE.LAYOUT.VERSION.MINOR = 2 whereas a number >= 3 is expected. It comes from another PROJ installation.
2025-07-16 10:58:55,366 - fiona.ogrext - DEBUG - OLC_FASTSETNEXTBYINDEX: 1
2025-07-16 10:58:55,366 - fiona.ogrext - DEBUG - OLC_FASTFEATURECOUNT: 1
2025-07-16 10:58:55,366 - fiona.ogrext - DEBUG - Next index: 0
2025-07-16 10:58:55,402 - fiona.collection - DEBUG - Flushed buffer
2025-07-16 10:58:55,404 - fiona.collection - DEBUG - Stopped session
2025-07-16 10:58:55,505 - HTMLGenerator - INFO - [TIMER] Finished: Acquire geodataframe for Sea_to_Sky_LRMP_Non_Legal_Grizzly_Bear_Excluded_Areas in 8.09 sec | Mem: 1042.02 MB (+0.00 MB) | CPU: 0.00%
2025-07-16 10:58:55,506 - HTMLGenerator - INFO - [TIMER] Starting: Acquire geodataframe for Sea_to_Sky_LRMP_Non_Legal_Grizzly_Bear_Population_Unit_Boundaries
2025-07-16 10:58:55,528 - fiona._env - DEBUG - GDAL_DATA found in environment.
2025-07-16 10:58:55,529 - fiona._env - DEBUG - PROJ data found in package: path='P:\\corp\\central_clones\\python_geopandas\\Lib\\site-packages\\fiona\\proj_data'.
2025-07-16 10:58:57,042 - fiona._env - WARNING - PROJ: proj_identify: P:\corp\central_clones\python_geopandas\Lib\site-packages\fiona\proj_data\proj.db contains DATABASE.LAYOUT.VERSION.MINOR = 2 whereas a number >= 3 is expected. It comes from another PROJ installation.
2025-07-16 10:59:02,667 - fiona._env - WARNING - PROJ: proj_identify: P:\corp\central_clones\python_geopandas\Lib\site-packages\fiona\proj_data\proj.db contains DATABASE.LAYOUT.VERSION.MINOR = 2 whereas a number >= 3 is expected. It comes from another PROJ installation.
2025-07-16 10:59:02,930 - fiona._env - WARNING - PROJ: proj_identify: P:\corp\central_clones\python_geopandas\Lib\site-packages\fiona\proj_data\proj.db contains DATABASE.LAYOUT.VERSION.MINOR = 2 whereas a number >= 3 is expected. It comes from another PROJ installation.
2025-07-16 10:59:03,828 - fiona._env - DEBUG - GDAL_DATA found in environment.
2025-07-16 10:59:03,829 - fiona._env - DEBUG - PROJ data found in package: path='P:\\corp\\central_clones\\python_geopandas\\Lib\\site-packages\\fiona\\proj_data'.
2025-07-16 10:59:03,829 - fiona.ogrext - DEBUG - Got coordinate system
2025-07-16 10:59:03,845 - fiona.ogrext - DEBUG - Got coordinate system
2025-07-16 10:59:03,872 - fiona._env - WARNING - PROJ: proj_identify: P:\corp\central_clones\python_geopandas\Lib\site-packages\fiona\proj_data\proj.db contains DATABASE.LAYOUT.VERSION.MINOR = 2 whereas a number >= 3 is expected. It comes from another PROJ installation.
2025-07-16 10:59:03,873 - fiona.ogrext - DEBUG - OLC_FASTSETNEXTBYINDEX: 1
2025-07-16 10:59:03,873 - fiona.ogrext - DEBUG - OLC_FASTFEATURECOUNT: 1
2025-07-16 10:59:03,873 - fiona.ogrext - DEBUG - Next index: 0
2025-07-16 10:59:03,911 - fiona.collection - DEBUG - Flushed buffer
2025-07-16 10:59:03,913 - fiona.collection - DEBUG - Stopped session
2025-07-16 10:59:04,013 - HTMLGenerator - INFO - [TIMER] Finished: Acquire geodataframe for Sea_to_Sky_LRMP_Non_Legal_Grizzly_Bear_Population_Unit_Boundaries in 8.41 sec | Mem: 1042.02 MB (+0.00 MB) | CPU: 0.00%
2025-07-16 10:59:04,014 - HTMLGenerator - INFO - [TIMER] Starting: Acquire geodataframe for Sea_to_Sky_LRMP_Non_Legal_Lilwat_Nation_Ntakmen_Areas
2025-07-16 10:59:04,074 - fiona._env - DEBUG - GDAL_DATA found in environment.
2025-07-16 10:59:04,075 - fiona._env - DEBUG - PROJ data found in package: path='P:\\corp\\central_clones\\python_geopandas\\Lib\\site-packages\\fiona\\proj_data'.
2025-07-16 10:59:05,561 - fiona._env - WARNING - PROJ: proj_identify: P:\corp\central_clones\python_geopandas\Lib\site-packages\fiona\proj_data\proj.db contains DATABASE.LAYOUT.VERSION.MINOR = 2 whereas a number >= 3 is expected. It comes from another PROJ installation.
2025-07-16 10:59:11,000 - fiona._env - WARNING - PROJ: proj_identify: P:\corp\central_clones\python_geopandas\Lib\site-packages\fiona\proj_data\proj.db contains DATABASE.LAYOUT.VERSION.MINOR = 2 whereas a number >= 3 is expected. It comes from another PROJ installation.
2025-07-16 10:59:11,230 - fiona._env - WARNING - PROJ: proj_identify: P:\corp\central_clones\python_geopandas\Lib\site-packages\fiona\proj_data\proj.db contains DATABASE.LAYOUT.VERSION.MINOR = 2 whereas a number >= 3 is expected. It comes from another PROJ installation.
2025-07-16 10:59:12,102 - fiona._env - DEBUG - GDAL_DATA found in environment.
2025-07-16 10:59:12,103 - fiona._env - DEBUG - PROJ data found in package: path='P:\\corp\\central_clones\\python_geopandas\\Lib\\site-packages\\fiona\\proj_data'.
2025-07-16 10:59:12,104 - fiona.ogrext - DEBUG - Got coordinate system
2025-07-16 10:59:12,115 - fiona.ogrext - DEBUG - Got coordinate system
2025-07-16 10:59:12,139 - fiona._env - WARNING - PROJ: proj_identify: P:\corp\central_clones\python_geopandas\Lib\site-packages\fiona\proj_data\proj.db contains DATABASE.LAYOUT.VERSION.MINOR = 2 whereas a number >= 3 is expected. It comes from another PROJ installation.
2025-07-16 10:59:12,139 - fiona.ogrext - DEBUG - OLC_FASTSETNEXTBYINDEX: 1
2025-07-16 10:59:12,140 - fiona.ogrext - DEBUG - OLC_FASTFEATURECOUNT: 1
2025-07-16 10:59:12,140 - fiona.ogrext - DEBUG - Next index: 0
2025-07-16 10:59:12,176 - fiona.collection - DEBUG - Flushed buffer
2025-07-16 10:59:12,178 - fiona.collection - DEBUG - Stopped session
2025-07-16 10:59:12,278 - HTMLGenerator - INFO - [TIMER] Finished: Acquire geodataframe for Sea_to_Sky_LRMP_Non_Legal_Lilwat_Nation_Ntakmen_Areas in 8.16 sec | Mem: 1042.02 MB (+0.00 MB) | CPU: 0.00%
2025-07-16 10:59:12,279 - HTMLGenerator - INFO - [TIMER] Starting: Acquire geodataframe for Sea_to_Sky_LRMP_Non_Legal_Lilwat_Nation_Stewardship_Areas
2025-07-16 10:59:12,340 - fiona._env - DEBUG - GDAL_DATA found in environment.
2025-07-16 10:59:12,342 - fiona._env - DEBUG - PROJ data found in package: path='P:\\corp\\central_clones\\python_geopandas\\Lib\\site-packages\\fiona\\proj_data'.
2025-07-16 10:59:14,308 - fiona._env - WARNING - PROJ: proj_identify: P:\corp\central_clones\python_geopandas\Lib\site-packages\fiona\proj_data\proj.db contains DATABASE.LAYOUT.VERSION.MINOR = 2 whereas a number >= 3 is expected. It comes from another PROJ installation.
2025-07-16 10:59:20,088 - fiona._env - WARNING - PROJ: proj_identify: P:\corp\central_clones\python_geopandas\Lib\site-packages\fiona\proj_data\proj.db contains DATABASE.LAYOUT.VERSION.MINOR = 2 whereas a number >= 3 is expected. It comes from another PROJ installation.
2025-07-16 10:59:20,353 - fiona._env - WARNING - PROJ: proj_identify: P:\corp\central_clones\python_geopandas\Lib\site-packages\fiona\proj_data\proj.db contains DATABASE.LAYOUT.VERSION.MINOR = 2 whereas a number >= 3 is expected. It comes from another PROJ installation.
2025-07-16 10:59:21,246 - fiona._env - DEBUG - GDAL_DATA found in environment.
2025-07-16 10:59:21,248 - fiona._env - DEBUG - PROJ data found in package: path='P:\\corp\\central_clones\\python_geopandas\\Lib\\site-packages\\fiona\\proj_data'.
2025-07-16 10:59:21,248 - fiona.ogrext - DEBUG - Got coordinate system
2025-07-16 10:59:21,263 - fiona.ogrext - DEBUG - Got coordinate system
2025-07-16 10:59:21,294 - fiona._env - WARNING - PROJ: proj_identify: P:\corp\central_clones\python_geopandas\Lib\site-packages\fiona\proj_data\proj.db contains DATABASE.LAYOUT.VERSION.MINOR = 2 whereas a number >= 3 is expected. It comes from another PROJ installation.
2025-07-16 10:59:21,295 - fiona.ogrext - DEBUG - OLC_FASTSETNEXTBYINDEX: 1
2025-07-16 10:59:21,295 - fiona.ogrext - DEBUG - OLC_FASTFEATURECOUNT: 1
2025-07-16 10:59:21,295 - fiona.ogrext - DEBUG - Next index: 0
2025-07-16 10:59:21,332 - fiona.collection - DEBUG - Flushed buffer
2025-07-16 10:59:21,335 - fiona.collection - DEBUG - Stopped session
2025-07-16 10:59:21,435 - HTMLGenerator - INFO - [TIMER] Finished: Acquire geodataframe for Sea_to_Sky_LRMP_Non_Legal_Lilwat_Nation_Stewardship_Areas in 9.05 sec | Mem: 1042.02 MB (+0.00 MB) | CPU: 0.00%
2025-07-16 10:59:21,436 - HTMLGenerator - INFO - [TIMER] Starting: Acquire geodataframe for Sea_to_Sky_LRMP_Non_Legal_Non_Commercial_Winter_Recreation_Zoning
2025-07-16 10:59:21,500 - fiona._env - DEBUG - GDAL_DATA found in environment.
2025-07-16 10:59:21,502 - fiona._env - DEBUG - PROJ data found in package: path='P:\\corp\\central_clones\\python_geopandas\\Lib\\site-packages\\fiona\\proj_data'.
2025-07-16 10:59:23,068 - fiona._env - WARNING - PROJ: proj_identify: P:\corp\central_clones\python_geopandas\Lib\site-packages\fiona\proj_data\proj.db contains DATABASE.LAYOUT.VERSION.MINOR = 2 whereas a number >= 3 is expected. It comes from another PROJ installation.
2025-07-16 10:59:29,017 - fiona._env - WARNING - PROJ: proj_identify: P:\corp\central_clones\python_geopandas\Lib\site-packages\fiona\proj_data\proj.db contains DATABASE.LAYOUT.VERSION.MINOR = 2 whereas a number >= 3 is expected. It comes from another PROJ installation.
2025-07-16 10:59:29,289 - fiona._env - WARNING - PROJ: proj_identify: P:\corp\central_clones\python_geopandas\Lib\site-packages\fiona\proj_data\proj.db contains DATABASE.LAYOUT.VERSION.MINOR = 2 whereas a number >= 3 is expected. It comes from another PROJ installation.
2025-07-16 10:59:30,174 - fiona._env - DEBUG - GDAL_DATA found in environment.
2025-07-16 10:59:30,175 - fiona._env - DEBUG - PROJ data found in package: path='P:\\corp\\central_clones\\python_geopandas\\Lib\\site-packages\\fiona\\proj_data'.
2025-07-16 10:59:30,176 - fiona.ogrext - DEBUG - Got coordinate system
2025-07-16 10:59:30,189 - fiona.ogrext - DEBUG - Got coordinate system
2025-07-16 10:59:30,217 - fiona._env - WARNING - PROJ: proj_identify: P:\corp\central_clones\python_geopandas\Lib\site-packages\fiona\proj_data\proj.db contains DATABASE.LAYOUT.VERSION.MINOR = 2 whereas a number >= 3 is expected. It comes from another PROJ installation.
2025-07-16 10:59:30,217 - fiona.ogrext - DEBUG - OLC_FASTSETNEXTBYINDEX: 1
2025-07-16 10:59:30,217 - fiona.ogrext - DEBUG - OLC_FASTFEATURECOUNT: 1
2025-07-16 10:59:30,218 - fiona.ogrext - DEBUG - Next index: 0
2025-07-16 10:59:30,254 - fiona.collection - DEBUG - Flushed buffer
2025-07-16 10:59:30,256 - fiona.collection - DEBUG - Stopped session
2025-07-16 10:59:30,356 - HTMLGenerator - INFO - [TIMER] Finished: Acquire geodataframe for Sea_to_Sky_LRMP_Non_Legal_Non_Commercial_Winter_Recreation_Zoning in 8.82 sec | Mem: 1042.02 MB (+0.00 MB) | CPU: 0.00%
2025-07-16 10:59:30,357 - HTMLGenerator - INFO - [TIMER] Starting: Acquire geodataframe for Sea_to_Sky_LRMP_Non_Legal_Squamish_Nation_Wild_Spirit_Places
2025-07-16 10:59:30,397 - fiona._env - DEBUG - GDAL_DATA found in environment.
2025-07-16 10:59:30,399 - fiona._env - DEBUG - PROJ data found in package: path='P:\\corp\\central_clones\\python_geopandas\\Lib\\site-packages\\fiona\\proj_data'.
2025-07-16 10:59:31,996 - fiona._env - WARNING - PROJ: proj_identify: P:\corp\central_clones\python_geopandas\Lib\site-packages\fiona\proj_data\proj.db contains DATABASE.LAYOUT.VERSION.MINOR = 2 whereas a number >= 3 is expected. It comes from another PROJ installation.
2025-07-16 10:59:38,220 - fiona._env - WARNING - PROJ: proj_identify: P:\corp\central_clones\python_geopandas\Lib\site-packages\fiona\proj_data\proj.db contains DATABASE.LAYOUT.VERSION.MINOR = 2 whereas a number >= 3 is expected. It comes from another PROJ installation.
2025-07-16 10:59:38,496 - fiona._env - WARNING - PROJ: proj_identify: P:\corp\central_clones\python_geopandas\Lib\site-packages\fiona\proj_data\proj.db contains DATABASE.LAYOUT.VERSION.MINOR = 2 whereas a number >= 3 is expected. It comes from another PROJ installation.
2025-07-16 10:59:39,409 - fiona._env - DEBUG - GDAL_DATA found in environment.
2025-07-16 10:59:39,411 - fiona._env - DEBUG - PROJ data found in package: path='P:\\corp\\central_clones\\python_geopandas\\Lib\\site-packages\\fiona\\proj_data'.
2025-07-16 10:59:39,411 - fiona.ogrext - DEBUG - Got coordinate system
2025-07-16 10:59:39,424 - fiona.ogrext - DEBUG - Got coordinate system
2025-07-16 10:59:39,450 - fiona._env - WARNING - PROJ: proj_identify: P:\corp\central_clones\python_geopandas\Lib\site-packages\fiona\proj_data\proj.db contains DATABASE.LAYOUT.VERSION.MINOR = 2 whereas a number >= 3 is expected. It comes from another PROJ installation.
2025-07-16 10:59:39,450 - fiona.ogrext - DEBUG - OLC_FASTSETNEXTBYINDEX: 1
2025-07-16 10:59:39,451 - fiona.ogrext - DEBUG - OLC_FASTFEATURECOUNT: 1
2025-07-16 10:59:39,451 - fiona.ogrext - DEBUG - Next index: 0
2025-07-16 10:59:39,488 - fiona.collection - DEBUG - Flushed buffer
2025-07-16 10:59:39,490 - fiona.collection - DEBUG - Stopped session
2025-07-16 10:59:39,590 - HTMLGenerator - INFO - [TIMER] Finished: Acquire geodataframe for Sea_to_Sky_LRMP_Non_Legal_Squamish_Nation_Wild_Spirit_Places in 9.13 sec | Mem: 1042.14 MB (+0.11 MB) | CPU: 0.00%
2025-07-16 10:59:39,591 - HTMLGenerator - INFO - [TIMER] Starting: Acquire geodataframe for Sea_to_Sky_LRMP_Non_Legal_Squamish_Nation_Wildlife_Focus_Areas_Deer
2025-07-16 10:59:39,654 - fiona._env - DEBUG - GDAL_DATA found in environment.
2025-07-16 10:59:39,658 - fiona._env - DEBUG - PROJ data found in package: path='P:\\corp\\central_clones\\python_geopandas\\Lib\\site-packages\\fiona\\proj_data'.
2025-07-16 10:59:41,541 - fiona._env - WARNING - PROJ: proj_identify: P:\corp\central_clones\python_geopandas\Lib\site-packages\fiona\proj_data\proj.db contains DATABASE.LAYOUT.VERSION.MINOR = 2 whereas a number >= 3 is expected. It comes from another PROJ installation.
2025-07-16 10:59:46,904 - fiona._env - WARNING - PROJ: proj_identify: P:\corp\central_clones\python_geopandas\Lib\site-packages\fiona\proj_data\proj.db contains DATABASE.LAYOUT.VERSION.MINOR = 2 whereas a number >= 3 is expected. It comes from another PROJ installation.
2025-07-16 10:59:47,140 - fiona._env - WARNING - PROJ: proj_identify: P:\corp\central_clones\python_geopandas\Lib\site-packages\fiona\proj_data\proj.db contains DATABASE.LAYOUT.VERSION.MINOR = 2 whereas a number >= 3 is expected. It comes from another PROJ installation.
2025-07-16 10:59:48,032 - fiona._env - DEBUG - GDAL_DATA found in environment.
2025-07-16 10:59:48,034 - fiona._env - DEBUG - PROJ data found in package: path='P:\\corp\\central_clones\\python_geopandas\\Lib\\site-packages\\fiona\\proj_data'.
2025-07-16 10:59:48,034 - fiona.ogrext - DEBUG - Got coordinate system
2025-07-16 10:59:48,047 - fiona.ogrext - DEBUG - Got coordinate system
2025-07-16 10:59:48,076 - fiona._env - WARNING - PROJ: proj_identify: P:\corp\central_clones\python_geopandas\Lib\site-packages\fiona\proj_data\proj.db contains DATABASE.LAYOUT.VERSION.MINOR = 2 whereas a number >= 3 is expected. It comes from another PROJ installation.
2025-07-16 10:59:48,077 - fiona.ogrext - DEBUG - OLC_FASTSETNEXTBYINDEX: 1
2025-07-16 10:59:48,077 - fiona.ogrext - DEBUG - OLC_FASTFEATURECOUNT: 1
2025-07-16 10:59:48,077 - fiona.ogrext - DEBUG - Next index: 0
2025-07-16 10:59:48,114 - fiona.collection - DEBUG - Flushed buffer
2025-07-16 10:59:48,116 - fiona.collection - DEBUG - Stopped session
2025-07-16 10:59:48,216 - HTMLGenerator - INFO - [TIMER] Finished: Acquire geodataframe for Sea_to_Sky_LRMP_Non_Legal_Squamish_Nation_Wildlife_Focus_Areas_Deer in 8.52 sec | Mem: 1042.14 MB (+0.00 MB) | CPU: 0.00%
2025-07-16 10:59:48,217 - HTMLGenerator - INFO - [TIMER] Starting: Acquire geodataframe for Sea_to_Sky_LRMP_Non_Legal_Squamish_Nation_Wildlife_Focus_Areas_Elk
2025-07-16 10:59:48,278 - fiona._env - DEBUG - GDAL_DATA found in environment.
2025-07-16 10:59:48,279 - fiona._env - DEBUG - PROJ data found in package: path='P:\\corp\\central_clones\\python_geopandas\\Lib\\site-packages\\fiona\\proj_data'.
2025-07-16 10:59:49,801 - fiona._env - WARNING - PROJ: proj_identify: P:\corp\central_clones\python_geopandas\Lib\site-packages\fiona\proj_data\proj.db contains DATABASE.LAYOUT.VERSION.MINOR = 2 whereas a number >= 3 is expected. It comes from another PROJ installation.
2025-07-16 10:59:55,364 - fiona._env - WARNING - PROJ: proj_identify: P:\corp\central_clones\python_geopandas\Lib\site-packages\fiona\proj_data\proj.db contains DATABASE.LAYOUT.VERSION.MINOR = 2 whereas a number >= 3 is expected. It comes from another PROJ installation.
2025-07-16 10:59:55,593 - fiona._env - WARNING - PROJ: proj_identify: P:\corp\central_clones\python_geopandas\Lib\site-packages\fiona\proj_data\proj.db contains DATABASE.LAYOUT.VERSION.MINOR = 2 whereas a number >= 3 is expected. It comes from another PROJ installation.
2025-07-16 10:59:56,461 - fiona._env - DEBUG - GDAL_DATA found in environment.
2025-07-16 10:59:56,463 - fiona._env - DEBUG - PROJ data found in package: path='P:\\corp\\central_clones\\python_geopandas\\Lib\\site-packages\\fiona\\proj_data'.
2025-07-16 10:59:56,463 - fiona.ogrext - DEBUG - Got coordinate system
2025-07-16 10:59:56,476 - fiona.ogrext - DEBUG - Got coordinate system
2025-07-16 10:59:56,499 - fiona._env - WARNING - PROJ: proj_identify: P:\corp\central_clones\python_geopandas\Lib\site-packages\fiona\proj_data\proj.db contains DATABASE.LAYOUT.VERSION.MINOR = 2 whereas a number >= 3 is expected. It comes from another PROJ installation.
2025-07-16 10:59:56,500 - fiona.ogrext - DEBUG - OLC_FASTSETNEXTBYINDEX: 1
2025-07-16 10:59:56,500 - fiona.ogrext - DEBUG - OLC_FASTFEATURECOUNT: 1
2025-07-16 10:59:56,500 - fiona.ogrext - DEBUG - Next index: 0
2025-07-16 10:59:56,536 - fiona.collection - DEBUG - Flushed buffer
2025-07-16 10:59:56,538 - fiona.collection - DEBUG - Stopped session
2025-07-16 10:59:56,639 - HTMLGenerator - INFO - [TIMER] Finished: Acquire geodataframe for Sea_to_Sky_LRMP_Non_Legal_Squamish_Nation_Wildlife_Focus_Areas_Elk in 8.32 sec | Mem: 1042.14 MB (+0.00 MB) | CPU: 0.00%
2025-07-16 10:59:56,640 - HTMLGenerator - INFO - [TIMER] Starting: Acquire geodataframe for Sea_to_Sky_LRMP_Non_Legal_Squamish_Nation_Wildlife_Focus_Areas_Fur_Animal
2025-07-16 10:59:56,700 - fiona._env - DEBUG - GDAL_DATA found in environment.
2025-07-16 10:59:56,701 - fiona._env - DEBUG - PROJ data found in package: path='P:\\corp\\central_clones\\python_geopandas\\Lib\\site-packages\\fiona\\proj_data'.
2025-07-16 10:59:58,466 - fiona._env - WARNING - PROJ: proj_identify: P:\corp\central_clones\python_geopandas\Lib\site-packages\fiona\proj_data\proj.db contains DATABASE.LAYOUT.VERSION.MINOR = 2 whereas a number >= 3 is expected. It comes from another PROJ installation.
2025-07-16 11:00:04,087 - fiona._env - WARNING - PROJ: proj_identify: P:\corp\central_clones\python_geopandas\Lib\site-packages\fiona\proj_data\proj.db contains DATABASE.LAYOUT.VERSION.MINOR = 2 whereas a number >= 3 is expected. It comes from another PROJ installation.
2025-07-16 11:00:04,324 - fiona._env - WARNING - PROJ: proj_identify: P:\corp\central_clones\python_geopandas\Lib\site-packages\fiona\proj_data\proj.db contains DATABASE.LAYOUT.VERSION.MINOR = 2 whereas a number >= 3 is expected. It comes from another PROJ installation.
2025-07-16 11:00:05,325 - fiona._env - DEBUG - GDAL_DATA found in environment.
2025-07-16 11:00:05,327 - fiona._env - DEBUG - PROJ data found in package: path='P:\\corp\\central_clones\\python_geopandas\\Lib\\site-packages\\fiona\\proj_data'.
2025-07-16 11:00:05,327 - fiona.ogrext - DEBUG - Got coordinate system
2025-07-16 11:00:05,349 - fiona.ogrext - DEBUG - Got coordinate system
2025-07-16 11:00:05,381 - fiona._env - WARNING - PROJ: proj_identify: P:\corp\central_clones\python_geopandas\Lib\site-packages\fiona\proj_data\proj.db contains DATABASE.LAYOUT.VERSION.MINOR = 2 whereas a number >= 3 is expected. It comes from another PROJ installation.
2025-07-16 11:00:05,382 - fiona.ogrext - DEBUG - OLC_FASTSETNEXTBYINDEX: 1
2025-07-16 11:00:05,382 - fiona.ogrext - DEBUG - OLC_FASTFEATURECOUNT: 1
2025-07-16 11:00:05,383 - fiona.ogrext - DEBUG - Next index: 0
2025-07-16 11:00:05,427 - fiona.collection - DEBUG - Flushed buffer
2025-07-16 11:00:05,430 - fiona.collection - DEBUG - Stopped session
2025-07-16 11:00:05,530 - HTMLGenerator - INFO - [TIMER] Finished: Acquire geodataframe for Sea_to_Sky_LRMP_Non_Legal_Squamish_Nation_Wildlife_Focus_Areas_Fur_Animal in 8.79 sec | Mem: 1042.14 MB (+0.00 MB) | CPU: 0.00%
2025-07-16 11:00:05,531 - HTMLGenerator - INFO - [TIMER] Starting: Acquire geodataframe for Sea_to_Sky_LRMP_Non_Legal_Squamish_Nation_Wildlife_Focus_Areas_Goat
2025-07-16 11:00:05,598 - fiona._env - DEBUG - GDAL_DATA found in environment.
2025-07-16 11:00:05,599 - fiona._env - DEBUG - PROJ data found in package: path='P:\\corp\\central_clones\\python_geopandas\\Lib\\site-packages\\fiona\\proj_data'.
2025-07-16 11:00:07,120 - fiona._env - WARNING - PROJ: proj_identify: P:\corp\central_clones\python_geopandas\Lib\site-packages\fiona\proj_data\proj.db contains DATABASE.LAYOUT.VERSION.MINOR = 2 whereas a number >= 3 is expected. It comes from another PROJ installation.
2025-07-16 11:00:12,807 - fiona._env - WARNING - PROJ: proj_identify: P:\corp\central_clones\python_geopandas\Lib\site-packages\fiona\proj_data\proj.db contains DATABASE.LAYOUT.VERSION.MINOR = 2 whereas a number >= 3 is expected. It comes from another PROJ installation.
2025-07-16 11:00:13,114 - fiona._env - WARNING - PROJ: proj_identify: P:\corp\central_clones\python_geopandas\Lib\site-packages\fiona\proj_data\proj.db contains DATABASE.LAYOUT.VERSION.MINOR = 2 whereas a number >= 3 is expected. It comes from another PROJ installation.
2025-07-16 11:00:14,039 - fiona._env - DEBUG - GDAL_DATA found in environment.
2025-07-16 11:00:14,040 - fiona._env - DEBUG - PROJ data found in package: path='P:\\corp\\central_clones\\python_geopandas\\Lib\\site-packages\\fiona\\proj_data'.
2025-07-16 11:00:14,041 - fiona.ogrext - DEBUG - Got coordinate system
2025-07-16 11:00:14,055 - fiona.ogrext - DEBUG - Got coordinate system
2025-07-16 11:00:14,081 - fiona._env - WARNING - PROJ: proj_identify: P:\corp\central_clones\python_geopandas\Lib\site-packages\fiona\proj_data\proj.db contains DATABASE.LAYOUT.VERSION.MINOR = 2 whereas a number >= 3 is expected. It comes from another PROJ installation.
2025-07-16 11:00:14,082 - fiona.ogrext - DEBUG - OLC_FASTSETNEXTBYINDEX: 1
2025-07-16 11:00:14,082 - fiona.ogrext - DEBUG - OLC_FASTFEATURECOUNT: 1
2025-07-16 11:00:14,082 - fiona.ogrext - DEBUG - Next index: 0
2025-07-16 11:00:14,118 - fiona.collection - DEBUG - Flushed buffer
2025-07-16 11:00:14,120 - fiona.collection - DEBUG - Stopped session
2025-07-16 11:00:14,221 - HTMLGenerator - INFO - [TIMER] Finished: Acquire geodataframe for Sea_to_Sky_LRMP_Non_Legal_Squamish_Nation_Wildlife_Focus_Areas_Goat in 8.59 sec | Mem: 1042.14 MB (+0.00 MB) | CPU: 0.00%
2025-07-16 11:00:14,222 - HTMLGenerator - INFO - [TIMER] Starting: Acquire geodataframe for Sea_to_Sky_LRMP_Non_Legal_Squamish_Nation_Wildlife_Focus_Areas_Grizzly
2025-07-16 11:00:14,286 - fiona._env - DEBUG - GDAL_DATA found in environment.
2025-07-16 11:00:14,287 - fiona._env - DEBUG - PROJ data found in package: path='P:\\corp\\central_clones\\python_geopandas\\Lib\\site-packages\\fiona\\proj_data'.
2025-07-16 11:00:15,972 - fiona._env - WARNING - PROJ: proj_identify: P:\corp\central_clones\python_geopandas\Lib\site-packages\fiona\proj_data\proj.db contains DATABASE.LAYOUT.VERSION.MINOR = 2 whereas a number >= 3 is expected. It comes from another PROJ installation.
2025-07-16 11:00:21,519 - fiona._env - WARNING - PROJ: proj_identify: P:\corp\central_clones\python_geopandas\Lib\site-packages\fiona\proj_data\proj.db contains DATABASE.LAYOUT.VERSION.MINOR = 2 whereas a number >= 3 is expected. It comes from another PROJ installation.
2025-07-16 11:00:21,754 - fiona._env - WARNING - PROJ: proj_identify: P:\corp\central_clones\python_geopandas\Lib\site-packages\fiona\proj_data\proj.db contains DATABASE.LAYOUT.VERSION.MINOR = 2 whereas a number >= 3 is expected. It comes from another PROJ installation.
2025-07-16 11:00:22,614 - fiona._env - DEBUG - GDAL_DATA found in environment.
2025-07-16 11:00:22,615 - fiona._env - DEBUG - PROJ data found in package: path='P:\\corp\\central_clones\\python_geopandas\\Lib\\site-packages\\fiona\\proj_data'.
2025-07-16 11:00:22,616 - fiona.ogrext - DEBUG - Got coordinate system
2025-07-16 11:00:22,629 - fiona.ogrext - DEBUG - Got coordinate system
2025-07-16 11:00:22,657 - fiona._env - WARNING - PROJ: proj_identify: P:\corp\central_clones\python_geopandas\Lib\site-packages\fiona\proj_data\proj.db contains DATABASE.LAYOUT.VERSION.MINOR = 2 whereas a number >= 3 is expected. It comes from another PROJ installation.
2025-07-16 11:00:22,657 - fiona.ogrext - DEBUG - OLC_FASTSETNEXTBYINDEX: 1
2025-07-16 11:00:22,658 - fiona.ogrext - DEBUG - OLC_FASTFEATURECOUNT: 1
2025-07-16 11:00:22,658 - fiona.ogrext - DEBUG - Next index: 0
2025-07-16 11:00:22,695 - fiona.collection - DEBUG - Flushed buffer
2025-07-16 11:00:22,696 - fiona.collection - DEBUG - Stopped session
2025-07-16 11:00:22,797 - HTMLGenerator - INFO - [TIMER] Finished: Acquire geodataframe for Sea_to_Sky_LRMP_Non_Legal_Squamish_Nation_Wildlife_Focus_Areas_Grizzly in 8.47 sec | Mem: 1042.14 MB (+0.00 MB) | CPU: 0.00%
2025-07-16 11:00:22,798 - HTMLGenerator - INFO - [TIMER] Starting: Acquire geodataframe for Sea_to_Sky_LRMP_Non_Legal_Squamish_Nation_Wildlife_Focus_Areas_Moose
2025-07-16 11:00:22,857 - fiona._env - DEBUG - GDAL_DATA found in environment.
2025-07-16 11:00:22,858 - fiona._env - DEBUG - PROJ data found in package: path='P:\\corp\\central_clones\\python_geopandas\\Lib\\site-packages\\fiona\\proj_data'.
2025-07-16 11:00:24,561 - fiona._env - WARNING - PROJ: proj_identify: P:\corp\central_clones\python_geopandas\Lib\site-packages\fiona\proj_data\proj.db contains DATABASE.LAYOUT.VERSION.MINOR = 2 whereas a number >= 3 is expected. It comes from another PROJ installation.
2025-07-16 11:00:29,911 - fiona._env - WARNING - PROJ: proj_identify: P:\corp\central_clones\python_geopandas\Lib\site-packages\fiona\proj_data\proj.db contains DATABASE.LAYOUT.VERSION.MINOR = 2 whereas a number >= 3 is expected. It comes from another PROJ installation.
2025-07-16 11:00:30,152 - fiona._env - WARNING - PROJ: proj_identify: P:\corp\central_clones\python_geopandas\Lib\site-packages\fiona\proj_data\proj.db contains DATABASE.LAYOUT.VERSION.MINOR = 2 whereas a number >= 3 is expected. It comes from another PROJ installation.
2025-07-16 11:00:30,985 - fiona._env - DEBUG - GDAL_DATA found in environment.
2025-07-16 11:00:30,987 - fiona._env - DEBUG - PROJ data found in package: path='P:\\corp\\central_clones\\python_geopandas\\Lib\\site-packages\\fiona\\proj_data'.
2025-07-16 11:00:30,987 - fiona.ogrext - DEBUG - Got coordinate system
2025-07-16 11:00:30,999 - fiona.ogrext - DEBUG - Got coordinate system
2025-07-16 11:00:31,027 - fiona._env - WARNING - PROJ: proj_identify: P:\corp\central_clones\python_geopandas\Lib\site-packages\fiona\proj_data\proj.db contains DATABASE.LAYOUT.VERSION.MINOR = 2 whereas a number >= 3 is expected. It comes from another PROJ installation.
2025-07-16 11:00:31,027 - fiona.ogrext - DEBUG - OLC_FASTSETNEXTBYINDEX: 1
2025-07-16 11:00:31,027 - fiona.ogrext - DEBUG - OLC_FASTFEATURECOUNT: 1
2025-07-16 11:00:31,027 - fiona.ogrext - DEBUG - Next index: 0
2025-07-16 11:00:31,064 - fiona.collection - DEBUG - Flushed buffer
2025-07-16 11:00:31,066 - fiona.collection - DEBUG - Stopped session
2025-07-16 11:00:31,166 - HTMLGenerator - INFO - [TIMER] Finished: Acquire geodataframe for Sea_to_Sky_LRMP_Non_Legal_Squamish_Nation_Wildlife_Focus_Areas_Moose in 8.27 sec | Mem: 1042.13 MB (-0.00 MB) | CPU: 0.00%
2025-07-16 11:00:31,168 - HTMLGenerator - INFO - [TIMER] Starting: Acquire geodataframe for DFO_Critical_Habitat_of_Species_at_Risk_Southern_Resident_Killer_Whale
2025-07-16 11:00:31,192 - fiona._env - DEBUG - GDAL_DATA found in environment.
2025-07-16 11:00:31,193 - fiona._env - DEBUG - PROJ data found in package: path='P:\\corp\\central_clones\\python_geopandas\\Lib\\site-packages\\fiona\\proj_data'.
2025-07-16 11:00:32,687 - fiona._env - WARNING - PROJ: proj_identify: P:\corp\central_clones\python_geopandas\Lib\site-packages\fiona\proj_data\proj.db contains DATABASE.LAYOUT.VERSION.MINOR = 2 whereas a number >= 3 is expected. It comes from another PROJ installation.
2025-07-16 11:00:38,139 - fiona._env - WARNING - PROJ: proj_identify: P:\corp\central_clones\python_geopandas\Lib\site-packages\fiona\proj_data\proj.db contains DATABASE.LAYOUT.VERSION.MINOR = 2 whereas a number >= 3 is expected. It comes from another PROJ installation.
2025-07-16 11:00:38,373 - fiona._env - WARNING - PROJ: proj_identify: P:\corp\central_clones\python_geopandas\Lib\site-packages\fiona\proj_data\proj.db contains DATABASE.LAYOUT.VERSION.MINOR = 2 whereas a number >= 3 is expected. It comes from another PROJ installation.
2025-07-16 11:00:39,240 - fiona._env - DEBUG - GDAL_DATA found in environment.
2025-07-16 11:00:39,242 - fiona._env - DEBUG - PROJ data found in package: path='P:\\corp\\central_clones\\python_geopandas\\Lib\\site-packages\\fiona\\proj_data'.
2025-07-16 11:00:39,243 - fiona.ogrext - DEBUG - Got coordinate system
2025-07-16 11:00:39,255 - fiona.ogrext - DEBUG - Got coordinate system
2025-07-16 11:00:39,283 - fiona._env - WARNING - PROJ: proj_identify: P:\corp\central_clones\python_geopandas\Lib\site-packages\fiona\proj_data\proj.db contains DATABASE.LAYOUT.VERSION.MINOR = 2 whereas a number >= 3 is expected. It comes from another PROJ installation.
2025-07-16 11:00:39,284 - fiona.ogrext - DEBUG - OLC_FASTSETNEXTBYINDEX: 1
2025-07-16 11:00:39,284 - fiona.ogrext - DEBUG - OLC_FASTFEATURECOUNT: 1
2025-07-16 11:00:39,284 - fiona.ogrext - DEBUG - Next index: 0
2025-07-16 11:00:39,318 - fiona.collection - DEBUG - Flushed buffer
2025-07-16 11:00:39,320 - fiona.collection - DEBUG - Stopped session
2025-07-16 11:00:39,420 - HTMLGenerator - INFO - [TIMER] Finished: Acquire geodataframe for DFO_Critical_Habitat_of_Species_at_Risk_Southern_Resident_Killer_Whale in 8.15 sec | Mem: 1042.14 MB (+0.00 MB) | CPU: 0.00%
2025-07-16 11:00:39,421 - HTMLGenerator - INFO - [TIMER] Starting: Add legend to all-layers map
2025-07-16 11:00:39,522 - HTMLGenerator - INFO - [TIMER] Finished: Add legend to all-layers map in 0.00 sec | Mem: 1042.14 MB (+0.00 MB) | CPU: 0.00%
2025-07-16 11:00:39,523 - HTMLGenerator - INFO - [TIMER] Starting: Add layer controls to all-layers map
2025-07-16 11:00:39,623 - HTMLGenerator - INFO - [TIMER] Finished: Add layer controls to all-layers map in 0.00 sec | Mem: 1042.14 MB (+0.00 MB) | CPU: 0.00%
2025-07-16 11:00:39,624 - HTMLGenerator - INFO - [TIMER] Starting: Add Grouped Layer Control to All-layers map
2025-07-16 11:00:39,725 - HTMLGenerator - INFO - [TIMER] Finished: Add Grouped Layer Control to All-layers map in 0.00 sec | Mem: 1042.14 MB (+0.00 MB) | CPU: 0.00%
2025-07-16 11:00:39,726 - HTMLGenerator - INFO - [TIMER] Starting: Save All-layers map
2025-07-16 11:00:40,183 - HTMLGenerator - INFO - [TIMER] Finished: Save All-layers map in 0.36 sec | Mem: 1043.77 MB (+1.63 MB) | CPU: 0.00%
2025-07-16 11:00:40,184 - HTMLGenerator - INFO - [INFO] Complete.
2025-07-16 11:06:25,959 - Process Job Mp: worker_3 - INFO - Process Job Mp: MakeAutomatedStatusSpreadsheet_ast completed successfully.
2025-07-16 11:06:25,960 - logging_setup - INFO - 

2025-07-16 11:06:25,960 - logging_setup - INFO - ##########################################################################################################################
2025-07-16 11:06:25,960 - logging_setup - INFO - #
2025-07-16 11:06:25,960 - logging_setup - INFO - Running Add Job Results from Load Jobs Function
2025-07-16 11:06:25,960 - logging_setup - INFO - #
2025-07-16 11:06:25,960 - logging_setup - INFO - ##########################################################################################################################
2025-07-16 11:06:25,960 - logging_setup - INFO - 

2025-07-16 11:06:25,969 - logging_setup - INFO - Add Job Result - Workbook loaded
2025-07-16 11:06:25,970 - logging_setup - INFO - Add Job Result - 'ast_condition' column found in the spreadsheet.
2025-07-16 11:06:25,970 - logging_setup - INFO - Add Job Result - Calculated Excel row index as 5 for job index 3
2025-07-16 11:06:25,970 - logging_setup - INFO - Add Job Result - Updated Job 3 with condition 'COMPLETE'.
2025-07-16 11:06:25,982 - logging_setup - INFO - Add Job Result - Saving Workbook with updated condition
2025-07-16 11:06:25,983 - Process Job Mp: worker_3 - INFO - Process Job Mp: Capturing arcpy messages...
2025-07-16 11:06:25,984 - Process Job Mp: worker_3 - INFO - arcpy messages: Start Time: July 16, 2025 10:00:49 AM
======================================================================
Batching Folium Alpha - Checking for ArcGIS Pro Advanced license
======================================================================
Batch Ast Alpha - Now Running \\spatialfiles.bcgov\work\srm\nel\Local\Geomatics\Workarea\csostad\GitHub_Repositories\ast_batch_tool\alpha\automated_status_sheet_call_routine_arcpro.py
======================================================================

Reading Arguments
======================================================================
Batching Alpha -   Checking existence of GDB
Full_Path: \\spatialfiles.bcgov\work\srm\nel\Local\Geomatics\Workarea\csostad\Statusing\v3 4 JOBS\outputs\636\aoi_boundary.gdb
found: \\spatialfiles.bcgov\work\srm\nel\Local\Geomatics\Workarea\csostad\Statusing\v3 4 JOBS\outputs\636\aoi_boundary.gdb
deleting \\spatialfiles.bcgov\work\srm\nel\Local\Geomatics\Workarea\csostad\Statusing\v3 4 JOBS\outputs\636\aoi_boundary.gdb
======================================================================
Batching Alpha - NOT Checking BCGW Credentials - may take a minute to process...
======================================================================
Batching Alpha - Running Validation
The analysis will be run on all 1 feature(s), since no features were selected.
======================================================================
PASSED ARGUMENTS:
region                              south_coast                                                                                                                                                                                                                                                    
output_dir_same_as_input            false                                                                                                                                                                                                                                                          
output_directory                    \\spatialfiles.bcgov\work\srm\nel\Local\Geomatics\Workarea\csostad\Statusing\v3 4 JOBS\outputs\636                                                                                                                                                             
crown_file_number                                                                                                                                                                                                                                                                                  
disposition_number                                                                                                                                                                                                                                                                                 
parcel_number                                                                                                                                                                                                                                                                                      
dont_overwrite_outputs              false                                                                                                                                                                                                                                                          
skip_conflicts_and_constraints      false                                                                                                                                                                                                                                                          
debug_version                       false                                                                                                                                                                                                                                                          
suppress_map_creation               false                                                                                                                                                                                                                                                          
======================================================================
Setting hard-coded variables
======================================================================
Checking AOI
   getting AOI boundary from feature layer -- copying to GDB
======================================================================
Checking for possible errors in AOI shape
   is this shape multipart ?     no
   are there multiple polygons ?     no
   are there lots of vertices ?     no
   are there possible problems with you input FC ?     no
======================================================================
Preparing to pass variables
Passing variables
======================================================================
*** Running Universal Overlap Tool ***
======================================================================
Deleting fields from AOI to avoid conflicts...
======================================================================
Assigning English names to list positions
======================================================================
Splitting the arguments into individual variables
The input criteria are:
    analyize_this_featureclass = \\spatialfiles.bcgov\work\srm\nel\Local\Geomatics\Workarea\csostad\Statusing\v3 4 JOBS\outputs\636\aoi_boundary.gdb\aoi
    create_subreports_on_this_field = 
    what_type_of_overlap_to_run = 
    xls_file_for_analysis_input = \\giswhse.env.gov.bc.ca\whse_np\corp\script_whse\python\Utility_Misc\Ready\statusing_tools_arcpro\statusing_input_spreadsheets\one_status_common_datasets.xlsx
    report_header1 = 
    report_header2 = 
    report_header3 = 
    report_header4 = 
    subreports_on_seperate_sheets = 
    directory_to_store_output = \\spatialfiles.bcgov\work\srm\nel\Local\Geomatics\Workarea\csostad\Statusing\v3 4 JOBS\outputs\636
    summary_fields_on_seperate_lines = 
    dont_overwrite_data_and_maps = false
    xls_file_for_analysis_input2 = \\giswhse.env.gov.bc.ca\whse_np\corp\script_whse\python\Utility_Misc\Ready\statusing_tools_arcpro\statusing_input_spreadsheets\one_status_south_coast_specific.xlsx
    disclaimer = INTERNAL PROVINCIAL GOVERNMENT USE ONLY
    suppress_map_creation = false
    region = south_coast
    crown_file_number = 
    disposition_number = 
    parcel_number = 
    run_as_fcbc = true
    add_maps_to_current = false
======================================================================
Writing log file 
Set Environment Time is 0
======================================================================
Creating working directories, geodatabases, variables
deleting the existing file: \\spatialfiles.bcgov\work\srm\nel\Local\Geomatics\Workarea\csostad\Statusing\v3 4 JOBS\outputs\636\one_status_common_datasets_aoi.gdb
deleting the existing file: \\spatialfiles.bcgov\work\srm\nel\Local\Geomatics\Workarea\csostad\Statusing\v3 4 JOBS\outputs\636\maps
======================================================================
Batching Alpha - Copying the AOI into the working .GDB
    Creating the raw AOI 
    Creating the final AOI 
Create GDB Time is 31
======================================================================
Reading the input XLS files
    Reading input spreadsheet #1 - 
\\giswhse.env.gov.bc.ca\whse_np\corp\script_whse\python\Utility_Misc\Ready\statusing_tools_arcpro\statusing_input_spreadsheets\one_status_common_datasets.xlsx
    Reading input spreadsheet #2 - 
\\giswhse.env.gov.bc.ca\whse_np\corp\script_whse\python\Utility_Misc\Ready\statusing_tools_arcpro\statusing_input_spreadsheets\one_status_south_coast_specific.xlsx
    Merging Spreadsheets
    Creating Master Control List
Read Inputs Time is 0
======================================================================
Clipping the input datasets to the AOI
Workspace set to: C:\Users\CSOSTAD\Desktop\batch_ast_v3_alpha\connection\bcgw.sde
    Creating the buffered AOI's
    Buffering the AOI at 38 meters
    Buffering the AOI at 5 meters
    Buffering the AOI at 50 meters
    Buffering the AOI at 35 meters
    Buffering the AOI at 2000 meters
    Buffering the AOI at 500 meters
    Buffering the AOI at 5000 meters
    SDE = C:\Users\CSOSTAD\Desktop\batch_ast_v3_alpha\connection\bcgw.sde
    Intersecting the input featuresets
    intersecting 1 of 240     bcgw.sde\WHSE_BASEMAPPING.FWA_STREAM_NETWORKS_SP
    intersecting 2 of 240     bcgw.sde\WHSE_BASEMAPPING.TRIM_WATER_LINES
    intersecting 3 of 240     bcgw.sde\WHSE_BASEMAPPING.DRA_DGTL_ROAD_ATLAS_MPAR_SP
    intersecting 4 of 240     bcgw.sde\WHSE_FOREST_TENURE.FTEN_ROAD_SECTION_LINES_SVW
    intersecting 5 of 240     bcgw.sde\WHSE_FOREST_TENURE.FTEN_ROAD_SECTION_LINES_SVW
    intersecting 6 of 240     bcgw.sde\WHSE_TANTALIS.TA_SURVEYED_ROW_PARCELS_SVW
    intersecting 7 of 240     bcgw.sde\WHSE_TANTALIS.TA_CROWN_RIGHTS_OF_WAY_SVW
    intersecting 8 of 240     bcgw.sde\WHSE_BASEMAPPING.GBA_RAILWAY_TRACKS_SP
    intersecting 9 of 240     bcgw.sde\WHSE_BASEMAPPING.GBA_RAILWAY_CROSSINGS_SP
    intersecting 10 of 240     bcgw.sde\WHSE_BASEMAPPING.FWA_STREAM_NETWORKS_SP
    intersecting 11 of 240     bcgw.sde\WHSE_BASEMAPPING.TRIM_WATER_LINES
    intersecting 12 of 240     bcgw.sde\WHSE_BASEMAPPING.DRA_DGTL_ROAD_ATLAS_MPAR_SP
    intersecting 13 of 240     bcgw.sde\WHSE_BASEMAPPING.DRA_DGTL_ROAD_ATLAS_MPAR_SP
    intersecting 14 of 240     bcgw.sde\WHSE_FOREST_TENURE.FTEN_ROAD_SECTION_LINES_SVW
    intersecting 15 of 240     bcgw.sde\WHSE_TANTALIS.TA_SURVEYED_ROW_PARCELS_SVW
    intersecting 16 of 240     bcgw.sde\WHSE_TANTALIS.TA_CROWN_RIGHTS_OF_WAY_SVW
    intersecting 17 of 240     bcgw.sde\WHSE_TANTALIS.TEMP_TRANSPORT
    intersecting 18 of 240     bcgw.sde\WHSE_BASEMAPPING.GBA_RAILWAY_TRACKS_SP
    intersecting 19 of 240     bcgw.sde\WHSE_BASEMAPPING.GBA_RAILWAY_CROSSINGS_SP
    intersecting 20 of 240     bcgw.sde\WHSE_ADMIN_BOUNDARIES.CLAB_INDIAN_RESERVES
    intersecting 21 of 240     bcgw.sde\WHSE_ADMIN_BOUNDARIES.ADM_INDIAN_RESERVES_BANDS_SP
    intersecting 22 of 240     bcgw.sde\WHSE_ADMIN_BOUNDARIES.CLAB_NATIONAL_PARKS
    intersecting 23 of 240     bcgw.sde\WHSE_TANTALIS.TA_PARK_ECORES_PA_SVW
    intersecting 24 of 240     bcgw.sde\WHSE_TANTALIS.TA_CONSERVANCY_AREAS_SVW
    intersecting 25 of 240     bcgw.sde\WHSE_LEGAL_ADMIN_BOUNDARIES.WCL_CONSERVATION_LANDS_SP
    intersecting 26 of 240     bcgw.sde\WHSE_LEGAL_ADMIN_BOUNDARIES.WCL_CONSERVATION_AREAS_NGO_SP
    intersecting 27 of 240     bcgw.sde\WHSE_ADMIN_BOUNDARIES.PIP_CONSULTATION_AREAS_SP
    intersecting 28 of 240     bcgw.sde\REG_LEGAL_AND_ADMIN_BOUNDARIES.QSOI_BC_REGIONS
    intersecting 29 of 240     bcgw.sde\WHSE_HUMAN_CULTURAL_ECONOMIC.FNIRS_AGREEMENT_BOUNDARY_SVW
    intersecting 30 of 240     bcgw.sde\WHSE_HUMAN_CULTURAL_ECONOMIC.TUS_TRAD_USE_STUDY_POLY_MVW
    intersecting 31 of 240     bcgw.sde\WHSE_HUMAN_CULTURAL_ECONOMIC.TUS_TRD_USE_STD_SITE_POINT_MVW
    intersecting 32 of 240     bcgw.sde\WHSE_HUMAN_CULTURAL_ECONOMIC.TUS_TRD_USE_STD_SITE_LINE_MVW
    intersecting 33 of 240     bcgw.sde\WHSE_HUMAN_CULTURAL_ECONOMIC.TUS_TRD_USE_STD_SITE_POLY_MVW
    intersecting 34 of 240     bcgw.sde\WHSE_ADMIN_BOUNDARIES.FADM_TSA
    intersecting 35 of 240     bcgw.sde\WHSE_TANTALIS.TA_SURVEY_PARCELS_SVW
    intersecting 36 of 240     bcgw.sde\WHSE_TANTALIS.TA_SURVEY_PARCELS_SVW
    intersecting 37 of 240     bcgw.sde\WHSE_CADASTRE.PMBC_PARCEL_FABRIC_POLY_FA_SVW
    intersecting 38 of 240     bcgw.sde\WHSE_MINERAL_TENURE.MTA_CROWN_GRANT_MIN_CLAIM_SVW
    intersecting 39 of 240     bcgw.sde\WHSE_TANTALIS.TA_CROWN_TENURES_SVW
    intersecting 40 of 240     bcgw.sde\WHSE_TANTALIS.TA_CROWN_TENURES_SVW
    intersecting 41 of 240     bcgw.sde\WHSE_TANTALIS.TA_CROWN_TENURES_SVW
    intersecting 42 of 240     bcgw.sde\WHSE_TANTALIS.TA_CROWN_TENURES_SVW
    intersecting 43 of 240     bcgw.sde\WHSE_TANTALIS.TA_CROWN_LEASES_SVW
    intersecting 44 of 240     bcgw.sde\WHSE_TANTALIS.TA_ACQUISITIONS_SVW
    intersecting 45 of 240     bcgw.sde\WHSE_TANTALIS.TA_REVERSIONS_SVW
    intersecting 46 of 240     bcgw.sde\WHSE_LEGAL_ADMIN_BOUNDARIES.ILRR_LAND_ACT_TRNSFR_CNTRL_SVW
    intersecting 47 of 240     bcgw.sde\WHSE_WILDLIFE_MANAGEMENT.WAA_GUIDE_OUTFITTER_AREA_SVW
    intersecting 48 of 240     bcgw.sde\WHSE_WILDLIFE_MANAGEMENT.WAA_TRAPLINE_AREAS_SP
    intersecting 49 of 240     bcgw.sde\WHSE_FOREST_TENURE.FTEN_ROAD_SECTION_LINES_SVW
    intersecting 50 of 240     bcgw.sde\WHSE_FOREST_TENURE.FTEN_ROAD_SECTION_LINES_SVW
    intersecting 51 of 240     bcgw.sde\WHSE_FOREST_TENURE.FTEN_SPEC_ACCESS_RD_LINES_SVW
    intersecting 52 of 240     bcgw.sde\WHSE_FOREST_TENURE.FTEN_SPEC_ACCESS_RD_POLY_SVW
    intersecting 53 of 240     bcgw.sde\WHSE_FOREST_TENURE.FTEN_RANGE_POLY_SVW
    intersecting 54 of 240     bcgw.sde\WHSE_FOREST_TENURE.FTEN_HARVEST_AUTH_POLY_SVW 
    intersecting 55 of 240     bcgw.sde\WHSE_FOREST_TENURE.FTEN_CUT_BLOCK_POLY_SVW
    intersecting 56 of 240     bcgw.sde\WHSE_FOREST_TENURE.FTEN_COMM_SITE_POLY_SVW
    intersecting 57 of 240     bcgw.sde\WHSE_FOREST_TENURE.FTEN_REAL_PROPERTY_POLY_SVW
    intersecting 58 of 240     bcgw.sde\WHSE_FOREST_TENURE.FTEN_SPEC_USE_PERMIT_POLY_SVW
    intersecting 59 of 240     bcgw.sde\WHSE_FOREST_TENURE.FTEN_TIMBER_LICENCE_POLY_SVW
    intersecting 60 of 240     bcgw.sde\WHSE_FOREST_TENURE.FTEN_TL_REMAINING_POLY_SVW
    intersecting 61 of 240     bcgw.sde\WHSE_FOREST_TENURE.FTEN_TL_ELIMINATION_POLY_SVW
    intersecting 62 of 240     bcgw.sde\WHSE_FOREST_TENURE.FTEN_MANAGED_LICENCE_POLY_SVW
    intersecting 63 of 240     bcgw.sde\WHSE_FOREST_TENURE.FTEN_FREE_USE_PERMIT_POLY_SVW
    intersecting 64 of 240     bcgw.sde\WHSE_FOREST_TENURE.FTEN_MAP_NOTATN_LINES_SVW
    intersecting 65 of 240     bcgw.sde\WHSE_FOREST_TENURE.FTEN_MAP_NOTATN_POLY_SVW
    intersecting 66 of 240     bcgw.sde\WHSE_FOREST_TENURE.FTEN_MAP_NOTATN_POINTS_SVW
    intersecting 67 of 240     bcgw.sde\WHSE_ADMIN_BOUNDARIES.FADM_TFL
    intersecting 68 of 240     bcgw.sde\WHSE_ADMIN_BOUNDARIES.FADM_TFL_ADDITION
    intersecting 69 of 240     bcgw.sde\WHSE_ADMIN_BOUNDARIES.FADM_TFL_DELETION
    intersecting 70 of 240     bcgw.sde\WHSE_ADMIN_BOUNDARIES.FADM_TFL_SCHED_A
    intersecting 71 of 240     bcgw.sde\WHSE_FOREST_VEGETATION.RESPROJ_RSRCH_INSTLTNS_GOV_SVW
    intersecting 72 of 240     bcgw.sde\WHSE_FOREST_VEGETATION.ISMC_PSP_ACTIVE_SITES_SP
    intersecting 73 of 240     bcgw.sde\WHSE_FOREST_TENURE.FTEN_RECREATION_POLY_SVW
    intersecting 74 of 240     bcgw.sde\WHSE_FOREST_TENURE.FTEN_RECREATION_LINES_SVW
    intersecting 75 of 240     bcgw.sde\WHSE_HUMAN_CULTURAL_ECONOMIC.RST_SECTION_58_ORDERS_POINT
    intersecting 76 of 240     bcgw.sde\WHSE_HUMAN_CULTURAL_ECONOMIC.RST_SECTION_58_ORDERS_LINE
    intersecting 77 of 240     bcgw.sde\WHSE_HUMAN_CULTURAL_ECONOMIC.RST_SECTION_58_ORDERS_POLY
    intersecting 78 of 240     bcgw.sde\WHSE_FOREST_VEGETATION.RSLT_OPENING_SVW
    intersecting 79 of 240     bcgw.sde\WHSE_FOREST_VEGETATION.RSLT_FOREST_COVER_RESERVE_SVW
    intersecting 80 of 240     bcgw.sde\WHSE_BASEMAPPING.GBA_METEOROLOGICAL_LOCS_SP
    intersecting 81 of 240     bcgw.sde\WHSE_ENVIRONMENTAL_MONITORING.ENVCAN_HYDROMETRIC_STN_SP
    intersecting 82 of 240     bcgw.sde\WHSE_WATER_MANAGEMENT.WLS_WATER_NOTATION_STREAMS_SP
    intersecting 83 of 240     bcgw.sde\WHSE_WATER_MANAGEMENT.WLS_WATER_NOTATION_AQUIFERS_SP
    intersecting 84 of 240     bcgw.sde\WHSE_WATER_MANAGEMENT.WLS_WATER_RIGHTS_LICENCES_SP
    intersecting 85 of 240     bcgw.sde\WHSE_WATER_MANAGEMENT.WLS_WATER_RIGHTS_APPLICTNS_SP
    intersecting 86 of 240     bcgw.sde\WHSE_WATER_MANAGEMENT.WLS_WATER_LICENCED_WRK_LINE_SP
    intersecting 87 of 240     bcgw.sde\WHSE_WATER_MANAGEMENT.WLS_WATER_LICENCED_WRK_LOC_SP
    intersecting 88 of 240     bcgw.sde\WHSE_WATER_MANAGEMENT.WLS_LICENCE_WITH_PARCELS_ISP
    intersecting 89 of 240     bcgw.sde\WHSE_WATER_MANAGEMENT.WLS_WATER_APPROVALS_GOV_SVW
    intersecting 90 of 240     bcgw.sde\WHSE_WATER_MANAGEMENT.WLS_RESERVOIR_PMT_LICENSEE_SP
    intersecting 91 of 240     bcgw.sde\WHSE_WATER_MANAGEMENT.WRIS_DAMS_PUBLIC_SVW
    intersecting 92 of 240     bcgw.sde\WHSE_MINERAL_TENURE.MTA_ACQUIRED_TENURE_SVW
    intersecting 93 of 240     bcgw.sde\WHSE_MINERAL_TENURE.MTA_ACQUIRED_TENURE_SVW
    intersecting 94 of 240     bcgw.sde\WHSE_MINERAL_TENURE.MTA_ACQUIRED_TENURE_SVW
    intersecting 95 of 240     bcgw.sde\WHSE_MINERAL_TENURE.HSP_MJR_MINES_PERMTTD_AREAS_SP
    intersecting 96 of 240     bcgw.sde\WHSE_MINERAL_TENURE.HSP_NOTICE_OF_WORK_PA_POINT_SV
    intersecting 97 of 240     bcgw.sde\WHSE_MINERAL_TENURE.HSP_NOTICE_OF_WORK_PA_POINT_SV
    intersecting 98 of 240     bcgw.sde\WHSE_MINERAL_TENURE.MTA_ACQUIRED_TENURE_SVW
    intersecting 99 of 240     bcgw.sde\WHSE_MINERAL_TENURE.PTSA_PETROLEUM_TITLE_POLY
    intersecting 100 of 240     bcgw.sde\WHSE_LAND_AND_NATURAL_RESOURCE.FOSS_IMPORTANT_FOSSIL_AREAS_SP
    intersecting 101 of 240     bcgw.sde\WHSE_WASTE.SITE_ENV_RMDTN_SITES_GOV_SVW
    intersecting 102 of 240     bcgw.sde\WHSE_WASTE.BC_ENV_MONITOR_LOCNS
    intersecting 103 of 240     bcgw.sde\WHSE_ARCHAEOLOGY.RAAD_TFM_SITES_SVW
    intersecting 104 of 240     bcgw.sde\WHSE_ARCHAEOLOGY.RAAD_TFM_SITES_SVW
    intersecting 105 of 240     bcgw.sde\WHSE_HUMAN_CULTURAL_ECONOMIC.HIST_HISTORIC_ENVIRONMNT_FA_SP
    intersecting 106 of 240     bcgw.sde\WHSE_HUMAN_CULTURAL_ECONOMIC.HIST_HISTORIC_ENVIRONMNT_FA_SP
    intersecting 107 of 240     \\spatialfiles.bcgov\work\!Shared_Access\IPCA\IPCA_AST.gdb\AST_interim_IPCA
    intersecting 108 of 240     bcgw.sde\WHSE_LEGAL_ADMIN_BOUNDARIES.OATS_ALR_POLYS
    intersecting 109 of 240     bcgw.sde\WHSE_TANTALIS.TEMP_TRANSPORT
    intersecting 110 of 240     bcgw.sde\REG_LEGAL_AND_ADMIN_BOUNDARIES.REC_TENURE_ALPINE_SKI_AREAS_SP
    intersecting 111 of 240     bcgw.sde\WHSE_WILDLIFE_INVENTORY.AMA_SNOWMOBILE_MGMT_AREAS_SP
    intersecting 112 of 240     bcgw.sde\WHSE_MINERAL_TENURE.MTA_SITE_SP
    intersecting 113 of 240     bcgw.sde\WHSE_MINERAL_TENURE.MTA_SITE_SP
    intersecting 114 of 240     bcgw.sde\WHSE_TERRESTRIAL_ECOLOGY.BIOT_OCCR_NON_SENS_AREA_SVW
    intersecting 115 of 240     bcgw.sde\WHSE_TERRESTRIAL_ECOLOGY.BIOT_OCCR_MASKED_SENS_AREA_SP
    intersecting 116 of 240     bcgw.sde\WHSE_WATER_MANAGEMENT.WLS_COMMUNITY_WS_PUB_SVW
    intersecting 117 of 240     bcgw.sde\WHSE_BASEMAPPING.CWB_FLOODPLAINS_BC_AREA_SVW
    intersecting 118 of 240     bcgw.sde\WHSE_WATER_MANAGEMENT.GW_WATER_WELLS_WRBC_SVW
    intersecting 119 of 240     bcgw.sde\WHSE_WATER_MANAGEMENT.GW_AQUIFERS_CLASSIFICATION_SVW
    intersecting 120 of 240     bcgw.sde\WHSE_WATER_MANAGEMENT.WLS_WATER_RESERVATION_SV
    intersecting 121 of 240     bcgw.sde\WHSE_WATER_MANAGEMENT.WLS_WATER_NOTATION_SV
    intersecting 122 of 240     bcgw.sde\WHSE_WATER_MANAGEMENT.WLS_NON_TRIM_HYDRGRPH_LINE_SVW
    intersecting 123 of 240     bcgw.sde\WHSE_WATER_MANAGEMENT.FPW_APPURTENANT_STRUCTURE_SVW
    intersecting 124 of 240     bcgw.sde\WHSE_WATER_MANAGEMENT.SSL_SNOW_MSS_LOCS_SP
    intersecting 125 of 240     bcgw.sde\WHSE_WATER_MANAGEMENT.SSL_SNOW_ASWS_STNS_SP
    intersecting 126 of 240     bcgw.sde\WHSE_WILDLIFE_MANAGEMENT.WCP_WILDLIFE_HABITAT_AREA_POLY
    intersecting 127 of 240     bcgw.sde\WHSE_WILDLIFE_MANAGEMENT.WCP_WHA_PROPOSED_SP
    intersecting 128 of 240     bcgw.sde\WHSE_WILDLIFE_MANAGEMENT.WCP_UNGULATE_WINTER_RANGE_SP
    intersecting 129 of 240     bcgw.sde\WHSE_WILDLIFE_MANAGEMENT.WCP_UNGULATE_WINTER_RANGE_SP
    intersecting 130 of 240     bcgw.sde\WHSE_WILDLIFE_MANAGEMENT.WCP_UNG_WNTR_RNG_PROPOSED_SP
    intersecting 131 of 240     bcgw.sde\WHSE_WILDLIFE_MANAGEMENT.WCP_WILDLIFE_HABITAT_AREA_POLY
    intersecting 132 of 240     bcgw.sde\WHSE_WILDLIFE_MANAGEMENT.WCP_UNGULATE_WINTER_RANGE_SP
    intersecting 133 of 240     bcgw.sde\WHSE_WILDLIFE_MANAGEMENT.WCP_FISH_SENS_WS_PROPOSED_SP
    intersecting 134 of 240     bcgw.sde\WHSE_WILDLIFE_MANAGEMENT.WCP_FISH_SENSITIVE_WS_POLY
    intersecting 135 of 240     bcgw.sde\WHSE_WILDLIFE_MANAGEMENT.WCP_CRITICAL_HABITAT_SP
    intersecting 136 of 240     bcgw.sde\WHSE_WILDLIFE_MANAGEMENT.CRIMS_EELGRASSES
    intersecting 137 of 240     bcgw.sde\WHSE_WILDLIFE_MANAGEMENT.CRIMS_KELP_BEDS
    intersecting 138 of 240     bcgw.sde\WHSE_TANTALIS.TA_WILDLIFE_MGMT_AREAS_SVW
    intersecting 139 of 240     bcgw.sde\WHSE_WILDLIFE_MANAGEMENT.WAA_WILDLIFE_MGMT_UNITS_SVW
    intersecting 140 of 240     bcgw.sde\WHSE_ADMIN_BOUNDARIES.FADM_PROV_FOREST
    intersecting 141 of 240     bcgw.sde\WHSE_ADMIN_BOUNDARIES.FADM_PROV_FOREST_ADDITION
    intersecting 142 of 240     bcgw.sde\WHSE_ADMIN_BOUNDARIES.FADM_PROV_FOREST_DELETION
    intersecting 143 of 240     bcgw.sde\WHSE_ADMIN_BOUNDARIES.FADM_PROV_FOREST_EXCLUSION
    intersecting 144 of 240     bcgw.sde\WHSE_TERRESTRIAL_ECOLOGY.STE_TER_PROJECT_BOUNDARIES_SVW
    intersecting 145 of 240     bcgw.sde\WHSE_LAND_USE_PLANNING.RMP_LANDSCAPE_UNIT_SVW
    intersecting 146 of 240     bcgw.sde\WHSE_LAND_USE_PLANNING.RMP_STRGC_LAND_RSRCE_PLAN_SVW
    intersecting 147 of 240     bcgw.sde\WHSE_LAND_USE_PLANNING.RMP_OGMA_LEGAL_CURRENT_SVW
    intersecting 148 of 240     bcgw.sde\WHSE_LAND_USE_PLANNING.RMP_OGMA_NON_LEGAL_CURRENT_SVW
    intersecting 149 of 240     bcgw.sde\WHSE_FOREST_VEGETATION.OGSR_PRIORITY_DEF_AREA_CUR_SP
    intersecting 150 of 240     bcgw.sde\WHSE_LAND_USE_PLANNING.RMP_PLAN_LEGAL_POLY_SVW
    intersecting 151 of 240     bcgw.sde\WHSE_LAND_USE_PLANNING.RMP_PLAN_LEGAL_POINT_SVW
    intersecting 152 of 240     bcgw.sde\WHSE_LAND_USE_PLANNING.RMP_PLAN_LEGAL_LINE_SVW
    intersecting 153 of 240     bcgw.sde\WHSE_LAND_USE_PLANNING.RMP_PLAN_NON_LEGAL_POLY_SVW
    intersecting 154 of 240     bcgw.sde\WHSE_LAND_USE_PLANNING.RMP_PLAN_NON_LEGAL_POINT_SVW
    intersecting 155 of 240     bcgw.sde\WHSE_LAND_USE_PLANNING.RMP_PLAN_NON_LEGAL_LINE_SVW
    intersecting 156 of 240     bcgw.sde\WHSE_ARCHAEOLOGY.RAAD_AOA_PROVINCIAL
    intersecting 157 of 240     bcgw.sde\WHSE_ARCHAEOLOGY.RAAD_INFORMED_CONTRIBUTORS_SV
    intersecting 158 of 240     bcgw.sde\WHSE_FISH.FISS_FISH_OBSRVTN_PNT_SP
    intersecting 159 of 240     bcgw.sde\WHSE_FISH.FISS_FISH_OBSRVTN_PNT_SP
    intersecting 160 of 240     bcgw.sde\WHSE_FISH.FISS_HIST_FISH_DST_PNT_PUB_SVW
    intersecting 161 of 240     bcgw.sde\WHSE_FISH.FISS_HIST_FISH_DST_PNT_PUB_SVW
    intersecting 162 of 240     bcgw.sde\WHSE_FOREST_VEGETATION.BEC_BIOGEOCLIMATIC_20K_SPG
    intersecting 163 of 240     bcgw.sde\WHSE_TANTALIS.TA_CROWN_TENURES_SVW
    intersecting 164 of 240     bcgw.sde\WHSE_MINERAL_TENURE.OG_ROAD_AREA_PERMIT_SP
    intersecting 165 of 240     bcgw.sde\WHSE_MINERAL_TENURE.OG_ROAD_AREA_APPL_SP
    intersecting 166 of 240     bcgw.sde\WHSE_MINERAL_TENURE.OG_WELL_FACILITY_PERMIT_SP
    intersecting 167 of 240     bcgw.sde\WHSE_MINERAL_TENURE.OG_WELL_FACILITY_APPL_SP
    intersecting 168 of 240     bcgw.sde\WHSE_MINERAL_TENURE.OG_PIPELINE_AREA_PERMIT_SP
    intersecting 169 of 240     bcgw.sde\WHSE_MINERAL_TENURE.OG_PIPELINE_AREA_APPL_SP
    intersecting 170 of 240     bcgw.sde\WHSE_MINERAL_TENURE.OG_PIPELINE_AREA_PERMIT_SP
    intersecting 171 of 240     bcgw.sde\WHSE_MINERAL_TENURE.OG_PIPELINE_AREA_APPL_SP
    intersecting 172 of 240     bcgw.sde\WHSE_MINERAL_TENURE.OG_CONSTR_CORRIDOR_APPL_SP
    intersecting 173 of 240     bcgw.sde\WHSE_MINERAL_TENURE.OG_GEOPHYSICAL_PERMIT_SP
    intersecting 174 of 240     bcgw.sde\WHSE_MINERAL_TENURE.OG_GEOPHYSICAL_APPL_SP
    intersecting 175 of 240     bcgw.sde\WHSE_MINERAL_TENURE.OG_FACILITY_LOCATNS_PERMIT_SP
    intersecting 176 of 240     bcgw.sde\WHSE_MINERAL_TENURE.OG_ASSOC_ANCILLARY_PERMIT_SP
    intersecting 177 of 240     bcgw.sde\WHSE_MINERAL_TENURE.OG_ASSOC_ANCILLARY_APPL_SP
    intersecting 178 of 240     bcgw.sde\WHSE_MINERAL_TENURE.OG_SUMP_LOCATIONS_SP
    intersecting 179 of 240     bcgw.sde\WHSE_MINERAL_TENURE.OG_WASTE_DISP_SITES_PRE2016_SP
    intersecting 180 of 240     bcgw.sde\WHSE_MINERAL_TENURE.OG_WATER_SOURCE_PERMIT_SP
    intersecting 181 of 240     bcgw.sde\WHSE_MINERAL_TENURE.OG_WATER_SOURCE_APPL_SP
    intersecting 182 of 240     bcgw.sde\WHSE_MINERAL_TENURE.OG_PETRLM_DEV_RDS_PRE06_GOV_SP
    intersecting 183 of 240     bcgw.sde\WHSE_MINERAL_TENURE.OG_FACILITY_LOCATNS_PRE2016_SP
    intersecting 184 of 240     bcgw.sde\WHSE_HUMAN_CULTURAL_ECONOMIC.FNT_AREAS_OF_INTEREST_SP
    intersecting 185 of 240     bcgw.sde\WHSE_ADMIN_BOUNDARIES.TADM_MOT_DISTRICT_BNDRY_POLY
    intersecting 186 of 240     bcgw.sde\WHSE_ADMIN_BOUNDARIES.EADM_WLAP_REGION_BND_AREA_SVW
    intersecting 187 of 240     bcgw.sde\WHSE_ADMIN_BOUNDARIES.BCHA_HEALTH_AUTHORITY_BNDRY_SP
    intersecting 188 of 240     bcgw.sde\WHSE_TANTALIS.TA_LAND_DISTRICTS_SVW
    intersecting 189 of 240     bcgw.sde\WHSE_LEGAL_ADMIN_BOUNDARIES.ABMS_REGIONAL_DISTRICTS_SP
    intersecting 190 of 240     bcgw.sde\WHSE_TANTALIS.TA_MGMT_AREAS_SPATIAL_SVW
    intersecting 191 of 240     bcgw.sde\WHSE_ADMIN_BOUNDARIES.ADM_NR_DISTRICTS_SP
    intersecting 192 of 240     bcgw.sde\WHSE_ADMIN_BOUNDARIES.ADM_NR_REGIONS_SP
    intersecting 193 of 240     bcgw.sde\WHSE_ADMIN_BOUNDARIES.ADM_NR_AREAS_SP 
    intersecting 194 of 240     bcgw.sde\WHSE_ADMIN_BOUNDARIES.LWADM_WATMGMT_DIST_AREA_SVW
    intersecting 195 of 240     bcgw.sde\WHSE_ADMIN_BOUNDARIES.LWADM_WATMGMT_PREC_AREA_SVW
    intersecting 196 of 240     bcgw.sde\WHSE_LEGAL_ADMIN_BOUNDARIES.ABMS_MUNICIPALITIES_SP
    intersecting 197 of 240     bcgw.sde\WHSE_HUMAN_CULTURAL_ECONOMIC.FNT_NANWAKOLAS_MATRIX_SP
    intersecting 198 of 240     bcgw.sde\WHSE_LEGAL_ADMIN_BOUNDARIES.FNT_TREATY_LAND_SP
    intersecting 199 of 240     bcgw.sde\WHSE_LEGAL_ADMIN_BOUNDARIES.FNT_TREATY_RELATED_LAND_SP
    intersecting 200 of 240     bcgw.sde\WHSE_LEGAL_ADMIN_BOUNDARIES.FNT_TREATY_AREA_SP
    intersecting 201 of 240     bcgw.sde\WHSE_TANTALIS.TA_LAND_CLAIM_STLMNT_AREAS_SVW
    intersecting 202 of 240     \\spatialfiles.bcgov\work\srm\sry\Workarea\aleong\work\allan_leong\islands_trust\LocalTrustAreas_alb.shp
    intersecting 203 of 240     \\spatialfiles.bcgov\work\srm\sry\Workarea\aleong\work\allan_leong\mot_sub_region_referrals\MoT_SA.shp
    intersecting 204 of 240     bcgw.sde\WHSE_WATER_MANAGEMENT.WLS_WATER_APPROVALS_GOV_SVW
    intersecting 205 of 240     bcgw.sde\REG_LAND_AND_NATURAL_RESOURCE.FLOODPLAIN_LMR_POLY
    intersecting 206 of 240     bcgw.sde\REG_IMAGERY_AND_BASE_MAPS.FLOOD_CONTROL_POINTS_LMR_POINT
    intersecting 207 of 240     bcgw.sde\REG_IMAGERY_AND_BASE_MAPS.FLOOD_DYKES_LMR_LINE
    intersecting 208 of 240     bcgw.sde\WHSE_WATER_MANAGEMENT.FPW_FLOOD_PROTECTION_WRK_LINE
    intersecting 209 of 240     bcgw.sde\WHSE_WATER_MANAGEMENT.FPW_APPURTENANT_STRCTRE_POINT
    intersecting 210 of 240     bcgw.sde\WHSE_BASEMAPPING.CWB_FLOODPLAINS_BC_AREA_SVW
    intersecting 211 of 240     \\spatialfiles\work\srm\sry\Workarea\aleong\work\allan_leong\base_freshet_1894_extent\Base_Freshet_1894_Extent.shp
    intersecting 212 of 240     bcgw.sde\WHSE_ADMIN_BOUNDARIES.PIP_CONSULTATION_AREAS_SP
    intersecting 213 of 240     bcgw.sde\WHSE_HUMAN_CULTURAL_ECONOMIC.FN_ARTS_PENDER_HBR_DOCK_PLN_SV
    intersecting 214 of 240     \\spatialfiles.bcgov\work\srm\sry\Local\arclib\PMV\VFPA_BOUNDARY_POLY.SHP
    intersecting 215 of 240     \\spatialfiles.bcgov\work\srm\sry\Local\arclib\PMV\VFPA_BOUNDARY_navigational_jurisdiction.shp
    intersecting 216 of 240     bcgw.sde\WHSE_LAND_USE_PLANNING.RMP_PLAN_NON_LEGAL_POLY_SVW
    intersecting 217 of 240     bcgw.sde\WHSE_LAND_USE_PLANNING.RMP_STRGC_LAND_RSRCE_PLAN_SVW
    intersecting 218 of 240     bcgw.sde\WHSE_LAND_USE_PLANNING.RMP_STRGC_LAND_RSRCE_PLAN_SVW
    intersecting 219 of 240     bcgw.sde\WHSE_TANTALIS.TA_CONSERVANCY_AREAS_SVW
    intersecting 220 of 240     bcgw.sde\WHSE_LAND_USE_PLANNING.RMP_PLAN_LEGAL_POLY_SVW
    intersecting 221 of 240     bcgw.sde\WHSE_LAND_USE_PLANNING.RMP_PLAN_LEGAL_POLY_SVW
    intersecting 222 of 240     bcgw.sde\WHSE_LAND_USE_PLANNING.RMP_PLAN_LEGAL_POLY_SVW
    intersecting 223 of 240     bcgw.sde\WHSE_LAND_USE_PLANNING.RMP_PLAN_LEGAL_POLY_SVW
    intersecting 224 of 240     bcgw.sde\WHSE_LAND_USE_PLANNING.RMP_PLAN_LEGAL_POLY_SVW
    intersecting 225 of 240     bcgw.sde\WHSE_LAND_USE_PLANNING.RMP_PLAN_LEGAL_POLY_SVW
    intersecting 226 of 240     bcgw.sde\WHSE_LAND_USE_PLANNING.RMP_PLAN_NON_LEGAL_POLY_SVW
    intersecting 227 of 240     bcgw.sde\WHSE_LAND_USE_PLANNING.RMP_PLAN_NON_LEGAL_POLY_SVW
    intersecting 228 of 240     bcgw.sde\WHSE_LAND_USE_PLANNING.RMP_PLAN_NON_LEGAL_POLY_SVW
    intersecting 229 of 240     bcgw.sde\WHSE_LAND_USE_PLANNING.RMP_PLAN_NON_LEGAL_POLY_SVW
    intersecting 230 of 240     bcgw.sde\WHSE_LAND_USE_PLANNING.RMP_PLAN_NON_LEGAL_POLY_SVW
    intersecting 231 of 240     bcgw.sde\WHSE_LAND_USE_PLANNING.RMP_PLAN_NON_LEGAL_POLY_SVW
    intersecting 232 of 240     bcgw.sde\WHSE_LAND_USE_PLANNING.RMP_PLAN_NON_LEGAL_POLY_SVW
    intersecting 233 of 240     bcgw.sde\WHSE_LAND_USE_PLANNING.RMP_PLAN_NON_LEGAL_POLY_SVW
    intersecting 234 of 240     bcgw.sde\WHSE_LAND_USE_PLANNING.RMP_PLAN_NON_LEGAL_POLY_SVW
    intersecting 235 of 240     bcgw.sde\WHSE_LAND_USE_PLANNING.RMP_PLAN_NON_LEGAL_POLY_SVW
    intersecting 236 of 240     bcgw.sde\WHSE_LAND_USE_PLANNING.RMP_PLAN_NON_LEGAL_POLY_SVW
    intersecting 237 of 240     bcgw.sde\WHSE_LAND_USE_PLANNING.RMP_PLAN_NON_LEGAL_POLY_SVW
    intersecting 238 of 240     bcgw.sde\WHSE_LAND_USE_PLANNING.RMP_PLAN_NON_LEGAL_POLY_SVW
    intersecting 239 of 240     bcgw.sde\WHSE_LAND_USE_PLANNING.RMP_PLAN_NON_LEGAL_POLY_SVW
    intersecting 240 of 240     \\spatialfiles.bcgov\Work\lwbc\visr\Workarea\FCBC_VISR\Regional_Datasets\DFO\DFO_SARA_CritHab_2022_KillerWhale.shp
Clip Data Time is 1130
Generating HTML maps
[INFO] Already inside the expected environment: 'python_geopandas'. Running directly.
Make Maps Time is 2403
======================================================================
Creating the final output spreadsheet
    writing spreadsheet row 1 of 240      Crossed by River or Creek FWA
    writing spreadsheet row 2 of 240      Crossed by River or Creek TRIM
    writing spreadsheet row 3 of 240      Crossed by Road or Highway DRA
    writing spreadsheet row 4 of 240      Crossed by FSR or Permit Roads
    writing spreadsheet row 5 of 240      Crossed by FSR or Permit Roads within right of way allowance
    writing spreadsheet row 6 of 240      Crossed by Surveyed Right of way
    writing spreadsheet row 7 of 240      Crossed by Right of way
    writing spreadsheet row 8 of 240      Crossed by Railway Tracks
    writing spreadsheet row 9 of 240      Crossed by Railway Crossings
    writing spreadsheet row 10 of 240      Adjoined by River or Creek FWA
    writing spreadsheet row 11 of 240      Adjoined by River or Creek TRIM
    writing spreadsheet row 12 of 240      Adjoined by Highway DRA
    writing spreadsheet row 13 of 240      Adjoined by Road DRA
    writing spreadsheet row 14 of 240      Adjoined by FSR or Permit Roads
    writing spreadsheet row 15 of 240      Adjoined by Surveyed Right of way
    writing spreadsheet row 16 of 240      Adjoined by Right of way
    writing spreadsheet row 17 of 240      Adjoined by Transportation Corridors
    writing spreadsheet row 18 of 240      Adjoined by Railway Tracks
    writing spreadsheet row 19 of 240      Adjoined by Railway Crossings
    writing spreadsheet row 20 of 240      Indian Reserves
    writing spreadsheet row 21 of 240      IR within 2 km
    writing spreadsheet row 22 of 240      National Park
    writing spreadsheet row 23 of 240      Park and Protected Areas
    writing spreadsheet row 24 of 240      Conservancy Areas
    writing spreadsheet row 25 of 240      Conservation Lands including Wildlife Managment Areas
    writing spreadsheet row 26 of 240      NGO Conservation Areas
    writing spreadsheet row 27 of 240      Consultative Areas
    writing spreadsheet row 28 of 240      First Nation Statement of Intent Boundaries 
    writing spreadsheet row 29 of 240      MFR First Nation Agreement Boundaries
    writing spreadsheet row 30 of 240      First Nation Traditional Use Study Area
    writing spreadsheet row 31 of 240      Traditional Use Points
    writing spreadsheet row 32 of 240      Traditional Use Lines
    writing spreadsheet row 33 of 240      Traditional Use Polygons
    writing spreadsheet row 34 of 240      Timber Supply Area and Blocks
    writing spreadsheet row 35 of 240      Primary Survey Parcels Tantalis
    writing spreadsheet row 36 of 240      Land Act Subdivisions Tantalis
    writing spreadsheet row 37 of 240      ParcelMap BC
    writing spreadsheet row 38 of 240      Crown Granted Mineral Claims
    writing spreadsheet row 39 of 240      Crown Tenure Tantalis Application
    writing spreadsheet row 40 of 240      Crown Tenure Tantalis Tenure
    writing spreadsheet row 41 of 240      Crown Tenure Inventory
    writing spreadsheet row 42 of 240      Crown Tenure PreTantalis
    writing spreadsheet row 43 of 240      Grazing Leases Tantalis 
    writing spreadsheet row 44 of 240      Crown Acquisitions
    writing spreadsheet row 45 of 240      Crown Reversions
    writing spreadsheet row 46 of 240      Transfers of Admin and Control
    writing spreadsheet row 47 of 240      Guide Outfitter
    writing spreadsheet row 48 of 240      Trapline
    writing spreadsheet row 49 of 240      FTEN Roads
    writing spreadsheet row 50 of 240      FTEN Roads within right of way allowance
    writing spreadsheet row 51 of 240      FTEN Special Access Roads Line
    writing spreadsheet row 52 of 240      FTEN Special Access Roads Poly
    writing spreadsheet row 53 of 240      FTEN Range Tenure 
    writing spreadsheet row 54 of 240      FTEN Harvest Authority
    writing spreadsheet row 55 of 240      FTEN Cut Blocks Current and Application
    writing spreadsheet row 56 of 240      FTEN Communication Sites
    writing spreadsheet row 57 of 240      FTEN Real Property Projects
    writing spreadsheet row 58 of 240      FTEN Special Use Permits
    writing spreadsheet row 59 of 240      FTEN Timber Licence Polygons
    writing spreadsheet row 60 of 240      FTEN Timber Licence Remaining Polygons
    writing spreadsheet row 61 of 240      FTEN Timber Licence Elimination Polygons
    writing spreadsheet row 62 of 240      FTEN Managed Licenses
    writing spreadsheet row 63 of 240      FTEN Free Use Permits
    writing spreadsheet row 64 of 240      FTEN Map Notation Lines
    writing spreadsheet row 65 of 240      FTEN Map Notation Polys
    writing spreadsheet row 66 of 240      FTEN Map Notation Points
    writing spreadsheet row 67 of 240      TFL
    writing spreadsheet row 68 of 240      TFL Additions
    writing spreadsheet row 69 of 240      TFL Deletions
    writing spreadsheet row 70 of 240      TFL Schedule A
    writing spreadsheet row 71 of 240      Research Plots
    writing spreadsheet row 72 of 240      Growth and Yield Plots
    writing spreadsheet row 73 of 240      FTEN Recreation Tenure Polys
    writing spreadsheet row 74 of 240      FTEN Recreation Tenure Lines
    writing spreadsheet row 75 of 240      Section 58 Recreation Order Points
    writing spreadsheet row 76 of 240      Section 58 Recreation Order Lines
    writing spreadsheet row 77 of 240      Section 58 Recreation Order Polygons
    writing spreadsheet row 78 of 240      RESULTS Openings
    writing spreadsheet row 79 of 240      RESULTS Reserves
    writing spreadsheet row 80 of 240      Climate Stations
    writing spreadsheet row 81 of 240      Hydrometric Stations
    writing spreadsheet row 82 of 240      Streams with Water Allocation Notations
    writing spreadsheet row 83 of 240      Aquifers with Water Allocation Notations
    writing spreadsheet row 84 of 240      Water Rights Licences
    writing spreadsheet row 85 of 240      Water Rights Applications
    writing spreadsheet row 86 of 240      Water Licenced Work Linear Features within 50m
    writing spreadsheet row 87 of 240      Water Licenced Work Point Features within 50m
    writing spreadsheet row 88 of 240      Land Parcels with Water Licences
    writing spreadsheet row 89 of 240      Water Approvals
    writing spreadsheet row 90 of 240      Reservoir Permits over Crown Land
    writing spreadsheet row 91 of 240      BC Dams
    writing spreadsheet row 92 of 240      Coal Application
    writing spreadsheet row 93 of 240      Coal Lease
    writing spreadsheet row 94 of 240      Coal Licence
    writing spreadsheet row 95 of 240      Permitted Mine Area for Major Mines
    writing spreadsheet row 96 of 240      NOW Centre Points within area of interest
    writing spreadsheet row 97 of 240      NOW Centre Points within 500 metres
    writing spreadsheet row 98 of 240      Mineral and Placer Tenures
    writing spreadsheet row 99 of 240      Petroleum Tenures
    writing spreadsheet row 100 of 240      Important Fossil Areas
    writing spreadsheet row 101 of 240      Environmental Remediation Sites
    writing spreadsheet row 102 of 240      Environmental Monitoring Stations
    writing spreadsheet row 103 of 240      Archaeology Sites
    writing spreadsheet row 104 of 240      Archaeology Sites within 50 metres
    writing spreadsheet row 105 of 240      Heritage Sites 
    writing spreadsheet row 106 of 240      Heritage Sites within 50 metres
    writing spreadsheet row 107 of 240      Indigenous Protected and Conserved Areas IPCA
    writing spreadsheet row 108 of 240      Agriculture Land Reserve
    writing spreadsheet row 109 of 240      Transportation Corridors
    writing spreadsheet row 110 of 240      Alpine Ski Areas
    writing spreadsheet row 111 of 240      Snowmobile Management Areas
    writing spreadsheet row 112 of 240      Reserve Mineral Sites
    writing spreadsheet row 113 of 240      Placer Reserve Sites
    writing spreadsheet row 114 of 240      Species and Ecosystems at Risk Public Occurrences
    writing spreadsheet row 115 of 240      Species and Ecosystems at Risk Masked Secured Occurrences
    writing spreadsheet row 116 of 240      Community Watersheds
    writing spreadsheet row 117 of 240      Flood Plains in BC
    writing spreadsheet row 118 of 240      Water Wells
    writing spreadsheet row 119 of 240      Ground Water Aquifers
    writing spreadsheet row 120 of 240      Water Reservations Points
    writing spreadsheet row 121 of 240      Water Allocation Notation Points
    writing spreadsheet row 122 of 240      Non Trim Hydrography
    writing spreadsheet row 123 of 240      Flood Protection Works Appurtenant Structures
    writing spreadsheet row 124 of 240      Active Snow Course Locations
    writing spreadsheet row 125 of 240      Active Snow Pillow Locations
    writing spreadsheet row 126 of 240      Wildlife Habitat Area Legal
    writing spreadsheet row 127 of 240      Wildlife Habitat Proposed
    writing spreadsheet row 128 of 240      Ungulate Winter Range Legal
    writing spreadsheet row 129 of 240      Ungulate Winter Range Legal with 5 km buffer
    writing spreadsheet row 130 of 240      Ungulate Winter Range Proposed
    writing spreadsheet row 131 of 240      Caribou Habitat Areas WHA GAR order
    writing spreadsheet row 132 of 240      Caribou Habitat Areas UWR GAR order
    writing spreadsheet row 133 of 240      Proposed Fisheries Sensitive Watersheds
    writing spreadsheet row 134 of 240      Approved Fisheries Sensitive Watersheds
    writing spreadsheet row 135 of 240      Critical Habitat for Federally listed Species at Risk
    writing spreadsheet row 136 of 240      Eelgrass Areas
    writing spreadsheet row 137 of 240      Kelp Beds
    writing spreadsheet row 138 of 240      Wildlife Management Areas
    writing spreadsheet row 139 of 240      Wildlife Management Units
    writing spreadsheet row 140 of 240      Provincial Forest
    writing spreadsheet row 141 of 240      Provincial Forest Additions
    writing spreadsheet row 142 of 240      Provincial Forest Deletions
    writing spreadsheet row 143 of 240      Provincial Forest Exclusions
    writing spreadsheet row 144 of 240      Terrain Mapping Project Boundaries
    writing spreadsheet row 145 of 240      Landscape Units
    writing spreadsheet row 146 of 240      Strategic Land Resource Plans
    writing spreadsheet row 147 of 240      Legal OGMA
    writing spreadsheet row 148 of 240      Non Legal OGMA
    writing spreadsheet row 149 of 240      Old Growth Recommended Harvest Deferral Areas
    writing spreadsheet row 150 of 240      Legal Strategic Land and Resource Planning Objectives polygons
    writing spreadsheet row 151 of 240      Legal Strategic Land and Resource Planning Objectives point
    writing spreadsheet row 152 of 240      Legal Strategic Land and Resource Planning Objectives line
    writing spreadsheet row 153 of 240      Non Legal Strategic Land and Resource Planning Features polygon
    writing spreadsheet row 154 of 240      Non Legal Strategic Land and Resource Planning Features point
    writing spreadsheet row 155 of 240      Non Legal Strategic Land and Resource Planning Features line
    writing spreadsheet row 156 of 240      Archaeological Potential
    writing spreadsheet row 157 of 240      Arch Potential Informed Contributors Layer
    writing spreadsheet row 158 of 240      Known Fish Observations
    writing spreadsheet row 159 of 240      Known Fish Observations within 5km
    writing spreadsheet row 160 of 240      Historic Known Fish Distribution Points with Spawning and Rearing
    writing spreadsheet row 161 of 240      Historic Known Fish Dist Points with Spawning and Rearing 5km buffer
    writing spreadsheet row 162 of 240      Biogeoclimatic Zone
    writing spreadsheet row 163 of 240      Energy Production Tenures Tantalis
    writing spreadsheet row 164 of 240      BCER Road Permit Areas
    writing spreadsheet row 165 of 240      BCER Road Application Areas
    writing spreadsheet row 166 of 240      BCER Well Facility Permits
    writing spreadsheet row 167 of 240      BCER Well Facility Applications
    writing spreadsheet row 168 of 240      BCER Pipeline Area Permits
    writing spreadsheet row 169 of 240      BCER Pipeline Area Applications
    writing spreadsheet row 170 of 240      BCER Pipeline Area Permits within 50m
    writing spreadsheet row 171 of 240      BCER Pipeline Area Applications within 50m
    writing spreadsheet row 172 of 240      BCER Construction Corridor
    writing spreadsheet row 173 of 240      BCER Seismic Permits
    writing spreadsheet row 174 of 240      BCER Seismic Applications
    writing spreadsheet row 175 of 240      BCER Facility Location Permits
    writing spreadsheet row 176 of 240      BCER Ancillary Permits
    writing spreadsheet row 177 of 240      BCER Ancillary Applications
    writing spreadsheet row 178 of 240      BCER Sump Locations
    writing spreadsheet row 179 of 240      BCER Waste Disposal Sites
    writing spreadsheet row 180 of 240      BCER Water Source Permits
    writing spreadsheet row 181 of 240      BCER Water Source Applications
    writing spreadsheet row 182 of 240      LEGACY BCER Petroleum Development Roads Pre 2006 within 50m
    writing spreadsheet row 183 of 240      LEGACY BCER Facility Locations Pre 2016
    writing spreadsheet row 184 of 240      AOI of First Nations Reconciliation Initiatives
    writing spreadsheet row 185 of 240      MOT District Boundaries
    writing spreadsheet row 186 of 240      MOE District Boundaries
    writing spreadsheet row 187 of 240      Health Authority Boundaries
    writing spreadsheet row 188 of 240      Land Districts
    writing spreadsheet row 189 of 240      Regional Districts
    writing spreadsheet row 190 of 240      Muskwa Kechika Management Area
    writing spreadsheet row 191 of 240      Natural Resource District
    writing spreadsheet row 192 of 240      Natural Resource Regions
    writing spreadsheet row 193 of 240      Natural Resource ADM Areas
    writing spreadsheet row 194 of 240      Water Management Districts
    writing spreadsheet row 195 of 240      Water Management Precincts
    writing spreadsheet row 196 of 240      Municipalities
    writing spreadsheet row 197 of 240      Nanwakolas Area Significance
    writing spreadsheet row 198 of 240      First Nation Treaty Lands
    writing spreadsheet row 199 of 240      First Nation Treaty Related Lands
    writing spreadsheet row 200 of 240      First Nation Treaty Areas
    writing spreadsheet row 201 of 240      Land Claim Settlement Areas
    writing spreadsheet row 202 of 240      Island Trust Referrals
    writing spreadsheet row 203 of 240      MOT Service Area Referrals
    writing spreadsheet row 204 of 240      Water Approvals Sec 10 and 11 Locations
    writing spreadsheet row 205 of 240      Approximate Floodplain in Lower Fraser and Squamish Rivers
    writing spreadsheet row 206 of 240      Flood Control Points in Lower Mainland
    writing spreadsheet row 207 of 240      Flood Dykes Lower Fraser and Squamish Rivers
    writing spreadsheet row 208 of 240      Flood Protection Structural Works
    writing spreadsheet row 209 of 240      Flood Protection Appurtenant Structures
    writing spreadsheet row 210 of 240      Mapped Historical Floodplains in BC
    writing spreadsheet row 211 of 240      Base Freshet 1894 Extent
    writing spreadsheet row 212 of 240      shishalh swiya
    writing spreadsheet row 213 of 240      Pender Harbour Dock Management Zones
    writing spreadsheet row 214 of 240      VFPA Managed Federal Lands and Waters
    writing spreadsheet row 215 of 240      VFPA Navigational Jurisdiction
    writing spreadsheet row 216 of 240      MaPPs North Vancouver Island Marine Plan
    writing spreadsheet row 217 of 240      Sea to Sky SLRP Boundary 
    writing spreadsheet row 218 of 240      Indian River SLRP Boundary
    writing spreadsheet row 219 of 240      Sea to Sky LRMP Conservancies 
    writing spreadsheet row 220 of 240      Sea to Sky LRMP Legal Cultural Management Areas
    writing spreadsheet row 221 of 240      Sea to Sky LRMP Legal Cultural Places
    writing spreadsheet row 222 of 240      Sea to Sky LRMP Legal Floodplain Management Areas
    writing spreadsheet row 223 of 240      Sea to Sky LRMP Legal Stand greater than 40 years old in the Birkenhead Corridor
    writing spreadsheet row 224 of 240      Sea to Sky LRMP Legal Upper Lillooet River Riparian Area 
    writing spreadsheet row 225 of 240      Sea to Sky LRMP Legal Wildland Area 
    writing spreadsheet row 226 of 240      Sea to Sky LRMP Non Legal Cultural Places
    writing spreadsheet row 227 of 240      Sea to Sky LRMP Non Legal Front Country Area
    writing spreadsheet row 228 of 240      Sea to Sky LRMP Non Legal Grizzly Bear Excluded Areas
    writing spreadsheet row 229 of 240      Sea to Sky LRMP Non Legal Grizzly Bear Population Unit Boundaries
    writing spreadsheet row 230 of 240      Sea to Sky LRMP Non Legal Lilwat Nation Ntakmen Areas
    writing spreadsheet row 231 of 240      Sea to Sky LRMP Non Legal Lilwat Nation Stewardship Areas
    writing spreadsheet row 232 of 240      Sea to Sky LRMP Non Legal Non Commercial Winter Recreation Zoning
    writing spreadsheet row 233 of 240      Sea to Sky LRMP Non Legal Squamish Nation Wild Spirit Places
    writing spreadsheet row 234 of 240      Sea to Sky LRMP Non Legal Squamish Nation Wildlife Focus Areas Deer
    writing spreadsheet row 235 of 240      Sea to Sky LRMP Non Legal Squamish Nation Wildlife Focus Areas Elk
    writing spreadsheet row 236 of 240      Sea to Sky LRMP Non Legal Squamish Nation Wildlife Focus Areas Fur Animal
    writing spreadsheet row 237 of 240      Sea to Sky LRMP Non Legal Squamish Nation Wildlife Focus Areas Goat
    writing spreadsheet row 238 of 240      Sea to Sky LRMP Non Legal Squamish Nation Wildlife Focus Areas Grizzly
    writing spreadsheet row 239 of 240      Sea to Sky LRMP Non Legal Squamish Nation Wildlife Focus Areas Moose
    writing spreadsheet row 240 of 240      DFO Critical Habitat of Species at Risk Southern Resident Killer Whale
Make Spreadsheet Time is 292
======================================================================
======================================================================
======================================================================
Batching Alpha - Universal Overlap Tool finished running
Set Environment Time is 0
Create GDB Time is 31
Read Inputs Time is 0
Clip Data Time is 1130
Make Maps Time is 2403
Make Spreadsheet Time is 292
Total Run Time is 3858
======================================================================
*** Running Automated Status Tool ***
======================================================================
======================================================================
Batching Alpha - Running the one status part 2 tool
======================================================================
Passed Inputs:
0: \\spatialfiles.bcgov\work\srm\nel\Local\Geomatics\Workarea\csostad\Statusing\v3 4 JOBS\outputs\636
1: false
2: south_coast
3: 
4: 
5: 
6: \\spatialfiles.bcgov\work\srm\nel\Local\Geomatics\Workarea\csostad\Statusing\v3 4 JOBS\outputs\636\aoi_boundary.gdb\aoi
======================================================================
======================================================================
The input criteria are:
data_path = \\spatialfiles.bcgov\work\srm\nel\Local\Geomatics\Workarea\csostad\Statusing\v3 4 JOBS\outputs\636
analyize_this_featureclass = \\spatialfiles.bcgov\work\srm\nel\Local\Geomatics\Workarea\csostad\Statusing\v3 4 JOBS\outputs\636\aoi_boundary.gdb\aoi
working_directory = \\spatialfiles.bcgov\work\srm\nel\Local\Geomatics\Workarea\csostad\Statusing\v3 4 JOBS\outputs\636
dont_overwrite_outputs = false
region = south_coast
crown_lands_file = 
disposition_transaction = 
parcel_number = 
======================================================================
Batching Alpha - Creating working directories, geodatabases, variables
======================================================================
Batching Alpha - Copying the AOI into the working .GDB
.   Creating the raw AOI 
======================================================================
Buffering parcel boundary 
.  25km
======================================================================
Gathering data needed to run tool
.  Parcel centroid
.  TA_DISPOSITION_TRANSACTIONS 
.  * Skipped adding and calculating IR and ARCH fields 
.  Getting parcel mapsheet polys
.  Getting parcel for district
.  Getting parcel municipality
.  Getting parcel prov forest
.  Getting parcel prov forest addition
.  Getting parcel prov forest deletion
.  Getting parcel prov forest exclusion
.  Getting parcel assessment area
.  Getting parcel land title district
.  Getting parcel electoral district
.  Getting parcel regional district
.  Getting parcel pins
.  Getting parcel pins adjacent
.  Getting parcel pins right of way
.  Getting parcel alr
======================================================================
Creating the excel variables
   self.xl_nearest_ir:
      b'15.5', 15.5
      b'SECHELT BAND LANDS (COKQUENEETS) NO 23 - shish\xc3\xa1lh Nation', SECHELT BAND LANDS (COKQUENEETS) NO 23 - shishálh Nation
======================================================================
Creating the final output spreadsheet
.  Creating FILES section of the spreadsheet
.  Creating Applicant's section of the spreadsheet
.  Creating the LANDS section of the spreadsheet
.  Creating the ADJUDICATION section of the spreadsheet
.  Creating the MINES section of the spreadsheet
.  Creating the FORESTS section of the spreadsheet
.  Creating the WATER section of the spreadsheet
.  Creating the COMMENTS section of the spreadsheet
.  Creating the STATUS OF CONFLICT tab

Spreadsheet Created:
   \\spatialfiles.bcgov\work\srm\nel\Local\Geomatics\Workarea\csostad\Statusing\v3 4 JOBS\outputs\636\one_status_tabs_1_and_2.xlsx
Starting the merge of two XLS files
.  Overwriting the existing working XLSX:
   \\spatialfiles.bcgov\work\srm\nel\Local\Geomatics\Workarea\csostad\Statusing\v3 4 JOBS\outputs\636\automated_status_sheet.xlsx
.  loading the workbooks
.
.
Automated_status_sheet.xlsx is ready for you to use
\\spatialfiles.bcgov\work\srm\nel\Local\Geomatics\Workarea\csostad\Statusing\v3 4 JOBS\outputs\636\automated_status_sheet.xlsx
.
.
Succeeded at July 16, 2025 11:06:25 AM (Elapsed Time: 1 hours 5 minutes 36 seconds)
