2026-02-02 10:11:37,563 - logging_setup - INFO - Logging set up - Log file: \\spatialfiles.bcgov\work\srm\nel\Local\Geomatics\Workarea\csostad\GitHub_Repositories\ast_batch_tool\autoast\auto_ast_V2_Cuisinart_MultiP_PdfMaps\autoast_batch_logs_folder_20260202\ast_batch_log_20260202_101137.log
2026-02-02 10:11:38,811 - logging_setup - INFO - AST Toolbox imported successfully.
2026-02-02 10:11:38,827 - logging_setup - INFO - Secret file H:\secrets\bcgw.env found
2026-02-02 10:11:38,828 - logging_setup - INFO - Database user csostad and password found
2026-02-02 10:11:39,009 - root - INFO - Logger initialized
2026-02-02 10:11:40,942 - root - ERROR - Failed to import tools
Traceback (most recent call last):
  File "P:\corp\central_clones\python_geopandas\lib\site-packages\XTools Pro\esri\toolboxes\XTools Pro.pyt", line 95, in <module>
    from Tools.FeaturesToPointsTool import *
  File "E:\sw_nt\XTools\XTools AGP\Python\Tools\FeaturesToPointsTool.py", line 1, in <module>
    from Tools.BaseTool import BaseTool
  File "E:\sw_nt\XTools\XTools AGP\Python\Tools\BaseTool.py", line 7, in <module>
    from Scripts.Base.PythonCancelTracker import PythonCancelTracker
  File "E:\sw_nt\XTools\XTools AGP\Python\Scripts\Base\PythonCancelTracker.py", line 20, in <module>
    from XTools.XToolsAGP.Core import ICancelTracker
ModuleNotFoundError: No module named 'XTools'
2026-02-02 10:11:40,953 - root - ERROR - No module named 'XTools'
Traceback (most recent call last):
  File "P:\corp\central_clones\python_geopandas\lib\site-packages\XTools Pro\esri\toolboxes\XTools Pro.pyt", line 95, in <module>
    from Tools.FeaturesToPointsTool import *
  File "E:\sw_nt\XTools\XTools AGP\Python\Tools\FeaturesToPointsTool.py", line 1, in <module>
    from Tools.BaseTool import BaseTool
  File "E:\sw_nt\XTools\XTools AGP\Python\Tools\BaseTool.py", line 7, in <module>
    from Scripts.Base.PythonCancelTracker import PythonCancelTracker
  File "E:\sw_nt\XTools\XTools AGP\Python\Scripts\Base\PythonCancelTracker.py", line 20, in <module>
    from XTools.XToolsAGP.Core import ICancelTracker
ModuleNotFoundError: No module named 'XTools'
2026-02-02 10:11:58,104 - logging_setup - INFO - new db connection created
2026-02-02 10:11:58,134 - logging_setup - INFO - workspace set to bcgw connection
2026-02-02 10:11:58,135 - logging_setup - INFO - SDE Connection established at: \\spatialfiles.bcgov\work\srm\nel\Local\Geomatics\Workarea\csostad\GitHub_Repositories\ast_batch_tool\autoast\auto_ast_V2_Cuisinart_MultiP_PdfMaps\connection\bcgw.sde
2026-02-02 10:11:58,136 - logging_setup - INFO - Main: Failed Job Tracker initialized
2026-02-02 10:11:58,136 - logging_setup - INFO - Main: Excel files directory: \\spatialfiles.bcgov\srm\gss\sandbox\csostad\Skeena 2026-2028 Shapefiles\shapefile\outputs
2026-02-02 10:11:58,137 - logging_setup - INFO - Main: Scanning for jobs_*.xlsx files...
2026-02-02 10:11:58,164 - logging_setup - INFO - Main: Found 25 Excel files: jobs_1.xlsx, jobs_2.xlsx, jobs_3.xlsx, jobs_4.xlsx, jobs_5.xlsx, jobs_6.xlsx, jobs_7.xlsx, jobs_8.xlsx, jobs_9.xlsx, jobs_10.xlsx, jobs_11.xlsx, jobs_12.xlsx, jobs_13.xlsx, jobs_14.xlsx, jobs_15.xlsx, jobs_16.xlsx, jobs_17.xlsx, jobs_18.xlsx, jobs_19.xlsx, jobs_20.xlsx, jobs_21.xlsx, jobs_22.xlsx, jobs_23.xlsx, jobs_24.xlsx, jobs_25.xlsx
2026-02-02 10:11:58,166 - logging_setup - INFO - 
====================================================================================================
2026-02-02 10:11:58,166 - logging_setup - INFO - ====================================================================================================
2026-02-02 10:11:58,166 - logging_setup - INFO -   >>> PROCESSING SPREADSHEET: jobs_1.xlsx <<<
2026-02-02 10:11:58,167 - logging_setup - INFO - ====================================================================================================
2026-02-02 10:11:58,167 - logging_setup - INFO - ====================================================================================================

2026-02-02 10:11:58,189 - logging_setup - WARNING - Main: [jobs_1.xlsx] Error checking job status: 'Worksheet Sheet1 does not exist.' - will process anyway
2026-02-02 10:11:58,197 - logging_setup - WARNING - Main: [jobs_1.xlsx] Error checking job status: 'Worksheet Sheet1 does not exist.' - will process anyway
2026-02-02 10:11:58,197 - logging_setup - INFO - Main: [jobs_1.xlsx] Creating queuefile path for \\spatialfiles.bcgov\srm\gss\sandbox\csostad\Skeena 2026-2028 Shapefiles\shapefile\outputs\jobs_1.xlsx
2026-02-02 10:11:58,198 - logging_setup - INFO - Main: [jobs_1.xlsx] Loading jobs from \\spatialfiles.bcgov\srm\gss\sandbox\csostad\Skeena 2026-2028 Shapefiles\shapefile\outputs\jobs_1.xlsx
2026-02-02 10:11:58,199 - logging_setup - INFO - ##########################################################################################################################
2026-02-02 10:11:58,199 - logging_setup - INFO - #
2026-02-02 10:11:58,200 - logging_setup - INFO - Loading Jobs...
2026-02-02 10:11:58,200 - logging_setup - INFO - #
2026-02-02 10:11:58,200 - logging_setup - INFO - ##########################################################################################################################
2026-02-02 10:11:58,215 - logging_setup - INFO - 

2026-02-02 10:11:58,216 - logging_setup - INFO - -------------------------------------------------------------------------------
2026-02-02 10:11:58,216 - logging_setup - INFO - -                        Load Jobs: Start of Job 0                               -
2026-02-02 10:11:58,217 - logging_setup - INFO - -------------------------------------------------------------------------------
2026-02-02 10:11:58,217 - logging_setup - INFO - 

2026-02-02 10:11:58,217 - logging_setup - INFO - Load Jobs - Creating empty dictionary
2026-02-02 10:11:58,218 - logging_setup - INFO - Load Jobs - Skipping job 0 as it is marked COMPLETE.
2026-02-02 10:11:58,218 - logging_setup - INFO - Load Jobs - Job Condition is not Complete (COMPLETE), adding job: 0 to jobs list
2026-02-02 10:11:58,218 - logging_setup - INFO - 

2026-02-02 10:11:58,219 - logging_setup - INFO - -------------------------------------------------------------------------------
2026-02-02 10:11:58,219 - logging_setup - INFO - -                        End of Job 0                                -
2026-02-02 10:11:58,220 - logging_setup - INFO - -------------------------------------------------------------------------------
2026-02-02 10:11:58,220 - logging_setup - INFO - 

2026-02-02 10:11:58,221 - logging_setup - INFO - 

2026-02-02 10:11:58,221 - logging_setup - INFO - -------------------------------------------------------------------------------
2026-02-02 10:11:58,221 - logging_setup - INFO - -                        Load Jobs: Start of Job 1                               -
2026-02-02 10:11:58,222 - logging_setup - INFO - -------------------------------------------------------------------------------
2026-02-02 10:11:58,222 - logging_setup - INFO - 

2026-02-02 10:11:58,222 - logging_setup - INFO - Load Jobs - Creating empty dictionary
2026-02-02 10:11:58,223 - logging_setup - INFO - Load Jobs - Skipping job 1 as it is marked COMPLETE.
2026-02-02 10:11:58,223 - logging_setup - INFO - Load Jobs - Job Condition is not Complete (COMPLETE), adding job: 1 to jobs list
2026-02-02 10:11:58,224 - logging_setup - INFO - 

2026-02-02 10:11:58,224 - logging_setup - INFO - -------------------------------------------------------------------------------
2026-02-02 10:11:58,225 - logging_setup - INFO - -                        End of Job 1                                -
2026-02-02 10:11:58,225 - logging_setup - INFO - -------------------------------------------------------------------------------
2026-02-02 10:11:58,225 - logging_setup - INFO - 

2026-02-02 10:11:58,226 - logging_setup - INFO - 

2026-02-02 10:11:58,226 - logging_setup - INFO - -------------------------------------------------------------------------------
2026-02-02 10:11:58,226 - logging_setup - INFO - -                        Load Jobs: Start of Job 2                               -
2026-02-02 10:11:58,227 - logging_setup - INFO - -------------------------------------------------------------------------------
2026-02-02 10:11:58,227 - logging_setup - INFO - 

2026-02-02 10:11:58,227 - logging_setup - INFO - Load Jobs - Creating empty dictionary
2026-02-02 10:11:58,228 - logging_setup - INFO - Load Jobs - Skipping job 2 as it is marked COMPLETE.
2026-02-02 10:11:58,228 - logging_setup - INFO - Load Jobs - Job Condition is not Complete (COMPLETE), adding job: 2 to jobs list
2026-02-02 10:11:58,229 - logging_setup - INFO - 

2026-02-02 10:11:58,229 - logging_setup - INFO - -------------------------------------------------------------------------------
2026-02-02 10:11:58,229 - logging_setup - INFO - -                        End of Job 2                                -
2026-02-02 10:11:58,230 - logging_setup - INFO - -------------------------------------------------------------------------------
2026-02-02 10:11:58,230 - logging_setup - INFO - 

2026-02-02 10:11:58,230 - logging_setup - INFO - 

2026-02-02 10:11:58,231 - logging_setup - INFO - -------------------------------------------------------------------------------
2026-02-02 10:11:58,231 - logging_setup - INFO - -                        Load Jobs: Start of Job 3                               -
2026-02-02 10:11:58,231 - logging_setup - INFO - -------------------------------------------------------------------------------
2026-02-02 10:11:58,232 - logging_setup - INFO - 

2026-02-02 10:11:58,232 - logging_setup - INFO - Load Jobs - Creating empty dictionary
2026-02-02 10:11:58,233 - logging_setup - INFO - Load Jobs - Skipping job 3 as it is marked COMPLETE.
2026-02-02 10:11:58,233 - logging_setup - INFO - Load Jobs - Job Condition is not Complete (COMPLETE), adding job: 3 to jobs list
2026-02-02 10:11:58,233 - logging_setup - INFO - 

2026-02-02 10:11:58,234 - logging_setup - INFO - -------------------------------------------------------------------------------
2026-02-02 10:11:58,234 - logging_setup - INFO - -                        End of Job 3                                -
2026-02-02 10:11:58,235 - logging_setup - INFO - -------------------------------------------------------------------------------
2026-02-02 10:11:58,235 - logging_setup - INFO - 

2026-02-02 10:11:58,236 - logging_setup - INFO - 

2026-02-02 10:11:58,236 - logging_setup - INFO - -------------------------------------------------------------------------------
2026-02-02 10:11:58,236 - logging_setup - INFO - -                        Load Jobs: Start of Job 4                               -
2026-02-02 10:11:58,237 - logging_setup - INFO - -------------------------------------------------------------------------------
2026-02-02 10:11:58,237 - logging_setup - INFO - 

2026-02-02 10:11:58,237 - logging_setup - INFO - Load Jobs - Creating empty dictionary
2026-02-02 10:11:58,238 - logging_setup - INFO - Load Jobs - Skipping job 4 as it is marked COMPLETE.
2026-02-02 10:11:58,238 - logging_setup - INFO - Load Jobs - Job Condition is not Complete (COMPLETE), adding job: 4 to jobs list
2026-02-02 10:11:58,238 - logging_setup - INFO - 

2026-02-02 10:11:58,239 - logging_setup - INFO - -------------------------------------------------------------------------------
2026-02-02 10:11:58,239 - logging_setup - INFO - -                        End of Job 4                                -
2026-02-02 10:11:58,239 - logging_setup - INFO - -------------------------------------------------------------------------------
2026-02-02 10:11:58,240 - logging_setup - INFO - 

2026-02-02 10:11:58,240 - logging_setup - INFO - 

2026-02-02 10:11:58,240 - logging_setup - INFO - -------------------------------------------------------------------------------
2026-02-02 10:11:58,241 - logging_setup - INFO - -                        Load Jobs: Start of Job 5                               -
2026-02-02 10:11:58,241 - logging_setup - INFO - -------------------------------------------------------------------------------
2026-02-02 10:11:58,241 - logging_setup - INFO - 

2026-02-02 10:11:58,241 - logging_setup - INFO - Load Jobs - Creating empty dictionary
2026-02-02 10:11:58,243 - logging_setup - INFO - Load Jobs - Skipping job 5 as it is marked COMPLETE.
2026-02-02 10:11:58,243 - logging_setup - INFO - Load Jobs - Job Condition is not Complete (COMPLETE), adding job: 5 to jobs list
2026-02-02 10:11:58,244 - logging_setup - INFO - 

2026-02-02 10:11:58,244 - logging_setup - INFO - -------------------------------------------------------------------------------
2026-02-02 10:11:58,245 - logging_setup - INFO - -                        End of Job 5                                -
2026-02-02 10:11:58,245 - logging_setup - INFO - -------------------------------------------------------------------------------
2026-02-02 10:11:58,245 - logging_setup - INFO - 

2026-02-02 10:11:58,245 - logging_setup - INFO - 

2026-02-02 10:11:58,246 - logging_setup - INFO - -------------------------------------------------------------------------------
2026-02-02 10:11:58,246 - logging_setup - INFO - -                        Load Jobs: Start of Job 6                               -
2026-02-02 10:11:58,246 - logging_setup - INFO - -------------------------------------------------------------------------------
2026-02-02 10:11:58,247 - logging_setup - INFO - 

2026-02-02 10:11:58,247 - logging_setup - INFO - Load Jobs - Creating empty dictionary
2026-02-02 10:11:58,247 - logging_setup - INFO - Load Jobs - Skipping job 6 as it is marked COMPLETE.
2026-02-02 10:11:58,248 - logging_setup - INFO - Load Jobs - Job Condition is not Complete (COMPLETE), adding job: 6 to jobs list
2026-02-02 10:11:58,248 - logging_setup - INFO - 

2026-02-02 10:11:58,248 - logging_setup - INFO - -------------------------------------------------------------------------------
2026-02-02 10:11:58,249 - logging_setup - INFO - -                        End of Job 6                                -
2026-02-02 10:11:58,249 - logging_setup - INFO - -------------------------------------------------------------------------------
2026-02-02 10:11:58,249 - logging_setup - INFO - 

2026-02-02 10:11:58,249 - logging_setup - INFO - 

2026-02-02 10:11:58,250 - logging_setup - INFO - -------------------------------------------------------------------------------
2026-02-02 10:11:58,250 - logging_setup - INFO - -                        Load Jobs: Start of Job 7                               -
2026-02-02 10:11:58,251 - logging_setup - INFO - -------------------------------------------------------------------------------
2026-02-02 10:11:58,251 - logging_setup - INFO - 

2026-02-02 10:11:58,251 - logging_setup - INFO - Load Jobs - Creating empty dictionary
2026-02-02 10:11:58,252 - logging_setup - INFO - Load Jobs - Skipping job 7 as it is marked COMPLETE.
2026-02-02 10:11:58,252 - logging_setup - INFO - Load Jobs - Job Condition is not Complete (COMPLETE), adding job: 7 to jobs list
2026-02-02 10:11:58,252 - logging_setup - INFO - 

2026-02-02 10:11:58,253 - logging_setup - INFO - -------------------------------------------------------------------------------
2026-02-02 10:11:58,253 - logging_setup - INFO - -                        End of Job 7                                -
2026-02-02 10:11:58,253 - logging_setup - INFO - -------------------------------------------------------------------------------
2026-02-02 10:11:58,253 - logging_setup - INFO - 

2026-02-02 10:11:58,254 - logging_setup - INFO - Main: [jobs_1.xlsx] Batching jobs for \\spatialfiles.bcgov\srm\gss\sandbox\csostad\Skeena 2026-2028 Shapefiles\shapefile\outputs\jobs_1.xlsx (initial attempt)
2026-02-02 10:11:58,254 - logging_setup - INFO - 

2026-02-02 10:11:58,254 - logging_setup - INFO - ##########################################################################################################################
2026-02-02 10:11:58,255 - logging_setup - INFO - #
2026-02-02 10:11:58,255 - logging_setup - INFO - Batch AST: Batching Jobs with Multiprocessing...
2026-02-02 10:11:58,255 - logging_setup - INFO - #
2026-02-02 10:11:58,256 - logging_setup - INFO - ##########################################################################################################################
2026-02-02 10:11:58,256 - logging_setup - INFO - 

2026-02-02 10:11:58,256 - logging_setup - INFO - Batch Ast: Job Timeout set to 21600 seconds (6 hours)
2026-02-02 10:11:58,257 - logging_setup - INFO - Batch Ast: Process health checks enabled (every 60s)
2026-02-02 10:12:10,988 - logging_setup - INFO - Batch Ast: Starting job 0
2026-02-02 10:12:10,989 - logging_setup - INFO - Batch Ast: Starting job 1
2026-02-02 10:12:10,990 - logging_setup - INFO - Batch Ast: Starting job 2
2026-02-02 10:12:10,991 - logging_setup - INFO - Batch Ast: Starting job 3
2026-02-02 10:12:10,991 - logging_setup - INFO - Batch Ast: Starting job 4
2026-02-02 10:12:10,992 - logging_setup - INFO - Batch Ast: Starting job 5
2026-02-02 10:12:10,993 - logging_setup - INFO - Batch Ast: Starting job 6
2026-02-02 10:12:10,994 - logging_setup - INFO - Batch Ast: Starting job 7
2026-02-02 10:12:10,995 - logging_setup - INFO - Batch Ast: Monitoring 0 jobs with 6-hour timeout and health checks
2026-02-02 10:12:10,995 - logging_setup - INFO - Batch Ast: Summary - Success: 0, Worker Failed: 0, Timeout Failed: 0, Crashed: 0
2026-02-02 10:12:10,996 - logging_setup - INFO - 

2026-02-02 10:12:10,996 - logging_setup - INFO - Batch Ast Complete - Check separate worker log file for more details
2026-02-02 10:12:12,044 - logging_setup - INFO - Main: [jobs_1.xlsx] Initial batch processing complete
2026-02-02 10:12:12,046 - logging_setup - INFO - 
====================================================================================================
2026-02-02 10:12:12,046 - logging_setup - INFO -   >>> COMPLETED SPREADSHEET: jobs_1.xlsx <<<
2026-02-02 10:12:12,047 - logging_setup - INFO - ====================================================================================================

2026-02-02 10:12:12,048 - logging_setup - INFO - 
====================================================================================================
2026-02-02 10:12:12,049 - logging_setup - INFO - ====================================================================================================
2026-02-02 10:12:12,049 - logging_setup - INFO -   >>> PROCESSING SPREADSHEET: jobs_2.xlsx <<<
2026-02-02 10:12:12,049 - logging_setup - INFO - ====================================================================================================
2026-02-02 10:12:12,050 - logging_setup - INFO - ====================================================================================================

2026-02-02 10:12:12,064 - logging_setup - WARNING - Main: [jobs_2.xlsx] Error checking job status: 'Worksheet Sheet1 does not exist.' - will process anyway
2026-02-02 10:12:12,071 - logging_setup - WARNING - Main: [jobs_2.xlsx] Error checking job status: 'Worksheet Sheet1 does not exist.' - will process anyway
2026-02-02 10:12:12,072 - logging_setup - INFO - Main: [jobs_2.xlsx] Creating queuefile path for \\spatialfiles.bcgov\srm\gss\sandbox\csostad\Skeena 2026-2028 Shapefiles\shapefile\outputs\jobs_2.xlsx
2026-02-02 10:12:12,072 - logging_setup - INFO - Main: [jobs_2.xlsx] Loading jobs from \\spatialfiles.bcgov\srm\gss\sandbox\csostad\Skeena 2026-2028 Shapefiles\shapefile\outputs\jobs_2.xlsx
2026-02-02 10:12:12,073 - logging_setup - INFO - ##########################################################################################################################
2026-02-02 10:12:12,073 - logging_setup - INFO - #
2026-02-02 10:12:12,073 - logging_setup - INFO - Loading Jobs...
2026-02-02 10:12:12,074 - logging_setup - INFO - #
2026-02-02 10:12:12,074 - logging_setup - INFO - ##########################################################################################################################
2026-02-02 10:12:12,086 - logging_setup - INFO - 

2026-02-02 10:12:12,086 - logging_setup - INFO - -------------------------------------------------------------------------------
2026-02-02 10:12:12,087 - logging_setup - INFO - -                        Load Jobs: Start of Job 0                               -
2026-02-02 10:12:12,087 - logging_setup - INFO - -------------------------------------------------------------------------------
2026-02-02 10:12:12,087 - logging_setup - INFO - 

2026-02-02 10:12:12,088 - logging_setup - INFO - Load Jobs - Creating empty dictionary
2026-02-02 10:12:12,088 - logging_setup - INFO - Load Jobs - Skipping job 0 as it is marked COMPLETE.
2026-02-02 10:12:12,089 - logging_setup - INFO - Load Jobs - Job Condition is not Complete (COMPLETE), adding job: 0 to jobs list
2026-02-02 10:12:12,089 - logging_setup - INFO - 

2026-02-02 10:12:12,089 - logging_setup - INFO - -------------------------------------------------------------------------------
2026-02-02 10:12:12,090 - logging_setup - INFO - -                        End of Job 0                                -
2026-02-02 10:12:12,090 - logging_setup - INFO - -------------------------------------------------------------------------------
2026-02-02 10:12:12,090 - logging_setup - INFO - 

2026-02-02 10:12:12,091 - logging_setup - INFO - 

2026-02-02 10:12:12,091 - logging_setup - INFO - -------------------------------------------------------------------------------
2026-02-02 10:12:12,091 - logging_setup - INFO - -                        Load Jobs: Start of Job 1                               -
2026-02-02 10:12:12,092 - logging_setup - INFO - -------------------------------------------------------------------------------
2026-02-02 10:12:12,092 - logging_setup - INFO - 

2026-02-02 10:12:12,092 - logging_setup - INFO - Load Jobs - Creating empty dictionary
2026-02-02 10:12:12,093 - logging_setup - INFO - Load Jobs - Skipping job 1 as it is marked COMPLETE.
2026-02-02 10:12:12,094 - logging_setup - INFO - Load Jobs - Job Condition is not Complete (COMPLETE), adding job: 1 to jobs list
2026-02-02 10:12:12,094 - logging_setup - INFO - 

2026-02-02 10:12:12,094 - logging_setup - INFO - -------------------------------------------------------------------------------
2026-02-02 10:12:12,095 - logging_setup - INFO - -                        End of Job 1                                -
2026-02-02 10:12:12,095 - logging_setup - INFO - -------------------------------------------------------------------------------
2026-02-02 10:12:12,095 - logging_setup - INFO - 

2026-02-02 10:12:12,096 - logging_setup - INFO - 

2026-02-02 10:12:12,096 - logging_setup - INFO - -------------------------------------------------------------------------------
2026-02-02 10:12:12,096 - logging_setup - INFO - -                        Load Jobs: Start of Job 2                               -
2026-02-02 10:12:12,096 - logging_setup - INFO - -------------------------------------------------------------------------------
2026-02-02 10:12:12,097 - logging_setup - INFO - 

2026-02-02 10:12:12,097 - logging_setup - INFO - Load Jobs - Creating empty dictionary
2026-02-02 10:12:12,097 - logging_setup - INFO - Load Jobs - Skipping job 2 as it is marked COMPLETE.
2026-02-02 10:12:12,098 - logging_setup - INFO - Load Jobs - Job Condition is not Complete (COMPLETE), adding job: 2 to jobs list
2026-02-02 10:12:12,098 - logging_setup - INFO - 

2026-02-02 10:12:12,099 - logging_setup - INFO - -------------------------------------------------------------------------------
2026-02-02 10:12:12,099 - logging_setup - INFO - -                        End of Job 2                                -
2026-02-02 10:12:12,099 - logging_setup - INFO - -------------------------------------------------------------------------------
2026-02-02 10:12:12,099 - logging_setup - INFO - 

2026-02-02 10:12:12,100 - logging_setup - INFO - 

2026-02-02 10:12:12,100 - logging_setup - INFO - -------------------------------------------------------------------------------
2026-02-02 10:12:12,100 - logging_setup - INFO - -                        Load Jobs: Start of Job 3                               -
2026-02-02 10:12:12,101 - logging_setup - INFO - -------------------------------------------------------------------------------
2026-02-02 10:12:12,101 - logging_setup - INFO - 

2026-02-02 10:12:12,101 - logging_setup - INFO - Load Jobs - Creating empty dictionary
2026-02-02 10:12:12,102 - logging_setup - INFO - Load Jobs - Skipping job 3 as it is marked COMPLETE.
2026-02-02 10:12:12,102 - logging_setup - INFO - Load Jobs - Job Condition is not Complete (COMPLETE), adding job: 3 to jobs list
2026-02-02 10:12:12,102 - logging_setup - INFO - 

2026-02-02 10:12:12,103 - logging_setup - INFO - -------------------------------------------------------------------------------
2026-02-02 10:12:12,103 - logging_setup - INFO - -                        End of Job 3                                -
2026-02-02 10:12:12,103 - logging_setup - INFO - -------------------------------------------------------------------------------
2026-02-02 10:12:12,104 - logging_setup - INFO - 

2026-02-02 10:12:12,104 - logging_setup - INFO - 

2026-02-02 10:12:12,104 - logging_setup - INFO - -------------------------------------------------------------------------------
2026-02-02 10:12:12,105 - logging_setup - INFO - -                        Load Jobs: Start of Job 4                               -
2026-02-02 10:12:12,105 - logging_setup - INFO - -------------------------------------------------------------------------------
2026-02-02 10:12:12,105 - logging_setup - INFO - 

2026-02-02 10:12:12,106 - logging_setup - INFO - Load Jobs - Creating empty dictionary
2026-02-02 10:12:12,106 - logging_setup - INFO - Load Jobs - Skipping job 4 as it is marked COMPLETE.
2026-02-02 10:12:12,107 - logging_setup - INFO - Load Jobs - Job Condition is not Complete (COMPLETE), adding job: 4 to jobs list
2026-02-02 10:12:12,107 - logging_setup - INFO - 

2026-02-02 10:12:12,107 - logging_setup - INFO - -------------------------------------------------------------------------------
2026-02-02 10:12:12,108 - logging_setup - INFO - -                        End of Job 4                                -
2026-02-02 10:12:12,108 - logging_setup - INFO - -------------------------------------------------------------------------------
2026-02-02 10:12:12,108 - logging_setup - INFO - 

2026-02-02 10:12:12,109 - logging_setup - INFO - 

2026-02-02 10:12:12,109 - logging_setup - INFO - -------------------------------------------------------------------------------
2026-02-02 10:12:12,109 - logging_setup - INFO - -                        Load Jobs: Start of Job 5                               -
2026-02-02 10:12:12,110 - logging_setup - INFO - -------------------------------------------------------------------------------
2026-02-02 10:12:12,110 - logging_setup - INFO - 

2026-02-02 10:12:12,110 - logging_setup - INFO - Load Jobs - Creating empty dictionary
2026-02-02 10:12:12,111 - logging_setup - INFO - Load Jobs - Skipping job 5 as it is marked COMPLETE.
2026-02-02 10:12:12,111 - logging_setup - INFO - Load Jobs - Job Condition is not Complete (COMPLETE), adding job: 5 to jobs list
2026-02-02 10:12:12,112 - logging_setup - INFO - 

2026-02-02 10:12:12,112 - logging_setup - INFO - -------------------------------------------------------------------------------
2026-02-02 10:12:12,112 - logging_setup - INFO - -                        End of Job 5                                -
2026-02-02 10:12:12,113 - logging_setup - INFO - -------------------------------------------------------------------------------
2026-02-02 10:12:12,113 - logging_setup - INFO - 

2026-02-02 10:12:12,113 - logging_setup - INFO - 

2026-02-02 10:12:12,114 - logging_setup - INFO - -------------------------------------------------------------------------------
2026-02-02 10:12:12,114 - logging_setup - INFO - -                        Load Jobs: Start of Job 6                               -
2026-02-02 10:12:12,114 - logging_setup - INFO - -------------------------------------------------------------------------------
2026-02-02 10:12:12,115 - logging_setup - INFO - 

2026-02-02 10:12:12,115 - logging_setup - INFO - Load Jobs - Creating empty dictionary
2026-02-02 10:12:12,115 - logging_setup - INFO - Load Jobs - Skipping job 6 as it is marked COMPLETE.
2026-02-02 10:12:12,116 - logging_setup - INFO - Load Jobs - Job Condition is not Complete (COMPLETE), adding job: 6 to jobs list
2026-02-02 10:12:12,116 - logging_setup - INFO - 

2026-02-02 10:12:12,116 - logging_setup - INFO - -------------------------------------------------------------------------------
2026-02-02 10:12:12,117 - logging_setup - INFO - -                        End of Job 6                                -
2026-02-02 10:12:12,117 - logging_setup - INFO - -------------------------------------------------------------------------------
2026-02-02 10:12:12,118 - logging_setup - INFO - 

2026-02-02 10:12:12,118 - logging_setup - INFO - 

2026-02-02 10:12:12,118 - logging_setup - INFO - -------------------------------------------------------------------------------
2026-02-02 10:12:12,119 - logging_setup - INFO - -                        Load Jobs: Start of Job 7                               -
2026-02-02 10:12:12,119 - logging_setup - INFO - -------------------------------------------------------------------------------
2026-02-02 10:12:12,119 - logging_setup - INFO - 

2026-02-02 10:12:12,120 - logging_setup - INFO - Load Jobs - Creating empty dictionary
2026-02-02 10:12:12,124 - logging_setup - INFO - Load Jobs - Skipping job 7 as it is marked COMPLETE.
2026-02-02 10:12:12,124 - logging_setup - INFO - Load Jobs - Job Condition is not Complete (COMPLETE), adding job: 7 to jobs list
2026-02-02 10:12:12,124 - logging_setup - INFO - 

2026-02-02 10:12:12,125 - logging_setup - INFO - -------------------------------------------------------------------------------
2026-02-02 10:12:12,125 - logging_setup - INFO - -                        End of Job 7                                -
2026-02-02 10:12:12,125 - logging_setup - INFO - -------------------------------------------------------------------------------
2026-02-02 10:12:12,126 - logging_setup - INFO - 

2026-02-02 10:12:12,126 - logging_setup - INFO - Main: [jobs_2.xlsx] Batching jobs for \\spatialfiles.bcgov\srm\gss\sandbox\csostad\Skeena 2026-2028 Shapefiles\shapefile\outputs\jobs_2.xlsx (initial attempt)
2026-02-02 10:12:12,126 - logging_setup - INFO - 

2026-02-02 10:12:12,127 - logging_setup - INFO - ##########################################################################################################################
2026-02-02 10:12:12,127 - logging_setup - INFO - #
2026-02-02 10:12:12,128 - logging_setup - INFO - Batch AST: Batching Jobs with Multiprocessing...
2026-02-02 10:12:12,128 - logging_setup - INFO - #
2026-02-02 10:12:12,128 - logging_setup - INFO - ##########################################################################################################################
2026-02-02 10:12:12,128 - logging_setup - INFO - 

2026-02-02 10:12:12,129 - logging_setup - INFO - Batch Ast: Job Timeout set to 21600 seconds (6 hours)
2026-02-02 10:12:12,129 - logging_setup - INFO - Batch Ast: Process health checks enabled (every 60s)
2026-02-02 10:12:26,816 - logging_setup - INFO - Batch Ast: Starting job 0
2026-02-02 10:12:26,817 - logging_setup - INFO - Batch Ast: Starting job 1
2026-02-02 10:12:26,817 - logging_setup - INFO - Batch Ast: Starting job 2
2026-02-02 10:12:26,818 - logging_setup - INFO - Batch Ast: Starting job 3
2026-02-02 10:12:26,818 - logging_setup - INFO - Batch Ast: Starting job 4
2026-02-02 10:12:26,819 - logging_setup - INFO - Batch Ast: Starting job 5
2026-02-02 10:12:26,819 - logging_setup - INFO - Batch Ast: Starting job 6
2026-02-02 10:12:26,820 - logging_setup - INFO - Batch Ast: Starting job 7
2026-02-02 10:12:26,821 - logging_setup - INFO - Batch Ast: Monitoring 0 jobs with 6-hour timeout and health checks
2026-02-02 10:12:26,822 - logging_setup - INFO - Batch Ast: Summary - Success: 0, Worker Failed: 0, Timeout Failed: 0, Crashed: 0
2026-02-02 10:12:26,822 - logging_setup - INFO - 

2026-02-02 10:12:26,822 - logging_setup - INFO - Batch Ast Complete - Check separate worker log file for more details
2026-02-02 10:12:27,868 - logging_setup - INFO - Main: [jobs_2.xlsx] Initial batch processing complete
2026-02-02 10:12:27,869 - logging_setup - INFO - 
====================================================================================================
2026-02-02 10:12:27,870 - logging_setup - INFO -   >>> COMPLETED SPREADSHEET: jobs_2.xlsx <<<
2026-02-02 10:12:27,870 - logging_setup - INFO - ====================================================================================================

2026-02-02 10:12:27,872 - logging_setup - INFO - 
====================================================================================================
2026-02-02 10:12:27,873 - logging_setup - INFO - ====================================================================================================
2026-02-02 10:12:27,873 - logging_setup - INFO -   >>> PROCESSING SPREADSHEET: jobs_3.xlsx <<<
2026-02-02 10:12:27,874 - logging_setup - INFO - ====================================================================================================
2026-02-02 10:12:27,874 - logging_setup - INFO - ====================================================================================================

2026-02-02 10:12:27,894 - logging_setup - WARNING - Main: [jobs_3.xlsx] Error checking job status: 'Worksheet Sheet1 does not exist.' - will process anyway
2026-02-02 10:12:27,902 - logging_setup - WARNING - Main: [jobs_3.xlsx] Error checking job status: 'Worksheet Sheet1 does not exist.' - will process anyway
2026-02-02 10:12:27,903 - logging_setup - INFO - Main: [jobs_3.xlsx] Creating queuefile path for \\spatialfiles.bcgov\srm\gss\sandbox\csostad\Skeena 2026-2028 Shapefiles\shapefile\outputs\jobs_3.xlsx
2026-02-02 10:12:27,904 - logging_setup - INFO - Main: [jobs_3.xlsx] Loading jobs from \\spatialfiles.bcgov\srm\gss\sandbox\csostad\Skeena 2026-2028 Shapefiles\shapefile\outputs\jobs_3.xlsx
2026-02-02 10:12:27,904 - logging_setup - INFO - ##########################################################################################################################
2026-02-02 10:12:27,904 - logging_setup - INFO - #
2026-02-02 10:12:27,905 - logging_setup - INFO - Loading Jobs...
2026-02-02 10:12:27,905 - logging_setup - INFO - #
2026-02-02 10:12:27,906 - logging_setup - INFO - ##########################################################################################################################
2026-02-02 10:12:27,918 - logging_setup - INFO - 

2026-02-02 10:12:27,919 - logging_setup - INFO - -------------------------------------------------------------------------------
2026-02-02 10:12:27,919 - logging_setup - INFO - -                        Load Jobs: Start of Job 0                               -
2026-02-02 10:12:27,919 - logging_setup - INFO - -------------------------------------------------------------------------------
2026-02-02 10:12:27,920 - logging_setup - INFO - 

2026-02-02 10:12:27,920 - logging_setup - INFO - Load Jobs - Creating empty dictionary
2026-02-02 10:12:27,921 - logging_setup - INFO - Load Jobs - Skipping job 0 as it is marked COMPLETE.
2026-02-02 10:12:27,921 - logging_setup - INFO - Load Jobs - Job Condition is not Complete (COMPLETE), adding job: 0 to jobs list
2026-02-02 10:12:27,922 - logging_setup - INFO - 

2026-02-02 10:12:27,922 - logging_setup - INFO - -------------------------------------------------------------------------------
2026-02-02 10:12:27,922 - logging_setup - INFO - -                        End of Job 0                                -
2026-02-02 10:12:27,923 - logging_setup - INFO - -------------------------------------------------------------------------------
2026-02-02 10:12:27,923 - logging_setup - INFO - 

2026-02-02 10:12:27,924 - logging_setup - INFO - 

2026-02-02 10:12:27,924 - logging_setup - INFO - -------------------------------------------------------------------------------
2026-02-02 10:12:27,924 - logging_setup - INFO - -                        Load Jobs: Start of Job 1                               -
2026-02-02 10:12:27,925 - logging_setup - INFO - -------------------------------------------------------------------------------
2026-02-02 10:12:27,925 - logging_setup - INFO - 

2026-02-02 10:12:27,926 - logging_setup - INFO - Load Jobs - Creating empty dictionary
2026-02-02 10:12:27,926 - logging_setup - INFO - Load Jobs - Skipping job 1 as it is marked COMPLETE.
2026-02-02 10:12:27,927 - logging_setup - INFO - Load Jobs - Job Condition is not Complete (COMPLETE), adding job: 1 to jobs list
2026-02-02 10:12:27,927 - logging_setup - INFO - 

2026-02-02 10:12:27,927 - logging_setup - INFO - -------------------------------------------------------------------------------
2026-02-02 10:12:27,928 - logging_setup - INFO - -                        End of Job 1                                -
2026-02-02 10:12:27,928 - logging_setup - INFO - -------------------------------------------------------------------------------
2026-02-02 10:12:27,929 - logging_setup - INFO - 

2026-02-02 10:12:27,929 - logging_setup - INFO - 

2026-02-02 10:12:27,929 - logging_setup - INFO - -------------------------------------------------------------------------------
2026-02-02 10:12:27,930 - logging_setup - INFO - -                        Load Jobs: Start of Job 2                               -
2026-02-02 10:12:27,930 - logging_setup - INFO - -------------------------------------------------------------------------------
2026-02-02 10:12:27,930 - logging_setup - INFO - 

2026-02-02 10:12:27,931 - logging_setup - INFO - Load Jobs - Creating empty dictionary
2026-02-02 10:12:27,931 - logging_setup - INFO - Load Jobs - Skipping job 2 as it is marked COMPLETE.
2026-02-02 10:12:27,931 - logging_setup - INFO - Load Jobs - Job Condition is not Complete (COMPLETE), adding job: 2 to jobs list
2026-02-02 10:12:27,932 - logging_setup - INFO - 

2026-02-02 10:12:27,932 - logging_setup - INFO - -------------------------------------------------------------------------------
2026-02-02 10:12:27,933 - logging_setup - INFO - -                        End of Job 2                                -
2026-02-02 10:12:27,933 - logging_setup - INFO - -------------------------------------------------------------------------------
2026-02-02 10:12:27,933 - logging_setup - INFO - 

2026-02-02 10:12:27,934 - logging_setup - INFO - 

2026-02-02 10:12:27,934 - logging_setup - INFO - -------------------------------------------------------------------------------
2026-02-02 10:12:27,934 - logging_setup - INFO - -                        Load Jobs: Start of Job 3                               -
2026-02-02 10:12:27,935 - logging_setup - INFO - -------------------------------------------------------------------------------
2026-02-02 10:12:27,935 - logging_setup - INFO - 

2026-02-02 10:12:27,935 - logging_setup - INFO - Load Jobs - Creating empty dictionary
2026-02-02 10:12:27,936 - logging_setup - INFO - Load Jobs - Skipping job 3 as it is marked COMPLETE.
2026-02-02 10:12:27,936 - logging_setup - INFO - Load Jobs - Job Condition is not Complete (COMPLETE), adding job: 3 to jobs list
2026-02-02 10:12:27,936 - logging_setup - INFO - 

2026-02-02 10:12:27,937 - logging_setup - INFO - -------------------------------------------------------------------------------
2026-02-02 10:12:27,937 - logging_setup - INFO - -                        End of Job 3                                -
2026-02-02 10:12:27,938 - logging_setup - INFO - -------------------------------------------------------------------------------
2026-02-02 10:12:27,938 - logging_setup - INFO - 

2026-02-02 10:12:27,938 - logging_setup - INFO - 

2026-02-02 10:12:27,939 - logging_setup - INFO - -------------------------------------------------------------------------------
2026-02-02 10:12:27,939 - logging_setup - INFO - -                        Load Jobs: Start of Job 4                               -
2026-02-02 10:12:27,940 - logging_setup - INFO - -------------------------------------------------------------------------------
2026-02-02 10:12:27,940 - logging_setup - INFO - 

2026-02-02 10:12:27,940 - logging_setup - INFO - Load Jobs - Creating empty dictionary
2026-02-02 10:12:27,941 - logging_setup - INFO - Load Jobs - Skipping job 4 as it is marked COMPLETE.
2026-02-02 10:12:27,941 - logging_setup - INFO - Load Jobs - Job Condition is not Complete (COMPLETE), adding job: 4 to jobs list
2026-02-02 10:12:27,942 - logging_setup - INFO - 

2026-02-02 10:12:27,942 - logging_setup - INFO - -------------------------------------------------------------------------------
2026-02-02 10:12:27,942 - logging_setup - INFO - -                        End of Job 4                                -
2026-02-02 10:12:27,943 - logging_setup - INFO - -------------------------------------------------------------------------------
2026-02-02 10:12:27,943 - logging_setup - INFO - 

2026-02-02 10:12:27,943 - logging_setup - INFO - 

2026-02-02 10:12:27,944 - logging_setup - INFO - -------------------------------------------------------------------------------
2026-02-02 10:12:27,944 - logging_setup - INFO - -                        Load Jobs: Start of Job 5                               -
2026-02-02 10:12:27,944 - logging_setup - INFO - -------------------------------------------------------------------------------
2026-02-02 10:12:27,944 - logging_setup - INFO - 

2026-02-02 10:12:27,945 - logging_setup - INFO - Load Jobs - Creating empty dictionary
2026-02-02 10:12:27,945 - logging_setup - INFO - Load Jobs - Skipping job 5 as it is marked COMPLETE.
2026-02-02 10:12:27,946 - logging_setup - INFO - Load Jobs - Job Condition is not Complete (COMPLETE), adding job: 5 to jobs list
2026-02-02 10:12:27,946 - logging_setup - INFO - 

2026-02-02 10:12:27,946 - logging_setup - INFO - -------------------------------------------------------------------------------
2026-02-02 10:12:27,947 - logging_setup - INFO - -                        End of Job 5                                -
2026-02-02 10:12:27,947 - logging_setup - INFO - -------------------------------------------------------------------------------
2026-02-02 10:12:27,947 - logging_setup - INFO - 

2026-02-02 10:12:27,948 - logging_setup - INFO - 

2026-02-02 10:12:27,948 - logging_setup - INFO - -------------------------------------------------------------------------------
2026-02-02 10:12:27,949 - logging_setup - INFO - -                        Load Jobs: Start of Job 6                               -
2026-02-02 10:12:27,949 - logging_setup - INFO - -------------------------------------------------------------------------------
2026-02-02 10:12:27,949 - logging_setup - INFO - 

2026-02-02 10:12:27,950 - logging_setup - INFO - Load Jobs - Creating empty dictionary
2026-02-02 10:12:27,950 - logging_setup - INFO - Load Jobs - Skipping job 6 as it is marked COMPLETE.
2026-02-02 10:12:27,951 - logging_setup - INFO - Load Jobs - Job Condition is not Complete (COMPLETE), adding job: 6 to jobs list
2026-02-02 10:12:27,951 - logging_setup - INFO - 

2026-02-02 10:12:27,951 - logging_setup - INFO - -------------------------------------------------------------------------------
2026-02-02 10:12:27,952 - logging_setup - INFO - -                        End of Job 6                                -
2026-02-02 10:12:27,952 - logging_setup - INFO - -------------------------------------------------------------------------------
2026-02-02 10:12:27,952 - logging_setup - INFO - 

2026-02-02 10:12:27,953 - logging_setup - INFO - 

2026-02-02 10:12:27,953 - logging_setup - INFO - -------------------------------------------------------------------------------
2026-02-02 10:12:27,953 - logging_setup - INFO - -                        Load Jobs: Start of Job 7                               -
2026-02-02 10:12:27,954 - logging_setup - INFO - -------------------------------------------------------------------------------
2026-02-02 10:12:27,954 - logging_setup - INFO - 

2026-02-02 10:12:27,955 - logging_setup - INFO - Load Jobs - Creating empty dictionary
2026-02-02 10:12:27,955 - logging_setup - INFO - Load Jobs - Skipping job 7 as it is marked COMPLETE.
2026-02-02 10:12:27,955 - logging_setup - INFO - Load Jobs - Job Condition is not Complete (COMPLETE), adding job: 7 to jobs list
2026-02-02 10:12:27,956 - logging_setup - INFO - 

2026-02-02 10:12:27,956 - logging_setup - INFO - -------------------------------------------------------------------------------
2026-02-02 10:12:27,957 - logging_setup - INFO - -                        End of Job 7                                -
2026-02-02 10:12:27,957 - logging_setup - INFO - -------------------------------------------------------------------------------
2026-02-02 10:12:27,957 - logging_setup - INFO - 

2026-02-02 10:12:27,958 - logging_setup - INFO - Main: [jobs_3.xlsx] Batching jobs for \\spatialfiles.bcgov\srm\gss\sandbox\csostad\Skeena 2026-2028 Shapefiles\shapefile\outputs\jobs_3.xlsx (initial attempt)
2026-02-02 10:12:27,958 - logging_setup - INFO - 

2026-02-02 10:12:27,959 - logging_setup - INFO - ##########################################################################################################################
2026-02-02 10:12:27,959 - logging_setup - INFO - #
2026-02-02 10:12:27,959 - logging_setup - INFO - Batch AST: Batching Jobs with Multiprocessing...
2026-02-02 10:12:27,960 - logging_setup - INFO - #
2026-02-02 10:12:27,960 - logging_setup - INFO - ##########################################################################################################################
2026-02-02 10:12:27,960 - logging_setup - INFO - 

2026-02-02 10:12:27,961 - logging_setup - INFO - Batch Ast: Job Timeout set to 21600 seconds (6 hours)
2026-02-02 10:12:27,961 - logging_setup - INFO - Batch Ast: Process health checks enabled (every 60s)
2026-02-02 10:12:41,678 - logging_setup - INFO - Batch Ast: Starting job 0
2026-02-02 10:12:41,678 - logging_setup - INFO - Batch Ast: Starting job 1
2026-02-02 10:12:41,679 - logging_setup - INFO - Batch Ast: Starting job 2
2026-02-02 10:12:41,680 - logging_setup - INFO - Batch Ast: Starting job 3
2026-02-02 10:12:41,681 - logging_setup - INFO - Batch Ast: Starting job 4
2026-02-02 10:12:41,681 - logging_setup - INFO - Batch Ast: Starting job 5
2026-02-02 10:12:41,682 - logging_setup - INFO - Batch Ast: Starting job 6
2026-02-02 10:12:41,682 - logging_setup - INFO - Batch Ast: Starting job 7
2026-02-02 10:12:41,683 - logging_setup - INFO - Batch Ast: Monitoring 0 jobs with 6-hour timeout and health checks
2026-02-02 10:12:41,684 - logging_setup - INFO - Batch Ast: Summary - Success: 0, Worker Failed: 0, Timeout Failed: 0, Crashed: 0
2026-02-02 10:12:41,684 - logging_setup - INFO - 

2026-02-02 10:12:41,685 - logging_setup - INFO - Batch Ast Complete - Check separate worker log file for more details
2026-02-02 10:12:42,734 - logging_setup - INFO - Main: [jobs_3.xlsx] Initial batch processing complete
2026-02-02 10:12:42,735 - logging_setup - INFO - 
====================================================================================================
2026-02-02 10:12:42,736 - logging_setup - INFO -   >>> COMPLETED SPREADSHEET: jobs_3.xlsx <<<
2026-02-02 10:12:42,736 - logging_setup - INFO - ====================================================================================================

2026-02-02 10:12:42,738 - logging_setup - INFO - 
====================================================================================================
2026-02-02 10:12:42,738 - logging_setup - INFO - ====================================================================================================
2026-02-02 10:12:42,739 - logging_setup - INFO -   >>> PROCESSING SPREADSHEET: jobs_4.xlsx <<<
2026-02-02 10:12:42,739 - logging_setup - INFO - ====================================================================================================
2026-02-02 10:12:42,739 - logging_setup - INFO - ====================================================================================================

2026-02-02 10:12:42,752 - logging_setup - WARNING - Main: [jobs_4.xlsx] Error checking job status: 'Worksheet Sheet1 does not exist.' - will process anyway
2026-02-02 10:12:42,760 - logging_setup - WARNING - Main: [jobs_4.xlsx] Error checking job status: 'Worksheet Sheet1 does not exist.' - will process anyway
2026-02-02 10:12:42,761 - logging_setup - INFO - Main: [jobs_4.xlsx] Creating queuefile path for \\spatialfiles.bcgov\srm\gss\sandbox\csostad\Skeena 2026-2028 Shapefiles\shapefile\outputs\jobs_4.xlsx
2026-02-02 10:12:42,761 - logging_setup - INFO - Main: [jobs_4.xlsx] Loading jobs from \\spatialfiles.bcgov\srm\gss\sandbox\csostad\Skeena 2026-2028 Shapefiles\shapefile\outputs\jobs_4.xlsx
2026-02-02 10:12:42,762 - logging_setup - INFO - ##########################################################################################################################
2026-02-02 10:12:42,762 - logging_setup - INFO - #
2026-02-02 10:12:42,763 - logging_setup - INFO - Loading Jobs...
2026-02-02 10:12:42,763 - logging_setup - INFO - #
2026-02-02 10:12:42,763 - logging_setup - INFO - ##########################################################################################################################
2026-02-02 10:12:42,777 - logging_setup - INFO - 

2026-02-02 10:12:42,777 - logging_setup - INFO - -------------------------------------------------------------------------------
2026-02-02 10:12:42,778 - logging_setup - INFO - -                        Load Jobs: Start of Job 0                               -
2026-02-02 10:12:42,778 - logging_setup - INFO - -------------------------------------------------------------------------------
2026-02-02 10:12:42,778 - logging_setup - INFO - 

2026-02-02 10:12:42,779 - logging_setup - INFO - Load Jobs - Creating empty dictionary
2026-02-02 10:12:42,779 - logging_setup - INFO - Load Jobs - Skipping job 0 as it is marked COMPLETE.
2026-02-02 10:12:42,780 - logging_setup - INFO - Load Jobs - Job Condition is not Complete (COMPLETE), adding job: 0 to jobs list
2026-02-02 10:12:42,780 - logging_setup - INFO - 

2026-02-02 10:12:42,780 - logging_setup - INFO - -------------------------------------------------------------------------------
2026-02-02 10:12:42,781 - logging_setup - INFO - -                        End of Job 0                                -
2026-02-02 10:12:42,781 - logging_setup - INFO - -------------------------------------------------------------------------------
2026-02-02 10:12:42,782 - logging_setup - INFO - 

2026-02-02 10:12:42,782 - logging_setup - INFO - 

2026-02-02 10:12:42,782 - logging_setup - INFO - -------------------------------------------------------------------------------
2026-02-02 10:12:42,783 - logging_setup - INFO - -                        Load Jobs: Start of Job 1                               -
2026-02-02 10:12:42,783 - logging_setup - INFO - -------------------------------------------------------------------------------
2026-02-02 10:12:42,783 - logging_setup - INFO - 

2026-02-02 10:12:42,784 - logging_setup - INFO - Load Jobs - Creating empty dictionary
2026-02-02 10:12:42,785 - logging_setup - INFO - Load Jobs - Skipping job 1 as it is marked COMPLETE.
2026-02-02 10:12:42,785 - logging_setup - INFO - Load Jobs - Job Condition is not Complete (COMPLETE), adding job: 1 to jobs list
2026-02-02 10:12:42,786 - logging_setup - INFO - 

2026-02-02 10:12:42,786 - logging_setup - INFO - -------------------------------------------------------------------------------
2026-02-02 10:12:42,787 - logging_setup - INFO - -                        End of Job 1                                -
2026-02-02 10:12:42,787 - logging_setup - INFO - -------------------------------------------------------------------------------
2026-02-02 10:12:42,787 - logging_setup - INFO - 

2026-02-02 10:12:42,787 - logging_setup - INFO - 

2026-02-02 10:12:42,788 - logging_setup - INFO - -------------------------------------------------------------------------------
2026-02-02 10:12:42,788 - logging_setup - INFO - -                        Load Jobs: Start of Job 2                               -
2026-02-02 10:12:42,789 - logging_setup - INFO - -------------------------------------------------------------------------------
2026-02-02 10:12:42,789 - logging_setup - INFO - 

2026-02-02 10:12:42,789 - logging_setup - INFO - Load Jobs - Creating empty dictionary
2026-02-02 10:12:42,790 - logging_setup - INFO - Load Jobs - Skipping job 2 as it is marked COMPLETE.
2026-02-02 10:12:42,790 - logging_setup - INFO - Load Jobs - Job Condition is not Complete (COMPLETE), adding job: 2 to jobs list
2026-02-02 10:12:42,790 - logging_setup - INFO - 

2026-02-02 10:12:42,791 - logging_setup - INFO - -------------------------------------------------------------------------------
2026-02-02 10:12:42,791 - logging_setup - INFO - -                        End of Job 2                                -
2026-02-02 10:12:42,791 - logging_setup - INFO - -------------------------------------------------------------------------------
2026-02-02 10:12:42,792 - logging_setup - INFO - 

2026-02-02 10:12:42,792 - logging_setup - INFO - 

2026-02-02 10:12:42,792 - logging_setup - INFO - -------------------------------------------------------------------------------
2026-02-02 10:12:42,793 - logging_setup - INFO - -                        Load Jobs: Start of Job 3                               -
2026-02-02 10:12:42,793 - logging_setup - INFO - -------------------------------------------------------------------------------
2026-02-02 10:12:42,793 - logging_setup - INFO - 

2026-02-02 10:12:42,794 - logging_setup - INFO - Load Jobs - Creating empty dictionary
2026-02-02 10:12:42,794 - logging_setup - INFO - Load Jobs - Skipping job 3 as it is marked COMPLETE.
2026-02-02 10:12:42,794 - logging_setup - INFO - Load Jobs - Job Condition is not Complete (COMPLETE), adding job: 3 to jobs list
2026-02-02 10:12:42,795 - logging_setup - INFO - 

2026-02-02 10:12:42,795 - logging_setup - INFO - -------------------------------------------------------------------------------
2026-02-02 10:12:42,795 - logging_setup - INFO - -                        End of Job 3                                -
2026-02-02 10:12:42,796 - logging_setup - INFO - -------------------------------------------------------------------------------
2026-02-02 10:12:42,796 - logging_setup - INFO - 

2026-02-02 10:12:42,797 - logging_setup - INFO - 

2026-02-02 10:12:42,797 - logging_setup - INFO - -------------------------------------------------------------------------------
2026-02-02 10:12:42,797 - logging_setup - INFO - -                        Load Jobs: Start of Job 4                               -
2026-02-02 10:12:42,797 - logging_setup - INFO - -------------------------------------------------------------------------------
2026-02-02 10:12:42,798 - logging_setup - INFO - 

2026-02-02 10:12:42,798 - logging_setup - INFO - Load Jobs - Creating empty dictionary
2026-02-02 10:12:42,799 - logging_setup - INFO - Load Jobs - Skipping job 4 as it is marked COMPLETE.
2026-02-02 10:12:42,799 - logging_setup - INFO - Load Jobs - Job Condition is not Complete (COMPLETE), adding job: 4 to jobs list
2026-02-02 10:12:42,799 - logging_setup - INFO - 

2026-02-02 10:12:42,800 - logging_setup - INFO - -------------------------------------------------------------------------------
2026-02-02 10:12:42,800 - logging_setup - INFO - -                        End of Job 4                                -
2026-02-02 10:12:42,800 - logging_setup - INFO - -------------------------------------------------------------------------------
2026-02-02 10:12:42,801 - logging_setup - INFO - 

2026-02-02 10:12:42,801 - logging_setup - INFO - 

2026-02-02 10:12:42,801 - logging_setup - INFO - -------------------------------------------------------------------------------
2026-02-02 10:12:42,802 - logging_setup - INFO - -                        Load Jobs: Start of Job 5                               -
2026-02-02 10:12:42,802 - logging_setup - INFO - -------------------------------------------------------------------------------
2026-02-02 10:12:42,802 - logging_setup - INFO - 

2026-02-02 10:12:42,803 - logging_setup - INFO - Load Jobs - Creating empty dictionary
2026-02-02 10:12:42,803 - logging_setup - INFO - Load Jobs - Skipping job 5 as it is marked COMPLETE.
2026-02-02 10:12:42,804 - logging_setup - INFO - Load Jobs - Job Condition is not Complete (COMPLETE), adding job: 5 to jobs list
2026-02-02 10:12:42,804 - logging_setup - INFO - 

2026-02-02 10:12:42,804 - logging_setup - INFO - -------------------------------------------------------------------------------
2026-02-02 10:12:42,805 - logging_setup - INFO - -                        End of Job 5                                -
2026-02-02 10:12:42,805 - logging_setup - INFO - -------------------------------------------------------------------------------
2026-02-02 10:12:42,805 - logging_setup - INFO - 

2026-02-02 10:12:42,806 - logging_setup - INFO - 

2026-02-02 10:12:42,806 - logging_setup - INFO - -------------------------------------------------------------------------------
2026-02-02 10:12:42,806 - logging_setup - INFO - -                        Load Jobs: Start of Job 6                               -
2026-02-02 10:12:42,807 - logging_setup - INFO - -------------------------------------------------------------------------------
2026-02-02 10:12:42,807 - logging_setup - INFO - 

2026-02-02 10:12:42,807 - logging_setup - INFO - Load Jobs - Creating empty dictionary
2026-02-02 10:12:42,808 - logging_setup - INFO - Load Jobs - Skipping job 6 as it is marked COMPLETE.
2026-02-02 10:12:42,808 - logging_setup - INFO - Load Jobs - Job Condition is not Complete (COMPLETE), adding job: 6 to jobs list
2026-02-02 10:12:42,809 - logging_setup - INFO - 

2026-02-02 10:12:42,809 - logging_setup - INFO - -------------------------------------------------------------------------------
2026-02-02 10:12:42,810 - logging_setup - INFO - -                        End of Job 6                                -
2026-02-02 10:12:42,810 - logging_setup - INFO - -------------------------------------------------------------------------------
2026-02-02 10:12:42,810 - logging_setup - INFO - 

2026-02-02 10:12:42,811 - logging_setup - INFO - 

2026-02-02 10:12:42,811 - logging_setup - INFO - -------------------------------------------------------------------------------
2026-02-02 10:12:42,811 - logging_setup - INFO - -                        Load Jobs: Start of Job 7                               -
2026-02-02 10:12:42,812 - logging_setup - INFO - -------------------------------------------------------------------------------
2026-02-02 10:12:42,812 - logging_setup - INFO - 

2026-02-02 10:12:42,812 - logging_setup - INFO - Load Jobs - Creating empty dictionary
2026-02-02 10:12:42,813 - logging_setup - INFO - Load Jobs - Skipping job 7 as it is marked COMPLETE.
2026-02-02 10:12:42,813 - logging_setup - INFO - Load Jobs - Job Condition is not Complete (COMPLETE), adding job: 7 to jobs list
2026-02-02 10:12:42,813 - logging_setup - INFO - 

2026-02-02 10:12:42,814 - logging_setup - INFO - -------------------------------------------------------------------------------
2026-02-02 10:12:42,814 - logging_setup - INFO - -                        End of Job 7                                -
2026-02-02 10:12:42,814 - logging_setup - INFO - -------------------------------------------------------------------------------
2026-02-02 10:12:42,815 - logging_setup - INFO - 

2026-02-02 10:12:42,815 - logging_setup - INFO - Main: [jobs_4.xlsx] Batching jobs for \\spatialfiles.bcgov\srm\gss\sandbox\csostad\Skeena 2026-2028 Shapefiles\shapefile\outputs\jobs_4.xlsx (initial attempt)
2026-02-02 10:12:42,816 - logging_setup - INFO - 

2026-02-02 10:12:42,816 - logging_setup - INFO - ##########################################################################################################################
2026-02-02 10:12:42,816 - logging_setup - INFO - #
2026-02-02 10:12:42,817 - logging_setup - INFO - Batch AST: Batching Jobs with Multiprocessing...
2026-02-02 10:12:42,817 - logging_setup - INFO - #
2026-02-02 10:12:42,817 - logging_setup - INFO - ##########################################################################################################################
2026-02-02 10:12:42,818 - logging_setup - INFO - 

2026-02-02 10:12:42,818 - logging_setup - INFO - Batch Ast: Job Timeout set to 21600 seconds (6 hours)
2026-02-02 10:12:42,819 - logging_setup - INFO - Batch Ast: Process health checks enabled (every 60s)
2026-02-02 10:12:57,016 - logging_setup - INFO - Batch Ast: Starting job 0
2026-02-02 10:12:57,016 - logging_setup - INFO - Batch Ast: Starting job 1
2026-02-02 10:12:57,017 - logging_setup - INFO - Batch Ast: Starting job 2
2026-02-02 10:12:57,018 - logging_setup - INFO - Batch Ast: Starting job 3
2026-02-02 10:12:57,019 - logging_setup - INFO - Batch Ast: Starting job 4
2026-02-02 10:12:57,019 - logging_setup - INFO - Batch Ast: Starting job 5
2026-02-02 10:12:57,020 - logging_setup - INFO - Batch Ast: Starting job 6
2026-02-02 10:12:57,020 - logging_setup - INFO - Batch Ast: Starting job 7
2026-02-02 10:12:57,021 - logging_setup - INFO - Batch Ast: Monitoring 0 jobs with 6-hour timeout and health checks
2026-02-02 10:12:57,022 - logging_setup - INFO - Batch Ast: Summary - Success: 0, Worker Failed: 0, Timeout Failed: 0, Crashed: 0
2026-02-02 10:12:57,022 - logging_setup - INFO - 

2026-02-02 10:12:57,022 - logging_setup - INFO - Batch Ast Complete - Check separate worker log file for more details
2026-02-02 10:12:58,089 - logging_setup - INFO - Main: [jobs_4.xlsx] Initial batch processing complete
2026-02-02 10:12:58,090 - logging_setup - INFO - 
====================================================================================================
2026-02-02 10:12:58,091 - logging_setup - INFO -   >>> COMPLETED SPREADSHEET: jobs_4.xlsx <<<
2026-02-02 10:12:58,092 - logging_setup - INFO - ====================================================================================================

2026-02-02 10:12:58,095 - logging_setup - INFO - 
====================================================================================================
2026-02-02 10:12:58,095 - logging_setup - INFO - ====================================================================================================
2026-02-02 10:12:58,096 - logging_setup - INFO -   >>> PROCESSING SPREADSHEET: jobs_5.xlsx <<<
2026-02-02 10:12:58,096 - logging_setup - INFO - ====================================================================================================
2026-02-02 10:12:58,096 - logging_setup - INFO - ====================================================================================================

2026-02-02 10:12:58,113 - logging_setup - WARNING - Main: [jobs_5.xlsx] Error checking job status: 'Worksheet Sheet1 does not exist.' - will process anyway
2026-02-02 10:12:58,123 - logging_setup - WARNING - Main: [jobs_5.xlsx] Error checking job status: 'Worksheet Sheet1 does not exist.' - will process anyway
2026-02-02 10:12:58,123 - logging_setup - INFO - Main: [jobs_5.xlsx] Creating queuefile path for \\spatialfiles.bcgov\srm\gss\sandbox\csostad\Skeena 2026-2028 Shapefiles\shapefile\outputs\jobs_5.xlsx
2026-02-02 10:12:58,124 - logging_setup - INFO - Main: [jobs_5.xlsx] Loading jobs from \\spatialfiles.bcgov\srm\gss\sandbox\csostad\Skeena 2026-2028 Shapefiles\shapefile\outputs\jobs_5.xlsx
2026-02-02 10:12:58,125 - logging_setup - INFO - ##########################################################################################################################
2026-02-02 10:12:58,125 - logging_setup - INFO - #
2026-02-02 10:12:58,126 - logging_setup - INFO - Loading Jobs...
2026-02-02 10:12:58,126 - logging_setup - INFO - #
2026-02-02 10:12:58,127 - logging_setup - INFO - ##########################################################################################################################
2026-02-02 10:12:58,151 - logging_setup - INFO - 

2026-02-02 10:12:58,152 - logging_setup - INFO - -------------------------------------------------------------------------------
2026-02-02 10:12:58,152 - logging_setup - INFO - -                        Load Jobs: Start of Job 0                               -
2026-02-02 10:12:58,153 - logging_setup - INFO - -------------------------------------------------------------------------------
2026-02-02 10:12:58,153 - logging_setup - INFO - 

2026-02-02 10:12:58,154 - logging_setup - INFO - Load Jobs - Creating empty dictionary
2026-02-02 10:12:58,154 - logging_setup - INFO - Load Jobs - Skipping job 0 as it is marked COMPLETE.
2026-02-02 10:12:58,155 - logging_setup - INFO - Load Jobs - Job Condition is not Complete (COMPLETE), adding job: 0 to jobs list
2026-02-02 10:12:58,155 - logging_setup - INFO - 

2026-02-02 10:12:58,155 - logging_setup - INFO - -------------------------------------------------------------------------------
2026-02-02 10:12:58,156 - logging_setup - INFO - -                        End of Job 0                                -
2026-02-02 10:12:58,156 - logging_setup - INFO - -------------------------------------------------------------------------------
2026-02-02 10:12:58,156 - logging_setup - INFO - 

2026-02-02 10:12:58,157 - logging_setup - INFO - 

2026-02-02 10:12:58,157 - logging_setup - INFO - -------------------------------------------------------------------------------
2026-02-02 10:12:58,158 - logging_setup - INFO - -                        Load Jobs: Start of Job 1                               -
2026-02-02 10:12:58,158 - logging_setup - INFO - -------------------------------------------------------------------------------
2026-02-02 10:12:58,158 - logging_setup - INFO - 

2026-02-02 10:12:58,159 - logging_setup - INFO - Load Jobs - Creating empty dictionary
2026-02-02 10:12:58,161 - logging_setup - INFO - Load Jobs - Skipping job 1 as it is marked COMPLETE.
2026-02-02 10:12:58,162 - logging_setup - INFO - Load Jobs - Job Condition is not Complete (COMPLETE), adding job: 1 to jobs list
2026-02-02 10:12:58,163 - logging_setup - INFO - 

2026-02-02 10:12:58,163 - logging_setup - INFO - -------------------------------------------------------------------------------
2026-02-02 10:12:58,164 - logging_setup - INFO - -                        End of Job 1                                -
2026-02-02 10:12:58,164 - logging_setup - INFO - -------------------------------------------------------------------------------
2026-02-02 10:12:58,165 - logging_setup - INFO - 

2026-02-02 10:12:58,165 - logging_setup - INFO - 

2026-02-02 10:12:58,166 - logging_setup - INFO - -------------------------------------------------------------------------------
2026-02-02 10:12:58,166 - logging_setup - INFO - -                        Load Jobs: Start of Job 2                               -
2026-02-02 10:12:58,167 - logging_setup - INFO - -------------------------------------------------------------------------------
2026-02-02 10:12:58,167 - logging_setup - INFO - 

2026-02-02 10:12:58,168 - logging_setup - INFO - Load Jobs - Creating empty dictionary
2026-02-02 10:12:58,168 - logging_setup - INFO - Load Jobs - Skipping job 2 as it is marked COMPLETE.
2026-02-02 10:12:58,169 - logging_setup - INFO - Load Jobs - Job Condition is not Complete (COMPLETE), adding job: 2 to jobs list
2026-02-02 10:12:58,170 - logging_setup - INFO - 

2026-02-02 10:12:58,170 - logging_setup - INFO - -------------------------------------------------------------------------------
2026-02-02 10:12:58,171 - logging_setup - INFO - -                        End of Job 2                                -
2026-02-02 10:12:58,172 - logging_setup - INFO - -------------------------------------------------------------------------------
2026-02-02 10:12:58,172 - logging_setup - INFO - 

2026-02-02 10:12:58,173 - logging_setup - INFO - 

2026-02-02 10:12:58,173 - logging_setup - INFO - -------------------------------------------------------------------------------
2026-02-02 10:12:58,174 - logging_setup - INFO - -                        Load Jobs: Start of Job 3                               -
2026-02-02 10:12:58,174 - logging_setup - INFO - -------------------------------------------------------------------------------
2026-02-02 10:12:58,175 - logging_setup - INFO - 

2026-02-02 10:12:58,175 - logging_setup - INFO - Load Jobs - Creating empty dictionary
2026-02-02 10:12:58,176 - logging_setup - INFO - Load Jobs - Skipping job 3 as it is marked COMPLETE.
2026-02-02 10:12:58,176 - logging_setup - INFO - Load Jobs - Job Condition is not Complete (COMPLETE), adding job: 3 to jobs list
2026-02-02 10:12:58,177 - logging_setup - INFO - 

2026-02-02 10:12:58,177 - logging_setup - INFO - -------------------------------------------------------------------------------
2026-02-02 10:12:58,178 - logging_setup - INFO - -                        End of Job 3                                -
2026-02-02 10:12:58,178 - logging_setup - INFO - -------------------------------------------------------------------------------
2026-02-02 10:12:58,179 - logging_setup - INFO - 

2026-02-02 10:12:58,179 - logging_setup - INFO - 

2026-02-02 10:12:58,180 - logging_setup - INFO - -------------------------------------------------------------------------------
2026-02-02 10:12:58,180 - logging_setup - INFO - -                        Load Jobs: Start of Job 4                               -
2026-02-02 10:12:58,181 - logging_setup - INFO - -------------------------------------------------------------------------------
2026-02-02 10:12:58,181 - logging_setup - INFO - 

2026-02-02 10:12:58,182 - logging_setup - INFO - Load Jobs - Creating empty dictionary
2026-02-02 10:12:58,182 - logging_setup - INFO - Load Jobs - Skipping job 4 as it is marked COMPLETE.
2026-02-02 10:12:58,183 - logging_setup - INFO - Load Jobs - Job Condition is not Complete (COMPLETE), adding job: 4 to jobs list
2026-02-02 10:12:58,183 - logging_setup - INFO - 

2026-02-02 10:12:58,184 - logging_setup - INFO - -------------------------------------------------------------------------------
2026-02-02 10:12:58,184 - logging_setup - INFO - -                        End of Job 4                                -
2026-02-02 10:12:58,184 - logging_setup - INFO - -------------------------------------------------------------------------------
2026-02-02 10:12:58,185 - logging_setup - INFO - 

2026-02-02 10:12:58,185 - logging_setup - INFO - 

2026-02-02 10:12:58,186 - logging_setup - INFO - -------------------------------------------------------------------------------
2026-02-02 10:12:58,186 - logging_setup - INFO - -                        Load Jobs: Start of Job 5                               -
2026-02-02 10:12:58,186 - logging_setup - INFO - -------------------------------------------------------------------------------
2026-02-02 10:12:58,187 - logging_setup - INFO - 

2026-02-02 10:12:58,188 - logging_setup - INFO - Load Jobs - Creating empty dictionary
2026-02-02 10:12:58,188 - logging_setup - INFO - Load Jobs - Skipping job 5 as it is marked COMPLETE.
2026-02-02 10:12:58,188 - logging_setup - INFO - Load Jobs - Job Condition is not Complete (COMPLETE), adding job: 5 to jobs list
2026-02-02 10:12:58,189 - logging_setup - INFO - 

2026-02-02 10:12:58,189 - logging_setup - INFO - -------------------------------------------------------------------------------
2026-02-02 10:12:58,190 - logging_setup - INFO - -                        End of Job 5                                -
2026-02-02 10:12:58,190 - logging_setup - INFO - -------------------------------------------------------------------------------
2026-02-02 10:12:58,191 - logging_setup - INFO - 

2026-02-02 10:12:58,191 - logging_setup - INFO - 

2026-02-02 10:12:58,192 - logging_setup - INFO - -------------------------------------------------------------------------------
2026-02-02 10:12:58,192 - logging_setup - INFO - -                        Load Jobs: Start of Job 6                               -
2026-02-02 10:12:58,193 - logging_setup - INFO - -------------------------------------------------------------------------------
2026-02-02 10:12:58,193 - logging_setup - INFO - 

2026-02-02 10:12:58,194 - logging_setup - INFO - Load Jobs - Creating empty dictionary
2026-02-02 10:12:58,194 - logging_setup - INFO - Load Jobs - Skipping job 6 as it is marked COMPLETE.
2026-02-02 10:12:58,195 - logging_setup - INFO - Load Jobs - Job Condition is not Complete (COMPLETE), adding job: 6 to jobs list
2026-02-02 10:12:58,195 - logging_setup - INFO - 

2026-02-02 10:12:58,196 - logging_setup - INFO - -------------------------------------------------------------------------------
2026-02-02 10:12:58,196 - logging_setup - INFO - -                        End of Job 6                                -
2026-02-02 10:12:58,197 - logging_setup - INFO - -------------------------------------------------------------------------------
2026-02-02 10:12:58,197 - logging_setup - INFO - 

2026-02-02 10:12:58,197 - logging_setup - INFO - 

2026-02-02 10:12:58,198 - logging_setup - INFO - -------------------------------------------------------------------------------
2026-02-02 10:12:58,198 - logging_setup - INFO - -                        Load Jobs: Start of Job 7                               -
2026-02-02 10:12:58,199 - logging_setup - INFO - -------------------------------------------------------------------------------
2026-02-02 10:12:58,199 - logging_setup - INFO - 

2026-02-02 10:12:58,200 - logging_setup - INFO - Load Jobs - Creating empty dictionary
2026-02-02 10:12:58,200 - logging_setup - INFO - Load Jobs - Skipping job 7 as it is marked COMPLETE.
2026-02-02 10:12:58,201 - logging_setup - INFO - Load Jobs - Job Condition is not Complete (COMPLETE), adding job: 7 to jobs list
2026-02-02 10:12:58,201 - logging_setup - INFO - 

2026-02-02 10:12:58,202 - logging_setup - INFO - -------------------------------------------------------------------------------
2026-02-02 10:12:58,202 - logging_setup - INFO - -                        End of Job 7                                -
2026-02-02 10:12:58,203 - logging_setup - INFO - -------------------------------------------------------------------------------
2026-02-02 10:12:58,203 - logging_setup - INFO - 

2026-02-02 10:12:58,204 - logging_setup - INFO - Main: [jobs_5.xlsx] Batching jobs for \\spatialfiles.bcgov\srm\gss\sandbox\csostad\Skeena 2026-2028 Shapefiles\shapefile\outputs\jobs_5.xlsx (initial attempt)
2026-02-02 10:12:58,204 - logging_setup - INFO - 

2026-02-02 10:12:58,205 - logging_setup - INFO - ##########################################################################################################################
2026-02-02 10:12:58,205 - logging_setup - INFO - #
2026-02-02 10:12:58,206 - logging_setup - INFO - Batch AST: Batching Jobs with Multiprocessing...
2026-02-02 10:12:58,206 - logging_setup - INFO - #
2026-02-02 10:12:58,206 - logging_setup - INFO - ##########################################################################################################################
2026-02-02 10:12:58,207 - logging_setup - INFO - 

2026-02-02 10:12:58,207 - logging_setup - INFO - Batch Ast: Job Timeout set to 21600 seconds (6 hours)
2026-02-02 10:12:58,208 - logging_setup - INFO - Batch Ast: Process health checks enabled (every 60s)
2026-02-02 10:13:12,709 - logging_setup - INFO - Batch Ast: Starting job 0
2026-02-02 10:13:12,710 - logging_setup - INFO - Batch Ast: Starting job 1
2026-02-02 10:13:12,711 - logging_setup - INFO - Batch Ast: Starting job 2
2026-02-02 10:13:12,712 - logging_setup - INFO - Batch Ast: Starting job 3
2026-02-02 10:13:12,712 - logging_setup - INFO - Batch Ast: Starting job 4
2026-02-02 10:13:12,713 - logging_setup - INFO - Batch Ast: Starting job 5
2026-02-02 10:13:12,714 - logging_setup - INFO - Batch Ast: Starting job 6
2026-02-02 10:13:12,714 - logging_setup - INFO - Batch Ast: Starting job 7
2026-02-02 10:13:12,715 - logging_setup - INFO - Batch Ast: Monitoring 0 jobs with 6-hour timeout and health checks
2026-02-02 10:13:12,716 - logging_setup - INFO - Batch Ast: Summary - Success: 0, Worker Failed: 0, Timeout Failed: 0, Crashed: 0
2026-02-02 10:13:12,716 - logging_setup - INFO - 

2026-02-02 10:13:12,717 - logging_setup - INFO - Batch Ast Complete - Check separate worker log file for more details
2026-02-02 10:13:13,763 - logging_setup - INFO - Main: [jobs_5.xlsx] Initial batch processing complete
2026-02-02 10:13:13,765 - logging_setup - INFO - 
====================================================================================================
2026-02-02 10:13:13,765 - logging_setup - INFO -   >>> COMPLETED SPREADSHEET: jobs_5.xlsx <<<
2026-02-02 10:13:13,765 - logging_setup - INFO - ====================================================================================================

2026-02-02 10:13:13,767 - logging_setup - INFO - 
====================================================================================================
2026-02-02 10:13:13,768 - logging_setup - INFO - ====================================================================================================
2026-02-02 10:13:13,768 - logging_setup - INFO -   >>> PROCESSING SPREADSHEET: jobs_6.xlsx <<<
2026-02-02 10:13:13,768 - logging_setup - INFO - ====================================================================================================
2026-02-02 10:13:13,769 - logging_setup - INFO - ====================================================================================================

2026-02-02 10:13:13,786 - logging_setup - WARNING - Main: [jobs_6.xlsx] Error checking job status: 'Worksheet Sheet1 does not exist.' - will process anyway
2026-02-02 10:13:13,796 - logging_setup - WARNING - Main: [jobs_6.xlsx] Error checking job status: 'Worksheet Sheet1 does not exist.' - will process anyway
2026-02-02 10:13:13,796 - logging_setup - INFO - Main: [jobs_6.xlsx] Creating queuefile path for \\spatialfiles.bcgov\srm\gss\sandbox\csostad\Skeena 2026-2028 Shapefiles\shapefile\outputs\jobs_6.xlsx
2026-02-02 10:13:13,797 - logging_setup - INFO - Main: [jobs_6.xlsx] Loading jobs from \\spatialfiles.bcgov\srm\gss\sandbox\csostad\Skeena 2026-2028 Shapefiles\shapefile\outputs\jobs_6.xlsx
2026-02-02 10:13:13,798 - logging_setup - INFO - ##########################################################################################################################
2026-02-02 10:13:13,798 - logging_setup - INFO - #
2026-02-02 10:13:13,799 - logging_setup - INFO - Loading Jobs...
2026-02-02 10:13:13,799 - logging_setup - INFO - #
2026-02-02 10:13:13,800 - logging_setup - INFO - ##########################################################################################################################
2026-02-02 10:13:13,817 - logging_setup - INFO - 

2026-02-02 10:13:13,817 - logging_setup - INFO - -------------------------------------------------------------------------------
2026-02-02 10:13:13,818 - logging_setup - INFO - -                        Load Jobs: Start of Job 0                               -
2026-02-02 10:13:13,818 - logging_setup - INFO - -------------------------------------------------------------------------------
2026-02-02 10:13:13,818 - logging_setup - INFO - 

2026-02-02 10:13:13,819 - logging_setup - INFO - Load Jobs - Creating empty dictionary
2026-02-02 10:13:13,820 - logging_setup - INFO - Load Jobs - Skipping job 0 as it is marked COMPLETE.
2026-02-02 10:13:13,821 - logging_setup - INFO - Load Jobs - Job Condition is not Complete (COMPLETE), adding job: 0 to jobs list
2026-02-02 10:13:13,821 - logging_setup - INFO - 

2026-02-02 10:13:13,822 - logging_setup - INFO - -------------------------------------------------------------------------------
2026-02-02 10:13:13,822 - logging_setup - INFO - -                        End of Job 0                                -
2026-02-02 10:13:13,823 - logging_setup - INFO - -------------------------------------------------------------------------------
2026-02-02 10:13:13,823 - logging_setup - INFO - 

2026-02-02 10:13:13,823 - logging_setup - INFO - 

2026-02-02 10:13:13,824 - logging_setup - INFO - -------------------------------------------------------------------------------
2026-02-02 10:13:13,824 - logging_setup - INFO - -                        Load Jobs: Start of Job 1                               -
2026-02-02 10:13:13,825 - logging_setup - INFO - -------------------------------------------------------------------------------
2026-02-02 10:13:13,825 - logging_setup - INFO - 

2026-02-02 10:13:13,825 - logging_setup - INFO - Load Jobs - Creating empty dictionary
2026-02-02 10:13:13,826 - logging_setup - INFO - Load Jobs - Skipping job 1 as it is marked COMPLETE.
2026-02-02 10:13:13,826 - logging_setup - INFO - Load Jobs - Job Condition is not Complete (COMPLETE), adding job: 1 to jobs list
2026-02-02 10:13:13,826 - logging_setup - INFO - 

2026-02-02 10:13:13,827 - logging_setup - INFO - -------------------------------------------------------------------------------
2026-02-02 10:13:13,827 - logging_setup - INFO - -                        End of Job 1                                -
2026-02-02 10:13:13,827 - logging_setup - INFO - -------------------------------------------------------------------------------
2026-02-02 10:13:13,828 - logging_setup - INFO - 

2026-02-02 10:13:13,828 - logging_setup - INFO - 

2026-02-02 10:13:13,828 - logging_setup - INFO - -------------------------------------------------------------------------------
2026-02-02 10:13:13,829 - logging_setup - INFO - -                        Load Jobs: Start of Job 2                               -
2026-02-02 10:13:13,829 - logging_setup - INFO - -------------------------------------------------------------------------------
2026-02-02 10:13:13,829 - logging_setup - INFO - 

2026-02-02 10:13:13,830 - logging_setup - INFO - Load Jobs - Creating empty dictionary
2026-02-02 10:13:13,830 - logging_setup - INFO - Load Jobs - Skipping job 2 as it is marked COMPLETE.
2026-02-02 10:13:13,830 - logging_setup - INFO - Load Jobs - Job Condition is not Complete (COMPLETE), adding job: 2 to jobs list
2026-02-02 10:13:13,831 - logging_setup - INFO - 

2026-02-02 10:13:13,831 - logging_setup - INFO - -------------------------------------------------------------------------------
2026-02-02 10:13:13,832 - logging_setup - INFO - -                        End of Job 2                                -
2026-02-02 10:13:13,832 - logging_setup - INFO - -------------------------------------------------------------------------------
2026-02-02 10:13:13,832 - logging_setup - INFO - 

2026-02-02 10:13:13,833 - logging_setup - INFO - 

2026-02-02 10:13:13,833 - logging_setup - INFO - -------------------------------------------------------------------------------
2026-02-02 10:13:13,833 - logging_setup - INFO - -                        Load Jobs: Start of Job 3                               -
2026-02-02 10:13:13,834 - logging_setup - INFO - -------------------------------------------------------------------------------
2026-02-02 10:13:13,834 - logging_setup - INFO - 

2026-02-02 10:13:13,834 - logging_setup - INFO - Load Jobs - Creating empty dictionary
2026-02-02 10:13:13,835 - logging_setup - INFO - Load Jobs - Skipping job 3 as it is marked COMPLETE.
2026-02-02 10:13:13,835 - logging_setup - INFO - Load Jobs - Job Condition is not Complete (COMPLETE), adding job: 3 to jobs list
2026-02-02 10:13:13,836 - logging_setup - INFO - 

2026-02-02 10:13:13,836 - logging_setup - INFO - -------------------------------------------------------------------------------
2026-02-02 10:13:13,836 - logging_setup - INFO - -                        End of Job 3                                -
2026-02-02 10:13:13,837 - logging_setup - INFO - -------------------------------------------------------------------------------
2026-02-02 10:13:13,837 - logging_setup - INFO - 

2026-02-02 10:13:13,837 - logging_setup - INFO - 

2026-02-02 10:13:13,838 - logging_setup - INFO - -------------------------------------------------------------------------------
2026-02-02 10:13:13,838 - logging_setup - INFO - -                        Load Jobs: Start of Job 4                               -
2026-02-02 10:13:13,839 - logging_setup - INFO - -------------------------------------------------------------------------------
2026-02-02 10:13:13,839 - logging_setup - INFO - 

2026-02-02 10:13:13,839 - logging_setup - INFO - Load Jobs - Creating empty dictionary
2026-02-02 10:13:13,840 - logging_setup - INFO - Load Jobs - Skipping job 4 as it is marked COMPLETE.
2026-02-02 10:13:13,842 - logging_setup - INFO - Load Jobs - Job Condition is not Complete (COMPLETE), adding job: 4 to jobs list
2026-02-02 10:13:13,842 - logging_setup - INFO - 

2026-02-02 10:13:13,842 - logging_setup - INFO - -------------------------------------------------------------------------------
2026-02-02 10:13:13,843 - logging_setup - INFO - -                        End of Job 4                                -
2026-02-02 10:13:13,843 - logging_setup - INFO - -------------------------------------------------------------------------------
2026-02-02 10:13:13,844 - logging_setup - INFO - 

2026-02-02 10:13:13,844 - logging_setup - INFO - 

2026-02-02 10:13:13,844 - logging_setup - INFO - -------------------------------------------------------------------------------
2026-02-02 10:13:13,845 - logging_setup - INFO - -                        Load Jobs: Start of Job 5                               -
2026-02-02 10:13:13,845 - logging_setup - INFO - -------------------------------------------------------------------------------
2026-02-02 10:13:13,846 - logging_setup - INFO - 

2026-02-02 10:13:13,846 - logging_setup - INFO - Load Jobs - Creating empty dictionary
2026-02-02 10:13:13,847 - logging_setup - INFO - Load Jobs - Skipping job 5 as it is marked COMPLETE.
2026-02-02 10:13:13,847 - logging_setup - INFO - Load Jobs - Job Condition is not Complete (COMPLETE), adding job: 5 to jobs list
2026-02-02 10:13:13,848 - logging_setup - INFO - 

2026-02-02 10:13:13,848 - logging_setup - INFO - -------------------------------------------------------------------------------
2026-02-02 10:13:13,849 - logging_setup - INFO - -                        End of Job 5                                -
2026-02-02 10:13:13,849 - logging_setup - INFO - -------------------------------------------------------------------------------
2026-02-02 10:13:13,850 - logging_setup - INFO - 

2026-02-02 10:13:13,850 - logging_setup - INFO - 

2026-02-02 10:13:13,850 - logging_setup - INFO - -------------------------------------------------------------------------------
2026-02-02 10:13:13,851 - logging_setup - INFO - -                        Load Jobs: Start of Job 6                               -
2026-02-02 10:13:13,851 - logging_setup - INFO - -------------------------------------------------------------------------------
2026-02-02 10:13:13,852 - logging_setup - INFO - 

2026-02-02 10:13:13,852 - logging_setup - INFO - Load Jobs - Creating empty dictionary
2026-02-02 10:13:13,852 - logging_setup - INFO - Load Jobs - Skipping job 6 as it is marked COMPLETE.
2026-02-02 10:13:13,853 - logging_setup - INFO - Load Jobs - Job Condition is not Complete (COMPLETE), adding job: 6 to jobs list
2026-02-02 10:13:13,853 - logging_setup - INFO - 

2026-02-02 10:13:13,854 - logging_setup - INFO - -------------------------------------------------------------------------------
2026-02-02 10:13:13,854 - logging_setup - INFO - -                        End of Job 6                                -
2026-02-02 10:13:13,854 - logging_setup - INFO - -------------------------------------------------------------------------------
2026-02-02 10:13:13,855 - logging_setup - INFO - 

2026-02-02 10:13:13,855 - logging_setup - INFO - 

2026-02-02 10:13:13,856 - logging_setup - INFO - -------------------------------------------------------------------------------
2026-02-02 10:13:13,856 - logging_setup - INFO - -                        Load Jobs: Start of Job 7                               -
2026-02-02 10:13:13,857 - logging_setup - INFO - -------------------------------------------------------------------------------
2026-02-02 10:13:13,857 - logging_setup - INFO - 

2026-02-02 10:13:13,858 - logging_setup - INFO - Load Jobs - Creating empty dictionary
2026-02-02 10:13:13,858 - logging_setup - INFO - Load Jobs - Skipping job 7 as it is marked COMPLETE.
2026-02-02 10:13:13,859 - logging_setup - INFO - Load Jobs - Job Condition is not Complete (COMPLETE), adding job: 7 to jobs list
2026-02-02 10:13:13,859 - logging_setup - INFO - 

2026-02-02 10:13:13,859 - logging_setup - INFO - -------------------------------------------------------------------------------
2026-02-02 10:13:13,860 - logging_setup - INFO - -                        End of Job 7                                -
2026-02-02 10:13:13,860 - logging_setup - INFO - -------------------------------------------------------------------------------
2026-02-02 10:13:13,861 - logging_setup - INFO - 

2026-02-02 10:13:13,861 - logging_setup - INFO - Main: [jobs_6.xlsx] Batching jobs for \\spatialfiles.bcgov\srm\gss\sandbox\csostad\Skeena 2026-2028 Shapefiles\shapefile\outputs\jobs_6.xlsx (initial attempt)
2026-02-02 10:13:13,861 - logging_setup - INFO - 

2026-02-02 10:13:13,862 - logging_setup - INFO - ##########################################################################################################################
2026-02-02 10:13:13,862 - logging_setup - INFO - #
2026-02-02 10:13:13,862 - logging_setup - INFO - Batch AST: Batching Jobs with Multiprocessing...
2026-02-02 10:13:13,863 - logging_setup - INFO - #
2026-02-02 10:13:13,863 - logging_setup - INFO - ##########################################################################################################################
2026-02-02 10:13:13,864 - logging_setup - INFO - 

2026-02-02 10:13:13,864 - logging_setup - INFO - Batch Ast: Job Timeout set to 21600 seconds (6 hours)
2026-02-02 10:13:13,865 - logging_setup - INFO - Batch Ast: Process health checks enabled (every 60s)
2026-02-02 10:13:26,307 - logging_setup - INFO - Batch Ast: Starting job 0
2026-02-02 10:13:26,308 - logging_setup - INFO - Batch Ast: Starting job 1
2026-02-02 10:13:26,309 - logging_setup - INFO - Batch Ast: Starting job 2
2026-02-02 10:13:26,309 - logging_setup - INFO - Batch Ast: Starting job 3
2026-02-02 10:13:26,310 - logging_setup - INFO - Batch Ast: Starting job 4
2026-02-02 10:13:26,310 - logging_setup - INFO - Batch Ast: Starting job 5
2026-02-02 10:13:26,311 - logging_setup - INFO - Batch Ast: Starting job 6
2026-02-02 10:13:26,312 - logging_setup - INFO - Batch Ast: Starting job 7
2026-02-02 10:13:26,312 - logging_setup - INFO - Batch Ast: Monitoring 0 jobs with 6-hour timeout and health checks
2026-02-02 10:13:26,313 - logging_setup - INFO - Batch Ast: Summary - Success: 0, Worker Failed: 0, Timeout Failed: 0, Crashed: 0
2026-02-02 10:13:26,313 - logging_setup - INFO - 

2026-02-02 10:13:26,314 - logging_setup - INFO - Batch Ast Complete - Check separate worker log file for more details
2026-02-02 10:13:27,362 - logging_setup - INFO - Main: [jobs_6.xlsx] Initial batch processing complete
2026-02-02 10:13:27,364 - logging_setup - INFO - 
====================================================================================================
2026-02-02 10:13:27,364 - logging_setup - INFO -   >>> COMPLETED SPREADSHEET: jobs_6.xlsx <<<
2026-02-02 10:13:27,365 - logging_setup - INFO - ====================================================================================================

2026-02-02 10:13:27,367 - logging_setup - INFO - 
====================================================================================================
2026-02-02 10:13:27,368 - logging_setup - INFO - ====================================================================================================
2026-02-02 10:13:27,368 - logging_setup - INFO -   >>> PROCESSING SPREADSHEET: jobs_7.xlsx <<<
2026-02-02 10:13:27,368 - logging_setup - INFO - ====================================================================================================
2026-02-02 10:13:27,369 - logging_setup - INFO - ====================================================================================================

2026-02-02 10:13:27,384 - logging_setup - WARNING - Main: [jobs_7.xlsx] Error checking job status: 'Worksheet Sheet1 does not exist.' - will process anyway
2026-02-02 10:13:27,391 - logging_setup - WARNING - Main: [jobs_7.xlsx] Error checking job status: 'Worksheet Sheet1 does not exist.' - will process anyway
2026-02-02 10:13:27,391 - logging_setup - INFO - Main: [jobs_7.xlsx] Creating queuefile path for \\spatialfiles.bcgov\srm\gss\sandbox\csostad\Skeena 2026-2028 Shapefiles\shapefile\outputs\jobs_7.xlsx
2026-02-02 10:13:27,392 - logging_setup - INFO - Main: [jobs_7.xlsx] Loading jobs from \\spatialfiles.bcgov\srm\gss\sandbox\csostad\Skeena 2026-2028 Shapefiles\shapefile\outputs\jobs_7.xlsx
2026-02-02 10:13:27,393 - logging_setup - INFO - ##########################################################################################################################
2026-02-02 10:13:27,393 - logging_setup - INFO - #
2026-02-02 10:13:27,393 - logging_setup - INFO - Loading Jobs...
2026-02-02 10:13:27,394 - logging_setup - INFO - #
2026-02-02 10:13:27,394 - logging_setup - INFO - ##########################################################################################################################
2026-02-02 10:13:27,412 - logging_setup - INFO - 

2026-02-02 10:13:27,412 - logging_setup - INFO - -------------------------------------------------------------------------------
2026-02-02 10:13:27,413 - logging_setup - INFO - -                        Load Jobs: Start of Job 0                               -
2026-02-02 10:13:27,413 - logging_setup - INFO - -------------------------------------------------------------------------------
2026-02-02 10:13:27,414 - logging_setup - INFO - 

2026-02-02 10:13:27,414 - logging_setup - INFO - Load Jobs - Creating empty dictionary
2026-02-02 10:13:27,414 - logging_setup - INFO - Load Jobs - Skipping job 0 as it is marked COMPLETE.
2026-02-02 10:13:27,415 - logging_setup - INFO - Load Jobs - Job Condition is not Complete (COMPLETE), adding job: 0 to jobs list
2026-02-02 10:13:27,415 - logging_setup - INFO - 

2026-02-02 10:13:27,415 - logging_setup - INFO - -------------------------------------------------------------------------------
2026-02-02 10:13:27,416 - logging_setup - INFO - -                        End of Job 0                                -
2026-02-02 10:13:27,416 - logging_setup - INFO - -------------------------------------------------------------------------------
2026-02-02 10:13:27,417 - logging_setup - INFO - 

2026-02-02 10:13:27,417 - logging_setup - INFO - 

2026-02-02 10:13:27,417 - logging_setup - INFO - -------------------------------------------------------------------------------
2026-02-02 10:13:27,418 - logging_setup - INFO - -                        Load Jobs: Start of Job 1                               -
2026-02-02 10:13:27,418 - logging_setup - INFO - -------------------------------------------------------------------------------
2026-02-02 10:13:27,419 - logging_setup - INFO - 

2026-02-02 10:13:27,419 - logging_setup - INFO - Load Jobs - Creating empty dictionary
2026-02-02 10:13:27,420 - logging_setup - INFO - Load Jobs - Skipping job 1 as it is marked COMPLETE.
2026-02-02 10:13:27,420 - logging_setup - INFO - Load Jobs - Job Condition is not Complete (COMPLETE), adding job: 1 to jobs list
2026-02-02 10:13:27,421 - logging_setup - INFO - 

2026-02-02 10:13:27,421 - logging_setup - INFO - -------------------------------------------------------------------------------
2026-02-02 10:13:27,422 - logging_setup - INFO - -                        End of Job 1                                -
2026-02-02 10:13:27,422 - logging_setup - INFO - -------------------------------------------------------------------------------
2026-02-02 10:13:27,422 - logging_setup - INFO - 

2026-02-02 10:13:27,423 - logging_setup - INFO - 

2026-02-02 10:13:27,423 - logging_setup - INFO - -------------------------------------------------------------------------------
2026-02-02 10:13:27,423 - logging_setup - INFO - -                        Load Jobs: Start of Job 2                               -
2026-02-02 10:13:27,424 - logging_setup - INFO - -------------------------------------------------------------------------------
2026-02-02 10:13:27,424 - logging_setup - INFO - 

2026-02-02 10:13:27,424 - logging_setup - INFO - Load Jobs - Creating empty dictionary
2026-02-02 10:13:27,425 - logging_setup - INFO - Load Jobs - Skipping job 2 as it is marked COMPLETE.
2026-02-02 10:13:27,427 - logging_setup - INFO - Load Jobs - Job Condition is not Complete (COMPLETE), adding job: 2 to jobs list
2026-02-02 10:13:27,427 - logging_setup - INFO - 

2026-02-02 10:13:27,428 - logging_setup - INFO - -------------------------------------------------------------------------------
2026-02-02 10:13:27,428 - logging_setup - INFO - -                        End of Job 2                                -
2026-02-02 10:13:27,428 - logging_setup - INFO - -------------------------------------------------------------------------------
2026-02-02 10:13:27,429 - logging_setup - INFO - 

2026-02-02 10:13:27,429 - logging_setup - INFO - 

2026-02-02 10:13:27,429 - logging_setup - INFO - -------------------------------------------------------------------------------
2026-02-02 10:13:27,430 - logging_setup - INFO - -                        Load Jobs: Start of Job 3                               -
2026-02-02 10:13:27,430 - logging_setup - INFO - -------------------------------------------------------------------------------
2026-02-02 10:13:27,430 - logging_setup - INFO - 

2026-02-02 10:13:27,430 - logging_setup - INFO - Load Jobs - Creating empty dictionary
2026-02-02 10:13:27,431 - logging_setup - INFO - Load Jobs - Skipping job 3 as it is marked COMPLETE.
2026-02-02 10:13:27,431 - logging_setup - INFO - Load Jobs - Job Condition is not Complete (COMPLETE), adding job: 3 to jobs list
2026-02-02 10:13:27,432 - logging_setup - INFO - 

2026-02-02 10:13:27,432 - logging_setup - INFO - -------------------------------------------------------------------------------
2026-02-02 10:13:27,432 - logging_setup - INFO - -                        End of Job 3                                -
2026-02-02 10:13:27,432 - logging_setup - INFO - -------------------------------------------------------------------------------
2026-02-02 10:13:27,433 - logging_setup - INFO - 

2026-02-02 10:13:27,433 - logging_setup - INFO - 

2026-02-02 10:13:27,434 - logging_setup - INFO - -------------------------------------------------------------------------------
2026-02-02 10:13:27,434 - logging_setup - INFO - -                        Load Jobs: Start of Job 4                               -
2026-02-02 10:13:27,434 - logging_setup - INFO - -------------------------------------------------------------------------------
2026-02-02 10:13:27,435 - logging_setup - INFO - 

2026-02-02 10:13:27,435 - logging_setup - INFO - Load Jobs - Creating empty dictionary
2026-02-02 10:13:27,435 - logging_setup - INFO - Load Jobs - Skipping job 4 as it is marked COMPLETE.
2026-02-02 10:13:27,436 - logging_setup - INFO - Load Jobs - Job Condition is not Complete (COMPLETE), adding job: 4 to jobs list
2026-02-02 10:13:27,436 - logging_setup - INFO - 

2026-02-02 10:13:27,437 - logging_setup - INFO - -------------------------------------------------------------------------------
2026-02-02 10:13:27,437 - logging_setup - INFO - -                        End of Job 4                                -
2026-02-02 10:13:27,437 - logging_setup - INFO - -------------------------------------------------------------------------------
2026-02-02 10:13:27,437 - logging_setup - INFO - 

2026-02-02 10:13:27,438 - logging_setup - INFO - 

2026-02-02 10:13:27,438 - logging_setup - INFO - -------------------------------------------------------------------------------
2026-02-02 10:13:27,438 - logging_setup - INFO - -                        Load Jobs: Start of Job 5                               -
2026-02-02 10:13:27,439 - logging_setup - INFO - -------------------------------------------------------------------------------
2026-02-02 10:13:27,439 - logging_setup - INFO - 

2026-02-02 10:13:27,439 - logging_setup - INFO - Load Jobs - Creating empty dictionary
2026-02-02 10:13:27,440 - logging_setup - INFO - Load Jobs - Skipping job 5 as it is marked COMPLETE.
2026-02-02 10:13:27,440 - logging_setup - INFO - Load Jobs - Job Condition is not Complete (COMPLETE), adding job: 5 to jobs list
2026-02-02 10:13:27,441 - logging_setup - INFO - 

2026-02-02 10:13:27,441 - logging_setup - INFO - -------------------------------------------------------------------------------
2026-02-02 10:13:27,442 - logging_setup - INFO - -                        End of Job 5                                -
2026-02-02 10:13:27,442 - logging_setup - INFO - -------------------------------------------------------------------------------
2026-02-02 10:13:27,443 - logging_setup - INFO - 

2026-02-02 10:13:27,443 - logging_setup - INFO - 

2026-02-02 10:13:27,443 - logging_setup - INFO - -------------------------------------------------------------------------------
2026-02-02 10:13:27,444 - logging_setup - INFO - -                        Load Jobs: Start of Job 6                               -
2026-02-02 10:13:27,444 - logging_setup - INFO - -------------------------------------------------------------------------------
2026-02-02 10:13:27,444 - logging_setup - INFO - 

2026-02-02 10:13:27,445 - logging_setup - INFO - Load Jobs - Creating empty dictionary
2026-02-02 10:13:27,445 - logging_setup - INFO - Load Jobs - Skipping job 6 as it is marked COMPLETE.
2026-02-02 10:13:27,446 - logging_setup - INFO - Load Jobs - Job Condition is not Complete (COMPLETE), adding job: 6 to jobs list
2026-02-02 10:13:27,446 - logging_setup - INFO - 

2026-02-02 10:13:27,447 - logging_setup - INFO - -------------------------------------------------------------------------------
2026-02-02 10:13:27,447 - logging_setup - INFO - -                        End of Job 6                                -
2026-02-02 10:13:27,447 - logging_setup - INFO - -------------------------------------------------------------------------------
2026-02-02 10:13:27,448 - logging_setup - INFO - 

2026-02-02 10:13:27,448 - logging_setup - INFO - 

2026-02-02 10:13:27,448 - logging_setup - INFO - -------------------------------------------------------------------------------
2026-02-02 10:13:27,449 - logging_setup - INFO - -                        Load Jobs: Start of Job 7                               -
2026-02-02 10:13:27,449 - logging_setup - INFO - -------------------------------------------------------------------------------
2026-02-02 10:13:27,449 - logging_setup - INFO - 

2026-02-02 10:13:27,450 - logging_setup - INFO - Load Jobs - Creating empty dictionary
2026-02-02 10:13:27,450 - logging_setup - INFO - Load Jobs - Skipping job 7 as it is marked COMPLETE.
2026-02-02 10:13:27,451 - logging_setup - INFO - Load Jobs - Job Condition is not Complete (COMPLETE), adding job: 7 to jobs list
2026-02-02 10:13:27,451 - logging_setup - INFO - 

2026-02-02 10:13:27,452 - logging_setup - INFO - -------------------------------------------------------------------------------
2026-02-02 10:13:27,452 - logging_setup - INFO - -                        End of Job 7                                -
2026-02-02 10:13:27,452 - logging_setup - INFO - -------------------------------------------------------------------------------
2026-02-02 10:13:27,453 - logging_setup - INFO - 

2026-02-02 10:13:27,454 - logging_setup - INFO - Main: [jobs_7.xlsx] Batching jobs for \\spatialfiles.bcgov\srm\gss\sandbox\csostad\Skeena 2026-2028 Shapefiles\shapefile\outputs\jobs_7.xlsx (initial attempt)
2026-02-02 10:13:27,454 - logging_setup - INFO - 

2026-02-02 10:13:27,454 - logging_setup - INFO - ##########################################################################################################################
2026-02-02 10:13:27,455 - logging_setup - INFO - #
2026-02-02 10:13:27,455 - logging_setup - INFO - Batch AST: Batching Jobs with Multiprocessing...
2026-02-02 10:13:27,456 - logging_setup - INFO - #
2026-02-02 10:13:27,456 - logging_setup - INFO - ##########################################################################################################################
2026-02-02 10:13:27,456 - logging_setup - INFO - 

2026-02-02 10:13:27,457 - logging_setup - INFO - Batch Ast: Job Timeout set to 21600 seconds (6 hours)
2026-02-02 10:13:27,458 - logging_setup - INFO - Batch Ast: Process health checks enabled (every 60s)
2026-02-02 10:13:40,873 - logging_setup - INFO - Batch Ast: Starting job 0
2026-02-02 10:13:40,874 - logging_setup - INFO - Batch Ast: Starting job 1
2026-02-02 10:13:40,876 - logging_setup - INFO - Batch Ast: Starting job 2
2026-02-02 10:13:40,877 - logging_setup - INFO - Batch Ast: Starting job 3
2026-02-02 10:13:40,878 - logging_setup - INFO - Batch Ast: Starting job 4
2026-02-02 10:13:40,879 - logging_setup - INFO - Batch Ast: Starting job 5
2026-02-02 10:13:40,879 - logging_setup - INFO - Batch Ast: Starting job 6
2026-02-02 10:13:40,880 - logging_setup - INFO - Batch Ast: Starting job 7
2026-02-02 10:13:40,881 - logging_setup - INFO - Batch Ast: Monitoring 0 jobs with 6-hour timeout and health checks
2026-02-02 10:13:40,882 - logging_setup - INFO - Batch Ast: Summary - Success: 0, Worker Failed: 0, Timeout Failed: 0, Crashed: 0
2026-02-02 10:13:40,883 - logging_setup - INFO - 

2026-02-02 10:13:40,883 - logging_setup - INFO - Batch Ast Complete - Check separate worker log file for more details
2026-02-02 10:13:41,931 - logging_setup - INFO - Main: [jobs_7.xlsx] Initial batch processing complete
2026-02-02 10:13:41,933 - logging_setup - INFO - 
====================================================================================================
2026-02-02 10:13:41,934 - logging_setup - INFO -   >>> COMPLETED SPREADSHEET: jobs_7.xlsx <<<
2026-02-02 10:13:41,934 - logging_setup - INFO - ====================================================================================================

2026-02-02 10:13:41,936 - logging_setup - INFO - 
====================================================================================================
2026-02-02 10:13:41,937 - logging_setup - INFO - ====================================================================================================
2026-02-02 10:13:41,937 - logging_setup - INFO -   >>> PROCESSING SPREADSHEET: jobs_8.xlsx <<<
2026-02-02 10:13:41,938 - logging_setup - INFO - ====================================================================================================
2026-02-02 10:13:41,938 - logging_setup - INFO - ====================================================================================================

2026-02-02 10:13:41,953 - logging_setup - WARNING - Main: [jobs_8.xlsx] Error checking job status: 'Worksheet Sheet1 does not exist.' - will process anyway
2026-02-02 10:13:41,962 - logging_setup - WARNING - Main: [jobs_8.xlsx] Error checking job status: 'Worksheet Sheet1 does not exist.' - will process anyway
2026-02-02 10:13:41,963 - logging_setup - INFO - Main: [jobs_8.xlsx] Creating queuefile path for \\spatialfiles.bcgov\srm\gss\sandbox\csostad\Skeena 2026-2028 Shapefiles\shapefile\outputs\jobs_8.xlsx
2026-02-02 10:13:41,964 - logging_setup - INFO - Main: [jobs_8.xlsx] Loading jobs from \\spatialfiles.bcgov\srm\gss\sandbox\csostad\Skeena 2026-2028 Shapefiles\shapefile\outputs\jobs_8.xlsx
2026-02-02 10:13:41,965 - logging_setup - INFO - ##########################################################################################################################
2026-02-02 10:13:41,965 - logging_setup - INFO - #
2026-02-02 10:13:41,965 - logging_setup - INFO - Loading Jobs...
2026-02-02 10:13:41,966 - logging_setup - INFO - #
2026-02-02 10:13:41,967 - logging_setup - INFO - ##########################################################################################################################
2026-02-02 10:13:41,984 - logging_setup - INFO - 

2026-02-02 10:13:41,985 - logging_setup - INFO - -------------------------------------------------------------------------------
2026-02-02 10:13:41,985 - logging_setup - INFO - -                        Load Jobs: Start of Job 0                               -
2026-02-02 10:13:41,986 - logging_setup - INFO - -------------------------------------------------------------------------------
2026-02-02 10:13:41,987 - logging_setup - INFO - 

2026-02-02 10:13:41,987 - logging_setup - INFO - Load Jobs - Creating empty dictionary
2026-02-02 10:13:41,988 - logging_setup - INFO - Load Jobs - Skipping job 0 as it is marked COMPLETE.
2026-02-02 10:13:41,988 - logging_setup - INFO - Load Jobs - Job Condition is not Complete (COMPLETE), adding job: 0 to jobs list
2026-02-02 10:13:41,989 - logging_setup - INFO - 

2026-02-02 10:13:41,990 - logging_setup - INFO - -------------------------------------------------------------------------------
2026-02-02 10:13:41,991 - logging_setup - INFO - -                        End of Job 0                                -
2026-02-02 10:13:41,991 - logging_setup - INFO - -------------------------------------------------------------------------------
2026-02-02 10:13:41,992 - logging_setup - INFO - 

2026-02-02 10:13:41,993 - logging_setup - INFO - 

2026-02-02 10:13:41,993 - logging_setup - INFO - -------------------------------------------------------------------------------
2026-02-02 10:13:41,994 - logging_setup - INFO - -                        Load Jobs: Start of Job 1                               -
2026-02-02 10:13:41,995 - logging_setup - INFO - -------------------------------------------------------------------------------
2026-02-02 10:13:41,995 - logging_setup - INFO - 

2026-02-02 10:13:41,996 - logging_setup - INFO - Load Jobs - Creating empty dictionary
2026-02-02 10:13:41,997 - logging_setup - INFO - Load Jobs - Skipping job 1 as it is marked COMPLETE.
2026-02-02 10:13:41,997 - logging_setup - INFO - Load Jobs - Job Condition is not Complete (COMPLETE), adding job: 1 to jobs list
2026-02-02 10:13:41,998 - logging_setup - INFO - 

2026-02-02 10:13:41,999 - logging_setup - INFO - -------------------------------------------------------------------------------
2026-02-02 10:13:41,999 - logging_setup - INFO - -                        End of Job 1                                -
2026-02-02 10:13:42,000 - logging_setup - INFO - -------------------------------------------------------------------------------
2026-02-02 10:13:42,000 - logging_setup - INFO - 

2026-02-02 10:13:42,001 - logging_setup - INFO - 

2026-02-02 10:13:42,001 - logging_setup - INFO - -------------------------------------------------------------------------------
2026-02-02 10:13:42,002 - logging_setup - INFO - -                        Load Jobs: Start of Job 2                               -
2026-02-02 10:13:42,003 - logging_setup - INFO - -------------------------------------------------------------------------------
2026-02-02 10:13:42,003 - logging_setup - INFO - 

2026-02-02 10:13:42,004 - logging_setup - INFO - Load Jobs - Creating empty dictionary
2026-02-02 10:13:42,005 - logging_setup - INFO - Load Jobs - Skipping job 2 as it is marked COMPLETE.
2026-02-02 10:13:42,005 - logging_setup - INFO - Load Jobs - Job Condition is not Complete (COMPLETE), adding job: 2 to jobs list
2026-02-02 10:13:42,006 - logging_setup - INFO - 

2026-02-02 10:13:42,007 - logging_setup - INFO - -------------------------------------------------------------------------------
2026-02-02 10:13:42,007 - logging_setup - INFO - -                        End of Job 2                                -
2026-02-02 10:13:42,008 - logging_setup - INFO - -------------------------------------------------------------------------------
2026-02-02 10:13:42,008 - logging_setup - INFO - 

2026-02-02 10:13:42,009 - logging_setup - INFO - 

2026-02-02 10:13:42,009 - logging_setup - INFO - -------------------------------------------------------------------------------
2026-02-02 10:13:42,010 - logging_setup - INFO - -                        Load Jobs: Start of Job 3                               -
2026-02-02 10:13:42,010 - logging_setup - INFO - -------------------------------------------------------------------------------
2026-02-02 10:13:42,011 - logging_setup - INFO - 

2026-02-02 10:13:42,012 - logging_setup - INFO - Load Jobs - Creating empty dictionary
2026-02-02 10:13:42,012 - logging_setup - INFO - Load Jobs - Skipping job 3 as it is marked COMPLETE.
2026-02-02 10:13:42,013 - logging_setup - INFO - Load Jobs - Job Condition is not Complete (COMPLETE), adding job: 3 to jobs list
2026-02-02 10:13:42,014 - logging_setup - INFO - 

2026-02-02 10:13:42,015 - logging_setup - INFO - -------------------------------------------------------------------------------
2026-02-02 10:13:42,015 - logging_setup - INFO - -                        End of Job 3                                -
2026-02-02 10:13:42,016 - logging_setup - INFO - -------------------------------------------------------------------------------
2026-02-02 10:13:42,017 - logging_setup - INFO - 

2026-02-02 10:13:42,017 - logging_setup - INFO - 

2026-02-02 10:13:42,018 - logging_setup - INFO - -------------------------------------------------------------------------------
2026-02-02 10:13:42,019 - logging_setup - INFO - -                        Load Jobs: Start of Job 4                               -
2026-02-02 10:13:42,019 - logging_setup - INFO - -------------------------------------------------------------------------------
2026-02-02 10:13:42,020 - logging_setup - INFO - 

2026-02-02 10:13:42,021 - logging_setup - INFO - Load Jobs - Creating empty dictionary
2026-02-02 10:13:42,022 - logging_setup - INFO - Load Jobs - Skipping job 4 as it is marked COMPLETE.
2026-02-02 10:13:42,023 - logging_setup - INFO - Load Jobs - Job Condition is not Complete (COMPLETE), adding job: 4 to jobs list
2026-02-02 10:13:42,023 - logging_setup - INFO - 

2026-02-02 10:13:42,024 - logging_setup - INFO - -------------------------------------------------------------------------------
2026-02-02 10:13:42,025 - logging_setup - INFO - -                        End of Job 4                                -
2026-02-02 10:13:42,025 - logging_setup - INFO - -------------------------------------------------------------------------------
2026-02-02 10:13:42,026 - logging_setup - INFO - 

2026-02-02 10:13:42,027 - logging_setup - INFO - 

2026-02-02 10:13:42,027 - logging_setup - INFO - -------------------------------------------------------------------------------
2026-02-02 10:13:42,028 - logging_setup - INFO - -                        Load Jobs: Start of Job 5                               -
2026-02-02 10:13:42,028 - logging_setup - INFO - -------------------------------------------------------------------------------
2026-02-02 10:13:42,029 - logging_setup - INFO - 

2026-02-02 10:13:42,029 - logging_setup - INFO - Load Jobs - Creating empty dictionary
2026-02-02 10:13:42,030 - logging_setup - INFO - Load Jobs - Skipping job 5 as it is marked COMPLETE.
2026-02-02 10:13:42,031 - logging_setup - INFO - Load Jobs - Job Condition is not Complete (COMPLETE), adding job: 5 to jobs list
2026-02-02 10:13:42,032 - logging_setup - INFO - 

2026-02-02 10:13:42,032 - logging_setup - INFO - -------------------------------------------------------------------------------
2026-02-02 10:13:42,033 - logging_setup - INFO - -                        End of Job 5                                -
2026-02-02 10:13:42,033 - logging_setup - INFO - -------------------------------------------------------------------------------
2026-02-02 10:13:42,034 - logging_setup - INFO - 

2026-02-02 10:13:42,035 - logging_setup - INFO - 

2026-02-02 10:13:42,035 - logging_setup - INFO - -------------------------------------------------------------------------------
2026-02-02 10:13:42,036 - logging_setup - INFO - -                        Load Jobs: Start of Job 6                               -
2026-02-02 10:13:42,036 - logging_setup - INFO - -------------------------------------------------------------------------------
2026-02-02 10:13:42,037 - logging_setup - INFO - 

2026-02-02 10:13:42,038 - logging_setup - INFO - Load Jobs - Creating empty dictionary
2026-02-02 10:13:42,038 - logging_setup - INFO - Load Jobs - Skipping job 6 as it is marked COMPLETE.
2026-02-02 10:13:42,039 - logging_setup - INFO - Load Jobs - Job Condition is not Complete (COMPLETE), adding job: 6 to jobs list
2026-02-02 10:13:42,040 - logging_setup - INFO - 

2026-02-02 10:13:42,040 - logging_setup - INFO - -------------------------------------------------------------------------------
2026-02-02 10:13:42,041 - logging_setup - INFO - -                        End of Job 6                                -
2026-02-02 10:13:42,041 - logging_setup - INFO - -------------------------------------------------------------------------------
2026-02-02 10:13:42,042 - logging_setup - INFO - 

2026-02-02 10:13:42,042 - logging_setup - INFO - 

2026-02-02 10:13:42,043 - logging_setup - INFO - -------------------------------------------------------------------------------
2026-02-02 10:13:42,043 - logging_setup - INFO - -                        Load Jobs: Start of Job 7                               -
2026-02-02 10:13:42,043 - logging_setup - INFO - -------------------------------------------------------------------------------
2026-02-02 10:13:42,044 - logging_setup - INFO - 

2026-02-02 10:13:42,044 - logging_setup - INFO - Load Jobs - Creating empty dictionary
2026-02-02 10:13:42,045 - logging_setup - INFO - Load Jobs - Skipping job 7 as it is marked COMPLETE.
2026-02-02 10:13:42,045 - logging_setup - INFO - Load Jobs - Job Condition is not Complete (COMPLETE), adding job: 7 to jobs list
2026-02-02 10:13:42,046 - logging_setup - INFO - 

2026-02-02 10:13:42,046 - logging_setup - INFO - -------------------------------------------------------------------------------
2026-02-02 10:13:42,047 - logging_setup - INFO - -                        End of Job 7                                -
2026-02-02 10:13:42,047 - logging_setup - INFO - -------------------------------------------------------------------------------
2026-02-02 10:13:42,047 - logging_setup - INFO - 

2026-02-02 10:13:42,048 - logging_setup - INFO - Main: [jobs_8.xlsx] Batching jobs for \\spatialfiles.bcgov\srm\gss\sandbox\csostad\Skeena 2026-2028 Shapefiles\shapefile\outputs\jobs_8.xlsx (initial attempt)
2026-02-02 10:13:42,048 - logging_setup - INFO - 

2026-02-02 10:13:42,049 - logging_setup - INFO - ##########################################################################################################################
2026-02-02 10:13:42,049 - logging_setup - INFO - #
2026-02-02 10:13:42,050 - logging_setup - INFO - Batch AST: Batching Jobs with Multiprocessing...
2026-02-02 10:13:42,050 - logging_setup - INFO - #
2026-02-02 10:13:42,050 - logging_setup - INFO - ##########################################################################################################################
2026-02-02 10:13:42,051 - logging_setup - INFO - 

2026-02-02 10:13:42,051 - logging_setup - INFO - Batch Ast: Job Timeout set to 21600 seconds (6 hours)
2026-02-02 10:13:42,052 - logging_setup - INFO - Batch Ast: Process health checks enabled (every 60s)
2026-02-02 10:13:56,558 - logging_setup - INFO - Batch Ast: Starting job 0
2026-02-02 10:13:56,559 - logging_setup - INFO - Batch Ast: Starting job 1
2026-02-02 10:13:56,561 - logging_setup - INFO - Batch Ast: Starting job 2
2026-02-02 10:13:56,562 - logging_setup - INFO - Batch Ast: Starting job 3
2026-02-02 10:13:56,563 - logging_setup - INFO - Batch Ast: Starting job 4
2026-02-02 10:13:56,564 - logging_setup - INFO - Batch Ast: Starting job 5
2026-02-02 10:13:56,564 - logging_setup - INFO - Batch Ast: Starting job 6
2026-02-02 10:13:56,566 - logging_setup - INFO - Batch Ast: Starting job 7
2026-02-02 10:13:56,567 - logging_setup - INFO - Batch Ast: Monitoring 0 jobs with 6-hour timeout and health checks
2026-02-02 10:13:56,567 - logging_setup - INFO - Batch Ast: Summary - Success: 0, Worker Failed: 0, Timeout Failed: 0, Crashed: 0
2026-02-02 10:13:56,568 - logging_setup - INFO - 

2026-02-02 10:13:56,568 - logging_setup - INFO - Batch Ast Complete - Check separate worker log file for more details
2026-02-02 10:13:57,631 - logging_setup - INFO - Main: [jobs_8.xlsx] Initial batch processing complete
2026-02-02 10:13:57,633 - logging_setup - INFO - 
====================================================================================================
2026-02-02 10:13:57,634 - logging_setup - INFO -   >>> COMPLETED SPREADSHEET: jobs_8.xlsx <<<
2026-02-02 10:13:57,634 - logging_setup - INFO - ====================================================================================================

2026-02-02 10:13:57,636 - logging_setup - INFO - 
====================================================================================================
2026-02-02 10:13:57,636 - logging_setup - INFO - ====================================================================================================
2026-02-02 10:13:57,637 - logging_setup - INFO -   >>> PROCESSING SPREADSHEET: jobs_9.xlsx <<<
2026-02-02 10:13:57,637 - logging_setup - INFO - ====================================================================================================
2026-02-02 10:13:57,637 - logging_setup - INFO - ====================================================================================================

2026-02-02 10:13:57,651 - logging_setup - WARNING - Main: [jobs_9.xlsx] Error checking job status: 'Worksheet Sheet1 does not exist.' - will process anyway
2026-02-02 10:13:57,661 - logging_setup - WARNING - Main: [jobs_9.xlsx] Error checking job status: 'Worksheet Sheet1 does not exist.' - will process anyway
2026-02-02 10:13:57,661 - logging_setup - INFO - Main: [jobs_9.xlsx] Creating queuefile path for \\spatialfiles.bcgov\srm\gss\sandbox\csostad\Skeena 2026-2028 Shapefiles\shapefile\outputs\jobs_9.xlsx
2026-02-02 10:13:57,663 - logging_setup - INFO - Main: [jobs_9.xlsx] Loading jobs from \\spatialfiles.bcgov\srm\gss\sandbox\csostad\Skeena 2026-2028 Shapefiles\shapefile\outputs\jobs_9.xlsx
2026-02-02 10:13:57,663 - logging_setup - INFO - ##########################################################################################################################
2026-02-02 10:13:57,663 - logging_setup - INFO - #
2026-02-02 10:13:57,664 - logging_setup - INFO - Loading Jobs...
2026-02-02 10:13:57,664 - logging_setup - INFO - #
2026-02-02 10:13:57,664 - logging_setup - INFO - ##########################################################################################################################
2026-02-02 10:13:57,680 - logging_setup - INFO - 

2026-02-02 10:13:57,681 - logging_setup - INFO - -------------------------------------------------------------------------------
2026-02-02 10:13:57,681 - logging_setup - INFO - -                        Load Jobs: Start of Job 0                               -
2026-02-02 10:13:57,681 - logging_setup - INFO - -------------------------------------------------------------------------------
2026-02-02 10:13:57,682 - logging_setup - INFO - 

2026-02-02 10:13:57,682 - logging_setup - INFO - Load Jobs - Creating empty dictionary
2026-02-02 10:13:57,683 - logging_setup - INFO - Load Jobs - Skipping job 0 as it is marked COMPLETE.
2026-02-02 10:13:57,684 - logging_setup - INFO - Load Jobs - Job Condition is not Complete (COMPLETE), adding job: 0 to jobs list
2026-02-02 10:13:57,684 - logging_setup - INFO - 

2026-02-02 10:13:57,685 - logging_setup - INFO - -------------------------------------------------------------------------------
2026-02-02 10:13:57,685 - logging_setup - INFO - -                        End of Job 0                                -
2026-02-02 10:13:57,685 - logging_setup - INFO - -------------------------------------------------------------------------------
2026-02-02 10:13:57,686 - logging_setup - INFO - 

2026-02-02 10:13:57,686 - logging_setup - INFO - 

2026-02-02 10:13:57,687 - logging_setup - INFO - -------------------------------------------------------------------------------
2026-02-02 10:13:57,687 - logging_setup - INFO - -                        Load Jobs: Start of Job 1                               -
2026-02-02 10:13:57,687 - logging_setup - INFO - -------------------------------------------------------------------------------
2026-02-02 10:13:57,688 - logging_setup - INFO - 

2026-02-02 10:13:57,688 - logging_setup - INFO - Load Jobs - Creating empty dictionary
2026-02-02 10:13:57,689 - logging_setup - INFO - Load Jobs - Skipping job 1 as it is marked COMPLETE.
2026-02-02 10:13:57,689 - logging_setup - INFO - Load Jobs - Job Condition is not Complete (COMPLETE), adding job: 1 to jobs list
2026-02-02 10:13:57,690 - logging_setup - INFO - 

2026-02-02 10:13:57,690 - logging_setup - INFO - -------------------------------------------------------------------------------
2026-02-02 10:13:57,691 - logging_setup - INFO - -                        End of Job 1                                -
2026-02-02 10:13:57,691 - logging_setup - INFO - -------------------------------------------------------------------------------
2026-02-02 10:13:57,692 - logging_setup - INFO - 

2026-02-02 10:13:57,692 - logging_setup - INFO - 

2026-02-02 10:13:57,693 - logging_setup - INFO - -------------------------------------------------------------------------------
2026-02-02 10:13:57,693 - logging_setup - INFO - -                        Load Jobs: Start of Job 2                               -
2026-02-02 10:13:57,693 - logging_setup - INFO - -------------------------------------------------------------------------------
2026-02-02 10:13:57,694 - logging_setup - INFO - 

2026-02-02 10:13:57,694 - logging_setup - INFO - Load Jobs - Creating empty dictionary
2026-02-02 10:13:57,695 - logging_setup - INFO - Load Jobs - Skipping job 2 as it is marked COMPLETE.
2026-02-02 10:13:57,695 - logging_setup - INFO - Load Jobs - Job Condition is not Complete (COMPLETE), adding job: 2 to jobs list
2026-02-02 10:13:57,696 - logging_setup - INFO - 

2026-02-02 10:13:57,696 - logging_setup - INFO - -------------------------------------------------------------------------------
2026-02-02 10:13:57,696 - logging_setup - INFO - -                        End of Job 2                                -
2026-02-02 10:13:57,696 - logging_setup - INFO - -------------------------------------------------------------------------------
2026-02-02 10:13:57,697 - logging_setup - INFO - 

2026-02-02 10:13:57,698 - logging_setup - INFO - 

2026-02-02 10:13:57,698 - logging_setup - INFO - -------------------------------------------------------------------------------
2026-02-02 10:13:57,699 - logging_setup - INFO - -                        Load Jobs: Start of Job 3                               -
2026-02-02 10:13:57,699 - logging_setup - INFO - -------------------------------------------------------------------------------
2026-02-02 10:13:57,699 - logging_setup - INFO - 

2026-02-02 10:13:57,700 - logging_setup - INFO - Load Jobs - Creating empty dictionary
2026-02-02 10:13:57,700 - logging_setup - INFO - Load Jobs - Skipping job 3 as it is marked COMPLETE.
2026-02-02 10:13:57,701 - logging_setup - INFO - Load Jobs - Job Condition is not Complete (COMPLETE), adding job: 3 to jobs list
2026-02-02 10:13:57,701 - logging_setup - INFO - 

2026-02-02 10:13:57,702 - logging_setup - INFO - -------------------------------------------------------------------------------
2026-02-02 10:13:57,702 - logging_setup - INFO - -                        End of Job 3                                -
2026-02-02 10:13:57,702 - logging_setup - INFO - -------------------------------------------------------------------------------
2026-02-02 10:13:57,703 - logging_setup - INFO - 

2026-02-02 10:13:57,703 - logging_setup - INFO - 

2026-02-02 10:13:57,704 - logging_setup - INFO - -------------------------------------------------------------------------------
2026-02-02 10:13:57,704 - logging_setup - INFO - -                        Load Jobs: Start of Job 4                               -
2026-02-02 10:13:57,705 - logging_setup - INFO - -------------------------------------------------------------------------------
2026-02-02 10:13:57,705 - logging_setup - INFO - 

2026-02-02 10:13:57,705 - logging_setup - INFO - Load Jobs - Creating empty dictionary
2026-02-02 10:13:57,706 - logging_setup - INFO - Load Jobs - Skipping job 4 as it is marked COMPLETE.
2026-02-02 10:13:57,706 - logging_setup - INFO - Load Jobs - Job Condition is not Complete (COMPLETE), adding job: 4 to jobs list
2026-02-02 10:13:57,707 - logging_setup - INFO - 

2026-02-02 10:13:57,707 - logging_setup - INFO - -------------------------------------------------------------------------------
2026-02-02 10:13:57,707 - logging_setup - INFO - -                        End of Job 4                                -
2026-02-02 10:13:57,708 - logging_setup - INFO - -------------------------------------------------------------------------------
2026-02-02 10:13:57,708 - logging_setup - INFO - 

2026-02-02 10:13:57,708 - logging_setup - INFO - 

2026-02-02 10:13:57,709 - logging_setup - INFO - -------------------------------------------------------------------------------
2026-02-02 10:13:57,709 - logging_setup - INFO - -                        Load Jobs: Start of Job 5                               -
2026-02-02 10:13:57,710 - logging_setup - INFO - -------------------------------------------------------------------------------
2026-02-02 10:13:57,710 - logging_setup - INFO - 

2026-02-02 10:13:57,710 - logging_setup - INFO - Load Jobs - Creating empty dictionary
2026-02-02 10:13:57,711 - logging_setup - INFO - Load Jobs - Skipping job 5 as it is marked COMPLETE.
2026-02-02 10:13:57,711 - logging_setup - INFO - Load Jobs - Job Condition is not Complete (COMPLETE), adding job: 5 to jobs list
2026-02-02 10:13:57,712 - logging_setup - INFO - 

2026-02-02 10:13:57,712 - logging_setup - INFO - -------------------------------------------------------------------------------
2026-02-02 10:13:57,713 - logging_setup - INFO - -                        End of Job 5                                -
2026-02-02 10:13:57,713 - logging_setup - INFO - -------------------------------------------------------------------------------
2026-02-02 10:13:57,713 - logging_setup - INFO - 

2026-02-02 10:13:57,714 - logging_setup - INFO - 

2026-02-02 10:13:57,714 - logging_setup - INFO - -------------------------------------------------------------------------------
2026-02-02 10:13:57,715 - logging_setup - INFO - -                        Load Jobs: Start of Job 6                               -
2026-02-02 10:13:57,715 - logging_setup - INFO - -------------------------------------------------------------------------------
2026-02-02 10:13:57,715 - logging_setup - INFO - 

2026-02-02 10:13:57,716 - logging_setup - INFO - Load Jobs - Creating empty dictionary
2026-02-02 10:13:57,716 - logging_setup - INFO - Load Jobs - Skipping job 6 as it is marked COMPLETE.
2026-02-02 10:13:57,717 - logging_setup - INFO - Load Jobs - Job Condition is not Complete (COMPLETE), adding job: 6 to jobs list
2026-02-02 10:13:57,717 - logging_setup - INFO - 

2026-02-02 10:13:57,717 - logging_setup - INFO - -------------------------------------------------------------------------------
2026-02-02 10:13:57,718 - logging_setup - INFO - -                        End of Job 6                                -
2026-02-02 10:13:57,718 - logging_setup - INFO - -------------------------------------------------------------------------------
2026-02-02 10:13:57,718 - logging_setup - INFO - 

2026-02-02 10:13:57,719 - logging_setup - INFO - 

2026-02-02 10:13:57,719 - logging_setup - INFO - -------------------------------------------------------------------------------
2026-02-02 10:13:57,719 - logging_setup - INFO - -                        Load Jobs: Start of Job 7                               -
2026-02-02 10:13:57,720 - logging_setup - INFO - -------------------------------------------------------------------------------
2026-02-02 10:13:57,720 - logging_setup - INFO - 

2026-02-02 10:13:57,720 - logging_setup - INFO - Load Jobs - Creating empty dictionary
2026-02-02 10:13:57,721 - logging_setup - INFO - Load Jobs - Skipping job 7 as it is marked COMPLETE.
2026-02-02 10:13:57,721 - logging_setup - INFO - Load Jobs - Job Condition is not Complete (COMPLETE), adding job: 7 to jobs list
2026-02-02 10:13:57,721 - logging_setup - INFO - 

2026-02-02 10:13:57,722 - logging_setup - INFO - -------------------------------------------------------------------------------
2026-02-02 10:13:57,722 - logging_setup - INFO - -                        End of Job 7                                -
2026-02-02 10:13:57,722 - logging_setup - INFO - -------------------------------------------------------------------------------
2026-02-02 10:13:57,723 - logging_setup - INFO - 

2026-02-02 10:13:57,723 - logging_setup - INFO - Main: [jobs_9.xlsx] Batching jobs for \\spatialfiles.bcgov\srm\gss\sandbox\csostad\Skeena 2026-2028 Shapefiles\shapefile\outputs\jobs_9.xlsx (initial attempt)
2026-02-02 10:13:57,724 - logging_setup - INFO - 

2026-02-02 10:13:57,724 - logging_setup - INFO - ##########################################################################################################################
2026-02-02 10:13:57,724 - logging_setup - INFO - #
2026-02-02 10:13:57,725 - logging_setup - INFO - Batch AST: Batching Jobs with Multiprocessing...
2026-02-02 10:13:57,725 - logging_setup - INFO - #
2026-02-02 10:13:57,725 - logging_setup - INFO - ##########################################################################################################################
2026-02-02 10:13:57,726 - logging_setup - INFO - 

2026-02-02 10:13:57,726 - logging_setup - INFO - Batch Ast: Job Timeout set to 21600 seconds (6 hours)
2026-02-02 10:13:57,727 - logging_setup - INFO - Batch Ast: Process health checks enabled (every 60s)
2026-02-02 10:14:13,208 - logging_setup - INFO - Batch Ast: Starting job 0
2026-02-02 10:14:13,209 - logging_setup - INFO - Batch Ast: Starting job 1
2026-02-02 10:14:13,210 - logging_setup - INFO - Batch Ast: Starting job 2
2026-02-02 10:14:13,210 - logging_setup - INFO - Batch Ast: Starting job 3
2026-02-02 10:14:13,211 - logging_setup - INFO - Batch Ast: Starting job 4
2026-02-02 10:14:13,212 - logging_setup - INFO - Batch Ast: Starting job 5
2026-02-02 10:14:13,213 - logging_setup - INFO - Batch Ast: Starting job 6
2026-02-02 10:14:13,214 - logging_setup - INFO - Batch Ast: Starting job 7
2026-02-02 10:14:13,215 - logging_setup - INFO - Batch Ast: Monitoring 0 jobs with 6-hour timeout and health checks
2026-02-02 10:14:13,216 - logging_setup - INFO - Batch Ast: Summary - Success: 0, Worker Failed: 0, Timeout Failed: 0, Crashed: 0
2026-02-02 10:14:13,217 - logging_setup - INFO - 

2026-02-02 10:14:13,217 - logging_setup - INFO - Batch Ast Complete - Check separate worker log file for more details
2026-02-02 10:14:14,282 - logging_setup - INFO - Main: [jobs_9.xlsx] Initial batch processing complete
2026-02-02 10:14:14,285 - logging_setup - INFO - 
====================================================================================================
2026-02-02 10:14:14,285 - logging_setup - INFO -   >>> COMPLETED SPREADSHEET: jobs_9.xlsx <<<
2026-02-02 10:14:14,286 - logging_setup - INFO - ====================================================================================================

2026-02-02 10:14:14,289 - logging_setup - INFO - 
====================================================================================================
2026-02-02 10:14:14,289 - logging_setup - INFO - ====================================================================================================
2026-02-02 10:14:14,290 - logging_setup - INFO -   >>> PROCESSING SPREADSHEET: jobs_10.xlsx <<<
2026-02-02 10:14:14,290 - logging_setup - INFO - ====================================================================================================
2026-02-02 10:14:14,290 - logging_setup - INFO - ====================================================================================================

2026-02-02 10:14:14,313 - logging_setup - WARNING - Main: [jobs_10.xlsx] Error checking job status: 'Worksheet Sheet1 does not exist.' - will process anyway
2026-02-02 10:14:14,325 - logging_setup - WARNING - Main: [jobs_10.xlsx] Error checking job status: 'Worksheet Sheet1 does not exist.' - will process anyway
2026-02-02 10:14:14,325 - logging_setup - INFO - Main: [jobs_10.xlsx] Creating queuefile path for \\spatialfiles.bcgov\srm\gss\sandbox\csostad\Skeena 2026-2028 Shapefiles\shapefile\outputs\jobs_10.xlsx
2026-02-02 10:14:14,327 - logging_setup - INFO - Main: [jobs_10.xlsx] Loading jobs from \\spatialfiles.bcgov\srm\gss\sandbox\csostad\Skeena 2026-2028 Shapefiles\shapefile\outputs\jobs_10.xlsx
2026-02-02 10:14:14,327 - logging_setup - INFO - ##########################################################################################################################
2026-02-02 10:14:14,328 - logging_setup - INFO - #
2026-02-02 10:14:14,328 - logging_setup - INFO - Loading Jobs...
2026-02-02 10:14:14,329 - logging_setup - INFO - #
2026-02-02 10:14:14,329 - logging_setup - INFO - ##########################################################################################################################
2026-02-02 10:14:14,349 - logging_setup - INFO - 

2026-02-02 10:14:14,349 - logging_setup - INFO - -------------------------------------------------------------------------------
2026-02-02 10:14:14,350 - logging_setup - INFO - -                        Load Jobs: Start of Job 0                               -
2026-02-02 10:14:14,350 - logging_setup - INFO - -------------------------------------------------------------------------------
2026-02-02 10:14:14,351 - logging_setup - INFO - 

2026-02-02 10:14:14,351 - logging_setup - INFO - Load Jobs - Creating empty dictionary
2026-02-02 10:14:14,352 - logging_setup - INFO - Load Jobs - Skipping job 0 as it is marked COMPLETE.
2026-02-02 10:14:14,352 - logging_setup - INFO - Load Jobs - Job Condition is not Complete (COMPLETE), adding job: 0 to jobs list
2026-02-02 10:14:14,353 - logging_setup - INFO - 

2026-02-02 10:14:14,353 - logging_setup - INFO - -------------------------------------------------------------------------------
2026-02-02 10:14:14,354 - logging_setup - INFO - -                        End of Job 0                                -
2026-02-02 10:14:14,354 - logging_setup - INFO - -------------------------------------------------------------------------------
2026-02-02 10:14:14,355 - logging_setup - INFO - 

2026-02-02 10:14:14,355 - logging_setup - INFO - 

2026-02-02 10:14:14,356 - logging_setup - INFO - -------------------------------------------------------------------------------
2026-02-02 10:14:14,356 - logging_setup - INFO - -                        Load Jobs: Start of Job 1                               -
2026-02-02 10:14:14,357 - logging_setup - INFO - -------------------------------------------------------------------------------
2026-02-02 10:14:14,357 - logging_setup - INFO - 

2026-02-02 10:14:14,358 - logging_setup - INFO - Load Jobs - Creating empty dictionary
2026-02-02 10:14:14,358 - logging_setup - INFO - Load Jobs - Skipping job 1 as it is marked COMPLETE.
2026-02-02 10:14:14,359 - logging_setup - INFO - Load Jobs - Job Condition is not Complete (COMPLETE), adding job: 1 to jobs list
2026-02-02 10:14:14,360 - logging_setup - INFO - 

2026-02-02 10:14:14,360 - logging_setup - INFO - -------------------------------------------------------------------------------
2026-02-02 10:14:14,360 - logging_setup - INFO - -                        End of Job 1                                -
2026-02-02 10:14:14,361 - logging_setup - INFO - -------------------------------------------------------------------------------
2026-02-02 10:14:14,361 - logging_setup - INFO - 

2026-02-02 10:14:14,362 - logging_setup - INFO - 

2026-02-02 10:14:14,362 - logging_setup - INFO - -------------------------------------------------------------------------------
2026-02-02 10:14:14,363 - logging_setup - INFO - -                        Load Jobs: Start of Job 2                               -
2026-02-02 10:14:14,363 - logging_setup - INFO - -------------------------------------------------------------------------------
2026-02-02 10:14:14,364 - logging_setup - INFO - 

2026-02-02 10:14:14,364 - logging_setup - INFO - Load Jobs - Creating empty dictionary
2026-02-02 10:14:14,365 - logging_setup - INFO - Load Jobs - Skipping job 2 as it is marked COMPLETE.
2026-02-02 10:14:14,365 - logging_setup - INFO - Load Jobs - Job Condition is not Complete (COMPLETE), adding job: 2 to jobs list
2026-02-02 10:14:14,366 - logging_setup - INFO - 

2026-02-02 10:14:14,366 - logging_setup - INFO - -------------------------------------------------------------------------------
2026-02-02 10:14:14,367 - logging_setup - INFO - -                        End of Job 2                                -
2026-02-02 10:14:14,367 - logging_setup - INFO - -------------------------------------------------------------------------------
2026-02-02 10:14:14,368 - logging_setup - INFO - 

2026-02-02 10:14:14,368 - logging_setup - INFO - 

2026-02-02 10:14:14,368 - logging_setup - INFO - -------------------------------------------------------------------------------
2026-02-02 10:14:14,369 - logging_setup - INFO - -                        Load Jobs: Start of Job 3                               -
2026-02-02 10:14:14,369 - logging_setup - INFO - -------------------------------------------------------------------------------
2026-02-02 10:14:14,370 - logging_setup - INFO - 

2026-02-02 10:14:14,370 - logging_setup - INFO - Load Jobs - Creating empty dictionary
2026-02-02 10:14:14,371 - logging_setup - INFO - Load Jobs - Skipping job 3 as it is marked COMPLETE.
2026-02-02 10:14:14,371 - logging_setup - INFO - Load Jobs - Job Condition is not Complete (COMPLETE), adding job: 3 to jobs list
2026-02-02 10:14:14,372 - logging_setup - INFO - 

2026-02-02 10:14:14,372 - logging_setup - INFO - -------------------------------------------------------------------------------
2026-02-02 10:14:14,373 - logging_setup - INFO - -                        End of Job 3                                -
2026-02-02 10:14:14,373 - logging_setup - INFO - -------------------------------------------------------------------------------
2026-02-02 10:14:14,374 - logging_setup - INFO - 

2026-02-02 10:14:14,374 - logging_setup - INFO - 

2026-02-02 10:14:14,374 - logging_setup - INFO - -------------------------------------------------------------------------------
2026-02-02 10:14:14,375 - logging_setup - INFO - -                        Load Jobs: Start of Job 4                               -
2026-02-02 10:14:14,375 - logging_setup - INFO - -------------------------------------------------------------------------------
2026-02-02 10:14:14,376 - logging_setup - INFO - 

2026-02-02 10:14:14,376 - logging_setup - INFO - Load Jobs - Creating empty dictionary
2026-02-02 10:14:14,377 - logging_setup - INFO - Load Jobs - Skipping job 4 as it is marked COMPLETE.
2026-02-02 10:14:14,377 - logging_setup - INFO - Load Jobs - Job Condition is not Complete (COMPLETE), adding job: 4 to jobs list
2026-02-02 10:14:14,378 - logging_setup - INFO - 

2026-02-02 10:14:14,378 - logging_setup - INFO - -------------------------------------------------------------------------------
2026-02-02 10:14:14,379 - logging_setup - INFO - -                        End of Job 4                                -
2026-02-02 10:14:14,379 - logging_setup - INFO - -------------------------------------------------------------------------------
2026-02-02 10:14:14,379 - logging_setup - INFO - 

2026-02-02 10:14:14,380 - logging_setup - INFO - 

2026-02-02 10:14:14,380 - logging_setup - INFO - -------------------------------------------------------------------------------
2026-02-02 10:14:14,381 - logging_setup - INFO - -                        Load Jobs: Start of Job 5                               -
2026-02-02 10:14:14,381 - logging_setup - INFO - -------------------------------------------------------------------------------
2026-02-02 10:14:14,382 - logging_setup - INFO - 

2026-02-02 10:14:14,382 - logging_setup - INFO - Load Jobs - Creating empty dictionary
2026-02-02 10:14:14,383 - logging_setup - INFO - Load Jobs - Skipping job 5 as it is marked COMPLETE.
2026-02-02 10:14:14,384 - logging_setup - INFO - Load Jobs - Job Condition is not Complete (COMPLETE), adding job: 5 to jobs list
2026-02-02 10:14:14,384 - logging_setup - INFO - 

2026-02-02 10:14:14,384 - logging_setup - INFO - -------------------------------------------------------------------------------
2026-02-02 10:14:14,385 - logging_setup - INFO - -                        End of Job 5                                -
2026-02-02 10:14:14,385 - logging_setup - INFO - -------------------------------------------------------------------------------
2026-02-02 10:14:14,386 - logging_setup - INFO - 

2026-02-02 10:14:14,386 - logging_setup - INFO - 

2026-02-02 10:14:14,386 - logging_setup - INFO - -------------------------------------------------------------------------------
2026-02-02 10:14:14,387 - logging_setup - INFO - -                        Load Jobs: Start of Job 6                               -
2026-02-02 10:14:14,387 - logging_setup - INFO - -------------------------------------------------------------------------------
2026-02-02 10:14:14,388 - logging_setup - INFO - 

2026-02-02 10:14:14,388 - logging_setup - INFO - Load Jobs - Creating empty dictionary
2026-02-02 10:14:14,389 - logging_setup - INFO - Load Jobs - Skipping job 6 as it is marked COMPLETE.
2026-02-02 10:14:14,389 - logging_setup - INFO - Load Jobs - Job Condition is not Complete (COMPLETE), adding job: 6 to jobs list
2026-02-02 10:14:14,389 - logging_setup - INFO - 

2026-02-02 10:14:14,390 - logging_setup - INFO - -------------------------------------------------------------------------------
2026-02-02 10:14:14,390 - logging_setup - INFO - -                        End of Job 6                                -
2026-02-02 10:14:14,391 - logging_setup - INFO - -------------------------------------------------------------------------------
2026-02-02 10:14:14,391 - logging_setup - INFO - 

2026-02-02 10:14:14,392 - logging_setup - INFO - 

2026-02-02 10:14:14,392 - logging_setup - INFO - -------------------------------------------------------------------------------
2026-02-02 10:14:14,392 - logging_setup - INFO - -                        Load Jobs: Start of Job 7                               -
2026-02-02 10:14:14,393 - logging_setup - INFO - -------------------------------------------------------------------------------
2026-02-02 10:14:14,393 - logging_setup - INFO - 

2026-02-02 10:14:14,394 - logging_setup - INFO - Load Jobs - Creating empty dictionary
2026-02-02 10:14:14,394 - logging_setup - INFO - Load Jobs - Skipping job 7 as it is marked COMPLETE.
2026-02-02 10:14:14,395 - logging_setup - INFO - Load Jobs - Job Condition is not Complete (COMPLETE), adding job: 7 to jobs list
2026-02-02 10:14:14,396 - logging_setup - INFO - 

2026-02-02 10:14:14,396 - logging_setup - INFO - -------------------------------------------------------------------------------
2026-02-02 10:14:14,396 - logging_setup - INFO - -                        End of Job 7                                -
2026-02-02 10:14:14,397 - logging_setup - INFO - -------------------------------------------------------------------------------
2026-02-02 10:14:14,397 - logging_setup - INFO - 

2026-02-02 10:14:14,398 - logging_setup - INFO - Main: [jobs_10.xlsx] Batching jobs for \\spatialfiles.bcgov\srm\gss\sandbox\csostad\Skeena 2026-2028 Shapefiles\shapefile\outputs\jobs_10.xlsx (initial attempt)
2026-02-02 10:14:14,398 - logging_setup - INFO - 

2026-02-02 10:14:14,399 - logging_setup - INFO - ##########################################################################################################################
2026-02-02 10:14:14,399 - logging_setup - INFO - #
2026-02-02 10:14:14,400 - logging_setup - INFO - Batch AST: Batching Jobs with Multiprocessing...
2026-02-02 10:14:14,400 - logging_setup - INFO - #
2026-02-02 10:14:14,401 - logging_setup - INFO - ##########################################################################################################################
2026-02-02 10:14:14,401 - logging_setup - INFO - 

2026-02-02 10:14:14,402 - logging_setup - INFO - Batch Ast: Job Timeout set to 21600 seconds (6 hours)
2026-02-02 10:14:14,403 - logging_setup - INFO - Batch Ast: Process health checks enabled (every 60s)
2026-02-02 10:14:29,422 - logging_setup - INFO - Batch Ast: Starting job 0
2026-02-02 10:14:29,423 - logging_setup - INFO - Batch Ast: Starting job 1
2026-02-02 10:14:29,425 - logging_setup - INFO - Batch Ast: Starting job 2
2026-02-02 10:14:29,431 - logging_setup - INFO - Batch Ast: Starting job 3
2026-02-02 10:14:29,432 - logging_setup - INFO - Batch Ast: Starting job 4
2026-02-02 10:14:29,434 - logging_setup - INFO - Batch Ast: Starting job 5
2026-02-02 10:14:29,435 - logging_setup - INFO - Batch Ast: Starting job 6
2026-02-02 10:14:29,436 - logging_setup - INFO - Batch Ast: Starting job 7
2026-02-02 10:14:29,437 - logging_setup - INFO - Batch Ast: Monitoring 0 jobs with 6-hour timeout and health checks
2026-02-02 10:14:29,439 - logging_setup - INFO - Batch Ast: Summary - Success: 0, Worker Failed: 0, Timeout Failed: 0, Crashed: 0
2026-02-02 10:14:29,439 - logging_setup - INFO - 

2026-02-02 10:14:29,440 - logging_setup - INFO - Batch Ast Complete - Check separate worker log file for more details
2026-02-02 10:14:30,512 - logging_setup - INFO - Main: [jobs_10.xlsx] Initial batch processing complete
2026-02-02 10:14:30,514 - logging_setup - INFO - 
====================================================================================================
2026-02-02 10:14:30,515 - logging_setup - INFO -   >>> COMPLETED SPREADSHEET: jobs_10.xlsx <<<
2026-02-02 10:14:30,515 - logging_setup - INFO - ====================================================================================================

2026-02-02 10:14:30,518 - logging_setup - INFO - 
====================================================================================================
2026-02-02 10:14:30,518 - logging_setup - INFO - ====================================================================================================
2026-02-02 10:14:30,519 - logging_setup - INFO -   >>> PROCESSING SPREADSHEET: jobs_11.xlsx <<<
2026-02-02 10:14:30,520 - logging_setup - INFO - ====================================================================================================
2026-02-02 10:14:30,520 - logging_setup - INFO - ====================================================================================================

2026-02-02 10:14:30,537 - logging_setup - WARNING - Main: [jobs_11.xlsx] Error checking job status: 'Worksheet Sheet1 does not exist.' - will process anyway
2026-02-02 10:14:30,548 - logging_setup - WARNING - Main: [jobs_11.xlsx] Error checking job status: 'Worksheet Sheet1 does not exist.' - will process anyway
2026-02-02 10:14:30,549 - logging_setup - INFO - Main: [jobs_11.xlsx] Creating queuefile path for \\spatialfiles.bcgov\srm\gss\sandbox\csostad\Skeena 2026-2028 Shapefiles\shapefile\outputs\jobs_11.xlsx
2026-02-02 10:14:30,550 - logging_setup - INFO - Main: [jobs_11.xlsx] Loading jobs from \\spatialfiles.bcgov\srm\gss\sandbox\csostad\Skeena 2026-2028 Shapefiles\shapefile\outputs\jobs_11.xlsx
2026-02-02 10:14:30,551 - logging_setup - INFO - ##########################################################################################################################
2026-02-02 10:14:30,551 - logging_setup - INFO - #
2026-02-02 10:14:30,552 - logging_setup - INFO - Loading Jobs...
2026-02-02 10:14:30,552 - logging_setup - INFO - #
2026-02-02 10:14:30,553 - logging_setup - INFO - ##########################################################################################################################
2026-02-02 10:14:30,577 - logging_setup - INFO - 

2026-02-02 10:14:30,578 - logging_setup - INFO - -------------------------------------------------------------------------------
2026-02-02 10:14:30,578 - logging_setup - INFO - -                        Load Jobs: Start of Job 0                               -
2026-02-02 10:14:30,579 - logging_setup - INFO - -------------------------------------------------------------------------------
2026-02-02 10:14:30,579 - logging_setup - INFO - 

2026-02-02 10:14:30,579 - logging_setup - INFO - Load Jobs - Creating empty dictionary
2026-02-02 10:14:30,580 - logging_setup - INFO - Load Jobs - Skipping job 0 as it is marked COMPLETE.
2026-02-02 10:14:30,581 - logging_setup - INFO - Load Jobs - Job Condition is not Complete (COMPLETE), adding job: 0 to jobs list
2026-02-02 10:14:30,581 - logging_setup - INFO - 

2026-02-02 10:14:30,581 - logging_setup - INFO - -------------------------------------------------------------------------------
2026-02-02 10:14:30,582 - logging_setup - INFO - -                        End of Job 0                                -
2026-02-02 10:14:30,582 - logging_setup - INFO - -------------------------------------------------------------------------------
2026-02-02 10:14:30,583 - logging_setup - INFO - 

2026-02-02 10:14:30,583 - logging_setup - INFO - 

2026-02-02 10:14:30,584 - logging_setup - INFO - -------------------------------------------------------------------------------
2026-02-02 10:14:30,584 - logging_setup - INFO - -                        Load Jobs: Start of Job 1                               -
2026-02-02 10:14:30,585 - logging_setup - INFO - -------------------------------------------------------------------------------
2026-02-02 10:14:30,585 - logging_setup - INFO - 

2026-02-02 10:14:30,586 - logging_setup - INFO - Load Jobs - Creating empty dictionary
2026-02-02 10:14:30,586 - logging_setup - INFO - Load Jobs - Skipping job 1 as it is marked COMPLETE.
2026-02-02 10:14:30,587 - logging_setup - INFO - Load Jobs - Job Condition is not Complete (COMPLETE), adding job: 1 to jobs list
2026-02-02 10:14:30,587 - logging_setup - INFO - 

2026-02-02 10:14:30,588 - logging_setup - INFO - -------------------------------------------------------------------------------
2026-02-02 10:14:30,588 - logging_setup - INFO - -                        End of Job 1                                -
2026-02-02 10:14:30,589 - logging_setup - INFO - -------------------------------------------------------------------------------
2026-02-02 10:14:30,590 - logging_setup - INFO - 

2026-02-02 10:14:30,590 - logging_setup - INFO - 

2026-02-02 10:14:30,591 - logging_setup - INFO - -------------------------------------------------------------------------------
2026-02-02 10:14:30,592 - logging_setup - INFO - -                        Load Jobs: Start of Job 2                               -
2026-02-02 10:14:30,592 - logging_setup - INFO - -------------------------------------------------------------------------------
2026-02-02 10:14:30,593 - logging_setup - INFO - 

2026-02-02 10:14:30,594 - logging_setup - INFO - Load Jobs - Creating empty dictionary
2026-02-02 10:14:30,595 - logging_setup - INFO - Load Jobs - Skipping job 2 as it is marked COMPLETE.
2026-02-02 10:14:30,595 - logging_setup - INFO - Load Jobs - Job Condition is not Complete (COMPLETE), adding job: 2 to jobs list
2026-02-02 10:14:30,596 - logging_setup - INFO - 

2026-02-02 10:14:30,597 - logging_setup - INFO - -------------------------------------------------------------------------------
2026-02-02 10:14:30,598 - logging_setup - INFO - -                        End of Job 2                                -
2026-02-02 10:14:30,599 - logging_setup - INFO - -------------------------------------------------------------------------------
2026-02-02 10:14:30,599 - logging_setup - INFO - 

2026-02-02 10:14:30,600 - logging_setup - INFO - 

2026-02-02 10:14:30,601 - logging_setup - INFO - -------------------------------------------------------------------------------
2026-02-02 10:14:30,601 - logging_setup - INFO - -                        Load Jobs: Start of Job 3                               -
2026-02-02 10:14:30,602 - logging_setup - INFO - -------------------------------------------------------------------------------
2026-02-02 10:14:30,602 - logging_setup - INFO - 

2026-02-02 10:14:30,603 - logging_setup - INFO - Load Jobs - Creating empty dictionary
2026-02-02 10:14:30,604 - logging_setup - INFO - Load Jobs - Skipping job 3 as it is marked COMPLETE.
2026-02-02 10:14:30,604 - logging_setup - INFO - Load Jobs - Job Condition is not Complete (COMPLETE), adding job: 3 to jobs list
2026-02-02 10:14:30,605 - logging_setup - INFO - 

2026-02-02 10:14:30,606 - logging_setup - INFO - -------------------------------------------------------------------------------
2026-02-02 10:14:30,606 - logging_setup - INFO - -                        End of Job 3                                -
2026-02-02 10:14:30,607 - logging_setup - INFO - -------------------------------------------------------------------------------
2026-02-02 10:14:30,608 - logging_setup - INFO - 

2026-02-02 10:14:30,608 - logging_setup - INFO - 

2026-02-02 10:14:30,609 - logging_setup - INFO - -------------------------------------------------------------------------------
2026-02-02 10:14:30,609 - logging_setup - INFO - -                        Load Jobs: Start of Job 4                               -
2026-02-02 10:14:30,610 - logging_setup - INFO - -------------------------------------------------------------------------------
2026-02-02 10:14:30,611 - logging_setup - INFO - 

2026-02-02 10:14:30,611 - logging_setup - INFO - Load Jobs - Creating empty dictionary
2026-02-02 10:14:30,613 - logging_setup - INFO - Load Jobs - Skipping job 4 as it is marked COMPLETE.
2026-02-02 10:14:30,614 - logging_setup - INFO - Load Jobs - Job Condition is not Complete (COMPLETE), adding job: 4 to jobs list
2026-02-02 10:14:30,615 - logging_setup - INFO - 

2026-02-02 10:14:30,617 - logging_setup - INFO - -------------------------------------------------------------------------------
2026-02-02 10:14:30,618 - logging_setup - INFO - -                        End of Job 4                                -
2026-02-02 10:14:30,619 - logging_setup - INFO - -------------------------------------------------------------------------------
2026-02-02 10:14:30,622 - logging_setup - INFO - 

2026-02-02 10:14:30,623 - logging_setup - INFO - 

2026-02-02 10:14:30,624 - logging_setup - INFO - -------------------------------------------------------------------------------
2026-02-02 10:14:30,625 - logging_setup - INFO - -                        Load Jobs: Start of Job 5                               -
2026-02-02 10:14:30,626 - logging_setup - INFO - -------------------------------------------------------------------------------
2026-02-02 10:14:30,627 - logging_setup - INFO - 

2026-02-02 10:14:30,631 - logging_setup - INFO - Load Jobs - Creating empty dictionary
2026-02-02 10:14:30,635 - logging_setup - INFO - Load Jobs - Skipping job 5 as it is marked COMPLETE.
2026-02-02 10:14:30,637 - logging_setup - INFO - Load Jobs - Job Condition is not Complete (COMPLETE), adding job: 5 to jobs list
2026-02-02 10:14:30,637 - logging_setup - INFO - 

2026-02-02 10:14:30,638 - logging_setup - INFO - -------------------------------------------------------------------------------
2026-02-02 10:14:30,639 - logging_setup - INFO - -                        End of Job 5                                -
2026-02-02 10:14:30,640 - logging_setup - INFO - -------------------------------------------------------------------------------
2026-02-02 10:14:30,640 - logging_setup - INFO - 

2026-02-02 10:14:30,641 - logging_setup - INFO - 

2026-02-02 10:14:30,641 - logging_setup - INFO - -------------------------------------------------------------------------------
2026-02-02 10:14:30,642 - logging_setup - INFO - -                        Load Jobs: Start of Job 6                               -
2026-02-02 10:14:30,644 - logging_setup - INFO - -------------------------------------------------------------------------------
2026-02-02 10:14:30,647 - logging_setup - INFO - 

2026-02-02 10:14:30,648 - logging_setup - INFO - Load Jobs - Creating empty dictionary
2026-02-02 10:14:30,648 - logging_setup - INFO - Load Jobs - Skipping job 6 as it is marked COMPLETE.
2026-02-02 10:14:30,649 - logging_setup - INFO - Load Jobs - Job Condition is not Complete (COMPLETE), adding job: 6 to jobs list
2026-02-02 10:14:30,650 - logging_setup - INFO - 

2026-02-02 10:14:30,650 - logging_setup - INFO - -------------------------------------------------------------------------------
2026-02-02 10:14:30,651 - logging_setup - INFO - -                        End of Job 6                                -
2026-02-02 10:14:30,651 - logging_setup - INFO - -------------------------------------------------------------------------------
2026-02-02 10:14:30,652 - logging_setup - INFO - 

2026-02-02 10:14:30,652 - logging_setup - INFO - 

2026-02-02 10:14:30,653 - logging_setup - INFO - -------------------------------------------------------------------------------
2026-02-02 10:14:30,654 - logging_setup - INFO - -                        Load Jobs: Start of Job 7                               -
2026-02-02 10:14:30,655 - logging_setup - INFO - -------------------------------------------------------------------------------
2026-02-02 10:14:30,657 - logging_setup - INFO - 

2026-02-02 10:14:30,658 - logging_setup - INFO - Load Jobs - Creating empty dictionary
2026-02-02 10:14:30,660 - logging_setup - INFO - Load Jobs - Skipping job 7 as it is marked COMPLETE.
2026-02-02 10:14:30,661 - logging_setup - INFO - Load Jobs - Job Condition is not Complete (COMPLETE), adding job: 7 to jobs list
2026-02-02 10:14:30,661 - logging_setup - INFO - 

2026-02-02 10:14:30,663 - logging_setup - INFO - -------------------------------------------------------------------------------
2026-02-02 10:14:30,664 - logging_setup - INFO - -                        End of Job 7                                -
2026-02-02 10:14:30,665 - logging_setup - INFO - -------------------------------------------------------------------------------
2026-02-02 10:14:30,667 - logging_setup - INFO - 

2026-02-02 10:14:30,668 - logging_setup - INFO - Main: [jobs_11.xlsx] Batching jobs for \\spatialfiles.bcgov\srm\gss\sandbox\csostad\Skeena 2026-2028 Shapefiles\shapefile\outputs\jobs_11.xlsx (initial attempt)
2026-02-02 10:14:30,669 - logging_setup - INFO - 

2026-02-02 10:14:30,670 - logging_setup - INFO - ##########################################################################################################################
2026-02-02 10:14:30,671 - logging_setup - INFO - #
2026-02-02 10:14:30,672 - logging_setup - INFO - Batch AST: Batching Jobs with Multiprocessing...
2026-02-02 10:14:30,673 - logging_setup - INFO - #
2026-02-02 10:14:30,674 - logging_setup - INFO - ##########################################################################################################################
2026-02-02 10:14:30,675 - logging_setup - INFO - 

2026-02-02 10:14:30,676 - logging_setup - INFO - Batch Ast: Job Timeout set to 21600 seconds (6 hours)
2026-02-02 10:14:30,677 - logging_setup - INFO - Batch Ast: Process health checks enabled (every 60s)
2026-02-02 10:14:45,422 - logging_setup - INFO - Batch Ast: Starting job 0
2026-02-02 10:14:45,423 - logging_setup - INFO - Batch Ast: Starting job 1
2026-02-02 10:14:45,424 - logging_setup - INFO - Batch Ast: Starting job 2
2026-02-02 10:14:45,425 - logging_setup - INFO - Batch Ast: Starting job 3
2026-02-02 10:14:45,425 - logging_setup - INFO - Batch Ast: Starting job 4
2026-02-02 10:14:45,426 - logging_setup - INFO - Batch Ast: Starting job 5
2026-02-02 10:14:45,427 - logging_setup - INFO - Batch Ast: Starting job 6
2026-02-02 10:14:45,427 - logging_setup - INFO - Batch Ast: Starting job 7
2026-02-02 10:14:45,428 - logging_setup - INFO - Batch Ast: Monitoring 0 jobs with 6-hour timeout and health checks
2026-02-02 10:14:45,429 - logging_setup - INFO - Batch Ast: Summary - Success: 0, Worker Failed: 0, Timeout Failed: 0, Crashed: 0
2026-02-02 10:14:45,429 - logging_setup - INFO - 

2026-02-02 10:14:45,430 - logging_setup - INFO - Batch Ast Complete - Check separate worker log file for more details
2026-02-02 10:14:46,487 - logging_setup - INFO - Main: [jobs_11.xlsx] Initial batch processing complete
2026-02-02 10:14:46,489 - logging_setup - INFO - 
====================================================================================================
2026-02-02 10:14:46,490 - logging_setup - INFO -   >>> COMPLETED SPREADSHEET: jobs_11.xlsx <<<
2026-02-02 10:14:46,490 - logging_setup - INFO - ====================================================================================================

2026-02-02 10:14:46,492 - logging_setup - INFO - 
====================================================================================================
2026-02-02 10:14:46,492 - logging_setup - INFO - ====================================================================================================
2026-02-02 10:14:46,493 - logging_setup - INFO -   >>> PROCESSING SPREADSHEET: jobs_12.xlsx <<<
2026-02-02 10:14:46,493 - logging_setup - INFO - ====================================================================================================
2026-02-02 10:14:46,494 - logging_setup - INFO - ====================================================================================================

2026-02-02 10:14:46,513 - logging_setup - WARNING - Main: [jobs_12.xlsx] Error checking job status: 'Worksheet Sheet1 does not exist.' - will process anyway
2026-02-02 10:14:46,525 - logging_setup - WARNING - Main: [jobs_12.xlsx] Error checking job status: 'Worksheet Sheet1 does not exist.' - will process anyway
2026-02-02 10:14:46,527 - logging_setup - INFO - Main: [jobs_12.xlsx] Creating queuefile path for \\spatialfiles.bcgov\srm\gss\sandbox\csostad\Skeena 2026-2028 Shapefiles\shapefile\outputs\jobs_12.xlsx
2026-02-02 10:14:46,528 - logging_setup - INFO - Main: [jobs_12.xlsx] Loading jobs from \\spatialfiles.bcgov\srm\gss\sandbox\csostad\Skeena 2026-2028 Shapefiles\shapefile\outputs\jobs_12.xlsx
2026-02-02 10:14:46,529 - logging_setup - INFO - ##########################################################################################################################
2026-02-02 10:14:46,529 - logging_setup - INFO - #
2026-02-02 10:14:46,529 - logging_setup - INFO - Loading Jobs...
2026-02-02 10:14:46,530 - logging_setup - INFO - #
2026-02-02 10:14:46,530 - logging_setup - INFO - ##########################################################################################################################
2026-02-02 10:14:46,547 - logging_setup - INFO - 

2026-02-02 10:14:46,548 - logging_setup - INFO - -------------------------------------------------------------------------------
2026-02-02 10:14:46,548 - logging_setup - INFO - -                        Load Jobs: Start of Job 0                               -
2026-02-02 10:14:46,549 - logging_setup - INFO - -------------------------------------------------------------------------------
2026-02-02 10:14:46,549 - logging_setup - INFO - 

2026-02-02 10:14:46,549 - logging_setup - INFO - Load Jobs - Creating empty dictionary
2026-02-02 10:14:46,550 - logging_setup - INFO - Load Jobs - Skipping job 0 as it is marked COMPLETE.
2026-02-02 10:14:46,550 - logging_setup - INFO - Load Jobs - Job Condition is not Complete (COMPLETE), adding job: 0 to jobs list
2026-02-02 10:14:46,551 - logging_setup - INFO - 

2026-02-02 10:14:46,551 - logging_setup - INFO - -------------------------------------------------------------------------------
2026-02-02 10:14:46,551 - logging_setup - INFO - -                        End of Job 0                                -
2026-02-02 10:14:46,552 - logging_setup - INFO - -------------------------------------------------------------------------------
2026-02-02 10:14:46,552 - logging_setup - INFO - 

2026-02-02 10:14:46,553 - logging_setup - INFO - 

2026-02-02 10:14:46,553 - logging_setup - INFO - -------------------------------------------------------------------------------
2026-02-02 10:14:46,553 - logging_setup - INFO - -                        Load Jobs: Start of Job 1                               -
2026-02-02 10:14:46,554 - logging_setup - INFO - -------------------------------------------------------------------------------
2026-02-02 10:14:46,554 - logging_setup - INFO - 

2026-02-02 10:14:46,554 - logging_setup - INFO - Load Jobs - Creating empty dictionary
2026-02-02 10:14:46,555 - logging_setup - INFO - Load Jobs - Skipping job 1 as it is marked COMPLETE.
2026-02-02 10:14:46,555 - logging_setup - INFO - Load Jobs - Job Condition is not Complete (COMPLETE), adding job: 1 to jobs list
2026-02-02 10:14:46,556 - logging_setup - INFO - 

2026-02-02 10:14:46,556 - logging_setup - INFO - -------------------------------------------------------------------------------
2026-02-02 10:14:46,556 - logging_setup - INFO - -                        End of Job 1                                -
2026-02-02 10:14:46,556 - logging_setup - INFO - -------------------------------------------------------------------------------
2026-02-02 10:14:46,557 - logging_setup - INFO - 

2026-02-02 10:14:46,557 - logging_setup - INFO - 

2026-02-02 10:14:46,558 - logging_setup - INFO - -------------------------------------------------------------------------------
2026-02-02 10:14:46,558 - logging_setup - INFO - -                        Load Jobs: Start of Job 2                               -
2026-02-02 10:14:46,559 - logging_setup - INFO - -------------------------------------------------------------------------------
2026-02-02 10:14:46,559 - logging_setup - INFO - 

2026-02-02 10:14:46,559 - logging_setup - INFO - Load Jobs - Creating empty dictionary
2026-02-02 10:14:46,560 - logging_setup - INFO - Load Jobs - Skipping job 2 as it is marked COMPLETE.
2026-02-02 10:14:46,560 - logging_setup - INFO - Load Jobs - Job Condition is not Complete (COMPLETE), adding job: 2 to jobs list
2026-02-02 10:14:46,561 - logging_setup - INFO - 

2026-02-02 10:14:46,561 - logging_setup - INFO - -------------------------------------------------------------------------------
2026-02-02 10:14:46,561 - logging_setup - INFO - -                        End of Job 2                                -
2026-02-02 10:14:46,562 - logging_setup - INFO - -------------------------------------------------------------------------------
2026-02-02 10:14:46,562 - logging_setup - INFO - 

2026-02-02 10:14:46,562 - logging_setup - INFO - 

2026-02-02 10:14:46,563 - logging_setup - INFO - -------------------------------------------------------------------------------
2026-02-02 10:14:46,563 - logging_setup - INFO - -                        Load Jobs: Start of Job 3                               -
2026-02-02 10:14:46,564 - logging_setup - INFO - -------------------------------------------------------------------------------
2026-02-02 10:14:46,564 - logging_setup - INFO - 

2026-02-02 10:14:46,564 - logging_setup - INFO - Load Jobs - Creating empty dictionary
2026-02-02 10:14:46,565 - logging_setup - INFO - Load Jobs - Skipping job 3 as it is marked COMPLETE.
2026-02-02 10:14:46,565 - logging_setup - INFO - Load Jobs - Job Condition is not Complete (COMPLETE), adding job: 3 to jobs list
2026-02-02 10:14:46,566 - logging_setup - INFO - 

2026-02-02 10:14:46,567 - logging_setup - INFO - -------------------------------------------------------------------------------
2026-02-02 10:14:46,567 - logging_setup - INFO - -                        End of Job 3                                -
2026-02-02 10:14:46,567 - logging_setup - INFO - -------------------------------------------------------------------------------
2026-02-02 10:14:46,568 - logging_setup - INFO - 

2026-02-02 10:14:46,568 - logging_setup - INFO - 

2026-02-02 10:14:46,569 - logging_setup - INFO - -------------------------------------------------------------------------------
2026-02-02 10:14:46,569 - logging_setup - INFO - -                        Load Jobs: Start of Job 4                               -
2026-02-02 10:14:46,569 - logging_setup - INFO - -------------------------------------------------------------------------------
2026-02-02 10:14:46,570 - logging_setup - INFO - 

2026-02-02 10:14:46,570 - logging_setup - INFO - Load Jobs - Creating empty dictionary
2026-02-02 10:14:46,580 - logging_setup - INFO - Load Jobs - Skipping job 4 as it is marked COMPLETE.
2026-02-02 10:14:46,581 - logging_setup - INFO - Load Jobs - Job Condition is not Complete (COMPLETE), adding job: 4 to jobs list
2026-02-02 10:14:46,581 - logging_setup - INFO - 

2026-02-02 10:14:46,582 - logging_setup - INFO - -------------------------------------------------------------------------------
2026-02-02 10:14:46,582 - logging_setup - INFO - -                        End of Job 4                                -
2026-02-02 10:14:46,582 - logging_setup - INFO - -------------------------------------------------------------------------------
2026-02-02 10:14:46,583 - logging_setup - INFO - 

2026-02-02 10:14:46,583 - logging_setup - INFO - 

2026-02-02 10:14:46,584 - logging_setup - INFO - -------------------------------------------------------------------------------
2026-02-02 10:14:46,584 - logging_setup - INFO - -                        Load Jobs: Start of Job 5                               -
2026-02-02 10:14:46,585 - logging_setup - INFO - -------------------------------------------------------------------------------
2026-02-02 10:14:46,585 - logging_setup - INFO - 

2026-02-02 10:14:46,585 - logging_setup - INFO - Load Jobs - Creating empty dictionary
2026-02-02 10:14:46,586 - logging_setup - INFO - Load Jobs - Skipping job 5 as it is marked COMPLETE.
2026-02-02 10:14:46,587 - logging_setup - INFO - Load Jobs - Job Condition is not Complete (COMPLETE), adding job: 5 to jobs list
2026-02-02 10:14:46,587 - logging_setup - INFO - 

2026-02-02 10:14:46,587 - logging_setup - INFO - -------------------------------------------------------------------------------
2026-02-02 10:14:46,588 - logging_setup - INFO - -                        End of Job 5                                -
2026-02-02 10:14:46,588 - logging_setup - INFO - -------------------------------------------------------------------------------
2026-02-02 10:14:46,588 - logging_setup - INFO - 

2026-02-02 10:14:46,589 - logging_setup - INFO - 

2026-02-02 10:14:46,589 - logging_setup - INFO - -------------------------------------------------------------------------------
2026-02-02 10:14:46,590 - logging_setup - INFO - -                        Load Jobs: Start of Job 6                               -
2026-02-02 10:14:46,590 - logging_setup - INFO - -------------------------------------------------------------------------------
2026-02-02 10:14:46,590 - logging_setup - INFO - 

2026-02-02 10:14:46,591 - logging_setup - INFO - Load Jobs - Creating empty dictionary
2026-02-02 10:14:46,591 - logging_setup - INFO - Load Jobs - Skipping job 6 as it is marked COMPLETE.
2026-02-02 10:14:46,592 - logging_setup - INFO - Load Jobs - Job Condition is not Complete (COMPLETE), adding job: 6 to jobs list
2026-02-02 10:14:46,592 - logging_setup - INFO - 

2026-02-02 10:14:46,593 - logging_setup - INFO - -------------------------------------------------------------------------------
2026-02-02 10:14:46,593 - logging_setup - INFO - -                        End of Job 6                                -
2026-02-02 10:14:46,593 - logging_setup - INFO - -------------------------------------------------------------------------------
2026-02-02 10:14:46,594 - logging_setup - INFO - 

2026-02-02 10:14:46,594 - logging_setup - INFO - 

2026-02-02 10:14:46,595 - logging_setup - INFO - -------------------------------------------------------------------------------
2026-02-02 10:14:46,595 - logging_setup - INFO - -                        Load Jobs: Start of Job 7                               -
2026-02-02 10:14:46,595 - logging_setup - INFO - -------------------------------------------------------------------------------
2026-02-02 10:14:46,596 - logging_setup - INFO - 

2026-02-02 10:14:46,596 - logging_setup - INFO - Load Jobs - Creating empty dictionary
2026-02-02 10:14:46,597 - logging_setup - INFO - Load Jobs - (Queued assigned to Job (7) is (Queued)
2026-02-02 10:14:46,598 - logging_setup - INFO - 

2026-02-02 10:14:46,599 - logging_setup - INFO - ##########################################################################################################################
2026-02-02 10:14:46,599 - logging_setup - INFO - #
2026-02-02 10:14:46,600 - logging_setup - INFO - Running Add Job Results from Load Jobs Function
2026-02-02 10:14:46,600 - logging_setup - INFO - #
2026-02-02 10:14:46,600 - logging_setup - INFO - ##########################################################################################################################
2026-02-02 10:14:46,601 - logging_setup - INFO - 

2026-02-02 10:14:46,614 - logging_setup - INFO - Add Job Result - Workbook loaded
2026-02-02 10:14:46,615 - logging_setup - INFO - Add Job Result - 'ast_condition' column found in the spreadsheet.
2026-02-02 10:14:46,616 - logging_setup - INFO - Add Job Result - Calculated Excel row index as 9 for job index 7
2026-02-02 10:14:46,617 - logging_setup - INFO - Add Job Result - Updated Job 7 with condition 'Queued'.
2026-02-02 10:14:46,653 - logging_setup - INFO - Add Job Result - Saving Workbook with updated condition
2026-02-02 10:14:46,654 - logging_setup - INFO - Load Jobs - Added job condition 'Queued' for job 7 to jobs list
2026-02-02 10:14:46,654 - logging_setup - INFO - Classifying input type for job 7
2026-02-02 10:14:46,655 - logging_setup - INFO - Classifying Input Type - Feature layer found: \\spatialfiles.bcgov\srm\gss\sandbox\csostad\Skeena 2026-2028 Shapefiles\shapefile\6406827\6406827.shp
2026-02-02 10:14:46,656 - logging_setup - INFO - Classifying Input Type - Processing feature layer: \\spatialfiles.bcgov\srm\gss\sandbox\csostad\Skeena 2026-2028 Shapefiles\shapefile\6406827\6406827.shp
2026-02-02 10:14:46,656 - logging_setup - INFO - Classifying Input Type - No FW File Number provided, using original shapefile path
2026-02-02 10:14:46,657 - logging_setup - INFO - Load Jobs - Job Condition is not Complete (Queued), adding job: 7 to jobs list
2026-02-02 10:14:46,657 - logging_setup - INFO - 

2026-02-02 10:14:46,658 - logging_setup - INFO - -------------------------------------------------------------------------------
2026-02-02 10:14:46,658 - logging_setup - INFO - -                        End of Job 7                                -
2026-02-02 10:14:46,659 - logging_setup - INFO - -------------------------------------------------------------------------------
2026-02-02 10:14:46,659 - logging_setup - INFO - 

2026-02-02 10:14:46,659 - logging_setup - INFO - Main: [jobs_12.xlsx] Batching jobs for \\spatialfiles.bcgov\srm\gss\sandbox\csostad\Skeena 2026-2028 Shapefiles\shapefile\outputs\jobs_12.xlsx (initial attempt)
2026-02-02 10:14:46,660 - logging_setup - INFO - 

2026-02-02 10:14:46,660 - logging_setup - INFO - ##########################################################################################################################
2026-02-02 10:14:46,660 - logging_setup - INFO - #
2026-02-02 10:14:46,661 - logging_setup - INFO - Batch AST: Batching Jobs with Multiprocessing...
2026-02-02 10:14:46,661 - logging_setup - INFO - #
2026-02-02 10:14:46,662 - logging_setup - INFO - ##########################################################################################################################
2026-02-02 10:14:46,663 - logging_setup - INFO - 

2026-02-02 10:14:46,663 - logging_setup - INFO - Batch Ast: Job Timeout set to 21600 seconds (6 hours)
2026-02-02 10:14:46,665 - logging_setup - INFO - Batch Ast: Process health checks enabled (every 60s)
2026-02-02 10:15:02,116 - logging_setup - INFO - Batch Ast: Starting job 0
2026-02-02 10:15:02,117 - logging_setup - INFO - Batch Ast: Starting job 1
2026-02-02 10:15:02,118 - logging_setup - INFO - Batch Ast: Starting job 2
2026-02-02 10:15:02,119 - logging_setup - INFO - Batch Ast: Starting job 3
2026-02-02 10:15:02,120 - logging_setup - INFO - Batch Ast: Starting job 4
2026-02-02 10:15:02,121 - logging_setup - INFO - Batch Ast: Starting job 5
2026-02-02 10:15:02,121 - logging_setup - INFO - Batch Ast: Starting job 6
2026-02-02 10:15:02,122 - logging_setup - INFO - Batch Ast: Starting job 7
2026-02-02 10:15:02,959 - logging_setup - INFO - Batch Ast: Queued Job 7.....Multiproccessing started......
2026-02-02 10:15:02,960 - logging_setup - INFO - Batch Ast: Monitoring 1 jobs with 6-hour timeout and health checks
2026-02-02 10:44:25,416 - logging_setup - INFO - 

2026-02-02 10:44:25,417 - logging_setup - INFO - ##########################################################################################################################
2026-02-02 10:44:25,418 - logging_setup - INFO - #
2026-02-02 10:44:25,418 - logging_setup - INFO - Running Add Job Results from Load Jobs Function
2026-02-02 10:44:25,419 - logging_setup - INFO - #
2026-02-02 10:44:25,419 - logging_setup - INFO - ##########################################################################################################################
2026-02-02 10:44:25,419 - logging_setup - INFO - 

2026-02-02 10:44:25,432 - logging_setup - INFO - Add Job Result - Workbook loaded
2026-02-02 10:44:25,433 - logging_setup - INFO - Add Job Result - 'ast_condition' column found in the spreadsheet.
2026-02-02 10:44:25,434 - logging_setup - INFO - Add Job Result - Calculated Excel row index as 9 for job index 7
2026-02-02 10:44:25,434 - logging_setup - INFO - Add Job Result - Updated Job 7 with condition 'COMPLETE'.
2026-02-02 10:44:25,453 - logging_setup - INFO - Add Job Result - Saving Workbook with updated condition
2026-02-02 10:44:25,454 - logging_setup - INFO - Batch Ast: Job 7 completed successfully. Success counter is 1
2026-02-02 10:44:25,455 - logging_setup - INFO - Batch Ast: Summary - Success: 1, Worker Failed: 0, Timeout Failed: 0, Crashed: 0
2026-02-02 10:44:25,455 - logging_setup - INFO - 

2026-02-02 10:44:25,456 - logging_setup - INFO - Batch Ast Complete - Check separate worker log file for more details
2026-02-02 10:44:26,513 - logging_setup - INFO - Main: [jobs_12.xlsx] Initial batch processing complete
2026-02-02 10:44:26,515 - logging_setup - INFO - 
====================================================================================================
2026-02-02 10:44:26,515 - logging_setup - INFO -   >>> COMPLETED SPREADSHEET: jobs_12.xlsx <<<
2026-02-02 10:44:26,516 - logging_setup - INFO - ====================================================================================================

2026-02-02 10:44:26,517 - logging_setup - INFO - 
====================================================================================================
2026-02-02 10:44:26,517 - logging_setup - INFO - ====================================================================================================
2026-02-02 10:44:26,518 - logging_setup - INFO -   >>> PROCESSING SPREADSHEET: jobs_13.xlsx <<<
2026-02-02 10:44:26,518 - logging_setup - INFO - ====================================================================================================
2026-02-02 10:44:26,519 - logging_setup - INFO - ====================================================================================================

2026-02-02 10:44:26,533 - logging_setup - WARNING - Main: [jobs_13.xlsx] Error checking job status: 'Worksheet Sheet1 does not exist.' - will process anyway
2026-02-02 10:44:26,545 - logging_setup - WARNING - Main: [jobs_13.xlsx] Error checking job status: 'Worksheet Sheet1 does not exist.' - will process anyway
2026-02-02 10:44:26,545 - logging_setup - INFO - Main: [jobs_13.xlsx] Creating queuefile path for \\spatialfiles.bcgov\srm\gss\sandbox\csostad\Skeena 2026-2028 Shapefiles\shapefile\outputs\jobs_13.xlsx
2026-02-02 10:44:26,547 - logging_setup - INFO - Main: [jobs_13.xlsx] Loading jobs from \\spatialfiles.bcgov\srm\gss\sandbox\csostad\Skeena 2026-2028 Shapefiles\shapefile\outputs\jobs_13.xlsx
2026-02-02 10:44:26,548 - logging_setup - INFO - ##########################################################################################################################
2026-02-02 10:44:26,548 - logging_setup - INFO - #
2026-02-02 10:44:26,549 - logging_setup - INFO - Loading Jobs...
2026-02-02 10:44:26,549 - logging_setup - INFO - #
2026-02-02 10:44:26,550 - logging_setup - INFO - ##########################################################################################################################
2026-02-02 10:44:26,578 - logging_setup - INFO - 

2026-02-02 10:44:26,578 - logging_setup - INFO - -------------------------------------------------------------------------------
2026-02-02 10:44:26,579 - logging_setup - INFO - -                        Load Jobs: Start of Job 0                               -
2026-02-02 10:44:26,579 - logging_setup - INFO - -------------------------------------------------------------------------------
2026-02-02 10:44:26,580 - logging_setup - INFO - 

2026-02-02 10:44:26,580 - logging_setup - INFO - Load Jobs - Creating empty dictionary
2026-02-02 10:44:26,581 - logging_setup - INFO - Load Jobs - (Queued assigned to Job (0) is (Queued)
2026-02-02 10:44:26,581 - logging_setup - INFO - 

2026-02-02 10:44:26,582 - logging_setup - INFO - ##########################################################################################################################
2026-02-02 10:44:26,583 - logging_setup - INFO - #
2026-02-02 10:44:26,583 - logging_setup - INFO - Running Add Job Results from Load Jobs Function
2026-02-02 10:44:26,583 - logging_setup - INFO - #
2026-02-02 10:44:26,584 - logging_setup - INFO - ##########################################################################################################################
2026-02-02 10:44:26,584 - logging_setup - INFO - 

2026-02-02 10:44:26,594 - logging_setup - INFO - Add Job Result - Workbook loaded
2026-02-02 10:44:26,595 - logging_setup - INFO - Add Job Result - 'ast_condition' column found in the spreadsheet.
2026-02-02 10:44:26,595 - logging_setup - INFO - Add Job Result - Calculated Excel row index as 2 for job index 0
2026-02-02 10:44:26,596 - logging_setup - INFO - Add Job Result - Updated Job 0 with condition 'Queued'.
2026-02-02 10:44:26,613 - logging_setup - INFO - Add Job Result - Saving Workbook with updated condition
2026-02-02 10:44:26,614 - logging_setup - INFO - Load Jobs - Added job condition 'Queued' for job 0 to jobs list
2026-02-02 10:44:26,614 - logging_setup - INFO - Classifying input type for job 0
2026-02-02 10:44:26,615 - logging_setup - INFO - Classifying Input Type - Feature layer found: \\spatialfiles.bcgov\srm\gss\sandbox\csostad\Skeena 2026-2028 Shapefiles\shapefile\6406870\6406870.shp
2026-02-02 10:44:26,615 - logging_setup - INFO - Classifying Input Type - Processing feature layer: \\spatialfiles.bcgov\srm\gss\sandbox\csostad\Skeena 2026-2028 Shapefiles\shapefile\6406870\6406870.shp
2026-02-02 10:44:26,616 - logging_setup - INFO - Classifying Input Type - No FW File Number provided, using original shapefile path
2026-02-02 10:44:26,616 - logging_setup - INFO - Load Jobs - Job Condition is not Complete (Queued), adding job: 0 to jobs list
2026-02-02 10:44:26,617 - logging_setup - INFO - 

2026-02-02 10:44:26,617 - logging_setup - INFO - -------------------------------------------------------------------------------
2026-02-02 10:44:26,617 - logging_setup - INFO - -                        End of Job 0                                -
2026-02-02 10:44:26,618 - logging_setup - INFO - -------------------------------------------------------------------------------
2026-02-02 10:44:26,618 - logging_setup - INFO - 

2026-02-02 10:44:26,619 - logging_setup - INFO - 

2026-02-02 10:44:26,619 - logging_setup - INFO - -------------------------------------------------------------------------------
2026-02-02 10:44:26,619 - logging_setup - INFO - -                        Load Jobs: Start of Job 1                               -
2026-02-02 10:44:26,620 - logging_setup - INFO - -------------------------------------------------------------------------------
2026-02-02 10:44:26,620 - logging_setup - INFO - 

2026-02-02 10:44:26,620 - logging_setup - INFO - Load Jobs - Creating empty dictionary
2026-02-02 10:44:26,621 - logging_setup - INFO - Load Jobs - Skipping job 1 as it is marked COMPLETE.
2026-02-02 10:44:26,621 - logging_setup - INFO - Load Jobs - Job Condition is not Complete (COMPLETE), adding job: 1 to jobs list
2026-02-02 10:44:26,622 - logging_setup - INFO - 

2026-02-02 10:44:26,622 - logging_setup - INFO - -------------------------------------------------------------------------------
2026-02-02 10:44:26,622 - logging_setup - INFO - -                        End of Job 1                                -
2026-02-02 10:44:26,623 - logging_setup - INFO - -------------------------------------------------------------------------------
2026-02-02 10:44:26,623 - logging_setup - INFO - 

2026-02-02 10:44:26,623 - logging_setup - INFO - 

2026-02-02 10:44:26,624 - logging_setup - INFO - -------------------------------------------------------------------------------
2026-02-02 10:44:26,624 - logging_setup - INFO - -                        Load Jobs: Start of Job 2                               -
2026-02-02 10:44:26,624 - logging_setup - INFO - -------------------------------------------------------------------------------
2026-02-02 10:44:26,625 - logging_setup - INFO - 

2026-02-02 10:44:26,625 - logging_setup - INFO - Load Jobs - Creating empty dictionary
2026-02-02 10:44:26,625 - logging_setup - INFO - Load Jobs - Skipping job 2 as it is marked COMPLETE.
2026-02-02 10:44:26,626 - logging_setup - INFO - Load Jobs - Job Condition is not Complete (COMPLETE), adding job: 2 to jobs list
2026-02-02 10:44:26,626 - logging_setup - INFO - 

2026-02-02 10:44:26,627 - logging_setup - INFO - -------------------------------------------------------------------------------
2026-02-02 10:44:26,627 - logging_setup - INFO - -                        End of Job 2                                -
2026-02-02 10:44:26,628 - logging_setup - INFO - -------------------------------------------------------------------------------
2026-02-02 10:44:26,628 - logging_setup - INFO - 

2026-02-02 10:44:26,629 - logging_setup - INFO - 

2026-02-02 10:44:26,629 - logging_setup - INFO - -------------------------------------------------------------------------------
2026-02-02 10:44:26,630 - logging_setup - INFO - -                        Load Jobs: Start of Job 3                               -
2026-02-02 10:44:26,630 - logging_setup - INFO - -------------------------------------------------------------------------------
2026-02-02 10:44:26,630 - logging_setup - INFO - 

2026-02-02 10:44:26,631 - logging_setup - INFO - Load Jobs - Creating empty dictionary
2026-02-02 10:44:26,631 - logging_setup - INFO - Load Jobs - Skipping job 3 as it is marked COMPLETE.
2026-02-02 10:44:26,632 - logging_setup - INFO - Load Jobs - Job Condition is not Complete (COMPLETE), adding job: 3 to jobs list
2026-02-02 10:44:26,633 - logging_setup - INFO - 

2026-02-02 10:44:26,633 - logging_setup - INFO - -------------------------------------------------------------------------------
2026-02-02 10:44:26,634 - logging_setup - INFO - -                        End of Job 3                                -
2026-02-02 10:44:26,634 - logging_setup - INFO - -------------------------------------------------------------------------------
2026-02-02 10:44:26,635 - logging_setup - INFO - 

2026-02-02 10:44:26,635 - logging_setup - INFO - 

2026-02-02 10:44:26,636 - logging_setup - INFO - -------------------------------------------------------------------------------
2026-02-02 10:44:26,636 - logging_setup - INFO - -                        Load Jobs: Start of Job 4                               -
2026-02-02 10:44:26,637 - logging_setup - INFO - -------------------------------------------------------------------------------
2026-02-02 10:44:26,637 - logging_setup - INFO - 

2026-02-02 10:44:26,637 - logging_setup - INFO - Load Jobs - Creating empty dictionary
2026-02-02 10:44:26,638 - logging_setup - INFO - Load Jobs - Skipping job 4 as it is marked COMPLETE.
2026-02-02 10:44:26,638 - logging_setup - INFO - Load Jobs - Job Condition is not Complete (COMPLETE), adding job: 4 to jobs list
2026-02-02 10:44:26,639 - logging_setup - INFO - 

2026-02-02 10:44:26,639 - logging_setup - INFO - -------------------------------------------------------------------------------
2026-02-02 10:44:26,640 - logging_setup - INFO - -                        End of Job 4                                -
2026-02-02 10:44:26,640 - logging_setup - INFO - -------------------------------------------------------------------------------
2026-02-02 10:44:26,641 - logging_setup - INFO - 

2026-02-02 10:44:26,641 - logging_setup - INFO - 

2026-02-02 10:44:26,642 - logging_setup - INFO - -------------------------------------------------------------------------------
2026-02-02 10:44:26,642 - logging_setup - INFO - -                        Load Jobs: Start of Job 5                               -
2026-02-02 10:44:26,642 - logging_setup - INFO - -------------------------------------------------------------------------------
2026-02-02 10:44:26,643 - logging_setup - INFO - 

2026-02-02 10:44:26,643 - logging_setup - INFO - Load Jobs - Creating empty dictionary
2026-02-02 10:44:26,644 - logging_setup - INFO - Load Jobs - Skipping job 5 as it is marked COMPLETE.
2026-02-02 10:44:26,644 - logging_setup - INFO - Load Jobs - Job Condition is not Complete (COMPLETE), adding job: 5 to jobs list
2026-02-02 10:44:26,644 - logging_setup - INFO - 

2026-02-02 10:44:26,645 - logging_setup - INFO - -------------------------------------------------------------------------------
2026-02-02 10:44:26,645 - logging_setup - INFO - -                        End of Job 5                                -
2026-02-02 10:44:26,645 - logging_setup - INFO - -------------------------------------------------------------------------------
2026-02-02 10:44:26,646 - logging_setup - INFO - 

2026-02-02 10:44:26,646 - logging_setup - INFO - 

2026-02-02 10:44:26,646 - logging_setup - INFO - -------------------------------------------------------------------------------
2026-02-02 10:44:26,647 - logging_setup - INFO - -                        Load Jobs: Start of Job 6                               -
2026-02-02 10:44:26,647 - logging_setup - INFO - -------------------------------------------------------------------------------
2026-02-02 10:44:26,647 - logging_setup - INFO - 

2026-02-02 10:44:26,648 - logging_setup - INFO - Load Jobs - Creating empty dictionary
2026-02-02 10:44:26,648 - logging_setup - INFO - Load Jobs - Skipping job 6 as it is marked COMPLETE.
2026-02-02 10:44:26,649 - logging_setup - INFO - Load Jobs - Job Condition is not Complete (COMPLETE), adding job: 6 to jobs list
2026-02-02 10:44:26,649 - logging_setup - INFO - 

2026-02-02 10:44:26,649 - logging_setup - INFO - -------------------------------------------------------------------------------
2026-02-02 10:44:26,650 - logging_setup - INFO - -                        End of Job 6                                -
2026-02-02 10:44:26,650 - logging_setup - INFO - -------------------------------------------------------------------------------
2026-02-02 10:44:26,650 - logging_setup - INFO - 

2026-02-02 10:44:26,651 - logging_setup - INFO - 

2026-02-02 10:44:26,651 - logging_setup - INFO - -------------------------------------------------------------------------------
2026-02-02 10:44:26,651 - logging_setup - INFO - -                        Load Jobs: Start of Job 7                               -
2026-02-02 10:44:26,652 - logging_setup - INFO - -------------------------------------------------------------------------------
2026-02-02 10:44:26,652 - logging_setup - INFO - 

2026-02-02 10:44:26,653 - logging_setup - INFO - Load Jobs - Creating empty dictionary
2026-02-02 10:44:26,653 - logging_setup - INFO - Load Jobs - Skipping job 7 as it is marked COMPLETE.
2026-02-02 10:44:26,653 - logging_setup - INFO - Load Jobs - Job Condition is not Complete (COMPLETE), adding job: 7 to jobs list
2026-02-02 10:44:26,654 - logging_setup - INFO - 

2026-02-02 10:44:26,654 - logging_setup - INFO - -------------------------------------------------------------------------------
2026-02-02 10:44:26,654 - logging_setup - INFO - -                        End of Job 7                                -
2026-02-02 10:44:26,655 - logging_setup - INFO - -------------------------------------------------------------------------------
2026-02-02 10:44:26,655 - logging_setup - INFO - 

2026-02-02 10:44:26,655 - logging_setup - INFO - Main: [jobs_13.xlsx] Batching jobs for \\spatialfiles.bcgov\srm\gss\sandbox\csostad\Skeena 2026-2028 Shapefiles\shapefile\outputs\jobs_13.xlsx (initial attempt)
2026-02-02 10:44:26,656 - logging_setup - INFO - 

2026-02-02 10:44:26,656 - logging_setup - INFO - ##########################################################################################################################
2026-02-02 10:44:26,657 - logging_setup - INFO - #
2026-02-02 10:44:26,657 - logging_setup - INFO - Batch AST: Batching Jobs with Multiprocessing...
2026-02-02 10:44:26,658 - logging_setup - INFO - #
2026-02-02 10:44:26,658 - logging_setup - INFO - ##########################################################################################################################
2026-02-02 10:44:26,659 - logging_setup - INFO - 

2026-02-02 10:44:26,659 - logging_setup - INFO - Batch Ast: Job Timeout set to 21600 seconds (6 hours)
2026-02-02 10:44:26,660 - logging_setup - INFO - Batch Ast: Process health checks enabled (every 60s)
2026-02-02 10:44:41,607 - logging_setup - INFO - Batch Ast: Starting job 0
2026-02-02 10:44:42,228 - logging_setup - INFO - Batch Ast: Queued Job 0.....Multiproccessing started......
2026-02-02 10:44:42,228 - logging_setup - INFO - Batch Ast: Starting job 1
2026-02-02 10:44:42,229 - logging_setup - INFO - Batch Ast: Starting job 2
2026-02-02 10:44:42,229 - logging_setup - INFO - Batch Ast: Starting job 3
2026-02-02 10:44:42,230 - logging_setup - INFO - Batch Ast: Starting job 4
2026-02-02 10:44:42,231 - logging_setup - INFO - Batch Ast: Starting job 5
2026-02-02 10:44:42,231 - logging_setup - INFO - Batch Ast: Starting job 6
2026-02-02 10:44:42,232 - logging_setup - INFO - Batch Ast: Starting job 7
2026-02-02 10:44:42,232 - logging_setup - INFO - Batch Ast: Monitoring 1 jobs with 6-hour timeout and health checks
2026-02-02 11:12:50,667 - logging_setup - INFO - 

2026-02-02 11:12:50,668 - logging_setup - INFO - ##########################################################################################################################
2026-02-02 11:12:50,668 - logging_setup - INFO - #
2026-02-02 11:12:50,669 - logging_setup - INFO - Running Add Job Results from Load Jobs Function
2026-02-02 11:12:50,669 - logging_setup - INFO - #
2026-02-02 11:12:50,669 - logging_setup - INFO - ##########################################################################################################################
2026-02-02 11:12:50,669 - logging_setup - INFO - 

2026-02-02 11:12:50,685 - logging_setup - INFO - Add Job Result - Workbook loaded
2026-02-02 11:12:50,686 - logging_setup - INFO - Add Job Result - 'ast_condition' column found in the spreadsheet.
2026-02-02 11:12:50,686 - logging_setup - INFO - Add Job Result - Calculated Excel row index as 2 for job index 0
2026-02-02 11:12:50,687 - logging_setup - INFO - Add Job Result - Updated Job 0 with condition 'COMPLETE'.
2026-02-02 11:12:50,700 - logging_setup - INFO - Add Job Result - Saving Workbook with updated condition
2026-02-02 11:12:50,701 - logging_setup - INFO - Batch Ast: Job 0 completed successfully. Success counter is 1
2026-02-02 11:12:50,701 - logging_setup - INFO - Batch Ast: Summary - Success: 1, Worker Failed: 0, Timeout Failed: 0, Crashed: 0
2026-02-02 11:12:50,702 - logging_setup - INFO - 

2026-02-02 11:12:50,702 - logging_setup - INFO - Batch Ast Complete - Check separate worker log file for more details
2026-02-02 11:12:51,743 - logging_setup - INFO - Main: [jobs_13.xlsx] Initial batch processing complete
2026-02-02 11:12:51,744 - logging_setup - INFO - 
====================================================================================================
2026-02-02 11:12:51,744 - logging_setup - INFO -   >>> COMPLETED SPREADSHEET: jobs_13.xlsx <<<
2026-02-02 11:12:51,744 - logging_setup - INFO - ====================================================================================================

2026-02-02 11:12:51,745 - logging_setup - INFO - 
====================================================================================================
2026-02-02 11:12:51,746 - logging_setup - INFO - ====================================================================================================
2026-02-02 11:12:51,746 - logging_setup - INFO -   >>> PROCESSING SPREADSHEET: jobs_14.xlsx <<<
2026-02-02 11:12:51,746 - logging_setup - INFO - ====================================================================================================
2026-02-02 11:12:51,747 - logging_setup - INFO - ====================================================================================================

2026-02-02 11:12:51,760 - logging_setup - WARNING - Main: [jobs_14.xlsx] Error checking job status: 'Worksheet Sheet1 does not exist.' - will process anyway
2026-02-02 11:12:51,768 - logging_setup - WARNING - Main: [jobs_14.xlsx] Error checking job status: 'Worksheet Sheet1 does not exist.' - will process anyway
2026-02-02 11:12:51,768 - logging_setup - INFO - Main: [jobs_14.xlsx] Creating queuefile path for \\spatialfiles.bcgov\srm\gss\sandbox\csostad\Skeena 2026-2028 Shapefiles\shapefile\outputs\jobs_14.xlsx
2026-02-02 11:12:51,770 - logging_setup - INFO - Main: [jobs_14.xlsx] Loading jobs from \\spatialfiles.bcgov\srm\gss\sandbox\csostad\Skeena 2026-2028 Shapefiles\shapefile\outputs\jobs_14.xlsx
2026-02-02 11:12:51,770 - logging_setup - INFO - ##########################################################################################################################
2026-02-02 11:12:51,770 - logging_setup - INFO - #
2026-02-02 11:12:51,771 - logging_setup - INFO - Loading Jobs...
2026-02-02 11:12:51,771 - logging_setup - INFO - #
2026-02-02 11:12:51,771 - logging_setup - INFO - ##########################################################################################################################
2026-02-02 11:12:51,783 - logging_setup - INFO - 

2026-02-02 11:12:51,783 - logging_setup - INFO - -------------------------------------------------------------------------------
2026-02-02 11:12:51,784 - logging_setup - INFO - -                        Load Jobs: Start of Job 0                               -
2026-02-02 11:12:51,784 - logging_setup - INFO - -------------------------------------------------------------------------------
2026-02-02 11:12:51,784 - logging_setup - INFO - 

2026-02-02 11:12:51,785 - logging_setup - INFO - Load Jobs - Creating empty dictionary
2026-02-02 11:12:51,786 - logging_setup - INFO - Load Jobs - Skipping job 0 as it is marked COMPLETE.
2026-02-02 11:12:51,786 - logging_setup - INFO - Load Jobs - Job Condition is not Complete (COMPLETE), adding job: 0 to jobs list
2026-02-02 11:12:51,786 - logging_setup - INFO - 

2026-02-02 11:12:51,788 - logging_setup - INFO - -------------------------------------------------------------------------------
2026-02-02 11:12:51,788 - logging_setup - INFO - -                        End of Job 0                                -
2026-02-02 11:12:51,788 - logging_setup - INFO - -------------------------------------------------------------------------------
2026-02-02 11:12:51,789 - logging_setup - INFO - 

2026-02-02 11:12:51,789 - logging_setup - INFO - 

2026-02-02 11:12:51,789 - logging_setup - INFO - -------------------------------------------------------------------------------
2026-02-02 11:12:51,790 - logging_setup - INFO - -                        Load Jobs: Start of Job 1                               -
2026-02-02 11:12:51,790 - logging_setup - INFO - -------------------------------------------------------------------------------
2026-02-02 11:12:51,790 - logging_setup - INFO - 

2026-02-02 11:12:51,790 - logging_setup - INFO - Load Jobs - Creating empty dictionary
2026-02-02 11:12:51,791 - logging_setup - INFO - Load Jobs - Skipping job 1 as it is marked COMPLETE.
2026-02-02 11:12:51,791 - logging_setup - INFO - Load Jobs - Job Condition is not Complete (COMPLETE), adding job: 1 to jobs list
2026-02-02 11:12:51,792 - logging_setup - INFO - 

2026-02-02 11:12:51,792 - logging_setup - INFO - -------------------------------------------------------------------------------
2026-02-02 11:12:51,792 - logging_setup - INFO - -                        End of Job 1                                -
2026-02-02 11:12:51,793 - logging_setup - INFO - -------------------------------------------------------------------------------
2026-02-02 11:12:51,793 - logging_setup - INFO - 

2026-02-02 11:12:51,793 - logging_setup - INFO - 

2026-02-02 11:12:51,794 - logging_setup - INFO - -------------------------------------------------------------------------------
2026-02-02 11:12:51,794 - logging_setup - INFO - -                        Load Jobs: Start of Job 2                               -
2026-02-02 11:12:51,794 - logging_setup - INFO - -------------------------------------------------------------------------------
2026-02-02 11:12:51,795 - logging_setup - INFO - 

2026-02-02 11:12:51,795 - logging_setup - INFO - Load Jobs - Creating empty dictionary
2026-02-02 11:12:51,795 - logging_setup - INFO - Load Jobs - Skipping job 2 as it is marked COMPLETE.
2026-02-02 11:12:51,796 - logging_setup - INFO - Load Jobs - Job Condition is not Complete (COMPLETE), adding job: 2 to jobs list
2026-02-02 11:12:51,796 - logging_setup - INFO - 

2026-02-02 11:12:51,796 - logging_setup - INFO - -------------------------------------------------------------------------------
2026-02-02 11:12:51,797 - logging_setup - INFO - -                        End of Job 2                                -
2026-02-02 11:12:51,797 - logging_setup - INFO - -------------------------------------------------------------------------------
2026-02-02 11:12:51,797 - logging_setup - INFO - 

2026-02-02 11:12:51,798 - logging_setup - INFO - 

2026-02-02 11:12:51,798 - logging_setup - INFO - -------------------------------------------------------------------------------
2026-02-02 11:12:51,798 - logging_setup - INFO - -                        Load Jobs: Start of Job 3                               -
2026-02-02 11:12:51,799 - logging_setup - INFO - -------------------------------------------------------------------------------
2026-02-02 11:12:51,799 - logging_setup - INFO - 

2026-02-02 11:12:51,799 - logging_setup - INFO - Load Jobs - Creating empty dictionary
2026-02-02 11:12:51,800 - logging_setup - INFO - Load Jobs - Skipping job 3 as it is marked COMPLETE.
2026-02-02 11:12:51,800 - logging_setup - INFO - Load Jobs - Job Condition is not Complete (COMPLETE), adding job: 3 to jobs list
2026-02-02 11:12:51,801 - logging_setup - INFO - 

2026-02-02 11:12:51,801 - logging_setup - INFO - -------------------------------------------------------------------------------
2026-02-02 11:12:51,801 - logging_setup - INFO - -                        End of Job 3                                -
2026-02-02 11:12:51,801 - logging_setup - INFO - -------------------------------------------------------------------------------
2026-02-02 11:12:51,802 - logging_setup - INFO - 

2026-02-02 11:12:51,802 - logging_setup - INFO - 

2026-02-02 11:12:51,802 - logging_setup - INFO - -------------------------------------------------------------------------------
2026-02-02 11:12:51,803 - logging_setup - INFO - -                        Load Jobs: Start of Job 4                               -
2026-02-02 11:12:51,803 - logging_setup - INFO - -------------------------------------------------------------------------------
2026-02-02 11:12:51,803 - logging_setup - INFO - 

2026-02-02 11:12:51,804 - logging_setup - INFO - Load Jobs - Creating empty dictionary
2026-02-02 11:12:51,804 - logging_setup - INFO - Load Jobs - Skipping job 4 as it is marked COMPLETE.
2026-02-02 11:12:51,804 - logging_setup - INFO - Load Jobs - Job Condition is not Complete (COMPLETE), adding job: 4 to jobs list
2026-02-02 11:12:51,805 - logging_setup - INFO - 

2026-02-02 11:12:51,805 - logging_setup - INFO - -------------------------------------------------------------------------------
2026-02-02 11:12:51,805 - logging_setup - INFO - -                        End of Job 4                                -
2026-02-02 11:12:51,805 - logging_setup - INFO - -------------------------------------------------------------------------------
2026-02-02 11:12:51,806 - logging_setup - INFO - 

2026-02-02 11:12:51,806 - logging_setup - INFO - 

2026-02-02 11:12:51,806 - logging_setup - INFO - -------------------------------------------------------------------------------
2026-02-02 11:12:51,806 - logging_setup - INFO - -                        Load Jobs: Start of Job 5                               -
2026-02-02 11:12:51,807 - logging_setup - INFO - -------------------------------------------------------------------------------
2026-02-02 11:12:51,807 - logging_setup - INFO - 

2026-02-02 11:12:51,807 - logging_setup - INFO - Load Jobs - Creating empty dictionary
2026-02-02 11:12:51,808 - logging_setup - INFO - Load Jobs - Skipping job 5 as it is marked COMPLETE.
2026-02-02 11:12:51,808 - logging_setup - INFO - Load Jobs - Job Condition is not Complete (COMPLETE), adding job: 5 to jobs list
2026-02-02 11:12:51,808 - logging_setup - INFO - 

2026-02-02 11:12:51,809 - logging_setup - INFO - -------------------------------------------------------------------------------
2026-02-02 11:12:51,809 - logging_setup - INFO - -                        End of Job 5                                -
2026-02-02 11:12:51,809 - logging_setup - INFO - -------------------------------------------------------------------------------
2026-02-02 11:12:51,810 - logging_setup - INFO - 

2026-02-02 11:12:51,810 - logging_setup - INFO - 

2026-02-02 11:12:51,810 - logging_setup - INFO - -------------------------------------------------------------------------------
2026-02-02 11:12:51,810 - logging_setup - INFO - -                        Load Jobs: Start of Job 6                               -
2026-02-02 11:12:51,811 - logging_setup - INFO - -------------------------------------------------------------------------------
2026-02-02 11:12:51,811 - logging_setup - INFO - 

2026-02-02 11:12:51,811 - logging_setup - INFO - Load Jobs - Creating empty dictionary
2026-02-02 11:12:51,811 - logging_setup - INFO - Load Jobs - Skipping job 6 as it is marked COMPLETE.
2026-02-02 11:12:51,812 - logging_setup - INFO - Load Jobs - Job Condition is not Complete (COMPLETE), adding job: 6 to jobs list
2026-02-02 11:12:51,812 - logging_setup - INFO - 

2026-02-02 11:12:51,812 - logging_setup - INFO - -------------------------------------------------------------------------------
2026-02-02 11:12:51,813 - logging_setup - INFO - -                        End of Job 6                                -
2026-02-02 11:12:51,813 - logging_setup - INFO - -------------------------------------------------------------------------------
2026-02-02 11:12:51,813 - logging_setup - INFO - 

2026-02-02 11:12:51,814 - logging_setup - INFO - 

2026-02-02 11:12:51,814 - logging_setup - INFO - -------------------------------------------------------------------------------
2026-02-02 11:12:51,814 - logging_setup - INFO - -                        Load Jobs: Start of Job 7                               -
2026-02-02 11:12:51,814 - logging_setup - INFO - -------------------------------------------------------------------------------
2026-02-02 11:12:51,815 - logging_setup - INFO - 

2026-02-02 11:12:51,815 - logging_setup - INFO - Load Jobs - Creating empty dictionary
2026-02-02 11:12:51,815 - logging_setup - INFO - Load Jobs - Skipping job 7 as it is marked COMPLETE.
2026-02-02 11:12:51,816 - logging_setup - INFO - Load Jobs - Job Condition is not Complete (COMPLETE), adding job: 7 to jobs list
2026-02-02 11:12:51,816 - logging_setup - INFO - 

2026-02-02 11:12:51,816 - logging_setup - INFO - -------------------------------------------------------------------------------
2026-02-02 11:12:51,816 - logging_setup - INFO - -                        End of Job 7                                -
2026-02-02 11:12:51,817 - logging_setup - INFO - -------------------------------------------------------------------------------
2026-02-02 11:12:51,817 - logging_setup - INFO - 

2026-02-02 11:12:51,817 - logging_setup - INFO - Main: [jobs_14.xlsx] Batching jobs for \\spatialfiles.bcgov\srm\gss\sandbox\csostad\Skeena 2026-2028 Shapefiles\shapefile\outputs\jobs_14.xlsx (initial attempt)
2026-02-02 11:12:51,818 - logging_setup - INFO - 

2026-02-02 11:12:51,818 - logging_setup - INFO - ##########################################################################################################################
2026-02-02 11:12:51,818 - logging_setup - INFO - #
2026-02-02 11:12:51,819 - logging_setup - INFO - Batch AST: Batching Jobs with Multiprocessing...
2026-02-02 11:12:51,819 - logging_setup - INFO - #
2026-02-02 11:12:51,819 - logging_setup - INFO - ##########################################################################################################################
2026-02-02 11:12:51,819 - logging_setup - INFO - 

2026-02-02 11:12:51,820 - logging_setup - INFO - Batch Ast: Job Timeout set to 21600 seconds (6 hours)
2026-02-02 11:12:51,820 - logging_setup - INFO - Batch Ast: Process health checks enabled (every 60s)
2026-02-02 11:13:04,614 - logging_setup - INFO - Batch Ast: Starting job 0
2026-02-02 11:13:04,614 - logging_setup - INFO - Batch Ast: Starting job 1
2026-02-02 11:13:04,615 - logging_setup - INFO - Batch Ast: Starting job 2
2026-02-02 11:13:04,615 - logging_setup - INFO - Batch Ast: Starting job 3
2026-02-02 11:13:04,616 - logging_setup - INFO - Batch Ast: Starting job 4
2026-02-02 11:13:04,616 - logging_setup - INFO - Batch Ast: Starting job 5
2026-02-02 11:13:04,617 - logging_setup - INFO - Batch Ast: Starting job 6
2026-02-02 11:13:04,617 - logging_setup - INFO - Batch Ast: Starting job 7
2026-02-02 11:13:04,618 - logging_setup - INFO - Batch Ast: Monitoring 0 jobs with 6-hour timeout and health checks
2026-02-02 11:13:04,618 - logging_setup - INFO - Batch Ast: Summary - Success: 0, Worker Failed: 0, Timeout Failed: 0, Crashed: 0
2026-02-02 11:13:04,619 - logging_setup - INFO - 

2026-02-02 11:13:04,619 - logging_setup - INFO - Batch Ast Complete - Check separate worker log file for more details
2026-02-02 11:13:05,662 - logging_setup - INFO - Main: [jobs_14.xlsx] Initial batch processing complete
2026-02-02 11:13:05,663 - logging_setup - INFO - 
====================================================================================================
2026-02-02 11:13:05,663 - logging_setup - INFO -   >>> COMPLETED SPREADSHEET: jobs_14.xlsx <<<
2026-02-02 11:13:05,664 - logging_setup - INFO - ====================================================================================================

2026-02-02 11:13:05,664 - logging_setup - INFO - 
====================================================================================================
2026-02-02 11:13:05,665 - logging_setup - INFO - ====================================================================================================
2026-02-02 11:13:05,665 - logging_setup - INFO -   >>> PROCESSING SPREADSHEET: jobs_15.xlsx <<<
2026-02-02 11:13:05,666 - logging_setup - INFO - ====================================================================================================
2026-02-02 11:13:05,666 - logging_setup - INFO - ====================================================================================================

2026-02-02 11:13:05,679 - logging_setup - WARNING - Main: [jobs_15.xlsx] Error checking job status: 'Worksheet Sheet1 does not exist.' - will process anyway
2026-02-02 11:13:05,687 - logging_setup - WARNING - Main: [jobs_15.xlsx] Error checking job status: 'Worksheet Sheet1 does not exist.' - will process anyway
2026-02-02 11:13:05,688 - logging_setup - INFO - Main: [jobs_15.xlsx] Creating queuefile path for \\spatialfiles.bcgov\srm\gss\sandbox\csostad\Skeena 2026-2028 Shapefiles\shapefile\outputs\jobs_15.xlsx
2026-02-02 11:13:05,689 - logging_setup - INFO - Main: [jobs_15.xlsx] Loading jobs from \\spatialfiles.bcgov\srm\gss\sandbox\csostad\Skeena 2026-2028 Shapefiles\shapefile\outputs\jobs_15.xlsx
2026-02-02 11:13:05,689 - logging_setup - INFO - ##########################################################################################################################
2026-02-02 11:13:05,690 - logging_setup - INFO - #
2026-02-02 11:13:05,690 - logging_setup - INFO - Loading Jobs...
2026-02-02 11:13:05,690 - logging_setup - INFO - #
2026-02-02 11:13:05,691 - logging_setup - INFO - ##########################################################################################################################
2026-02-02 11:13:05,704 - logging_setup - INFO - 

2026-02-02 11:13:05,704 - logging_setup - INFO - -------------------------------------------------------------------------------
2026-02-02 11:13:05,704 - logging_setup - INFO - -                        Load Jobs: Start of Job 0                               -
2026-02-02 11:13:05,705 - logging_setup - INFO - -------------------------------------------------------------------------------
2026-02-02 11:13:05,705 - logging_setup - INFO - 

2026-02-02 11:13:05,705 - logging_setup - INFO - Load Jobs - Creating empty dictionary
2026-02-02 11:13:05,706 - logging_setup - INFO - Load Jobs - Skipping job 0 as it is marked COMPLETE.
2026-02-02 11:13:05,706 - logging_setup - INFO - Load Jobs - Job Condition is not Complete (COMPLETE), adding job: 0 to jobs list
2026-02-02 11:13:05,706 - logging_setup - INFO - 

2026-02-02 11:13:05,707 - logging_setup - INFO - -------------------------------------------------------------------------------
2026-02-02 11:13:05,707 - logging_setup - INFO - -                        End of Job 0                                -
2026-02-02 11:13:05,707 - logging_setup - INFO - -------------------------------------------------------------------------------
2026-02-02 11:13:05,708 - logging_setup - INFO - 

2026-02-02 11:13:05,708 - logging_setup - INFO - 

2026-02-02 11:13:05,708 - logging_setup - INFO - -------------------------------------------------------------------------------
2026-02-02 11:13:05,708 - logging_setup - INFO - -                        Load Jobs: Start of Job 1                               -
2026-02-02 11:13:05,709 - logging_setup - INFO - -------------------------------------------------------------------------------
2026-02-02 11:13:05,709 - logging_setup - INFO - 

2026-02-02 11:13:05,709 - logging_setup - INFO - Load Jobs - Creating empty dictionary
2026-02-02 11:13:05,710 - logging_setup - INFO - Load Jobs - Skipping job 1 as it is marked COMPLETE.
2026-02-02 11:13:05,710 - logging_setup - INFO - Load Jobs - Job Condition is not Complete (COMPLETE), adding job: 1 to jobs list
2026-02-02 11:13:05,710 - logging_setup - INFO - 

2026-02-02 11:13:05,711 - logging_setup - INFO - -------------------------------------------------------------------------------
2026-02-02 11:13:05,711 - logging_setup - INFO - -                        End of Job 1                                -
2026-02-02 11:13:05,711 - logging_setup - INFO - -------------------------------------------------------------------------------
2026-02-02 11:13:05,712 - logging_setup - INFO - 

2026-02-02 11:13:05,712 - logging_setup - INFO - 

2026-02-02 11:13:05,712 - logging_setup - INFO - -------------------------------------------------------------------------------
2026-02-02 11:13:05,712 - logging_setup - INFO - -                        Load Jobs: Start of Job 2                               -
2026-02-02 11:13:05,713 - logging_setup - INFO - -------------------------------------------------------------------------------
2026-02-02 11:13:05,713 - logging_setup - INFO - 

2026-02-02 11:13:05,713 - logging_setup - INFO - Load Jobs - Creating empty dictionary
2026-02-02 11:13:05,714 - logging_setup - INFO - Load Jobs - Skipping job 2 as it is marked COMPLETE.
2026-02-02 11:13:05,714 - logging_setup - INFO - Load Jobs - Job Condition is not Complete (COMPLETE), adding job: 2 to jobs list
2026-02-02 11:13:05,715 - logging_setup - INFO - 

2026-02-02 11:13:05,715 - logging_setup - INFO - -------------------------------------------------------------------------------
2026-02-02 11:13:05,715 - logging_setup - INFO - -                        End of Job 2                                -
2026-02-02 11:13:05,715 - logging_setup - INFO - -------------------------------------------------------------------------------
2026-02-02 11:13:05,716 - logging_setup - INFO - 

2026-02-02 11:13:05,716 - logging_setup - INFO - 

2026-02-02 11:13:05,716 - logging_setup - INFO - -------------------------------------------------------------------------------
2026-02-02 11:13:05,717 - logging_setup - INFO - -                        Load Jobs: Start of Job 3                               -
2026-02-02 11:13:05,717 - logging_setup - INFO - -------------------------------------------------------------------------------
2026-02-02 11:13:05,717 - logging_setup - INFO - 

2026-02-02 11:13:05,717 - logging_setup - INFO - Load Jobs - Creating empty dictionary
2026-02-02 11:13:05,718 - logging_setup - INFO - Load Jobs - Skipping job 3 as it is marked COMPLETE.
2026-02-02 11:13:05,718 - logging_setup - INFO - Load Jobs - Job Condition is not Complete (COMPLETE), adding job: 3 to jobs list
2026-02-02 11:13:05,718 - logging_setup - INFO - 

2026-02-02 11:13:05,719 - logging_setup - INFO - -------------------------------------------------------------------------------
2026-02-02 11:13:05,719 - logging_setup - INFO - -                        End of Job 3                                -
2026-02-02 11:13:05,719 - logging_setup - INFO - -------------------------------------------------------------------------------
2026-02-02 11:13:05,720 - logging_setup - INFO - 

2026-02-02 11:13:05,720 - logging_setup - INFO - 

2026-02-02 11:13:05,720 - logging_setup - INFO - -------------------------------------------------------------------------------
2026-02-02 11:13:05,720 - logging_setup - INFO - -                        Load Jobs: Start of Job 4                               -
2026-02-02 11:13:05,721 - logging_setup - INFO - -------------------------------------------------------------------------------
2026-02-02 11:13:05,721 - logging_setup - INFO - 

2026-02-02 11:13:05,721 - logging_setup - INFO - Load Jobs - Creating empty dictionary
2026-02-02 11:13:05,721 - logging_setup - INFO - Load Jobs - (Queued assigned to Job (4) is (Queued)
2026-02-02 11:13:05,722 - logging_setup - INFO - 

2026-02-02 11:13:05,722 - logging_setup - INFO - ##########################################################################################################################
2026-02-02 11:13:05,722 - logging_setup - INFO - #
2026-02-02 11:13:05,723 - logging_setup - INFO - Running Add Job Results from Load Jobs Function
2026-02-02 11:13:05,723 - logging_setup - INFO - #
2026-02-02 11:13:05,723 - logging_setup - INFO - ##########################################################################################################################
2026-02-02 11:13:05,723 - logging_setup - INFO - 

2026-02-02 11:13:05,733 - logging_setup - INFO - Add Job Result - Workbook loaded
2026-02-02 11:13:05,733 - logging_setup - INFO - Add Job Result - 'ast_condition' column found in the spreadsheet.
2026-02-02 11:13:05,734 - logging_setup - INFO - Add Job Result - Calculated Excel row index as 6 for job index 4
2026-02-02 11:13:05,734 - logging_setup - INFO - Add Job Result - Updated Job 4 with condition 'Queued'.
2026-02-02 11:13:05,748 - logging_setup - INFO - Add Job Result - Saving Workbook with updated condition
2026-02-02 11:13:05,749 - logging_setup - INFO - Load Jobs - Added job condition 'Queued' for job 4 to jobs list
2026-02-02 11:13:05,749 - logging_setup - INFO - Classifying input type for job 4
2026-02-02 11:13:05,749 - logging_setup - INFO - Classifying Input Type - Feature layer found: \\spatialfiles.bcgov\srm\gss\sandbox\csostad\Skeena 2026-2028 Shapefiles\shapefile\6408157\6408157.shp
2026-02-02 11:13:05,750 - logging_setup - INFO - Classifying Input Type - Processing feature layer: \\spatialfiles.bcgov\srm\gss\sandbox\csostad\Skeena 2026-2028 Shapefiles\shapefile\6408157\6408157.shp
2026-02-02 11:13:05,750 - logging_setup - INFO - Classifying Input Type - No FW File Number provided, using original shapefile path
2026-02-02 11:13:05,751 - logging_setup - INFO - Load Jobs - Job Condition is not Complete (Queued), adding job: 4 to jobs list
2026-02-02 11:13:05,751 - logging_setup - INFO - 

2026-02-02 11:13:05,751 - logging_setup - INFO - -------------------------------------------------------------------------------
2026-02-02 11:13:05,752 - logging_setup - INFO - -                        End of Job 4                                -
2026-02-02 11:13:05,752 - logging_setup - INFO - -------------------------------------------------------------------------------
2026-02-02 11:13:05,752 - logging_setup - INFO - 

2026-02-02 11:13:05,753 - logging_setup - INFO - 

2026-02-02 11:13:05,753 - logging_setup - INFO - -------------------------------------------------------------------------------
2026-02-02 11:13:05,753 - logging_setup - INFO - -                        Load Jobs: Start of Job 5                               -
2026-02-02 11:13:05,754 - logging_setup - INFO - -------------------------------------------------------------------------------
2026-02-02 11:13:05,754 - logging_setup - INFO - 

2026-02-02 11:13:05,754 - logging_setup - INFO - Load Jobs - Creating empty dictionary
2026-02-02 11:13:05,755 - logging_setup - INFO - Load Jobs - Skipping job 5 as it is marked COMPLETE.
2026-02-02 11:13:05,755 - logging_setup - INFO - Load Jobs - Job Condition is not Complete (COMPLETE), adding job: 5 to jobs list
2026-02-02 11:13:05,756 - logging_setup - INFO - 

2026-02-02 11:13:05,756 - logging_setup - INFO - -------------------------------------------------------------------------------
2026-02-02 11:13:05,756 - logging_setup - INFO - -                        End of Job 5                                -
2026-02-02 11:13:05,756 - logging_setup - INFO - -------------------------------------------------------------------------------
2026-02-02 11:13:05,757 - logging_setup - INFO - 

2026-02-02 11:13:05,757 - logging_setup - INFO - 

2026-02-02 11:13:05,757 - logging_setup - INFO - -------------------------------------------------------------------------------
2026-02-02 11:13:05,758 - logging_setup - INFO - -                        Load Jobs: Start of Job 6                               -
2026-02-02 11:13:05,758 - logging_setup - INFO - -------------------------------------------------------------------------------
2026-02-02 11:13:05,758 - logging_setup - INFO - 

2026-02-02 11:13:05,759 - logging_setup - INFO - Load Jobs - Creating empty dictionary
2026-02-02 11:13:05,759 - logging_setup - INFO - Load Jobs - Skipping job 6 as it is marked COMPLETE.
2026-02-02 11:13:05,760 - logging_setup - INFO - Load Jobs - Job Condition is not Complete (COMPLETE), adding job: 6 to jobs list
2026-02-02 11:13:05,760 - logging_setup - INFO - 

2026-02-02 11:13:05,760 - logging_setup - INFO - -------------------------------------------------------------------------------
2026-02-02 11:13:05,760 - logging_setup - INFO - -                        End of Job 6                                -
2026-02-02 11:13:05,761 - logging_setup - INFO - -------------------------------------------------------------------------------
2026-02-02 11:13:05,761 - logging_setup - INFO - 

2026-02-02 11:13:05,761 - logging_setup - INFO - 

2026-02-02 11:13:05,762 - logging_setup - INFO - -------------------------------------------------------------------------------
2026-02-02 11:13:05,762 - logging_setup - INFO - -                        Load Jobs: Start of Job 7                               -
2026-02-02 11:13:05,762 - logging_setup - INFO - -------------------------------------------------------------------------------
2026-02-02 11:13:05,762 - logging_setup - INFO - 

2026-02-02 11:13:05,763 - logging_setup - INFO - Load Jobs - Creating empty dictionary
2026-02-02 11:13:05,763 - logging_setup - INFO - Load Jobs - Skipping job 7 as it is marked COMPLETE.
2026-02-02 11:13:05,764 - logging_setup - INFO - Load Jobs - Job Condition is not Complete (COMPLETE), adding job: 7 to jobs list
2026-02-02 11:13:05,764 - logging_setup - INFO - 

2026-02-02 11:13:05,764 - logging_setup - INFO - -------------------------------------------------------------------------------
2026-02-02 11:13:05,764 - logging_setup - INFO - -                        End of Job 7                                -
2026-02-02 11:13:05,765 - logging_setup - INFO - -------------------------------------------------------------------------------
2026-02-02 11:13:05,765 - logging_setup - INFO - 

2026-02-02 11:13:05,765 - logging_setup - INFO - Main: [jobs_15.xlsx] Batching jobs for \\spatialfiles.bcgov\srm\gss\sandbox\csostad\Skeena 2026-2028 Shapefiles\shapefile\outputs\jobs_15.xlsx (initial attempt)
2026-02-02 11:13:05,766 - logging_setup - INFO - 

2026-02-02 11:13:05,766 - logging_setup - INFO - ##########################################################################################################################
2026-02-02 11:13:05,766 - logging_setup - INFO - #
2026-02-02 11:13:05,767 - logging_setup - INFO - Batch AST: Batching Jobs with Multiprocessing...
2026-02-02 11:13:05,767 - logging_setup - INFO - #
2026-02-02 11:13:05,767 - logging_setup - INFO - ##########################################################################################################################
2026-02-02 11:13:05,768 - logging_setup - INFO - 

2026-02-02 11:13:05,768 - logging_setup - INFO - Batch Ast: Job Timeout set to 21600 seconds (6 hours)
2026-02-02 11:13:05,768 - logging_setup - INFO - Batch Ast: Process health checks enabled (every 60s)
2026-02-02 11:13:16,745 - logging_setup - INFO - Batch Ast: Starting job 0
2026-02-02 11:13:16,745 - logging_setup - INFO - Batch Ast: Starting job 1
2026-02-02 11:13:16,746 - logging_setup - INFO - Batch Ast: Starting job 2
2026-02-02 11:13:16,747 - logging_setup - INFO - Batch Ast: Starting job 3
2026-02-02 11:13:16,747 - logging_setup - INFO - Batch Ast: Starting job 4
2026-02-02 11:13:17,660 - logging_setup - INFO - Batch Ast: Queued Job 4.....Multiproccessing started......
2026-02-02 11:13:17,660 - logging_setup - INFO - Batch Ast: Starting job 5
2026-02-02 11:13:17,661 - logging_setup - INFO - Batch Ast: Starting job 6
2026-02-02 11:13:17,661 - logging_setup - INFO - Batch Ast: Starting job 7
2026-02-02 11:13:17,662 - logging_setup - INFO - Batch Ast: Monitoring 1 jobs with 6-hour timeout and health checks
2026-02-02 11:46:14,168 - logging_setup - INFO - 

2026-02-02 11:46:14,169 - logging_setup - INFO - ##########################################################################################################################
2026-02-02 11:46:14,170 - logging_setup - INFO - #
2026-02-02 11:46:14,170 - logging_setup - INFO - Running Add Job Results from Load Jobs Function
2026-02-02 11:46:14,170 - logging_setup - INFO - #
2026-02-02 11:46:14,171 - logging_setup - INFO - ##########################################################################################################################
2026-02-02 11:46:14,171 - logging_setup - INFO - 

2026-02-02 11:46:14,182 - logging_setup - INFO - Add Job Result - Workbook loaded
2026-02-02 11:46:14,182 - logging_setup - INFO - Add Job Result - 'ast_condition' column found in the spreadsheet.
2026-02-02 11:46:14,183 - logging_setup - INFO - Add Job Result - Calculated Excel row index as 6 for job index 4
2026-02-02 11:46:14,183 - logging_setup - INFO - Add Job Result - Updated Job 4 with condition 'COMPLETE'.
2026-02-02 11:46:14,197 - logging_setup - INFO - Add Job Result - Saving Workbook with updated condition
2026-02-02 11:46:14,197 - logging_setup - INFO - Batch Ast: Job 4 completed successfully. Success counter is 1
2026-02-02 11:46:14,198 - logging_setup - INFO - Batch Ast: Summary - Success: 1, Worker Failed: 0, Timeout Failed: 0, Crashed: 0
2026-02-02 11:46:14,198 - logging_setup - INFO - 

2026-02-02 11:46:14,198 - logging_setup - INFO - Batch Ast Complete - Check separate worker log file for more details
2026-02-02 11:46:15,242 - logging_setup - INFO - Main: [jobs_15.xlsx] Initial batch processing complete
2026-02-02 11:46:15,243 - logging_setup - INFO - 
====================================================================================================
2026-02-02 11:46:15,244 - logging_setup - INFO -   >>> COMPLETED SPREADSHEET: jobs_15.xlsx <<<
2026-02-02 11:46:15,244 - logging_setup - INFO - ====================================================================================================

2026-02-02 11:46:15,245 - logging_setup - INFO - 
====================================================================================================
2026-02-02 11:46:15,245 - logging_setup - INFO - ====================================================================================================
2026-02-02 11:46:15,246 - logging_setup - INFO -   >>> PROCESSING SPREADSHEET: jobs_16.xlsx <<<
2026-02-02 11:46:15,246 - logging_setup - INFO - ====================================================================================================
2026-02-02 11:46:15,246 - logging_setup - INFO - ====================================================================================================

2026-02-02 11:46:15,258 - logging_setup - WARNING - Main: [jobs_16.xlsx] Error checking job status: 'Worksheet Sheet1 does not exist.' - will process anyway
2026-02-02 11:46:15,266 - logging_setup - WARNING - Main: [jobs_16.xlsx] Error checking job status: 'Worksheet Sheet1 does not exist.' - will process anyway
2026-02-02 11:46:15,267 - logging_setup - INFO - Main: [jobs_16.xlsx] Creating queuefile path for \\spatialfiles.bcgov\srm\gss\sandbox\csostad\Skeena 2026-2028 Shapefiles\shapefile\outputs\jobs_16.xlsx
2026-02-02 11:46:15,268 - logging_setup - INFO - Main: [jobs_16.xlsx] Loading jobs from \\spatialfiles.bcgov\srm\gss\sandbox\csostad\Skeena 2026-2028 Shapefiles\shapefile\outputs\jobs_16.xlsx
2026-02-02 11:46:15,269 - logging_setup - INFO - ##########################################################################################################################
2026-02-02 11:46:15,269 - logging_setup - INFO - #
2026-02-02 11:46:15,269 - logging_setup - INFO - Loading Jobs...
2026-02-02 11:46:15,270 - logging_setup - INFO - #
2026-02-02 11:46:15,270 - logging_setup - INFO - ##########################################################################################################################
2026-02-02 11:46:15,303 - logging_setup - INFO - 

2026-02-02 11:46:15,304 - logging_setup - INFO - -------------------------------------------------------------------------------
2026-02-02 11:46:15,304 - logging_setup - INFO - -                        Load Jobs: Start of Job 0                               -
2026-02-02 11:46:15,304 - logging_setup - INFO - -------------------------------------------------------------------------------
2026-02-02 11:46:15,305 - logging_setup - INFO - 

2026-02-02 11:46:15,305 - logging_setup - INFO - Load Jobs - Creating empty dictionary
2026-02-02 11:46:15,305 - logging_setup - INFO - Load Jobs - (Queued assigned to Job (0) is (Queued)
2026-02-02 11:46:15,306 - logging_setup - INFO - 

2026-02-02 11:46:15,306 - logging_setup - INFO - ##########################################################################################################################
2026-02-02 11:46:15,307 - logging_setup - INFO - #
2026-02-02 11:46:15,307 - logging_setup - INFO - Running Add Job Results from Load Jobs Function
2026-02-02 11:46:15,307 - logging_setup - INFO - #
2026-02-02 11:46:15,308 - logging_setup - INFO - ##########################################################################################################################
2026-02-02 11:46:15,308 - logging_setup - INFO - 

2026-02-02 11:46:15,318 - logging_setup - INFO - Add Job Result - Workbook loaded
2026-02-02 11:46:15,319 - logging_setup - INFO - Add Job Result - 'ast_condition' column found in the spreadsheet.
2026-02-02 11:46:15,319 - logging_setup - INFO - Add Job Result - Calculated Excel row index as 2 for job index 0
2026-02-02 11:46:15,319 - logging_setup - INFO - Add Job Result - Updated Job 0 with condition 'Queued'.
2026-02-02 11:46:15,334 - logging_setup - INFO - Add Job Result - Saving Workbook with updated condition
2026-02-02 11:46:15,334 - logging_setup - INFO - Load Jobs - Added job condition 'Queued' for job 0 to jobs list
2026-02-02 11:46:15,334 - logging_setup - INFO - Classifying input type for job 0
2026-02-02 11:46:15,335 - logging_setup - INFO - Classifying Input Type - Feature layer found: \\spatialfiles.bcgov\srm\gss\sandbox\csostad\Skeena 2026-2028 Shapefiles\shapefile\6408330\6408330.shp
2026-02-02 11:46:15,335 - logging_setup - INFO - Classifying Input Type - Processing feature layer: \\spatialfiles.bcgov\srm\gss\sandbox\csostad\Skeena 2026-2028 Shapefiles\shapefile\6408330\6408330.shp
2026-02-02 11:46:15,336 - logging_setup - INFO - Classifying Input Type - No FW File Number provided, using original shapefile path
2026-02-02 11:46:15,336 - logging_setup - INFO - Load Jobs - Job Condition is not Complete (Queued), adding job: 0 to jobs list
2026-02-02 11:46:15,336 - logging_setup - INFO - 

2026-02-02 11:46:15,337 - logging_setup - INFO - -------------------------------------------------------------------------------
2026-02-02 11:46:15,337 - logging_setup - INFO - -                        End of Job 0                                -
2026-02-02 11:46:15,337 - logging_setup - INFO - -------------------------------------------------------------------------------
2026-02-02 11:46:15,338 - logging_setup - INFO - 

2026-02-02 11:46:15,338 - logging_setup - INFO - 

2026-02-02 11:46:15,338 - logging_setup - INFO - -------------------------------------------------------------------------------
2026-02-02 11:46:15,339 - logging_setup - INFO - -                        Load Jobs: Start of Job 1                               -
2026-02-02 11:46:15,339 - logging_setup - INFO - -------------------------------------------------------------------------------
2026-02-02 11:46:15,339 - logging_setup - INFO - 

2026-02-02 11:46:15,340 - logging_setup - INFO - Load Jobs - Creating empty dictionary
2026-02-02 11:46:15,340 - logging_setup - INFO - Load Jobs - (Queued assigned to Job (1) is (Queued)
2026-02-02 11:46:15,340 - logging_setup - INFO - 

2026-02-02 11:46:15,341 - logging_setup - INFO - ##########################################################################################################################
2026-02-02 11:46:15,341 - logging_setup - INFO - #
2026-02-02 11:46:15,341 - logging_setup - INFO - Running Add Job Results from Load Jobs Function
2026-02-02 11:46:15,342 - logging_setup - INFO - #
2026-02-02 11:46:15,342 - logging_setup - INFO - ##########################################################################################################################
2026-02-02 11:46:15,342 - logging_setup - INFO - 

2026-02-02 11:46:15,359 - logging_setup - INFO - Add Job Result - Workbook loaded
2026-02-02 11:46:15,359 - logging_setup - INFO - Add Job Result - 'ast_condition' column found in the spreadsheet.
2026-02-02 11:46:15,360 - logging_setup - INFO - Add Job Result - Calculated Excel row index as 3 for job index 1
2026-02-02 11:46:15,360 - logging_setup - INFO - Add Job Result - Updated Job 1 with condition 'Queued'.
2026-02-02 11:46:15,374 - logging_setup - INFO - Add Job Result - Saving Workbook with updated condition
2026-02-02 11:46:15,384 - logging_setup - INFO - Load Jobs - Added job condition 'Queued' for job 1 to jobs list
2026-02-02 11:46:15,385 - logging_setup - INFO - Classifying input type for job 1
2026-02-02 11:46:15,385 - logging_setup - INFO - Classifying Input Type - Feature layer found: \\spatialfiles.bcgov\srm\gss\sandbox\csostad\Skeena 2026-2028 Shapefiles\shapefile\6408344\6408344.shp
2026-02-02 11:46:15,386 - logging_setup - INFO - Classifying Input Type - Processing feature layer: \\spatialfiles.bcgov\srm\gss\sandbox\csostad\Skeena 2026-2028 Shapefiles\shapefile\6408344\6408344.shp
2026-02-02 11:46:15,386 - logging_setup - INFO - Classifying Input Type - No FW File Number provided, using original shapefile path
2026-02-02 11:46:15,386 - logging_setup - INFO - Load Jobs - Job Condition is not Complete (Queued), adding job: 1 to jobs list
2026-02-02 11:46:15,387 - logging_setup - INFO - 

2026-02-02 11:46:15,387 - logging_setup - INFO - -------------------------------------------------------------------------------
2026-02-02 11:46:15,387 - logging_setup - INFO - -                        End of Job 1                                -
2026-02-02 11:46:15,388 - logging_setup - INFO - -------------------------------------------------------------------------------
2026-02-02 11:46:15,388 - logging_setup - INFO - 

2026-02-02 11:46:15,388 - logging_setup - INFO - 

2026-02-02 11:46:15,388 - logging_setup - INFO - -------------------------------------------------------------------------------
2026-02-02 11:46:15,389 - logging_setup - INFO - -                        Load Jobs: Start of Job 2                               -
2026-02-02 11:46:15,389 - logging_setup - INFO - -------------------------------------------------------------------------------
2026-02-02 11:46:15,389 - logging_setup - INFO - 

2026-02-02 11:46:15,390 - logging_setup - INFO - Load Jobs - Creating empty dictionary
2026-02-02 11:46:15,390 - logging_setup - INFO - Load Jobs - (Queued assigned to Job (2) is (Queued)
2026-02-02 11:46:15,390 - logging_setup - INFO - 

2026-02-02 11:46:15,391 - logging_setup - INFO - ##########################################################################################################################
2026-02-02 11:46:15,391 - logging_setup - INFO - #
2026-02-02 11:46:15,391 - logging_setup - INFO - Running Add Job Results from Load Jobs Function
2026-02-02 11:46:15,392 - logging_setup - INFO - #
2026-02-02 11:46:15,392 - logging_setup - INFO - ##########################################################################################################################
2026-02-02 11:46:15,392 - logging_setup - INFO - 

2026-02-02 11:46:15,404 - logging_setup - INFO - Add Job Result - Workbook loaded
2026-02-02 11:46:15,404 - logging_setup - INFO - Add Job Result - 'ast_condition' column found in the spreadsheet.
2026-02-02 11:46:15,404 - logging_setup - INFO - Add Job Result - Calculated Excel row index as 4 for job index 2
2026-02-02 11:46:15,405 - logging_setup - INFO - Add Job Result - Updated Job 2 with condition 'Queued'.
2026-02-02 11:46:15,418 - logging_setup - INFO - Add Job Result - Saving Workbook with updated condition
2026-02-02 11:46:15,419 - logging_setup - INFO - Load Jobs - Added job condition 'Queued' for job 2 to jobs list
2026-02-02 11:46:15,419 - logging_setup - INFO - Classifying input type for job 2
2026-02-02 11:46:15,420 - logging_setup - INFO - Classifying Input Type - Feature layer found: \\spatialfiles.bcgov\srm\gss\sandbox\csostad\Skeena 2026-2028 Shapefiles\shapefile\6408427\6408427.shp
2026-02-02 11:46:15,420 - logging_setup - INFO - Classifying Input Type - Processing feature layer: \\spatialfiles.bcgov\srm\gss\sandbox\csostad\Skeena 2026-2028 Shapefiles\shapefile\6408427\6408427.shp
2026-02-02 11:46:15,421 - logging_setup - INFO - Classifying Input Type - No FW File Number provided, using original shapefile path
2026-02-02 11:46:15,421 - logging_setup - INFO - Load Jobs - Job Condition is not Complete (Queued), adding job: 2 to jobs list
2026-02-02 11:46:15,421 - logging_setup - INFO - 

2026-02-02 11:46:15,421 - logging_setup - INFO - -------------------------------------------------------------------------------
2026-02-02 11:46:15,422 - logging_setup - INFO - -                        End of Job 2                                -
2026-02-02 11:46:15,422 - logging_setup - INFO - -------------------------------------------------------------------------------
2026-02-02 11:46:15,422 - logging_setup - INFO - 

2026-02-02 11:46:15,423 - logging_setup - INFO - 

2026-02-02 11:46:15,423 - logging_setup - INFO - -------------------------------------------------------------------------------
2026-02-02 11:46:15,423 - logging_setup - INFO - -                        Load Jobs: Start of Job 3                               -
2026-02-02 11:46:15,424 - logging_setup - INFO - -------------------------------------------------------------------------------
2026-02-02 11:46:15,424 - logging_setup - INFO - 

2026-02-02 11:46:15,424 - logging_setup - INFO - Load Jobs - Creating empty dictionary
2026-02-02 11:46:15,425 - logging_setup - INFO - Load Jobs - (Queued assigned to Job (3) is (Queued)
2026-02-02 11:46:15,425 - logging_setup - INFO - 

2026-02-02 11:46:15,425 - logging_setup - INFO - ##########################################################################################################################
2026-02-02 11:46:15,426 - logging_setup - INFO - #
2026-02-02 11:46:15,426 - logging_setup - INFO - Running Add Job Results from Load Jobs Function
2026-02-02 11:46:15,426 - logging_setup - INFO - #
2026-02-02 11:46:15,427 - logging_setup - INFO - ##########################################################################################################################
2026-02-02 11:46:15,427 - logging_setup - INFO - 

2026-02-02 11:46:15,437 - logging_setup - INFO - Add Job Result - Workbook loaded
2026-02-02 11:46:15,437 - logging_setup - INFO - Add Job Result - 'ast_condition' column found in the spreadsheet.
2026-02-02 11:46:15,438 - logging_setup - INFO - Add Job Result - Calculated Excel row index as 5 for job index 3
2026-02-02 11:46:15,438 - logging_setup - INFO - Add Job Result - Updated Job 3 with condition 'Queued'.
2026-02-02 11:46:15,451 - logging_setup - INFO - Add Job Result - Saving Workbook with updated condition
2026-02-02 11:46:15,452 - logging_setup - INFO - Load Jobs - Added job condition 'Queued' for job 3 to jobs list
2026-02-02 11:46:15,452 - logging_setup - INFO - Classifying input type for job 3
2026-02-02 11:46:15,452 - logging_setup - INFO - Classifying Input Type - Feature layer found: \\spatialfiles.bcgov\srm\gss\sandbox\csostad\Skeena 2026-2028 Shapefiles\shapefile\6408441\6408441.shp
2026-02-02 11:46:15,453 - logging_setup - INFO - Classifying Input Type - Processing feature layer: \\spatialfiles.bcgov\srm\gss\sandbox\csostad\Skeena 2026-2028 Shapefiles\shapefile\6408441\6408441.shp
2026-02-02 11:46:15,453 - logging_setup - INFO - Classifying Input Type - No FW File Number provided, using original shapefile path
2026-02-02 11:46:15,453 - logging_setup - INFO - Load Jobs - Job Condition is not Complete (Queued), adding job: 3 to jobs list
2026-02-02 11:46:15,454 - logging_setup - INFO - 

2026-02-02 11:46:15,454 - logging_setup - INFO - -------------------------------------------------------------------------------
2026-02-02 11:46:15,454 - logging_setup - INFO - -                        End of Job 3                                -
2026-02-02 11:46:15,455 - logging_setup - INFO - -------------------------------------------------------------------------------
2026-02-02 11:46:15,455 - logging_setup - INFO - 

2026-02-02 11:46:15,455 - logging_setup - INFO - 

2026-02-02 11:46:15,456 - logging_setup - INFO - -------------------------------------------------------------------------------
2026-02-02 11:46:15,456 - logging_setup - INFO - -                        Load Jobs: Start of Job 4                               -
2026-02-02 11:46:15,456 - logging_setup - INFO - -------------------------------------------------------------------------------
2026-02-02 11:46:15,457 - logging_setup - INFO - 

2026-02-02 11:46:15,457 - logging_setup - INFO - Load Jobs - Creating empty dictionary
2026-02-02 11:46:15,457 - logging_setup - INFO - Load Jobs - (Queued assigned to Job (4) is (Queued)
2026-02-02 11:46:15,458 - logging_setup - INFO - 

2026-02-02 11:46:15,458 - logging_setup - INFO - ##########################################################################################################################
2026-02-02 11:46:15,458 - logging_setup - INFO - #
2026-02-02 11:46:15,459 - logging_setup - INFO - Running Add Job Results from Load Jobs Function
2026-02-02 11:46:15,459 - logging_setup - INFO - #
2026-02-02 11:46:15,459 - logging_setup - INFO - ##########################################################################################################################
2026-02-02 11:46:15,460 - logging_setup - INFO - 

2026-02-02 11:46:15,471 - logging_setup - INFO - Add Job Result - Workbook loaded
2026-02-02 11:46:15,471 - logging_setup - INFO - Add Job Result - 'ast_condition' column found in the spreadsheet.
2026-02-02 11:46:15,471 - logging_setup - INFO - Add Job Result - Calculated Excel row index as 6 for job index 4
2026-02-02 11:46:15,472 - logging_setup - INFO - Add Job Result - Updated Job 4 with condition 'Queued'.
2026-02-02 11:46:15,486 - logging_setup - INFO - Add Job Result - Saving Workbook with updated condition
2026-02-02 11:46:15,486 - logging_setup - INFO - Load Jobs - Added job condition 'Queued' for job 4 to jobs list
2026-02-02 11:46:15,486 - logging_setup - INFO - Classifying input type for job 4
2026-02-02 11:46:15,487 - logging_setup - INFO - Classifying Input Type - Feature layer found: \\spatialfiles.bcgov\srm\gss\sandbox\csostad\Skeena 2026-2028 Shapefiles\shapefile\6408474\6408474.shp
2026-02-02 11:46:15,487 - logging_setup - INFO - Classifying Input Type - Processing feature layer: \\spatialfiles.bcgov\srm\gss\sandbox\csostad\Skeena 2026-2028 Shapefiles\shapefile\6408474\6408474.shp
2026-02-02 11:46:15,488 - logging_setup - INFO - Classifying Input Type - No FW File Number provided, using original shapefile path
2026-02-02 11:46:15,488 - logging_setup - INFO - Load Jobs - Job Condition is not Complete (Queued), adding job: 4 to jobs list
2026-02-02 11:46:15,488 - logging_setup - INFO - 

2026-02-02 11:46:15,489 - logging_setup - INFO - -------------------------------------------------------------------------------
2026-02-02 11:46:15,489 - logging_setup - INFO - -                        End of Job 4                                -
2026-02-02 11:46:15,489 - logging_setup - INFO - -------------------------------------------------------------------------------
2026-02-02 11:46:15,490 - logging_setup - INFO - 

2026-02-02 11:46:15,490 - logging_setup - INFO - 

2026-02-02 11:46:15,490 - logging_setup - INFO - -------------------------------------------------------------------------------
2026-02-02 11:46:15,491 - logging_setup - INFO - -                        Load Jobs: Start of Job 5                               -
2026-02-02 11:46:15,491 - logging_setup - INFO - -------------------------------------------------------------------------------
2026-02-02 11:46:15,491 - logging_setup - INFO - 

2026-02-02 11:46:15,492 - logging_setup - INFO - Load Jobs - Creating empty dictionary
2026-02-02 11:46:15,492 - logging_setup - INFO - Load Jobs - (Queued assigned to Job (5) is (Queued)
2026-02-02 11:46:15,492 - logging_setup - INFO - 

2026-02-02 11:46:15,492 - logging_setup - INFO - ##########################################################################################################################
2026-02-02 11:46:15,493 - logging_setup - INFO - #
2026-02-02 11:46:15,493 - logging_setup - INFO - Running Add Job Results from Load Jobs Function
2026-02-02 11:46:15,494 - logging_setup - INFO - #
2026-02-02 11:46:15,494 - logging_setup - INFO - ##########################################################################################################################
2026-02-02 11:46:15,494 - logging_setup - INFO - 

2026-02-02 11:46:15,504 - logging_setup - INFO - Add Job Result - Workbook loaded
2026-02-02 11:46:15,505 - logging_setup - INFO - Add Job Result - 'ast_condition' column found in the spreadsheet.
2026-02-02 11:46:15,505 - logging_setup - INFO - Add Job Result - Calculated Excel row index as 7 for job index 5
2026-02-02 11:46:15,506 - logging_setup - INFO - Add Job Result - Updated Job 5 with condition 'Queued'.
2026-02-02 11:46:15,519 - logging_setup - INFO - Add Job Result - Saving Workbook with updated condition
2026-02-02 11:46:15,520 - logging_setup - INFO - Load Jobs - Added job condition 'Queued' for job 5 to jobs list
2026-02-02 11:46:15,520 - logging_setup - INFO - Classifying input type for job 5
2026-02-02 11:46:15,520 - logging_setup - INFO - Classifying Input Type - Feature layer found: \\spatialfiles.bcgov\srm\gss\sandbox\csostad\Skeena 2026-2028 Shapefiles\shapefile\6408475\6408475.shp
2026-02-02 11:46:15,521 - logging_setup - INFO - Classifying Input Type - Processing feature layer: \\spatialfiles.bcgov\srm\gss\sandbox\csostad\Skeena 2026-2028 Shapefiles\shapefile\6408475\6408475.shp
2026-02-02 11:46:15,521 - logging_setup - INFO - Classifying Input Type - No FW File Number provided, using original shapefile path
2026-02-02 11:46:15,522 - logging_setup - INFO - Load Jobs - Job Condition is not Complete (Queued), adding job: 5 to jobs list
2026-02-02 11:46:15,522 - logging_setup - INFO - 

2026-02-02 11:46:15,522 - logging_setup - INFO - -------------------------------------------------------------------------------
2026-02-02 11:46:15,522 - logging_setup - INFO - -                        End of Job 5                                -
2026-02-02 11:46:15,523 - logging_setup - INFO - -------------------------------------------------------------------------------
2026-02-02 11:46:15,523 - logging_setup - INFO - 

2026-02-02 11:46:15,523 - logging_setup - INFO - 

2026-02-02 11:46:15,524 - logging_setup - INFO - -------------------------------------------------------------------------------
2026-02-02 11:46:15,524 - logging_setup - INFO - -                        Load Jobs: Start of Job 6                               -
2026-02-02 11:46:15,524 - logging_setup - INFO - -------------------------------------------------------------------------------
2026-02-02 11:46:15,525 - logging_setup - INFO - 

2026-02-02 11:46:15,525 - logging_setup - INFO - Load Jobs - Creating empty dictionary
2026-02-02 11:46:15,525 - logging_setup - INFO - Load Jobs - (Queued assigned to Job (6) is (Queued)
2026-02-02 11:46:15,526 - logging_setup - INFO - 

2026-02-02 11:46:15,526 - logging_setup - INFO - ##########################################################################################################################
2026-02-02 11:46:15,526 - logging_setup - INFO - #
2026-02-02 11:46:15,527 - logging_setup - INFO - Running Add Job Results from Load Jobs Function
2026-02-02 11:46:15,527 - logging_setup - INFO - #
2026-02-02 11:46:15,527 - logging_setup - INFO - ##########################################################################################################################
2026-02-02 11:46:15,527 - logging_setup - INFO - 

2026-02-02 11:46:15,539 - logging_setup - INFO - Add Job Result - Workbook loaded
2026-02-02 11:46:15,539 - logging_setup - INFO - Add Job Result - 'ast_condition' column found in the spreadsheet.
2026-02-02 11:46:15,539 - logging_setup - INFO - Add Job Result - Calculated Excel row index as 8 for job index 6
2026-02-02 11:46:15,540 - logging_setup - INFO - Add Job Result - Updated Job 6 with condition 'Queued'.
2026-02-02 11:46:15,553 - logging_setup - INFO - Add Job Result - Saving Workbook with updated condition
2026-02-02 11:46:15,553 - logging_setup - INFO - Load Jobs - Added job condition 'Queued' for job 6 to jobs list
2026-02-02 11:46:15,553 - logging_setup - INFO - Classifying input type for job 6
2026-02-02 11:46:15,554 - logging_setup - INFO - Classifying Input Type - Feature layer found: \\spatialfiles.bcgov\srm\gss\sandbox\csostad\Skeena 2026-2028 Shapefiles\shapefile\6408498\6408498.shp
2026-02-02 11:46:15,554 - logging_setup - INFO - Classifying Input Type - Processing feature layer: \\spatialfiles.bcgov\srm\gss\sandbox\csostad\Skeena 2026-2028 Shapefiles\shapefile\6408498\6408498.shp
2026-02-02 11:46:15,555 - logging_setup - INFO - Classifying Input Type - No FW File Number provided, using original shapefile path
2026-02-02 11:46:15,555 - logging_setup - INFO - Load Jobs - Job Condition is not Complete (Queued), adding job: 6 to jobs list
2026-02-02 11:46:15,555 - logging_setup - INFO - 

2026-02-02 11:46:15,556 - logging_setup - INFO - -------------------------------------------------------------------------------
2026-02-02 11:46:15,556 - logging_setup - INFO - -                        End of Job 6                                -
2026-02-02 11:46:15,556 - logging_setup - INFO - -------------------------------------------------------------------------------
2026-02-02 11:46:15,557 - logging_setup - INFO - 

2026-02-02 11:46:15,557 - logging_setup - INFO - 

2026-02-02 11:46:15,557 - logging_setup - INFO - -------------------------------------------------------------------------------
2026-02-02 11:46:15,557 - logging_setup - INFO - -                        Load Jobs: Start of Job 7                               -
2026-02-02 11:46:15,558 - logging_setup - INFO - -------------------------------------------------------------------------------
2026-02-02 11:46:15,558 - logging_setup - INFO - 

2026-02-02 11:46:15,558 - logging_setup - INFO - Load Jobs - Creating empty dictionary
2026-02-02 11:46:15,559 - logging_setup - INFO - Load Jobs - (Queued assigned to Job (7) is (Queued)
2026-02-02 11:46:15,559 - logging_setup - INFO - 

2026-02-02 11:46:15,559 - logging_setup - INFO - ##########################################################################################################################
2026-02-02 11:46:15,560 - logging_setup - INFO - #
2026-02-02 11:46:15,560 - logging_setup - INFO - Running Add Job Results from Load Jobs Function
2026-02-02 11:46:15,560 - logging_setup - INFO - #
2026-02-02 11:46:15,560 - logging_setup - INFO - ##########################################################################################################################
2026-02-02 11:46:15,561 - logging_setup - INFO - 

2026-02-02 11:46:15,571 - logging_setup - INFO - Add Job Result - Workbook loaded
2026-02-02 11:46:15,571 - logging_setup - INFO - Add Job Result - 'ast_condition' column found in the spreadsheet.
2026-02-02 11:46:15,572 - logging_setup - INFO - Add Job Result - Calculated Excel row index as 9 for job index 7
2026-02-02 11:46:15,572 - logging_setup - INFO - Add Job Result - Updated Job 7 with condition 'Queued'.
2026-02-02 11:46:15,585 - logging_setup - INFO - Add Job Result - Saving Workbook with updated condition
2026-02-02 11:46:15,586 - logging_setup - INFO - Load Jobs - Added job condition 'Queued' for job 7 to jobs list
2026-02-02 11:46:15,586 - logging_setup - INFO - Classifying input type for job 7
2026-02-02 11:46:15,586 - logging_setup - INFO - Classifying Input Type - Feature layer found: \\spatialfiles.bcgov\srm\gss\sandbox\csostad\Skeena 2026-2028 Shapefiles\shapefile\6408501\6408501.shp
2026-02-02 11:46:15,587 - logging_setup - INFO - Classifying Input Type - Processing feature layer: \\spatialfiles.bcgov\srm\gss\sandbox\csostad\Skeena 2026-2028 Shapefiles\shapefile\6408501\6408501.shp
2026-02-02 11:46:15,587 - logging_setup - INFO - Classifying Input Type - No FW File Number provided, using original shapefile path
2026-02-02 11:46:15,587 - logging_setup - INFO - Load Jobs - Job Condition is not Complete (Queued), adding job: 7 to jobs list
2026-02-02 11:46:15,588 - logging_setup - INFO - 

2026-02-02 11:46:15,588 - logging_setup - INFO - -------------------------------------------------------------------------------
2026-02-02 11:46:15,588 - logging_setup - INFO - -                        End of Job 7                                -
2026-02-02 11:46:15,589 - logging_setup - INFO - -------------------------------------------------------------------------------
2026-02-02 11:46:15,589 - logging_setup - INFO - 

2026-02-02 11:46:15,589 - logging_setup - INFO - Main: [jobs_16.xlsx] Batching jobs for \\spatialfiles.bcgov\srm\gss\sandbox\csostad\Skeena 2026-2028 Shapefiles\shapefile\outputs\jobs_16.xlsx (initial attempt)
2026-02-02 11:46:15,590 - logging_setup - INFO - 

2026-02-02 11:46:15,590 - logging_setup - INFO - ##########################################################################################################################
2026-02-02 11:46:15,590 - logging_setup - INFO - #
2026-02-02 11:46:15,590 - logging_setup - INFO - Batch AST: Batching Jobs with Multiprocessing...
2026-02-02 11:46:15,591 - logging_setup - INFO - #
2026-02-02 11:46:15,591 - logging_setup - INFO - ##########################################################################################################################
2026-02-02 11:46:15,592 - logging_setup - INFO - 

2026-02-02 11:46:15,592 - logging_setup - INFO - Batch Ast: Job Timeout set to 21600 seconds (6 hours)
2026-02-02 11:46:15,592 - logging_setup - INFO - Batch Ast: Process health checks enabled (every 60s)
2026-02-02 11:46:27,026 - logging_setup - INFO - Batch Ast: Starting job 0
2026-02-02 11:46:27,964 - logging_setup - INFO - Batch Ast: Queued Job 0.....Multiproccessing started......
2026-02-02 11:46:27,965 - logging_setup - INFO - Batch Ast: Starting job 1
2026-02-02 11:46:28,471 - logging_setup - INFO - Batch Ast: Queued Job 1.....Multiproccessing started......
2026-02-02 11:46:28,472 - logging_setup - INFO - Batch Ast: Starting job 2
2026-02-02 11:46:28,890 - logging_setup - INFO - Batch Ast: Queued Job 2.....Multiproccessing started......
2026-02-02 11:46:28,891 - logging_setup - INFO - Batch Ast: Starting job 3
2026-02-02 11:46:29,367 - logging_setup - INFO - Batch Ast: Queued Job 3.....Multiproccessing started......
2026-02-02 11:46:29,368 - logging_setup - INFO - Batch Ast: Starting job 4
2026-02-02 11:46:29,867 - logging_setup - INFO - Batch Ast: Queued Job 4.....Multiproccessing started......
2026-02-02 11:46:29,867 - logging_setup - INFO - Batch Ast: Starting job 5
2026-02-02 11:46:30,395 - logging_setup - INFO - Batch Ast: Queued Job 5.....Multiproccessing started......
2026-02-02 11:46:30,396 - logging_setup - INFO - Batch Ast: Starting job 6
2026-02-02 11:46:30,973 - logging_setup - INFO - Batch Ast: Queued Job 6.....Multiproccessing started......
2026-02-02 11:46:30,973 - logging_setup - INFO - Batch Ast: Starting job 7
2026-02-02 11:46:31,449 - logging_setup - INFO - Batch Ast: Queued Job 7.....Multiproccessing started......
2026-02-02 11:46:31,450 - logging_setup - INFO - Batch Ast: Monitoring 8 jobs with 6-hour timeout and health checks
