2026-01-29 13:26:08,579 - logging_setup - INFO - Logging set up - Log file: \\spatialfiles.bcgov\work\srm\nel\Local\Geomatics\Workarea\csostad\GitHub_Repositories\ast_batch_tool\autoast\auto_ast_V2_Cuisinart_MultiP_PdfMaps\autoast_batch_logs_folder_20260129\ast_batch_log_20260129_132608.log
2026-01-29 13:26:20,314 - logging_setup - INFO - AST Toolbox imported successfully.
2026-01-29 13:26:20,520 - logging_setup - INFO - Secret file H:\secrets\bcgw.env found
2026-01-29 13:26:20,528 - logging_setup - INFO - Database user csostad and password found
2026-01-29 13:26:21,217 - root - INFO - Logger initialized
2026-01-29 13:26:24,332 - root - ERROR - Failed to import tools
Traceback (most recent call last):
  File "P:\corp\central_clones\python_geospatial\lib\site-packages\XTools Pro\esri\toolboxes\XTools Pro.pyt", line 95, in <module>
    from Tools.FeaturesToPointsTool import *
  File "E:\sw_nt\XTools\XTools AGP\Python\Tools\FeaturesToPointsTool.py", line 1, in <module>
    from Tools.BaseTool import BaseTool
  File "E:\sw_nt\XTools\XTools AGP\Python\Tools\BaseTool.py", line 7, in <module>
    from Scripts.Base.PythonCancelTracker import PythonCancelTracker
  File "E:\sw_nt\XTools\XTools AGP\Python\Scripts\Base\PythonCancelTracker.py", line 20, in <module>
    from XTools.XToolsAGP.Core import ICancelTracker
ModuleNotFoundError: No module named 'XTools'
2026-01-29 13:26:24,382 - root - ERROR - No module named 'XTools'
Traceback (most recent call last):
  File "P:\corp\central_clones\python_geospatial\lib\site-packages\XTools Pro\esri\toolboxes\XTools Pro.pyt", line 95, in <module>
    from Tools.FeaturesToPointsTool import *
  File "E:\sw_nt\XTools\XTools AGP\Python\Tools\FeaturesToPointsTool.py", line 1, in <module>
    from Tools.BaseTool import BaseTool
  File "E:\sw_nt\XTools\XTools AGP\Python\Tools\BaseTool.py", line 7, in <module>
    from Scripts.Base.PythonCancelTracker import PythonCancelTracker
  File "E:\sw_nt\XTools\XTools AGP\Python\Scripts\Base\PythonCancelTracker.py", line 20, in <module>
    from XTools.XToolsAGP.Core import ICancelTracker
ModuleNotFoundError: No module named 'XTools'
2026-01-29 13:26:58,235 - logging_setup - INFO - new db connection created
2026-01-29 13:26:59,651 - logging_setup - INFO - workspace set to bcgw connection
2026-01-29 13:26:59,659 - logging_setup - INFO - SDE Connection established at: \\spatialfiles.bcgov\work\srm\nel\Local\Geomatics\Workarea\csostad\GitHub_Repositories\ast_batch_tool\autoast\auto_ast_V2_Cuisinart_MultiP_PdfMaps\connection\bcgw.sde
2026-01-29 13:26:59,666 - logging_setup - INFO - Main: Excel files directory: \\spatialfiles.bcgov\srm\gss\sandbox\csostad\Skeena 2026-2028 Shapefiles\shapefile\outputs
2026-01-29 13:26:59,674 - logging_setup - INFO - 
====================================================================================================
2026-01-29 13:26:59,682 - logging_setup - INFO - ====================================================================================================
2026-01-29 13:26:59,689 - logging_setup - INFO -   >>> PROCESSING SPREADSHEET: jobs_9.xlsx <<<
2026-01-29 13:26:59,697 - logging_setup - INFO - ====================================================================================================
2026-01-29 13:26:59,705 - logging_setup - INFO - ====================================================================================================

2026-01-29 13:27:00,404 - logging_setup - WARNING - Main: [jobs_9.xlsx] Error checking job status: 'Worksheet Sheet1 does not exist.' - will process anyway
2026-01-29 13:27:00,458 - logging_setup - WARNING - Main: [jobs_9.xlsx] Error checking job status: 'Worksheet Sheet1 does not exist.' - will process anyway
2026-01-29 13:27:00,465 - logging_setup - INFO - Main: [jobs_9.xlsx] Creating queuefile path for \\spatialfiles.bcgov\srm\gss\sandbox\csostad\Skeena 2026-2028 Shapefiles\shapefile\outputs\jobs_9.xlsx
2026-01-29 13:27:00,489 - logging_setup - INFO - Main: [jobs_9.xlsx] Loading jobs from \\spatialfiles.bcgov\srm\gss\sandbox\csostad\Skeena 2026-2028 Shapefiles\shapefile\outputs\jobs_9.xlsx
2026-01-29 13:27:00,497 - logging_setup - INFO - ##########################################################################################################################
2026-01-29 13:27:00,504 - logging_setup - INFO - #
2026-01-29 13:27:00,512 - logging_setup - INFO - Loading Jobs...
2026-01-29 13:27:00,520 - logging_setup - INFO - #
2026-01-29 13:27:00,527 - logging_setup - INFO - ##########################################################################################################################
2026-01-29 13:27:00,626 - logging_setup - INFO - 

2026-01-29 13:27:00,633 - logging_setup - INFO - -------------------------------------------------------------------------------
2026-01-29 13:27:00,641 - logging_setup - INFO - -                        Load Jobs: Start of Job 0                               -
2026-01-29 13:27:00,649 - logging_setup - INFO - -------------------------------------------------------------------------------
2026-01-29 13:27:00,656 - logging_setup - INFO - 

2026-01-29 13:27:00,664 - logging_setup - INFO - Load Jobs - Creating empty dictionary
2026-01-29 13:27:00,672 - logging_setup - INFO - Load Jobs - Skipping job 0 as it is marked COMPLETE.
2026-01-29 13:27:00,680 - logging_setup - INFO - Load Jobs - Job Condition is not Complete (COMPLETE), adding job: 0 to jobs list
2026-01-29 13:27:00,687 - logging_setup - INFO - 

2026-01-29 13:27:00,695 - logging_setup - INFO - -------------------------------------------------------------------------------
2026-01-29 13:27:00,703 - logging_setup - INFO - -                        End of Job 0                                -
2026-01-29 13:27:00,711 - logging_setup - INFO - -------------------------------------------------------------------------------
2026-01-29 13:27:00,718 - logging_setup - INFO - 

2026-01-29 13:27:00,726 - logging_setup - INFO - 

2026-01-29 13:27:00,734 - logging_setup - INFO - -------------------------------------------------------------------------------
2026-01-29 13:27:00,741 - logging_setup - INFO - -                        Load Jobs: Start of Job 1                               -
2026-01-29 13:27:00,749 - logging_setup - INFO - -------------------------------------------------------------------------------
2026-01-29 13:27:00,757 - logging_setup - INFO - 

2026-01-29 13:27:00,764 - logging_setup - INFO - Load Jobs - Creating empty dictionary
2026-01-29 13:27:00,772 - logging_setup - INFO - Load Jobs - Skipping job 1 as it is marked COMPLETE.
2026-01-29 13:27:00,780 - logging_setup - INFO - Load Jobs - Job Condition is not Complete (COMPLETE), adding job: 1 to jobs list
2026-01-29 13:27:00,788 - logging_setup - INFO - 

2026-01-29 13:27:00,795 - logging_setup - INFO - -------------------------------------------------------------------------------
2026-01-29 13:27:00,803 - logging_setup - INFO - -                        End of Job 1                                -
2026-01-29 13:27:00,811 - logging_setup - INFO - -------------------------------------------------------------------------------
2026-01-29 13:27:00,818 - logging_setup - INFO - 

2026-01-29 13:27:00,826 - logging_setup - INFO - 

2026-01-29 13:27:00,833 - logging_setup - INFO - -------------------------------------------------------------------------------
2026-01-29 13:27:00,841 - logging_setup - INFO - -                        Load Jobs: Start of Job 2                               -
2026-01-29 13:27:00,849 - logging_setup - INFO - -------------------------------------------------------------------------------
2026-01-29 13:27:00,857 - logging_setup - INFO - 

2026-01-29 13:27:00,864 - logging_setup - INFO - Load Jobs - Creating empty dictionary
2026-01-29 13:27:00,872 - logging_setup - INFO - Load Jobs - Skipping job 2 as it is marked COMPLETE.
2026-01-29 13:27:00,880 - logging_setup - INFO - Load Jobs - Job Condition is not Complete (COMPLETE), adding job: 2 to jobs list
2026-01-29 13:27:00,887 - logging_setup - INFO - 

2026-01-29 13:27:00,895 - logging_setup - INFO - -------------------------------------------------------------------------------
2026-01-29 13:27:00,903 - logging_setup - INFO - -                        End of Job 2                                -
2026-01-29 13:27:00,910 - logging_setup - INFO - -------------------------------------------------------------------------------
2026-01-29 13:27:00,918 - logging_setup - INFO - 

2026-01-29 13:27:00,925 - logging_setup - INFO - 

2026-01-29 13:27:00,933 - logging_setup - INFO - -------------------------------------------------------------------------------
2026-01-29 13:27:00,941 - logging_setup - INFO - -                        Load Jobs: Start of Job 3                               -
2026-01-29 13:27:00,949 - logging_setup - INFO - -------------------------------------------------------------------------------
2026-01-29 13:27:00,957 - logging_setup - INFO - 

2026-01-29 13:27:00,964 - logging_setup - INFO - Load Jobs - Creating empty dictionary
2026-01-29 13:27:00,972 - logging_setup - INFO - Load Jobs - Skipping job 3 as it is marked COMPLETE.
2026-01-29 13:27:00,980 - logging_setup - INFO - Load Jobs - Job Condition is not Complete (COMPLETE), adding job: 3 to jobs list
2026-01-29 13:27:00,987 - logging_setup - INFO - 

2026-01-29 13:27:00,995 - logging_setup - INFO - -------------------------------------------------------------------------------
2026-01-29 13:27:01,003 - logging_setup - INFO - -                        End of Job 3                                -
2026-01-29 13:27:01,010 - logging_setup - INFO - -------------------------------------------------------------------------------
2026-01-29 13:27:01,018 - logging_setup - INFO - 

2026-01-29 13:27:01,025 - logging_setup - INFO - 

2026-01-29 13:27:01,033 - logging_setup - INFO - -------------------------------------------------------------------------------
2026-01-29 13:27:01,041 - logging_setup - INFO - -                        Load Jobs: Start of Job 4                               -
2026-01-29 13:27:01,049 - logging_setup - INFO - -------------------------------------------------------------------------------
2026-01-29 13:27:01,056 - logging_setup - INFO - 

2026-01-29 13:27:01,064 - logging_setup - INFO - Load Jobs - Creating empty dictionary
2026-01-29 13:27:01,072 - logging_setup - INFO - Load Jobs - Skipping job 4 as it is marked COMPLETE.
2026-01-29 13:27:01,080 - logging_setup - INFO - Load Jobs - Job Condition is not Complete (COMPLETE), adding job: 4 to jobs list
2026-01-29 13:27:01,088 - logging_setup - INFO - 

2026-01-29 13:27:01,096 - logging_setup - INFO - -------------------------------------------------------------------------------
2026-01-29 13:27:01,104 - logging_setup - INFO - -                        End of Job 4                                -
2026-01-29 13:27:01,111 - logging_setup - INFO - -------------------------------------------------------------------------------
2026-01-29 13:27:01,119 - logging_setup - INFO - 

2026-01-29 13:27:01,127 - logging_setup - INFO - 

2026-01-29 13:27:01,134 - logging_setup - INFO - -------------------------------------------------------------------------------
2026-01-29 13:27:01,142 - logging_setup - INFO - -                        Load Jobs: Start of Job 5                               -
2026-01-29 13:27:01,150 - logging_setup - INFO - -------------------------------------------------------------------------------
2026-01-29 13:27:01,157 - logging_setup - INFO - 

2026-01-29 13:27:01,165 - logging_setup - INFO - Load Jobs - Creating empty dictionary
2026-01-29 13:27:01,173 - logging_setup - INFO - Load Jobs - Skipping job 5 as it is marked COMPLETE.
2026-01-29 13:27:01,181 - logging_setup - INFO - Load Jobs - Job Condition is not Complete (COMPLETE), adding job: 5 to jobs list
2026-01-29 13:27:01,188 - logging_setup - INFO - 

2026-01-29 13:27:01,196 - logging_setup - INFO - -------------------------------------------------------------------------------
2026-01-29 13:27:01,204 - logging_setup - INFO - -                        End of Job 5                                -
2026-01-29 13:27:01,211 - logging_setup - INFO - -------------------------------------------------------------------------------
2026-01-29 13:27:01,219 - logging_setup - INFO - 

2026-01-29 13:27:01,227 - logging_setup - INFO - 

2026-01-29 13:27:01,235 - logging_setup - INFO - -------------------------------------------------------------------------------
2026-01-29 13:27:01,242 - logging_setup - INFO - -                        Load Jobs: Start of Job 6                               -
2026-01-29 13:27:01,250 - logging_setup - INFO - -------------------------------------------------------------------------------
2026-01-29 13:27:01,258 - logging_setup - INFO - 

2026-01-29 13:27:01,265 - logging_setup - INFO - Load Jobs - Creating empty dictionary
2026-01-29 13:27:01,273 - logging_setup - INFO - Load Jobs - Skipping job 6 as it is marked COMPLETE.
2026-01-29 13:27:01,281 - logging_setup - INFO - Load Jobs - Job Condition is not Complete (COMPLETE), adding job: 6 to jobs list
2026-01-29 13:27:01,289 - logging_setup - INFO - 

2026-01-29 13:27:01,296 - logging_setup - INFO - -------------------------------------------------------------------------------
2026-01-29 13:27:01,304 - logging_setup - INFO - -                        End of Job 6                                -
2026-01-29 13:27:01,312 - logging_setup - INFO - -------------------------------------------------------------------------------
2026-01-29 13:27:01,319 - logging_setup - INFO - 

2026-01-29 13:27:01,327 - logging_setup - INFO - 

2026-01-29 13:27:01,335 - logging_setup - INFO - -------------------------------------------------------------------------------
2026-01-29 13:27:01,342 - logging_setup - INFO - -                        Load Jobs: Start of Job 7                               -
2026-01-29 13:27:01,350 - logging_setup - INFO - -------------------------------------------------------------------------------
2026-01-29 13:27:01,357 - logging_setup - INFO - 

2026-01-29 13:27:01,365 - logging_setup - INFO - Load Jobs - Creating empty dictionary
2026-01-29 13:27:01,373 - logging_setup - INFO - Load Jobs - Skipping job 7 as it is marked COMPLETE.
2026-01-29 13:27:01,381 - logging_setup - INFO - Load Jobs - Job Condition is not Complete (COMPLETE), adding job: 7 to jobs list
2026-01-29 13:27:01,388 - logging_setup - INFO - 

2026-01-29 13:27:01,396 - logging_setup - INFO - -------------------------------------------------------------------------------
2026-01-29 13:27:01,403 - logging_setup - INFO - -                        End of Job 7                                -
2026-01-29 13:27:01,411 - logging_setup - INFO - -------------------------------------------------------------------------------
2026-01-29 13:27:01,419 - logging_setup - INFO - 

2026-01-29 13:27:01,426 - logging_setup - INFO - Main: [jobs_9.xlsx] Batching jobs for \\spatialfiles.bcgov\srm\gss\sandbox\csostad\Skeena 2026-2028 Shapefiles\shapefile\outputs\jobs_9.xlsx (initial attempt)
2026-01-29 13:27:01,434 - logging_setup - INFO - 

2026-01-29 13:27:01,442 - logging_setup - INFO - ##########################################################################################################################
2026-01-29 13:27:01,449 - logging_setup - INFO - #
2026-01-29 13:27:01,457 - logging_setup - INFO - Batch AST: Batching Jobs with Multiprocessing...
2026-01-29 13:27:01,465 - logging_setup - INFO - #
2026-01-29 13:27:01,472 - logging_setup - INFO - ##########################################################################################################################
2026-01-29 13:27:01,480 - logging_setup - INFO - 

2026-01-29 13:27:01,489 - logging_setup - INFO - Batch Ast: Timeout monitoring DISABLED - jobs will run to completion
2026-01-29 13:29:06,942 - logging_setup - INFO - Batch Ast: Starting job 0
2026-01-29 13:29:06,950 - logging_setup - INFO - Batch Ast: Starting job 1
2026-01-29 13:29:06,958 - logging_setup - INFO - Batch Ast: Starting job 2
2026-01-29 13:29:06,966 - logging_setup - INFO - Batch Ast: Starting job 3
2026-01-29 13:29:06,974 - logging_setup - INFO - Batch Ast: Starting job 4
2026-01-29 13:29:06,982 - logging_setup - INFO - Batch Ast: Starting job 5
2026-01-29 13:29:06,989 - logging_setup - INFO - Batch Ast: Starting job 6
2026-01-29 13:29:06,997 - logging_setup - INFO - Batch Ast: Starting job 7
2026-01-29 13:29:07,005 - logging_setup - INFO - Batch Ast: Monitoring 0 jobs in parallel (NO timeout)
2026-01-29 13:29:07,013 - logging_setup - INFO - Batch Ast: Summary - Success: 0, Worker Failed: 0, Timeout Failed: 0, Unknown: 0
2026-01-29 13:29:07,021 - logging_setup - INFO - 

2026-01-29 13:29:07,029 - logging_setup - INFO - Batch Ast Complete - Check separate worker log file for more details
2026-01-29 13:29:08,084 - logging_setup - INFO - Main: [jobs_9.xlsx] Initial batch processing complete
2026-01-29 13:29:08,092 - logging_setup - INFO - 
====================================================================================================
2026-01-29 13:29:08,100 - logging_setup - INFO -   >>> COMPLETED SPREADSHEET: jobs_9.xlsx <<<
2026-01-29 13:29:08,108 - logging_setup - INFO - ====================================================================================================

2026-01-29 13:29:08,117 - logging_setup - INFO - 
====================================================================================================
2026-01-29 13:29:08,125 - logging_setup - INFO - ====================================================================================================
2026-01-29 13:29:08,133 - logging_setup - INFO -   >>> PROCESSING SPREADSHEET: jobs_10.xlsx <<<
2026-01-29 13:29:08,141 - logging_setup - INFO - ====================================================================================================
2026-01-29 13:29:08,148 - logging_setup - INFO - ====================================================================================================

2026-01-29 13:29:08,240 - logging_setup - WARNING - Main: [jobs_10.xlsx] Error checking job status: 'Worksheet Sheet1 does not exist.' - will process anyway
2026-01-29 13:29:08,294 - logging_setup - WARNING - Main: [jobs_10.xlsx] Error checking job status: 'Worksheet Sheet1 does not exist.' - will process anyway
2026-01-29 13:29:08,302 - logging_setup - INFO - Main: [jobs_10.xlsx] Creating queuefile path for \\spatialfiles.bcgov\srm\gss\sandbox\csostad\Skeena 2026-2028 Shapefiles\shapefile\outputs\jobs_10.xlsx
2026-01-29 13:29:08,327 - logging_setup - INFO - Main: [jobs_10.xlsx] Loading jobs from \\spatialfiles.bcgov\srm\gss\sandbox\csostad\Skeena 2026-2028 Shapefiles\shapefile\outputs\jobs_10.xlsx
2026-01-29 13:29:08,335 - logging_setup - INFO - ##########################################################################################################################
2026-01-29 13:29:08,342 - logging_setup - INFO - #
2026-01-29 13:29:08,350 - logging_setup - INFO - Loading Jobs...
2026-01-29 13:29:08,357 - logging_setup - INFO - #
2026-01-29 13:29:08,365 - logging_setup - INFO - ##########################################################################################################################
2026-01-29 13:29:08,437 - logging_setup - INFO - 

2026-01-29 13:29:08,445 - logging_setup - INFO - -------------------------------------------------------------------------------
2026-01-29 13:29:08,452 - logging_setup - INFO - -                        Load Jobs: Start of Job 0                               -
2026-01-29 13:29:08,460 - logging_setup - INFO - -------------------------------------------------------------------------------
2026-01-29 13:29:08,468 - logging_setup - INFO - 

2026-01-29 13:29:08,475 - logging_setup - INFO - Load Jobs - Creating empty dictionary
2026-01-29 13:29:08,484 - logging_setup - INFO - Load Jobs - Skipping job 0 as it is marked COMPLETE.
2026-01-29 13:29:08,491 - logging_setup - INFO - Load Jobs - Job Condition is not Complete (COMPLETE), adding job: 0 to jobs list
2026-01-29 13:29:08,499 - logging_setup - INFO - 

2026-01-29 13:29:08,508 - logging_setup - INFO - -------------------------------------------------------------------------------
2026-01-29 13:29:08,515 - logging_setup - INFO - -                        End of Job 0                                -
2026-01-29 13:29:08,523 - logging_setup - INFO - -------------------------------------------------------------------------------
2026-01-29 13:29:08,530 - logging_setup - INFO - 

2026-01-29 13:29:08,538 - logging_setup - INFO - 

2026-01-29 13:29:08,546 - logging_setup - INFO - -------------------------------------------------------------------------------
2026-01-29 13:29:08,553 - logging_setup - INFO - -                        Load Jobs: Start of Job 1                               -
2026-01-29 13:29:08,561 - logging_setup - INFO - -------------------------------------------------------------------------------
2026-01-29 13:29:08,568 - logging_setup - INFO - 

2026-01-29 13:29:08,576 - logging_setup - INFO - Load Jobs - Creating empty dictionary
2026-01-29 13:29:08,584 - logging_setup - INFO - Load Jobs - Skipping job 1 as it is marked COMPLETE.
2026-01-29 13:29:08,591 - logging_setup - INFO - Load Jobs - Job Condition is not Complete (COMPLETE), adding job: 1 to jobs list
2026-01-29 13:29:08,599 - logging_setup - INFO - 

2026-01-29 13:29:08,607 - logging_setup - INFO - -------------------------------------------------------------------------------
2026-01-29 13:29:08,614 - logging_setup - INFO - -                        End of Job 1                                -
2026-01-29 13:29:08,622 - logging_setup - INFO - -------------------------------------------------------------------------------
2026-01-29 13:29:08,629 - logging_setup - INFO - 

2026-01-29 13:29:08,637 - logging_setup - INFO - 

2026-01-29 13:29:08,645 - logging_setup - INFO - -------------------------------------------------------------------------------
2026-01-29 13:29:08,652 - logging_setup - INFO - -                        Load Jobs: Start of Job 2                               -
2026-01-29 13:29:08,659 - logging_setup - INFO - -------------------------------------------------------------------------------
2026-01-29 13:29:08,667 - logging_setup - INFO - 

2026-01-29 13:29:08,675 - logging_setup - INFO - Load Jobs - Creating empty dictionary
2026-01-29 13:29:08,682 - logging_setup - INFO - Load Jobs - Skipping job 2 as it is marked COMPLETE.
2026-01-29 13:29:08,690 - logging_setup - INFO - Load Jobs - Job Condition is not Complete (COMPLETE), adding job: 2 to jobs list
2026-01-29 13:29:08,698 - logging_setup - INFO - 

2026-01-29 13:29:08,705 - logging_setup - INFO - -------------------------------------------------------------------------------
2026-01-29 13:29:08,713 - logging_setup - INFO - -                        End of Job 2                                -
2026-01-29 13:29:08,720 - logging_setup - INFO - -------------------------------------------------------------------------------
2026-01-29 13:29:08,728 - logging_setup - INFO - 

2026-01-29 13:29:08,735 - logging_setup - INFO - 

2026-01-29 13:29:08,743 - logging_setup - INFO - -------------------------------------------------------------------------------
2026-01-29 13:29:08,750 - logging_setup - INFO - -                        Load Jobs: Start of Job 3                               -
2026-01-29 13:29:08,758 - logging_setup - INFO - -------------------------------------------------------------------------------
2026-01-29 13:29:08,766 - logging_setup - INFO - 

2026-01-29 13:29:08,773 - logging_setup - INFO - Load Jobs - Creating empty dictionary
2026-01-29 13:29:08,781 - logging_setup - INFO - Load Jobs - Skipping job 3 as it is marked COMPLETE.
2026-01-29 13:29:08,789 - logging_setup - INFO - Load Jobs - Job Condition is not Complete (COMPLETE), adding job: 3 to jobs list
2026-01-29 13:29:08,796 - logging_setup - INFO - 

2026-01-29 13:29:08,804 - logging_setup - INFO - -------------------------------------------------------------------------------
2026-01-29 13:29:08,812 - logging_setup - INFO - -                        End of Job 3                                -
2026-01-29 13:29:08,819 - logging_setup - INFO - -------------------------------------------------------------------------------
2026-01-29 13:29:08,827 - logging_setup - INFO - 

2026-01-29 13:29:08,835 - logging_setup - INFO - 

2026-01-29 13:29:08,842 - logging_setup - INFO - -------------------------------------------------------------------------------
2026-01-29 13:29:08,850 - logging_setup - INFO - -                        Load Jobs: Start of Job 4                               -
2026-01-29 13:29:08,858 - logging_setup - INFO - -------------------------------------------------------------------------------
2026-01-29 13:29:08,865 - logging_setup - INFO - 

2026-01-29 13:29:08,873 - logging_setup - INFO - Load Jobs - Creating empty dictionary
2026-01-29 13:29:08,881 - logging_setup - INFO - Load Jobs - Skipping job 4 as it is marked COMPLETE.
2026-01-29 13:29:08,888 - logging_setup - INFO - Load Jobs - Job Condition is not Complete (COMPLETE), adding job: 4 to jobs list
2026-01-29 13:29:08,896 - logging_setup - INFO - 

2026-01-29 13:29:08,904 - logging_setup - INFO - -------------------------------------------------------------------------------
2026-01-29 13:29:08,911 - logging_setup - INFO - -                        End of Job 4                                -
2026-01-29 13:29:08,919 - logging_setup - INFO - -------------------------------------------------------------------------------
2026-01-29 13:29:08,926 - logging_setup - INFO - 

2026-01-29 13:29:08,935 - logging_setup - INFO - 

2026-01-29 13:29:08,944 - logging_setup - INFO - -------------------------------------------------------------------------------
2026-01-29 13:29:08,952 - logging_setup - INFO - -                        Load Jobs: Start of Job 5                               -
2026-01-29 13:29:08,960 - logging_setup - INFO - -------------------------------------------------------------------------------
2026-01-29 13:29:08,968 - logging_setup - INFO - 

2026-01-29 13:29:08,975 - logging_setup - INFO - Load Jobs - Creating empty dictionary
2026-01-29 13:29:08,983 - logging_setup - INFO - Load Jobs - Skipping job 5 as it is marked COMPLETE.
2026-01-29 13:29:08,991 - logging_setup - INFO - Load Jobs - Job Condition is not Complete (COMPLETE), adding job: 5 to jobs list
2026-01-29 13:29:08,999 - logging_setup - INFO - 

2026-01-29 13:29:09,007 - logging_setup - INFO - -------------------------------------------------------------------------------
2026-01-29 13:29:09,015 - logging_setup - INFO - -                        End of Job 5                                -
2026-01-29 13:29:09,022 - logging_setup - INFO - -------------------------------------------------------------------------------
2026-01-29 13:29:09,030 - logging_setup - INFO - 

2026-01-29 13:29:09,037 - logging_setup - INFO - 

2026-01-29 13:29:09,045 - logging_setup - INFO - -------------------------------------------------------------------------------
2026-01-29 13:29:09,053 - logging_setup - INFO - -                        Load Jobs: Start of Job 6                               -
2026-01-29 13:29:09,060 - logging_setup - INFO - -------------------------------------------------------------------------------
2026-01-29 13:29:09,068 - logging_setup - INFO - 

2026-01-29 13:29:09,075 - logging_setup - INFO - Load Jobs - Creating empty dictionary
2026-01-29 13:29:09,083 - logging_setup - INFO - Load Jobs - Skipping job 6 as it is marked COMPLETE.
2026-01-29 13:29:09,091 - logging_setup - INFO - Load Jobs - Job Condition is not Complete (COMPLETE), adding job: 6 to jobs list
2026-01-29 13:29:09,098 - logging_setup - INFO - 

2026-01-29 13:29:09,106 - logging_setup - INFO - -------------------------------------------------------------------------------
2026-01-29 13:29:09,113 - logging_setup - INFO - -                        End of Job 6                                -
2026-01-29 13:29:09,121 - logging_setup - INFO - -------------------------------------------------------------------------------
2026-01-29 13:29:09,129 - logging_setup - INFO - 

2026-01-29 13:29:09,136 - logging_setup - INFO - 

2026-01-29 13:29:09,144 - logging_setup - INFO - -------------------------------------------------------------------------------
2026-01-29 13:29:09,152 - logging_setup - INFO - -                        Load Jobs: Start of Job 7                               -
2026-01-29 13:29:09,159 - logging_setup - INFO - -------------------------------------------------------------------------------
2026-01-29 13:29:09,167 - logging_setup - INFO - 

2026-01-29 13:29:09,174 - logging_setup - INFO - Load Jobs - Creating empty dictionary
2026-01-29 13:29:09,182 - logging_setup - INFO - Load Jobs - Skipping job 7 as it is marked COMPLETE.
2026-01-29 13:29:09,190 - logging_setup - INFO - Load Jobs - Job Condition is not Complete (COMPLETE), adding job: 7 to jobs list
2026-01-29 13:29:09,197 - logging_setup - INFO - 

2026-01-29 13:29:09,205 - logging_setup - INFO - -------------------------------------------------------------------------------
2026-01-29 13:29:09,213 - logging_setup - INFO - -                        End of Job 7                                -
2026-01-29 13:29:09,220 - logging_setup - INFO - -------------------------------------------------------------------------------
2026-01-29 13:29:09,228 - logging_setup - INFO - 

2026-01-29 13:29:09,236 - logging_setup - INFO - Main: [jobs_10.xlsx] Batching jobs for \\spatialfiles.bcgov\srm\gss\sandbox\csostad\Skeena 2026-2028 Shapefiles\shapefile\outputs\jobs_10.xlsx (initial attempt)
2026-01-29 13:29:09,244 - logging_setup - INFO - 

2026-01-29 13:29:09,252 - logging_setup - INFO - ##########################################################################################################################
2026-01-29 13:29:09,259 - logging_setup - INFO - #
2026-01-29 13:29:09,267 - logging_setup - INFO - Batch AST: Batching Jobs with Multiprocessing...
2026-01-29 13:29:09,274 - logging_setup - INFO - #
2026-01-29 13:29:09,282 - logging_setup - INFO - ##########################################################################################################################
2026-01-29 13:29:09,290 - logging_setup - INFO - 

2026-01-29 13:29:09,297 - logging_setup - INFO - Batch Ast: Timeout monitoring DISABLED - jobs will run to completion
2026-01-29 13:30:54,795 - logging_setup - INFO - Batch Ast: Starting job 0
2026-01-29 13:30:54,803 - logging_setup - INFO - Batch Ast: Starting job 1
2026-01-29 13:30:54,810 - logging_setup - INFO - Batch Ast: Starting job 2
2026-01-29 13:30:54,818 - logging_setup - INFO - Batch Ast: Starting job 3
2026-01-29 13:30:54,826 - logging_setup - INFO - Batch Ast: Starting job 4
2026-01-29 13:30:54,833 - logging_setup - INFO - Batch Ast: Starting job 5
2026-01-29 13:30:54,841 - logging_setup - INFO - Batch Ast: Starting job 6
2026-01-29 13:30:54,848 - logging_setup - INFO - Batch Ast: Starting job 7
2026-01-29 13:30:54,856 - logging_setup - INFO - Batch Ast: Monitoring 0 jobs in parallel (NO timeout)
2026-01-29 13:30:54,864 - logging_setup - INFO - Batch Ast: Summary - Success: 0, Worker Failed: 0, Timeout Failed: 0, Unknown: 0
2026-01-29 13:30:54,872 - logging_setup - INFO - 

2026-01-29 13:30:54,880 - logging_setup - INFO - Batch Ast Complete - Check separate worker log file for more details
2026-01-29 13:30:55,935 - logging_setup - INFO - Main: [jobs_10.xlsx] Initial batch processing complete
2026-01-29 13:30:55,943 - logging_setup - INFO - 
====================================================================================================
2026-01-29 13:30:55,950 - logging_setup - INFO -   >>> COMPLETED SPREADSHEET: jobs_10.xlsx <<<
2026-01-29 13:30:55,958 - logging_setup - INFO - ====================================================================================================

2026-01-29 13:30:55,966 - logging_setup - INFO - 
====================================================================================================
2026-01-29 13:30:55,974 - logging_setup - INFO - ====================================================================================================
2026-01-29 13:30:55,982 - logging_setup - INFO -   >>> PROCESSING SPREADSHEET: jobs_11.xlsx <<<
2026-01-29 13:30:55,989 - logging_setup - INFO - ====================================================================================================
2026-01-29 13:30:55,997 - logging_setup - INFO - ====================================================================================================

2026-01-29 13:30:56,105 - logging_setup - WARNING - Main: [jobs_11.xlsx] Error checking job status: 'Worksheet Sheet1 does not exist.' - will process anyway
2026-01-29 13:30:56,158 - logging_setup - WARNING - Main: [jobs_11.xlsx] Error checking job status: 'Worksheet Sheet1 does not exist.' - will process anyway
2026-01-29 13:30:56,166 - logging_setup - INFO - Main: [jobs_11.xlsx] Creating queuefile path for \\spatialfiles.bcgov\srm\gss\sandbox\csostad\Skeena 2026-2028 Shapefiles\shapefile\outputs\jobs_11.xlsx
2026-01-29 13:30:56,195 - logging_setup - INFO - Main: [jobs_11.xlsx] Loading jobs from \\spatialfiles.bcgov\srm\gss\sandbox\csostad\Skeena 2026-2028 Shapefiles\shapefile\outputs\jobs_11.xlsx
2026-01-29 13:30:56,203 - logging_setup - INFO - ##########################################################################################################################
2026-01-29 13:30:56,210 - logging_setup - INFO - #
2026-01-29 13:30:56,218 - logging_setup - INFO - Loading Jobs...
2026-01-29 13:30:56,225 - logging_setup - INFO - #
2026-01-29 13:30:56,233 - logging_setup - INFO - ##########################################################################################################################
2026-01-29 13:30:56,313 - logging_setup - INFO - 

2026-01-29 13:30:56,321 - logging_setup - INFO - -------------------------------------------------------------------------------
2026-01-29 13:30:56,328 - logging_setup - INFO - -                        Load Jobs: Start of Job 0                               -
2026-01-29 13:30:56,336 - logging_setup - INFO - -------------------------------------------------------------------------------
2026-01-29 13:30:56,343 - logging_setup - INFO - 

2026-01-29 13:30:56,351 - logging_setup - INFO - Load Jobs - Creating empty dictionary
2026-01-29 13:30:56,358 - logging_setup - INFO - Load Jobs - (Queued assigned to Job (0) is (Queued)
2026-01-29 13:30:56,366 - logging_setup - INFO - 

2026-01-29 13:30:56,374 - logging_setup - INFO - ##########################################################################################################################
2026-01-29 13:30:56,381 - logging_setup - INFO - #
2026-01-29 13:30:56,388 - logging_setup - INFO - Running Add Job Results from Load Jobs Function
2026-01-29 13:30:56,396 - logging_setup - INFO - #
2026-01-29 13:30:56,404 - logging_setup - INFO - ##########################################################################################################################
2026-01-29 13:30:56,412 - logging_setup - INFO - 

2026-01-29 13:30:56,452 - logging_setup - INFO - Add Job Result - Workbook loaded
2026-01-29 13:30:56,460 - logging_setup - INFO - Add Job Result - 'ast_condition' column found in the spreadsheet.
2026-01-29 13:30:56,468 - logging_setup - INFO - Add Job Result - Calculated Excel row index as 2 for job index 0
2026-01-29 13:30:56,475 - logging_setup - INFO - Add Job Result - Updated Job 0 with condition 'Queued'.
2026-01-29 13:30:56,611 - logging_setup - INFO - Add Job Result - Saving Workbook with updated condition
2026-01-29 13:30:56,619 - logging_setup - INFO - Load Jobs - Added job condition 'Queued' for job 0 to jobs list
2026-01-29 13:30:56,626 - logging_setup - INFO - Classifying input type for job 0
2026-01-29 13:30:56,634 - logging_setup - INFO - Classifying Input Type - Feature layer found: \\spatialfiles.bcgov\srm\gss\sandbox\csostad\Skeena 2026-2028 Shapefiles\shapefile\6405925\6405925.shp
2026-01-29 13:30:56,642 - logging_setup - INFO - Classifying Input Type - Processing feature layer: \\spatialfiles.bcgov\srm\gss\sandbox\csostad\Skeena 2026-2028 Shapefiles\shapefile\6405925\6405925.shp
2026-01-29 13:30:56,650 - logging_setup - INFO - Classifying Input Type - No FW File Number provided, using original shapefile path
2026-01-29 13:30:56,657 - logging_setup - INFO - Load Jobs - Job Condition is not Complete (Queued), adding job: 0 to jobs list
2026-01-29 13:30:56,665 - logging_setup - INFO - 

2026-01-29 13:30:56,672 - logging_setup - INFO - -------------------------------------------------------------------------------
2026-01-29 13:30:56,680 - logging_setup - INFO - -                        End of Job 0                                -
2026-01-29 13:30:56,688 - logging_setup - INFO - -------------------------------------------------------------------------------
2026-01-29 13:30:56,695 - logging_setup - INFO - 

2026-01-29 13:30:56,703 - logging_setup - INFO - 

2026-01-29 13:30:56,711 - logging_setup - INFO - -------------------------------------------------------------------------------
2026-01-29 13:30:56,718 - logging_setup - INFO - -                        Load Jobs: Start of Job 1                               -
2026-01-29 13:30:56,726 - logging_setup - INFO - -------------------------------------------------------------------------------
2026-01-29 13:30:56,733 - logging_setup - INFO - 

2026-01-29 13:30:56,741 - logging_setup - INFO - Load Jobs - Creating empty dictionary
2026-01-29 13:30:56,748 - logging_setup - INFO - Load Jobs - Skipping job 1 as it is marked COMPLETE.
2026-01-29 13:30:56,756 - logging_setup - INFO - Load Jobs - Job Condition is not Complete (COMPLETE), adding job: 1 to jobs list
2026-01-29 13:30:56,764 - logging_setup - INFO - 

2026-01-29 13:30:56,772 - logging_setup - INFO - -------------------------------------------------------------------------------
2026-01-29 13:30:56,779 - logging_setup - INFO - -                        End of Job 1                                -
2026-01-29 13:30:56,787 - logging_setup - INFO - -------------------------------------------------------------------------------
2026-01-29 13:30:56,795 - logging_setup - INFO - 

2026-01-29 13:30:56,802 - logging_setup - INFO - 

2026-01-29 13:30:56,810 - logging_setup - INFO - -------------------------------------------------------------------------------
2026-01-29 13:30:56,817 - logging_setup - INFO - -                        Load Jobs: Start of Job 2                               -
2026-01-29 13:30:56,825 - logging_setup - INFO - -------------------------------------------------------------------------------
2026-01-29 13:30:56,832 - logging_setup - INFO - 

2026-01-29 13:30:56,840 - logging_setup - INFO - Load Jobs - Creating empty dictionary
2026-01-29 13:30:56,848 - logging_setup - INFO - Load Jobs - Skipping job 2 as it is marked COMPLETE.
2026-01-29 13:30:56,856 - logging_setup - INFO - Load Jobs - Job Condition is not Complete (COMPLETE), adding job: 2 to jobs list
2026-01-29 13:30:56,864 - logging_setup - INFO - 

2026-01-29 13:30:56,871 - logging_setup - INFO - -------------------------------------------------------------------------------
2026-01-29 13:30:56,879 - logging_setup - INFO - -                        End of Job 2                                -
2026-01-29 13:30:56,887 - logging_setup - INFO - -------------------------------------------------------------------------------
2026-01-29 13:30:56,894 - logging_setup - INFO - 

2026-01-29 13:30:56,902 - logging_setup - INFO - 

2026-01-29 13:30:56,910 - logging_setup - INFO - -------------------------------------------------------------------------------
2026-01-29 13:30:56,917 - logging_setup - INFO - -                        Load Jobs: Start of Job 3                               -
2026-01-29 13:30:56,925 - logging_setup - INFO - -------------------------------------------------------------------------------
2026-01-29 13:30:56,933 - logging_setup - INFO - 

2026-01-29 13:30:56,940 - logging_setup - INFO - Load Jobs - Creating empty dictionary
2026-01-29 13:30:56,948 - logging_setup - INFO - Load Jobs - (Queued assigned to Job (3) is (Queued)
2026-01-29 13:30:56,956 - logging_setup - INFO - 

2026-01-29 13:30:56,964 - logging_setup - INFO - ##########################################################################################################################
2026-01-29 13:30:56,971 - logging_setup - INFO - #
2026-01-29 13:30:56,979 - logging_setup - INFO - Running Add Job Results from Load Jobs Function
2026-01-29 13:30:56,987 - logging_setup - INFO - #
2026-01-29 13:30:56,994 - logging_setup - INFO - ##########################################################################################################################
2026-01-29 13:30:57,002 - logging_setup - INFO - 

2026-01-29 13:30:57,072 - logging_setup - INFO - Add Job Result - Workbook loaded
2026-01-29 13:30:57,080 - logging_setup - INFO - Add Job Result - 'ast_condition' column found in the spreadsheet.
2026-01-29 13:30:57,088 - logging_setup - INFO - Add Job Result - Calculated Excel row index as 5 for job index 3
2026-01-29 13:30:57,095 - logging_setup - INFO - Add Job Result - Updated Job 3 with condition 'Queued'.
2026-01-29 13:30:57,182 - logging_setup - INFO - Add Job Result - Saving Workbook with updated condition
2026-01-29 13:30:57,190 - logging_setup - INFO - Load Jobs - Added job condition 'Queued' for job 3 to jobs list
2026-01-29 13:30:57,197 - logging_setup - INFO - Classifying input type for job 3
2026-01-29 13:30:57,205 - logging_setup - INFO - Classifying Input Type - Feature layer found: \\spatialfiles.bcgov\srm\gss\sandbox\csostad\Skeena 2026-2028 Shapefiles\shapefile\6406042\6406042.shp
2026-01-29 13:30:57,213 - logging_setup - INFO - Classifying Input Type - Processing feature layer: \\spatialfiles.bcgov\srm\gss\sandbox\csostad\Skeena 2026-2028 Shapefiles\shapefile\6406042\6406042.shp
2026-01-29 13:30:57,220 - logging_setup - INFO - Classifying Input Type - No FW File Number provided, using original shapefile path
2026-01-29 13:30:57,228 - logging_setup - INFO - Load Jobs - Job Condition is not Complete (Queued), adding job: 3 to jobs list
2026-01-29 13:30:57,236 - logging_setup - INFO - 

2026-01-29 13:30:57,243 - logging_setup - INFO - -------------------------------------------------------------------------------
2026-01-29 13:30:57,251 - logging_setup - INFO - -                        End of Job 3                                -
2026-01-29 13:30:57,258 - logging_setup - INFO - -------------------------------------------------------------------------------
2026-01-29 13:30:57,266 - logging_setup - INFO - 

2026-01-29 13:30:57,273 - logging_setup - INFO - 

2026-01-29 13:30:57,281 - logging_setup - INFO - -------------------------------------------------------------------------------
2026-01-29 13:30:57,288 - logging_setup - INFO - -                        Load Jobs: Start of Job 4                               -
2026-01-29 13:30:57,296 - logging_setup - INFO - -------------------------------------------------------------------------------
2026-01-29 13:30:57,303 - logging_setup - INFO - 

2026-01-29 13:30:57,311 - logging_setup - INFO - Load Jobs - Creating empty dictionary
2026-01-29 13:30:57,318 - logging_setup - INFO - Load Jobs - Skipping job 4 as it is marked COMPLETE.
2026-01-29 13:30:57,326 - logging_setup - INFO - Load Jobs - Job Condition is not Complete (COMPLETE), adding job: 4 to jobs list
2026-01-29 13:30:57,334 - logging_setup - INFO - 

2026-01-29 13:30:57,342 - logging_setup - INFO - -------------------------------------------------------------------------------
2026-01-29 13:30:57,349 - logging_setup - INFO - -                        End of Job 4                                -
2026-01-29 13:30:57,357 - logging_setup - INFO - -------------------------------------------------------------------------------
2026-01-29 13:30:57,364 - logging_setup - INFO - 

2026-01-29 13:30:57,372 - logging_setup - INFO - 

2026-01-29 13:30:57,379 - logging_setup - INFO - -------------------------------------------------------------------------------
2026-01-29 13:30:57,387 - logging_setup - INFO - -                        Load Jobs: Start of Job 5                               -
2026-01-29 13:30:57,394 - logging_setup - INFO - -------------------------------------------------------------------------------
2026-01-29 13:30:57,402 - logging_setup - INFO - 

2026-01-29 13:30:57,409 - logging_setup - INFO - Load Jobs - Creating empty dictionary
2026-01-29 13:30:57,417 - logging_setup - INFO - Load Jobs - Skipping job 5 as it is marked COMPLETE.
2026-01-29 13:30:57,425 - logging_setup - INFO - Load Jobs - Job Condition is not Complete (COMPLETE), adding job: 5 to jobs list
2026-01-29 13:30:57,433 - logging_setup - INFO - 

2026-01-29 13:30:57,441 - logging_setup - INFO - -------------------------------------------------------------------------------
2026-01-29 13:30:57,449 - logging_setup - INFO - -                        End of Job 5                                -
2026-01-29 13:30:57,456 - logging_setup - INFO - -------------------------------------------------------------------------------
2026-01-29 13:30:57,464 - logging_setup - INFO - 

2026-01-29 13:30:57,472 - logging_setup - INFO - 

2026-01-29 13:30:57,480 - logging_setup - INFO - -------------------------------------------------------------------------------
2026-01-29 13:30:57,488 - logging_setup - INFO - -                        Load Jobs: Start of Job 6                               -
2026-01-29 13:30:57,496 - logging_setup - INFO - -------------------------------------------------------------------------------
2026-01-29 13:30:57,503 - logging_setup - INFO - 

2026-01-29 13:30:57,511 - logging_setup - INFO - Load Jobs - Creating empty dictionary
2026-01-29 13:30:57,519 - logging_setup - INFO - Load Jobs - (Queued assigned to Job (6) is (Queued)
2026-01-29 13:30:57,526 - logging_setup - INFO - 

2026-01-29 13:30:57,534 - logging_setup - INFO - ##########################################################################################################################
2026-01-29 13:30:57,541 - logging_setup - INFO - #
2026-01-29 13:30:57,549 - logging_setup - INFO - Running Add Job Results from Load Jobs Function
2026-01-29 13:30:57,557 - logging_setup - INFO - #
2026-01-29 13:30:57,564 - logging_setup - INFO - ##########################################################################################################################
2026-01-29 13:30:57,572 - logging_setup - INFO - 

2026-01-29 13:30:57,642 - logging_setup - INFO - Add Job Result - Workbook loaded
2026-01-29 13:30:57,650 - logging_setup - INFO - Add Job Result - 'ast_condition' column found in the spreadsheet.
2026-01-29 13:30:57,657 - logging_setup - INFO - Add Job Result - Calculated Excel row index as 8 for job index 6
2026-01-29 13:30:57,665 - logging_setup - INFO - Add Job Result - Updated Job 6 with condition 'Queued'.
2026-01-29 13:30:57,752 - logging_setup - INFO - Add Job Result - Saving Workbook with updated condition
2026-01-29 13:30:57,760 - logging_setup - INFO - Load Jobs - Added job condition 'Queued' for job 6 to jobs list
2026-01-29 13:30:57,768 - logging_setup - INFO - Classifying input type for job 6
2026-01-29 13:30:57,775 - logging_setup - INFO - Classifying Input Type - Feature layer found: \\spatialfiles.bcgov\srm\gss\sandbox\csostad\Skeena 2026-2028 Shapefiles\shapefile\6406153\6406153.shp
2026-01-29 13:30:57,783 - logging_setup - INFO - Classifying Input Type - Processing feature layer: \\spatialfiles.bcgov\srm\gss\sandbox\csostad\Skeena 2026-2028 Shapefiles\shapefile\6406153\6406153.shp
2026-01-29 13:30:57,791 - logging_setup - INFO - Classifying Input Type - No FW File Number provided, using original shapefile path
2026-01-29 13:30:57,798 - logging_setup - INFO - Load Jobs - Job Condition is not Complete (Queued), adding job: 6 to jobs list
2026-01-29 13:30:57,806 - logging_setup - INFO - 

2026-01-29 13:30:57,813 - logging_setup - INFO - -------------------------------------------------------------------------------
2026-01-29 13:30:57,821 - logging_setup - INFO - -                        End of Job 6                                -
2026-01-29 13:30:57,828 - logging_setup - INFO - -------------------------------------------------------------------------------
2026-01-29 13:30:57,836 - logging_setup - INFO - 

2026-01-29 13:30:57,843 - logging_setup - INFO - 

2026-01-29 13:30:57,851 - logging_setup - INFO - -------------------------------------------------------------------------------
2026-01-29 13:30:57,858 - logging_setup - INFO - -                        Load Jobs: Start of Job 7                               -
2026-01-29 13:30:57,866 - logging_setup - INFO - -------------------------------------------------------------------------------
2026-01-29 13:30:57,874 - logging_setup - INFO - 

2026-01-29 13:30:57,881 - logging_setup - INFO - Load Jobs - Creating empty dictionary
2026-01-29 13:30:57,889 - logging_setup - INFO - Load Jobs - Skipping job 7 as it is marked COMPLETE.
2026-01-29 13:30:57,896 - logging_setup - INFO - Load Jobs - Job Condition is not Complete (COMPLETE), adding job: 7 to jobs list
2026-01-29 13:30:57,904 - logging_setup - INFO - 

2026-01-29 13:30:57,911 - logging_setup - INFO - -------------------------------------------------------------------------------
2026-01-29 13:30:57,919 - logging_setup - INFO - -                        End of Job 7                                -
2026-01-29 13:30:57,927 - logging_setup - INFO - -------------------------------------------------------------------------------
2026-01-29 13:30:57,935 - logging_setup - INFO - 

2026-01-29 13:30:57,944 - logging_setup - INFO - Main: [jobs_11.xlsx] Batching jobs for \\spatialfiles.bcgov\srm\gss\sandbox\csostad\Skeena 2026-2028 Shapefiles\shapefile\outputs\jobs_11.xlsx (initial attempt)
2026-01-29 13:30:57,952 - logging_setup - INFO - 

2026-01-29 13:30:57,959 - logging_setup - INFO - ##########################################################################################################################
2026-01-29 13:30:57,966 - logging_setup - INFO - #
2026-01-29 13:30:57,974 - logging_setup - INFO - Batch AST: Batching Jobs with Multiprocessing...
2026-01-29 13:30:57,981 - logging_setup - INFO - #
2026-01-29 13:30:57,989 - logging_setup - INFO - ##########################################################################################################################
2026-01-29 13:30:57,998 - logging_setup - INFO - 

2026-01-29 13:30:58,006 - logging_setup - INFO - Batch Ast: Timeout monitoring DISABLED - jobs will run to completion
2026-01-29 13:33:03,348 - logging_setup - INFO - Batch Ast: Starting job 0
2026-01-29 13:33:09,554 - logging_setup - INFO - Batch Ast: Queued Job 0.....Multiproccessing started......
2026-01-29 13:33:09,562 - logging_setup - INFO - Batch Ast: Starting job 1
2026-01-29 13:33:09,570 - logging_setup - INFO - Batch Ast: Starting job 2
2026-01-29 13:33:09,577 - logging_setup - INFO - Batch Ast: Starting job 3
2026-01-29 13:33:13,439 - logging_setup - INFO - Batch Ast: Queued Job 3.....Multiproccessing started......
2026-01-29 13:33:13,447 - logging_setup - INFO - Batch Ast: Starting job 4
2026-01-29 13:33:13,454 - logging_setup - INFO - Batch Ast: Starting job 5
2026-01-29 13:33:13,462 - logging_setup - INFO - Batch Ast: Starting job 6
2026-01-29 13:33:17,322 - logging_setup - INFO - Batch Ast: Queued Job 6.....Multiproccessing started......
2026-01-29 13:33:17,331 - logging_setup - INFO - Batch Ast: Starting job 7
2026-01-29 13:33:17,338 - logging_setup - INFO - Batch Ast: Monitoring 3 jobs in parallel (NO timeout)
2026-01-29 17:20:22,083 - logging_setup - INFO - 

2026-01-29 17:20:22,091 - logging_setup - INFO - ##########################################################################################################################
2026-01-29 17:20:22,098 - logging_setup - INFO - #
2026-01-29 17:20:22,106 - logging_setup - INFO - Running Add Job Results from Load Jobs Function
2026-01-29 17:20:22,114 - logging_setup - INFO - #
2026-01-29 17:20:22,121 - logging_setup - INFO - ##########################################################################################################################
2026-01-29 17:20:22,129 - logging_setup - INFO - 

2026-01-29 17:20:22,206 - logging_setup - INFO - Add Job Result - Workbook loaded
2026-01-29 17:20:22,213 - logging_setup - INFO - Add Job Result - 'ast_condition' column found in the spreadsheet.
2026-01-29 17:20:22,221 - logging_setup - INFO - Add Job Result - Calculated Excel row index as 5 for job index 3
2026-01-29 17:20:22,228 - logging_setup - INFO - Add Job Result - Updated Job 3 with condition 'COMPLETE'.
2026-01-29 17:20:22,315 - logging_setup - INFO - Add Job Result - Saving Workbook with updated condition
2026-01-29 17:20:22,323 - logging_setup - INFO - Batch Ast: Job 3 completed successfully. Success counter is 1
2026-01-29 17:28:44,510 - logging_setup - INFO - 

2026-01-29 17:28:44,518 - logging_setup - INFO - ##########################################################################################################################
2026-01-29 17:28:44,525 - logging_setup - INFO - #
2026-01-29 17:28:44,533 - logging_setup - INFO - Running Add Job Results from Load Jobs Function
2026-01-29 17:28:44,541 - logging_setup - INFO - #
2026-01-29 17:28:44,548 - logging_setup - INFO - ##########################################################################################################################
2026-01-29 17:28:44,556 - logging_setup - INFO - 

2026-01-29 17:28:44,633 - logging_setup - INFO - Add Job Result - Workbook loaded
2026-01-29 17:28:44,641 - logging_setup - INFO - Add Job Result - 'ast_condition' column found in the spreadsheet.
2026-01-29 17:28:44,648 - logging_setup - INFO - Add Job Result - Calculated Excel row index as 2 for job index 0
2026-01-29 17:28:44,656 - logging_setup - INFO - Add Job Result - Updated Job 0 with condition 'COMPLETE'.
2026-01-29 17:28:44,758 - logging_setup - INFO - Add Job Result - Saving Workbook with updated condition
2026-01-29 17:28:44,766 - logging_setup - INFO - Batch Ast: Job 0 completed successfully. Success counter is 2
2026-01-29 17:32:38,854 - logging_setup - INFO - 

2026-01-29 17:32:38,862 - logging_setup - INFO - ##########################################################################################################################
2026-01-29 17:32:38,869 - logging_setup - INFO - #
2026-01-29 17:32:38,877 - logging_setup - INFO - Running Add Job Results from Load Jobs Function
2026-01-29 17:32:38,885 - logging_setup - INFO - #
2026-01-29 17:32:38,892 - logging_setup - INFO - ##########################################################################################################################
2026-01-29 17:32:38,900 - logging_setup - INFO - 

2026-01-29 17:32:38,978 - logging_setup - INFO - Add Job Result - Workbook loaded
2026-01-29 17:32:38,985 - logging_setup - INFO - Add Job Result - 'ast_condition' column found in the spreadsheet.
2026-01-29 17:32:38,993 - logging_setup - INFO - Add Job Result - Calculated Excel row index as 8 for job index 6
2026-01-29 17:32:39,001 - logging_setup - INFO - Add Job Result - Updated Job 6 with condition 'COMPLETE'.
2026-01-29 17:32:39,102 - logging_setup - INFO - Add Job Result - Saving Workbook with updated condition
2026-01-29 17:32:39,110 - logging_setup - INFO - Batch Ast: Job 6 completed successfully. Success counter is 3
2026-01-29 17:32:39,118 - logging_setup - INFO - Batch Ast: Summary - Success: 3, Worker Failed: 0, Timeout Failed: 0, Unknown: 0
2026-01-29 17:32:39,126 - logging_setup - INFO - 

2026-01-29 17:32:39,133 - logging_setup - INFO - Batch Ast Complete - Check separate worker log file for more details
2026-01-29 17:32:40,188 - logging_setup - INFO - Main: [jobs_11.xlsx] Initial batch processing complete
2026-01-29 17:32:40,196 - logging_setup - INFO - 
====================================================================================================
2026-01-29 17:32:40,204 - logging_setup - INFO -   >>> COMPLETED SPREADSHEET: jobs_11.xlsx <<<
2026-01-29 17:32:40,212 - logging_setup - INFO - ====================================================================================================

2026-01-29 17:32:40,220 - logging_setup - INFO - 
====================================================================================================
2026-01-29 17:32:40,228 - logging_setup - INFO - ====================================================================================================
2026-01-29 17:32:40,235 - logging_setup - INFO -   >>> PROCESSING SPREADSHEET: jobs_12.xlsx <<<
2026-01-29 17:32:40,243 - logging_setup - INFO - ====================================================================================================
2026-01-29 17:32:40,251 - logging_setup - INFO - ====================================================================================================

2026-01-29 17:32:40,338 - logging_setup - WARNING - Main: [jobs_12.xlsx] Error checking job status: 'Worksheet Sheet1 does not exist.' - will process anyway
2026-01-29 17:32:40,390 - logging_setup - WARNING - Main: [jobs_12.xlsx] Error checking job status: 'Worksheet Sheet1 does not exist.' - will process anyway
2026-01-29 17:32:40,398 - logging_setup - INFO - Main: [jobs_12.xlsx] Creating queuefile path for \\spatialfiles.bcgov\srm\gss\sandbox\csostad\Skeena 2026-2028 Shapefiles\shapefile\outputs\jobs_12.xlsx
2026-01-29 17:32:40,424 - logging_setup - INFO - Main: [jobs_12.xlsx] Loading jobs from \\spatialfiles.bcgov\srm\gss\sandbox\csostad\Skeena 2026-2028 Shapefiles\shapefile\outputs\jobs_12.xlsx
2026-01-29 17:32:40,432 - logging_setup - INFO - ##########################################################################################################################
2026-01-29 17:32:40,440 - logging_setup - INFO - #
2026-01-29 17:32:40,447 - logging_setup - INFO - Loading Jobs...
2026-01-29 17:32:40,455 - logging_setup - INFO - #
2026-01-29 17:32:40,462 - logging_setup - INFO - ##########################################################################################################################
2026-01-29 17:32:40,534 - logging_setup - INFO - 

2026-01-29 17:32:40,542 - logging_setup - INFO - -------------------------------------------------------------------------------
2026-01-29 17:32:40,550 - logging_setup - INFO - -                        Load Jobs: Start of Job 0                               -
2026-01-29 17:32:40,557 - logging_setup - INFO - -------------------------------------------------------------------------------
2026-01-29 17:32:40,565 - logging_setup - INFO - 

2026-01-29 17:32:40,573 - logging_setup - INFO - Load Jobs - Creating empty dictionary
2026-01-29 17:32:40,583 - logging_setup - INFO - Load Jobs - (Queued assigned to Job (0) is (Queued)
2026-01-29 17:32:40,591 - logging_setup - INFO - 

2026-01-29 17:32:40,599 - logging_setup - INFO - ##########################################################################################################################
2026-01-29 17:32:40,606 - logging_setup - INFO - #
2026-01-29 17:32:40,614 - logging_setup - INFO - Running Add Job Results from Load Jobs Function
2026-01-29 17:32:40,622 - logging_setup - INFO - #
2026-01-29 17:32:40,629 - logging_setup - INFO - ##########################################################################################################################
2026-01-29 17:32:40,637 - logging_setup - INFO - 

2026-01-29 17:32:40,741 - logging_setup - INFO - Add Job Result - Workbook loaded
2026-01-29 17:32:40,748 - logging_setup - INFO - Add Job Result - 'ast_condition' column found in the spreadsheet.
2026-01-29 17:32:40,756 - logging_setup - INFO - Add Job Result - Calculated Excel row index as 2 for job index 0
2026-01-29 17:32:40,764 - logging_setup - INFO - Add Job Result - Updated Job 0 with condition 'Queued'.
2026-01-29 17:32:40,837 - logging_setup - INFO - Add Job Result - Saving Workbook with updated condition
2026-01-29 17:32:40,845 - logging_setup - INFO - Load Jobs - Added job condition 'Queued' for job 0 to jobs list
2026-01-29 17:32:40,853 - logging_setup - INFO - Classifying input type for job 0
2026-01-29 17:32:40,860 - logging_setup - INFO - Classifying Input Type - Feature layer found: \\spatialfiles.bcgov\srm\gss\sandbox\csostad\Skeena 2026-2028 Shapefiles\shapefile\6406163\6406163.shp
2026-01-29 17:32:40,868 - logging_setup - INFO - Classifying Input Type - Processing feature layer: \\spatialfiles.bcgov\srm\gss\sandbox\csostad\Skeena 2026-2028 Shapefiles\shapefile\6406163\6406163.shp
2026-01-29 17:32:40,876 - logging_setup - INFO - Classifying Input Type - No FW File Number provided, using original shapefile path
2026-01-29 17:32:40,884 - logging_setup - INFO - Load Jobs - Job Condition is not Complete (Queued), adding job: 0 to jobs list
2026-01-29 17:32:40,891 - logging_setup - INFO - 

2026-01-29 17:32:40,899 - logging_setup - INFO - -------------------------------------------------------------------------------
2026-01-29 17:32:40,906 - logging_setup - INFO - -                        End of Job 0                                -
2026-01-29 17:32:40,914 - logging_setup - INFO - -------------------------------------------------------------------------------
2026-01-29 17:32:40,922 - logging_setup - INFO - 

2026-01-29 17:32:40,929 - logging_setup - INFO - 

2026-01-29 17:32:40,937 - logging_setup - INFO - -------------------------------------------------------------------------------
2026-01-29 17:32:40,944 - logging_setup - INFO - -                        Load Jobs: Start of Job 1                               -
2026-01-29 17:32:40,952 - logging_setup - INFO - -------------------------------------------------------------------------------
2026-01-29 17:32:40,959 - logging_setup - INFO - 

2026-01-29 17:32:40,967 - logging_setup - INFO - Load Jobs - Creating empty dictionary
2026-01-29 17:32:40,975 - logging_setup - INFO - Load Jobs - (Queued assigned to Job (1) is (Queued)
2026-01-29 17:32:40,982 - logging_setup - INFO - 

2026-01-29 17:32:40,990 - logging_setup - INFO - ##########################################################################################################################
2026-01-29 17:32:40,998 - logging_setup - INFO - #
2026-01-29 17:32:41,005 - logging_setup - INFO - Running Add Job Results from Load Jobs Function
2026-01-29 17:32:41,013 - logging_setup - INFO - #
2026-01-29 17:32:41,020 - logging_setup - INFO - ##########################################################################################################################
2026-01-29 17:32:41,028 - logging_setup - INFO - 

2026-01-29 17:32:41,098 - logging_setup - INFO - Add Job Result - Workbook loaded
2026-01-29 17:32:41,105 - logging_setup - INFO - Add Job Result - 'ast_condition' column found in the spreadsheet.
2026-01-29 17:32:41,113 - logging_setup - INFO - Add Job Result - Calculated Excel row index as 3 for job index 1
2026-01-29 17:32:41,121 - logging_setup - INFO - Add Job Result - Updated Job 1 with condition 'Queued'.
2026-01-29 17:32:41,208 - logging_setup - INFO - Add Job Result - Saving Workbook with updated condition
2026-01-29 17:32:41,215 - logging_setup - INFO - Load Jobs - Added job condition 'Queued' for job 1 to jobs list
2026-01-29 17:32:41,223 - logging_setup - INFO - Classifying input type for job 1
2026-01-29 17:32:41,231 - logging_setup - INFO - Classifying Input Type - Feature layer found: \\spatialfiles.bcgov\srm\gss\sandbox\csostad\Skeena 2026-2028 Shapefiles\shapefile\6406172\6406172.shp
2026-01-29 17:32:41,238 - logging_setup - INFO - Classifying Input Type - Processing feature layer: \\spatialfiles.bcgov\srm\gss\sandbox\csostad\Skeena 2026-2028 Shapefiles\shapefile\6406172\6406172.shp
2026-01-29 17:32:41,246 - logging_setup - INFO - Classifying Input Type - No FW File Number provided, using original shapefile path
2026-01-29 17:32:41,254 - logging_setup - INFO - Load Jobs - Job Condition is not Complete (Queued), adding job: 1 to jobs list
2026-01-29 17:32:41,262 - logging_setup - INFO - 

2026-01-29 17:32:41,269 - logging_setup - INFO - -------------------------------------------------------------------------------
2026-01-29 17:32:41,277 - logging_setup - INFO - -                        End of Job 1                                -
2026-01-29 17:32:41,305 - logging_setup - INFO - -------------------------------------------------------------------------------
2026-01-29 17:32:41,314 - logging_setup - INFO - 

2026-01-29 17:32:41,321 - logging_setup - INFO - 

2026-01-29 17:32:41,329 - logging_setup - INFO - -------------------------------------------------------------------------------
2026-01-29 17:32:41,336 - logging_setup - INFO - -                        Load Jobs: Start of Job 2                               -
2026-01-29 17:32:41,344 - logging_setup - INFO - -------------------------------------------------------------------------------
2026-01-29 17:32:41,351 - logging_setup - INFO - 

2026-01-29 17:32:41,359 - logging_setup - INFO - Load Jobs - Creating empty dictionary
2026-01-29 17:32:41,367 - logging_setup - INFO - Load Jobs - (Queued assigned to Job (2) is (Queued)
2026-01-29 17:32:41,374 - logging_setup - INFO - 

2026-01-29 17:32:41,382 - logging_setup - INFO - ##########################################################################################################################
2026-01-29 17:32:41,389 - logging_setup - INFO - #
2026-01-29 17:32:41,397 - logging_setup - INFO - Running Add Job Results from Load Jobs Function
2026-01-29 17:32:41,405 - logging_setup - INFO - #
2026-01-29 17:32:41,412 - logging_setup - INFO - ##########################################################################################################################
2026-01-29 17:32:41,420 - logging_setup - INFO - 

2026-01-29 17:32:41,491 - logging_setup - INFO - Add Job Result - Workbook loaded
2026-01-29 17:32:41,498 - logging_setup - INFO - Add Job Result - 'ast_condition' column found in the spreadsheet.
2026-01-29 17:32:41,506 - logging_setup - INFO - Add Job Result - Calculated Excel row index as 4 for job index 2
2026-01-29 17:32:41,514 - logging_setup - INFO - Add Job Result - Updated Job 2 with condition 'Queued'.
2026-01-29 17:32:41,601 - logging_setup - INFO - Add Job Result - Saving Workbook with updated condition
2026-01-29 17:32:41,608 - logging_setup - INFO - Load Jobs - Added job condition 'Queued' for job 2 to jobs list
2026-01-29 17:32:41,616 - logging_setup - INFO - Classifying input type for job 2
2026-01-29 17:32:41,624 - logging_setup - INFO - Classifying Input Type - Feature layer found: \\spatialfiles.bcgov\srm\gss\sandbox\csostad\Skeena 2026-2028 Shapefiles\shapefile\6406353\6406353.shp
2026-01-29 17:32:41,631 - logging_setup - INFO - Classifying Input Type - Processing feature layer: \\spatialfiles.bcgov\srm\gss\sandbox\csostad\Skeena 2026-2028 Shapefiles\shapefile\6406353\6406353.shp
2026-01-29 17:32:41,639 - logging_setup - INFO - Classifying Input Type - No FW File Number provided, using original shapefile path
2026-01-29 17:32:41,647 - logging_setup - INFO - Load Jobs - Job Condition is not Complete (Queued), adding job: 2 to jobs list
2026-01-29 17:32:41,654 - logging_setup - INFO - 

2026-01-29 17:32:41,662 - logging_setup - INFO - -------------------------------------------------------------------------------
2026-01-29 17:32:41,670 - logging_setup - INFO - -                        End of Job 2                                -
2026-01-29 17:32:41,677 - logging_setup - INFO - -------------------------------------------------------------------------------
2026-01-29 17:32:41,685 - logging_setup - INFO - 

2026-01-29 17:32:41,692 - logging_setup - INFO - 

2026-01-29 17:32:41,700 - logging_setup - INFO - -------------------------------------------------------------------------------
2026-01-29 17:32:41,707 - logging_setup - INFO - -                        Load Jobs: Start of Job 3                               -
2026-01-29 17:32:41,715 - logging_setup - INFO - -------------------------------------------------------------------------------
2026-01-29 17:32:41,723 - logging_setup - INFO - 

2026-01-29 17:32:41,730 - logging_setup - INFO - Load Jobs - Creating empty dictionary
2026-01-29 17:32:41,738 - logging_setup - INFO - Load Jobs - (Queued assigned to Job (3) is (Queued)
2026-01-29 17:32:41,745 - logging_setup - INFO - 

2026-01-29 17:32:41,753 - logging_setup - INFO - ##########################################################################################################################
2026-01-29 17:32:41,761 - logging_setup - INFO - #
2026-01-29 17:32:41,768 - logging_setup - INFO - Running Add Job Results from Load Jobs Function
2026-01-29 17:32:41,776 - logging_setup - INFO - #
2026-01-29 17:32:41,783 - logging_setup - INFO - ##########################################################################################################################
2026-01-29 17:32:41,791 - logging_setup - INFO - 

2026-01-29 17:32:41,860 - logging_setup - INFO - Add Job Result - Workbook loaded
2026-01-29 17:32:41,868 - logging_setup - INFO - Add Job Result - 'ast_condition' column found in the spreadsheet.
2026-01-29 17:32:41,875 - logging_setup - INFO - Add Job Result - Calculated Excel row index as 5 for job index 3
2026-01-29 17:32:41,883 - logging_setup - INFO - Add Job Result - Updated Job 3 with condition 'Queued'.
2026-01-29 17:32:41,970 - logging_setup - INFO - Add Job Result - Saving Workbook with updated condition
2026-01-29 17:32:41,977 - logging_setup - INFO - Load Jobs - Added job condition 'Queued' for job 3 to jobs list
2026-01-29 17:32:41,985 - logging_setup - INFO - Classifying input type for job 3
2026-01-29 17:32:41,993 - logging_setup - INFO - Classifying Input Type - Feature layer found: \\spatialfiles.bcgov\srm\gss\sandbox\csostad\Skeena 2026-2028 Shapefiles\shapefile\6406513\6406513.shp
2026-01-29 17:32:42,000 - logging_setup - INFO - Classifying Input Type - Processing feature layer: \\spatialfiles.bcgov\srm\gss\sandbox\csostad\Skeena 2026-2028 Shapefiles\shapefile\6406513\6406513.shp
2026-01-29 17:32:42,008 - logging_setup - INFO - Classifying Input Type - No FW File Number provided, using original shapefile path
2026-01-29 17:32:42,016 - logging_setup - INFO - Load Jobs - Job Condition is not Complete (Queued), adding job: 3 to jobs list
2026-01-29 17:32:42,023 - logging_setup - INFO - 

2026-01-29 17:32:42,031 - logging_setup - INFO - -------------------------------------------------------------------------------
2026-01-29 17:32:42,039 - logging_setup - INFO - -                        End of Job 3                                -
2026-01-29 17:32:42,047 - logging_setup - INFO - -------------------------------------------------------------------------------
2026-01-29 17:32:42,054 - logging_setup - INFO - 

2026-01-29 17:32:42,062 - logging_setup - INFO - 

2026-01-29 17:32:42,069 - logging_setup - INFO - -------------------------------------------------------------------------------
2026-01-29 17:32:42,077 - logging_setup - INFO - -                        Load Jobs: Start of Job 4                               -
2026-01-29 17:32:42,085 - logging_setup - INFO - -------------------------------------------------------------------------------
2026-01-29 17:32:42,092 - logging_setup - INFO - 

2026-01-29 17:32:42,100 - logging_setup - INFO - Load Jobs - Creating empty dictionary
2026-01-29 17:32:42,107 - logging_setup - INFO - Load Jobs - (Queued assigned to Job (4) is (Queued)
2026-01-29 17:32:42,115 - logging_setup - INFO - 

2026-01-29 17:32:42,123 - logging_setup - INFO - ##########################################################################################################################
2026-01-29 17:32:42,135 - logging_setup - INFO - #
2026-01-29 17:32:42,143 - logging_setup - INFO - Running Add Job Results from Load Jobs Function
2026-01-29 17:32:42,150 - logging_setup - INFO - #
2026-01-29 17:32:42,158 - logging_setup - INFO - ##########################################################################################################################
2026-01-29 17:32:42,165 - logging_setup - INFO - 

2026-01-29 17:32:42,235 - logging_setup - INFO - Add Job Result - Workbook loaded
2026-01-29 17:32:42,243 - logging_setup - INFO - Add Job Result - 'ast_condition' column found in the spreadsheet.
2026-01-29 17:32:42,251 - logging_setup - INFO - Add Job Result - Calculated Excel row index as 6 for job index 4
2026-01-29 17:32:42,259 - logging_setup - INFO - Add Job Result - Updated Job 4 with condition 'Queued'.
2026-01-29 17:32:42,346 - logging_setup - INFO - Add Job Result - Saving Workbook with updated condition
2026-01-29 17:32:42,353 - logging_setup - INFO - Load Jobs - Added job condition 'Queued' for job 4 to jobs list
2026-01-29 17:32:42,361 - logging_setup - INFO - Classifying input type for job 4
2026-01-29 17:32:42,369 - logging_setup - INFO - Classifying Input Type - Feature layer found: \\spatialfiles.bcgov\srm\gss\sandbox\csostad\Skeena 2026-2028 Shapefiles\shapefile\6406536\6406536.shp
2026-01-29 17:32:42,376 - logging_setup - INFO - Classifying Input Type - Processing feature layer: \\spatialfiles.bcgov\srm\gss\sandbox\csostad\Skeena 2026-2028 Shapefiles\shapefile\6406536\6406536.shp
2026-01-29 17:32:42,384 - logging_setup - INFO - Classifying Input Type - No FW File Number provided, using original shapefile path
2026-01-29 17:32:42,392 - logging_setup - INFO - Load Jobs - Job Condition is not Complete (Queued), adding job: 4 to jobs list
2026-01-29 17:32:42,400 - logging_setup - INFO - 

2026-01-29 17:32:42,407 - logging_setup - INFO - -------------------------------------------------------------------------------
2026-01-29 17:32:42,415 - logging_setup - INFO - -                        End of Job 4                                -
2026-01-29 17:32:42,422 - logging_setup - INFO - -------------------------------------------------------------------------------
2026-01-29 17:32:42,430 - logging_setup - INFO - 

2026-01-29 17:32:42,438 - logging_setup - INFO - 

2026-01-29 17:32:42,446 - logging_setup - INFO - -------------------------------------------------------------------------------
2026-01-29 17:32:42,454 - logging_setup - INFO - -                        Load Jobs: Start of Job 5                               -
2026-01-29 17:32:42,461 - logging_setup - INFO - -------------------------------------------------------------------------------
2026-01-29 17:32:42,469 - logging_setup - INFO - 

2026-01-29 17:32:42,477 - logging_setup - INFO - Load Jobs - Creating empty dictionary
2026-01-29 17:32:42,486 - logging_setup - INFO - Load Jobs - (Queued assigned to Job (5) is (Queued)
2026-01-29 17:32:42,493 - logging_setup - INFO - 

2026-01-29 17:32:42,501 - logging_setup - INFO - ##########################################################################################################################
2026-01-29 17:32:42,508 - logging_setup - INFO - #
2026-01-29 17:32:42,516 - logging_setup - INFO - Running Add Job Results from Load Jobs Function
2026-01-29 17:32:42,524 - logging_setup - INFO - #
2026-01-29 17:32:42,531 - logging_setup - INFO - ##########################################################################################################################
2026-01-29 17:32:42,539 - logging_setup - INFO - 

2026-01-29 17:32:42,609 - logging_setup - INFO - Add Job Result - Workbook loaded
2026-01-29 17:32:42,616 - logging_setup - INFO - Add Job Result - 'ast_condition' column found in the spreadsheet.
2026-01-29 17:32:42,624 - logging_setup - INFO - Add Job Result - Calculated Excel row index as 7 for job index 5
2026-01-29 17:32:42,632 - logging_setup - INFO - Add Job Result - Updated Job 5 with condition 'Queued'.
2026-01-29 17:32:42,718 - logging_setup - INFO - Add Job Result - Saving Workbook with updated condition
2026-01-29 17:32:42,726 - logging_setup - INFO - Load Jobs - Added job condition 'Queued' for job 5 to jobs list
2026-01-29 17:32:42,733 - logging_setup - INFO - Classifying input type for job 5
2026-01-29 17:32:42,741 - logging_setup - INFO - Classifying Input Type - Feature layer found: \\spatialfiles.bcgov\srm\gss\sandbox\csostad\Skeena 2026-2028 Shapefiles\shapefile\6406655\6406655.shp
2026-01-29 17:32:42,749 - logging_setup - INFO - Classifying Input Type - Processing feature layer: \\spatialfiles.bcgov\srm\gss\sandbox\csostad\Skeena 2026-2028 Shapefiles\shapefile\6406655\6406655.shp
2026-01-29 17:32:42,761 - logging_setup - INFO - Classifying Input Type - No FW File Number provided, using original shapefile path
2026-01-29 17:32:42,769 - logging_setup - INFO - Load Jobs - Job Condition is not Complete (Queued), adding job: 5 to jobs list
2026-01-29 17:32:42,780 - logging_setup - INFO - 

2026-01-29 17:32:42,788 - logging_setup - INFO - -------------------------------------------------------------------------------
2026-01-29 17:32:42,795 - logging_setup - INFO - -                        End of Job 5                                -
2026-01-29 17:32:42,803 - logging_setup - INFO - -------------------------------------------------------------------------------
2026-01-29 17:32:42,811 - logging_setup - INFO - 

2026-01-29 17:32:42,818 - logging_setup - INFO - 

2026-01-29 17:32:42,826 - logging_setup - INFO - -------------------------------------------------------------------------------
2026-01-29 17:32:42,833 - logging_setup - INFO - -                        Load Jobs: Start of Job 6                               -
2026-01-29 17:32:42,841 - logging_setup - INFO - -------------------------------------------------------------------------------
2026-01-29 17:32:42,849 - logging_setup - INFO - 

2026-01-29 17:32:42,856 - logging_setup - INFO - Load Jobs - Creating empty dictionary
2026-01-29 17:32:42,864 - logging_setup - INFO - Load Jobs - (Queued assigned to Job (6) is (Queued)
2026-01-29 17:32:42,872 - logging_setup - INFO - 

2026-01-29 17:32:42,879 - logging_setup - INFO - ##########################################################################################################################
2026-01-29 17:32:42,887 - logging_setup - INFO - #
2026-01-29 17:32:42,894 - logging_setup - INFO - Running Add Job Results from Load Jobs Function
2026-01-29 17:32:42,902 - logging_setup - INFO - #
2026-01-29 17:32:42,910 - logging_setup - INFO - ##########################################################################################################################
2026-01-29 17:32:42,917 - logging_setup - INFO - 

2026-01-29 17:32:42,986 - logging_setup - INFO - Add Job Result - Workbook loaded
2026-01-29 17:32:42,994 - logging_setup - INFO - Add Job Result - 'ast_condition' column found in the spreadsheet.
2026-01-29 17:32:43,002 - logging_setup - INFO - Add Job Result - Calculated Excel row index as 8 for job index 6
2026-01-29 17:32:43,010 - logging_setup - INFO - Add Job Result - Updated Job 6 with condition 'Queued'.
2026-01-29 17:32:43,096 - logging_setup - INFO - Add Job Result - Saving Workbook with updated condition
2026-01-29 17:32:43,104 - logging_setup - INFO - Load Jobs - Added job condition 'Queued' for job 6 to jobs list
2026-01-29 17:32:43,112 - logging_setup - INFO - Classifying input type for job 6
2026-01-29 17:32:43,119 - logging_setup - INFO - Classifying Input Type - Feature layer found: \\spatialfiles.bcgov\srm\gss\sandbox\csostad\Skeena 2026-2028 Shapefiles\shapefile\6406783\6406783.shp
2026-01-29 17:32:43,127 - logging_setup - INFO - Classifying Input Type - Processing feature layer: \\spatialfiles.bcgov\srm\gss\sandbox\csostad\Skeena 2026-2028 Shapefiles\shapefile\6406783\6406783.shp
2026-01-29 17:32:43,139 - logging_setup - INFO - Classifying Input Type - No FW File Number provided, using original shapefile path
2026-01-29 17:32:43,147 - logging_setup - INFO - Load Jobs - Job Condition is not Complete (Queued), adding job: 6 to jobs list
2026-01-29 17:32:43,154 - logging_setup - INFO - 

2026-01-29 17:32:43,162 - logging_setup - INFO - -------------------------------------------------------------------------------
2026-01-29 17:32:43,169 - logging_setup - INFO - -                        End of Job 6                                -
2026-01-29 17:32:43,177 - logging_setup - INFO - -------------------------------------------------------------------------------
2026-01-29 17:32:43,184 - logging_setup - INFO - 

2026-01-29 17:32:43,192 - logging_setup - INFO - 

2026-01-29 17:32:43,200 - logging_setup - INFO - -------------------------------------------------------------------------------
2026-01-29 17:32:43,207 - logging_setup - INFO - -                        Load Jobs: Start of Job 7                               -
2026-01-29 17:32:43,215 - logging_setup - INFO - -------------------------------------------------------------------------------
2026-01-29 17:32:43,223 - logging_setup - INFO - 

2026-01-29 17:32:43,230 - logging_setup - INFO - Load Jobs - Creating empty dictionary
2026-01-29 17:32:43,238 - logging_setup - INFO - Load Jobs - (Queued assigned to Job (7) is (Queued)
2026-01-29 17:32:43,245 - logging_setup - INFO - 

2026-01-29 17:32:43,253 - logging_setup - INFO - ##########################################################################################################################
2026-01-29 17:32:43,261 - logging_setup - INFO - #
2026-01-29 17:32:43,268 - logging_setup - INFO - Running Add Job Results from Load Jobs Function
2026-01-29 17:32:43,276 - logging_setup - INFO - #
2026-01-29 17:32:43,283 - logging_setup - INFO - ##########################################################################################################################
2026-01-29 17:32:43,291 - logging_setup - INFO - 

2026-01-29 17:32:43,360 - logging_setup - INFO - Add Job Result - Workbook loaded
2026-01-29 17:32:43,367 - logging_setup - INFO - Add Job Result - 'ast_condition' column found in the spreadsheet.
2026-01-29 17:32:43,375 - logging_setup - INFO - Add Job Result - Calculated Excel row index as 9 for job index 7
2026-01-29 17:32:43,383 - logging_setup - INFO - Add Job Result - Updated Job 7 with condition 'Queued'.
2026-01-29 17:32:43,469 - logging_setup - INFO - Add Job Result - Saving Workbook with updated condition
2026-01-29 17:32:43,482 - logging_setup - INFO - Load Jobs - Added job condition 'Queued' for job 7 to jobs list
2026-01-29 17:32:43,490 - logging_setup - INFO - Classifying input type for job 7
2026-01-29 17:32:43,498 - logging_setup - INFO - Classifying Input Type - Feature layer found: \\spatialfiles.bcgov\srm\gss\sandbox\csostad\Skeena 2026-2028 Shapefiles\shapefile\6406827\6406827.shp
2026-01-29 17:32:43,505 - logging_setup - INFO - Classifying Input Type - Processing feature layer: \\spatialfiles.bcgov\srm\gss\sandbox\csostad\Skeena 2026-2028 Shapefiles\shapefile\6406827\6406827.shp
2026-01-29 17:32:43,513 - logging_setup - INFO - Classifying Input Type - No FW File Number provided, using original shapefile path
2026-01-29 17:32:43,521 - logging_setup - INFO - Load Jobs - Job Condition is not Complete (Queued), adding job: 7 to jobs list
2026-01-29 17:32:43,528 - logging_setup - INFO - 

2026-01-29 17:32:43,536 - logging_setup - INFO - -------------------------------------------------------------------------------
2026-01-29 17:32:43,543 - logging_setup - INFO - -                        End of Job 7                                -
2026-01-29 17:32:43,551 - logging_setup - INFO - -------------------------------------------------------------------------------
2026-01-29 17:32:43,559 - logging_setup - INFO - 

2026-01-29 17:32:43,566 - logging_setup - INFO - Main: [jobs_12.xlsx] Batching jobs for \\spatialfiles.bcgov\srm\gss\sandbox\csostad\Skeena 2026-2028 Shapefiles\shapefile\outputs\jobs_12.xlsx (initial attempt)
2026-01-29 17:32:43,586 - logging_setup - INFO - 

2026-01-29 17:32:43,594 - logging_setup - INFO - ##########################################################################################################################
2026-01-29 17:32:43,601 - logging_setup - INFO - #
2026-01-29 17:32:43,609 - logging_setup - INFO - Batch AST: Batching Jobs with Multiprocessing...
2026-01-29 17:32:43,616 - logging_setup - INFO - #
2026-01-29 17:32:43,624 - logging_setup - INFO - ##########################################################################################################################
2026-01-29 17:32:43,632 - logging_setup - INFO - 

2026-01-29 17:32:43,639 - logging_setup - INFO - Batch Ast: Timeout monitoring DISABLED - jobs will run to completion
2026-01-29 17:34:35,257 - logging_setup - INFO - Batch Ast: Starting job 0
2026-01-29 17:34:43,500 - logging_setup - INFO - Batch Ast: Queued Job 0.....Multiproccessing started......
2026-01-29 17:34:43,508 - logging_setup - INFO - Batch Ast: Starting job 1
2026-01-29 17:34:50,946 - logging_setup - INFO - Batch Ast: Queued Job 1.....Multiproccessing started......
2026-01-29 17:34:50,953 - logging_setup - INFO - Batch Ast: Starting job 2
2026-01-29 17:34:58,857 - logging_setup - INFO - Batch Ast: Queued Job 2.....Multiproccessing started......
2026-01-29 17:34:58,865 - logging_setup - INFO - Batch Ast: Starting job 3
2026-01-29 17:35:06,063 - logging_setup - INFO - Batch Ast: Queued Job 3.....Multiproccessing started......
2026-01-29 17:35:06,071 - logging_setup - INFO - Batch Ast: Starting job 4
2026-01-29 17:35:14,323 - logging_setup - INFO - Batch Ast: Queued Job 4.....Multiproccessing started......
2026-01-29 17:35:14,331 - logging_setup - INFO - Batch Ast: Starting job 5
2026-01-29 17:35:22,893 - logging_setup - INFO - Batch Ast: Queued Job 5.....Multiproccessing started......
2026-01-29 17:35:22,900 - logging_setup - INFO - Batch Ast: Starting job 6
2026-01-29 17:35:31,408 - logging_setup - INFO - Batch Ast: Queued Job 6.....Multiproccessing started......
2026-01-29 17:35:31,415 - logging_setup - INFO - Batch Ast: Starting job 7
2026-01-29 17:35:38,769 - logging_setup - INFO - Batch Ast: Queued Job 7.....Multiproccessing started......
2026-01-29 17:35:38,777 - logging_setup - INFO - Batch Ast: Monitoring 8 jobs in parallel (NO timeout)
2026-01-29 22:05:10,421 - logging_setup - INFO - 

2026-01-29 22:05:10,429 - logging_setup - INFO - ##########################################################################################################################
2026-01-29 22:05:10,437 - logging_setup - INFO - #
2026-01-29 22:05:10,444 - logging_setup - INFO - Running Add Job Results from Load Jobs Function
2026-01-29 22:05:10,452 - logging_setup - INFO - #
2026-01-29 22:05:10,459 - logging_setup - INFO - ##########################################################################################################################
2026-01-29 22:05:10,467 - logging_setup - INFO - 

2026-01-29 22:05:10,562 - logging_setup - INFO - Add Job Result - Workbook loaded
2026-01-29 22:05:10,569 - logging_setup - INFO - Add Job Result - 'ast_condition' column found in the spreadsheet.
2026-01-29 22:05:10,577 - logging_setup - INFO - Add Job Result - Calculated Excel row index as 9 for job index 7
2026-01-29 22:05:10,585 - logging_setup - INFO - Add Job Result - Updated Job 7 with condition 'Failed'.
2026-01-29 22:05:10,802 - logging_setup - INFO - Add Job Result - Saving Workbook with updated condition
2026-01-29 22:05:10,810 - logging_setup - ERROR - Batch AST: Job 7 failed due to an exception in the Worker. Other exception failed counter is 1
2026-01-29 22:11:14,941 - logging_setup - INFO - 

2026-01-29 22:11:14,949 - logging_setup - INFO - ##########################################################################################################################
2026-01-29 22:11:14,956 - logging_setup - INFO - #
2026-01-29 22:11:14,964 - logging_setup - INFO - Running Add Job Results from Load Jobs Function
2026-01-29 22:11:14,971 - logging_setup - INFO - #
2026-01-29 22:11:14,979 - logging_setup - INFO - ##########################################################################################################################
2026-01-29 22:11:14,986 - logging_setup - INFO - 

2026-01-29 22:11:15,070 - logging_setup - INFO - Add Job Result - Workbook loaded
2026-01-29 22:11:15,077 - logging_setup - INFO - Add Job Result - 'ast_condition' column found in the spreadsheet.
2026-01-29 22:11:15,085 - logging_setup - INFO - Add Job Result - Calculated Excel row index as 7 for job index 5
2026-01-29 22:11:15,093 - logging_setup - INFO - Add Job Result - Updated Job 5 with condition 'COMPLETE'.
2026-01-29 22:11:15,187 - logging_setup - INFO - Add Job Result - Saving Workbook with updated condition
2026-01-29 22:11:15,195 - logging_setup - INFO - Batch Ast: Job 5 completed successfully. Success counter is 1
2026-01-29 22:16:41,322 - logging_setup - INFO - 

2026-01-29 22:16:41,330 - logging_setup - INFO - ##########################################################################################################################
2026-01-29 22:16:41,337 - logging_setup - INFO - #
2026-01-29 22:16:41,345 - logging_setup - INFO - Running Add Job Results from Load Jobs Function
2026-01-29 22:16:41,353 - logging_setup - INFO - #
2026-01-29 22:16:41,360 - logging_setup - INFO - ##########################################################################################################################
2026-01-29 22:16:41,368 - logging_setup - INFO - 

2026-01-29 22:16:41,460 - logging_setup - INFO - Add Job Result - Workbook loaded
2026-01-29 22:16:41,468 - logging_setup - INFO - Add Job Result - 'ast_condition' column found in the spreadsheet.
2026-01-29 22:16:41,475 - logging_setup - INFO - Add Job Result - Calculated Excel row index as 5 for job index 3
2026-01-29 22:16:41,483 - logging_setup - INFO - Add Job Result - Updated Job 3 with condition 'COMPLETE'.
2026-01-29 22:16:41,583 - logging_setup - INFO - Add Job Result - Saving Workbook with updated condition
2026-01-29 22:16:41,591 - logging_setup - INFO - Batch Ast: Job 3 completed successfully. Success counter is 2
2026-01-29 22:17:21,613 - logging_setup - INFO - 

2026-01-29 22:17:21,621 - logging_setup - INFO - ##########################################################################################################################
2026-01-29 22:17:21,628 - logging_setup - INFO - #
2026-01-29 22:17:21,636 - logging_setup - INFO - Running Add Job Results from Load Jobs Function
2026-01-29 22:17:21,643 - logging_setup - INFO - #
2026-01-29 22:17:21,651 - logging_setup - INFO - ##########################################################################################################################
2026-01-29 22:17:21,658 - logging_setup - INFO - 

2026-01-29 22:17:21,742 - logging_setup - INFO - Add Job Result - Workbook loaded
2026-01-29 22:17:21,750 - logging_setup - INFO - Add Job Result - 'ast_condition' column found in the spreadsheet.
2026-01-29 22:17:21,757 - logging_setup - INFO - Add Job Result - Calculated Excel row index as 8 for job index 6
2026-01-29 22:17:21,765 - logging_setup - INFO - Add Job Result - Updated Job 6 with condition 'COMPLETE'.
2026-01-29 22:17:21,866 - logging_setup - INFO - Add Job Result - Saving Workbook with updated condition
2026-01-29 22:17:21,873 - logging_setup - INFO - Batch Ast: Job 6 completed successfully. Success counter is 3
2026-01-29 22:18:37,908 - logging_setup - INFO - 

2026-01-29 22:18:37,916 - logging_setup - INFO - ##########################################################################################################################
2026-01-29 22:18:37,923 - logging_setup - INFO - #
2026-01-29 22:18:37,931 - logging_setup - INFO - Running Add Job Results from Load Jobs Function
2026-01-29 22:18:37,938 - logging_setup - INFO - #
2026-01-29 22:18:37,946 - logging_setup - INFO - ##########################################################################################################################
2026-01-29 22:18:37,953 - logging_setup - INFO - 

2026-01-29 22:18:38,130 - logging_setup - INFO - Add Job Result - Workbook loaded
2026-01-29 22:18:38,137 - logging_setup - INFO - Add Job Result - 'ast_condition' column found in the spreadsheet.
2026-01-29 22:18:38,145 - logging_setup - INFO - Add Job Result - Calculated Excel row index as 4 for job index 2
2026-01-29 22:18:38,153 - logging_setup - INFO - Add Job Result - Updated Job 2 with condition 'COMPLETE'.
2026-01-29 22:18:38,240 - logging_setup - INFO - Add Job Result - Saving Workbook with updated condition
2026-01-29 22:18:38,248 - logging_setup - INFO - Batch Ast: Job 2 completed successfully. Success counter is 4
2026-01-29 22:19:52,282 - logging_setup - INFO - 

2026-01-29 22:19:52,290 - logging_setup - INFO - ##########################################################################################################################
2026-01-29 22:19:52,297 - logging_setup - INFO - #
2026-01-29 22:19:52,305 - logging_setup - INFO - Running Add Job Results from Load Jobs Function
2026-01-29 22:19:52,312 - logging_setup - INFO - #
2026-01-29 22:19:52,320 - logging_setup - INFO - ##########################################################################################################################
2026-01-29 22:19:52,327 - logging_setup - INFO - 

2026-01-29 22:19:52,412 - logging_setup - INFO - Add Job Result - Workbook loaded
2026-01-29 22:19:52,419 - logging_setup - INFO - Add Job Result - 'ast_condition' column found in the spreadsheet.
2026-01-29 22:19:52,427 - logging_setup - INFO - Add Job Result - Calculated Excel row index as 3 for job index 1
2026-01-29 22:19:52,435 - logging_setup - INFO - Add Job Result - Updated Job 1 with condition 'COMPLETE'.
2026-01-29 22:19:52,536 - logging_setup - INFO - Add Job Result - Saving Workbook with updated condition
2026-01-29 22:19:52,544 - logging_setup - INFO - Batch Ast: Job 1 completed successfully. Success counter is 5
2026-01-29 22:39:36,967 - logging_setup - INFO - 

2026-01-29 22:39:36,975 - logging_setup - INFO - ##########################################################################################################################
2026-01-29 22:39:36,982 - logging_setup - INFO - #
2026-01-29 22:39:36,990 - logging_setup - INFO - Running Add Job Results from Load Jobs Function
2026-01-29 22:39:37,011 - logging_setup - INFO - #
2026-01-29 22:39:37,018 - logging_setup - INFO - ##########################################################################################################################
2026-01-29 22:39:37,026 - logging_setup - INFO - 

2026-01-29 22:39:37,117 - logging_setup - INFO - Add Job Result - Workbook loaded
2026-01-29 22:39:37,125 - logging_setup - INFO - Add Job Result - 'ast_condition' column found in the spreadsheet.
2026-01-29 22:39:37,132 - logging_setup - INFO - Add Job Result - Calculated Excel row index as 6 for job index 4
2026-01-29 22:39:37,140 - logging_setup - INFO - Add Job Result - Updated Job 4 with condition 'COMPLETE'.
2026-01-29 22:39:37,243 - logging_setup - INFO - Add Job Result - Saving Workbook with updated condition
2026-01-29 22:39:37,251 - logging_setup - INFO - Batch Ast: Job 4 completed successfully. Success counter is 6
2026-01-29 23:23:18,167 - logging_setup - INFO - 

2026-01-29 23:23:18,175 - logging_setup - INFO - ##########################################################################################################################
2026-01-29 23:23:18,182 - logging_setup - INFO - #
2026-01-29 23:23:18,190 - logging_setup - INFO - Running Add Job Results from Load Jobs Function
2026-01-29 23:23:18,198 - logging_setup - INFO - #
2026-01-29 23:23:18,205 - logging_setup - INFO - ##########################################################################################################################
2026-01-29 23:23:18,212 - logging_setup - INFO - 

2026-01-29 23:23:18,297 - logging_setup - INFO - Add Job Result - Workbook loaded
2026-01-29 23:23:18,304 - logging_setup - INFO - Add Job Result - 'ast_condition' column found in the spreadsheet.
2026-01-29 23:23:18,312 - logging_setup - INFO - Add Job Result - Calculated Excel row index as 2 for job index 0
2026-01-29 23:23:18,319 - logging_setup - INFO - Add Job Result - Updated Job 0 with condition 'COMPLETE'.
2026-01-29 23:23:18,420 - logging_setup - INFO - Add Job Result - Saving Workbook with updated condition
2026-01-29 23:23:18,428 - logging_setup - INFO - Batch Ast: Job 0 completed successfully. Success counter is 7
2026-01-29 23:23:18,436 - logging_setup - INFO - Batch Ast: Summary - Success: 7, Worker Failed: 1, Timeout Failed: 0, Unknown: 0
2026-01-29 23:23:18,444 - logging_setup - INFO - 

2026-01-29 23:23:18,451 - logging_setup - INFO - Batch Ast Complete - Check separate worker log file for more details
2026-01-29 23:23:19,502 - logging_setup - INFO - Main: [jobs_12.xlsx] Initial batch processing complete
2026-01-29 23:23:19,510 - logging_setup - INFO - 
====================================================================================================
2026-01-29 23:23:19,518 - logging_setup - INFO -   >>> COMPLETED SPREADSHEET: jobs_12.xlsx <<<
2026-01-29 23:23:19,525 - logging_setup - INFO - ====================================================================================================

2026-01-29 23:23:19,533 - logging_setup - INFO - 
====================================================================================================
2026-01-29 23:23:19,541 - logging_setup - INFO - ====================================================================================================
2026-01-29 23:23:19,549 - logging_setup - INFO -   >>> PROCESSING SPREADSHEET: jobs_13.xlsx <<<
2026-01-29 23:23:19,556 - logging_setup - INFO - ====================================================================================================
2026-01-29 23:23:19,564 - logging_setup - INFO - ====================================================================================================

2026-01-29 23:23:19,658 - logging_setup - WARNING - Main: [jobs_13.xlsx] Error checking job status: 'Worksheet Sheet1 does not exist.' - will process anyway
2026-01-29 23:23:19,711 - logging_setup - WARNING - Main: [jobs_13.xlsx] Error checking job status: 'Worksheet Sheet1 does not exist.' - will process anyway
2026-01-29 23:23:19,718 - logging_setup - INFO - Main: [jobs_13.xlsx] Creating queuefile path for \\spatialfiles.bcgov\srm\gss\sandbox\csostad\Skeena 2026-2028 Shapefiles\shapefile\outputs\jobs_13.xlsx
2026-01-29 23:23:19,741 - logging_setup - INFO - Main: [jobs_13.xlsx] Loading jobs from \\spatialfiles.bcgov\srm\gss\sandbox\csostad\Skeena 2026-2028 Shapefiles\shapefile\outputs\jobs_13.xlsx
2026-01-29 23:23:19,749 - logging_setup - INFO - ##########################################################################################################################
2026-01-29 23:23:19,756 - logging_setup - INFO - #
2026-01-29 23:23:19,764 - logging_setup - INFO - Loading Jobs...
2026-01-29 23:23:19,772 - logging_setup - INFO - #
2026-01-29 23:23:19,779 - logging_setup - INFO - ##########################################################################################################################
2026-01-29 23:23:19,851 - logging_setup - INFO - 

2026-01-29 23:23:19,859 - logging_setup - INFO - -------------------------------------------------------------------------------
2026-01-29 23:23:19,866 - logging_setup - INFO - -                        Load Jobs: Start of Job 0                               -
2026-01-29 23:23:19,874 - logging_setup - INFO - -------------------------------------------------------------------------------
2026-01-29 23:23:19,881 - logging_setup - INFO - 

2026-01-29 23:23:19,889 - logging_setup - INFO - Load Jobs - Creating empty dictionary
2026-01-29 23:23:19,897 - logging_setup - INFO - Load Jobs - (Queued assigned to Job (0) is (Queued)
2026-01-29 23:23:19,904 - logging_setup - INFO - 

2026-01-29 23:23:19,912 - logging_setup - INFO - ##########################################################################################################################
2026-01-29 23:23:19,919 - logging_setup - INFO - #
2026-01-29 23:23:19,927 - logging_setup - INFO - Running Add Job Results from Load Jobs Function
2026-01-29 23:23:19,935 - logging_setup - INFO - #
2026-01-29 23:23:19,942 - logging_setup - INFO - ##########################################################################################################################
2026-01-29 23:23:19,950 - logging_setup - INFO - 

2026-01-29 23:23:19,990 - logging_setup - INFO - Add Job Result - Workbook loaded
2026-01-29 23:23:19,998 - logging_setup - INFO - Add Job Result - 'ast_condition' column found in the spreadsheet.
2026-01-29 23:23:20,005 - logging_setup - INFO - Add Job Result - Calculated Excel row index as 2 for job index 0
2026-01-29 23:23:20,013 - logging_setup - INFO - Add Job Result - Updated Job 0 with condition 'Queued'.
2026-01-29 23:23:20,085 - logging_setup - INFO - Add Job Result - Saving Workbook with updated condition
2026-01-29 23:23:20,092 - logging_setup - INFO - Load Jobs - Added job condition 'Queued' for job 0 to jobs list
2026-01-29 23:23:20,100 - logging_setup - INFO - Classifying input type for job 0
2026-01-29 23:23:20,108 - logging_setup - INFO - Classifying Input Type - Feature layer found: \\spatialfiles.bcgov\srm\gss\sandbox\csostad\Skeena 2026-2028 Shapefiles\shapefile\6406870\6406870.shp
2026-01-29 23:23:20,115 - logging_setup - INFO - Classifying Input Type - Processing feature layer: \\spatialfiles.bcgov\srm\gss\sandbox\csostad\Skeena 2026-2028 Shapefiles\shapefile\6406870\6406870.shp
2026-01-29 23:23:20,123 - logging_setup - INFO - Classifying Input Type - No FW File Number provided, using original shapefile path
2026-01-29 23:23:20,131 - logging_setup - INFO - Load Jobs - Job Condition is not Complete (Queued), adding job: 0 to jobs list
2026-01-29 23:23:20,138 - logging_setup - INFO - 

2026-01-29 23:23:20,146 - logging_setup - INFO - -------------------------------------------------------------------------------
2026-01-29 23:23:20,153 - logging_setup - INFO - -                        End of Job 0                                -
2026-01-29 23:23:20,162 - logging_setup - INFO - -------------------------------------------------------------------------------
2026-01-29 23:23:20,169 - logging_setup - INFO - 

2026-01-29 23:23:20,177 - logging_setup - INFO - 

2026-01-29 23:23:20,185 - logging_setup - INFO - -------------------------------------------------------------------------------
2026-01-29 23:23:20,192 - logging_setup - INFO - -                        Load Jobs: Start of Job 1                               -
2026-01-29 23:23:20,200 - logging_setup - INFO - -------------------------------------------------------------------------------
2026-01-29 23:23:20,207 - logging_setup - INFO - 

2026-01-29 23:23:20,215 - logging_setup - INFO - Load Jobs - Creating empty dictionary
2026-01-29 23:23:20,223 - logging_setup - INFO - Load Jobs - (Queued assigned to Job (1) is (Queued)
2026-01-29 23:23:20,230 - logging_setup - INFO - 

2026-01-29 23:23:20,237 - logging_setup - INFO - ##########################################################################################################################
2026-01-29 23:23:20,245 - logging_setup - INFO - #
2026-01-29 23:23:20,252 - logging_setup - INFO - Running Add Job Results from Load Jobs Function
2026-01-29 23:23:20,260 - logging_setup - INFO - #
2026-01-29 23:23:20,267 - logging_setup - INFO - ##########################################################################################################################
2026-01-29 23:23:20,275 - logging_setup - INFO - 

2026-01-29 23:23:20,352 - logging_setup - INFO - Add Job Result - Workbook loaded
2026-01-29 23:23:20,360 - logging_setup - INFO - Add Job Result - 'ast_condition' column found in the spreadsheet.
2026-01-29 23:23:20,367 - logging_setup - INFO - Add Job Result - Calculated Excel row index as 3 for job index 1
2026-01-29 23:23:20,375 - logging_setup - INFO - Add Job Result - Updated Job 1 with condition 'Queued'.
2026-01-29 23:23:20,461 - logging_setup - INFO - Add Job Result - Saving Workbook with updated condition
2026-01-29 23:23:20,469 - logging_setup - INFO - Load Jobs - Added job condition 'Queued' for job 1 to jobs list
2026-01-29 23:23:20,477 - logging_setup - INFO - Classifying input type for job 1
2026-01-29 23:23:20,484 - logging_setup - INFO - Classifying Input Type - Feature layer found: \\spatialfiles.bcgov\srm\gss\sandbox\csostad\Skeena 2026-2028 Shapefiles\shapefile\6406971\6406971.shp
2026-01-29 23:23:20,492 - logging_setup - INFO - Classifying Input Type - Processing feature layer: \\spatialfiles.bcgov\srm\gss\sandbox\csostad\Skeena 2026-2028 Shapefiles\shapefile\6406971\6406971.shp
2026-01-29 23:23:20,500 - logging_setup - INFO - Classifying Input Type - No FW File Number provided, using original shapefile path
2026-01-29 23:23:20,507 - logging_setup - INFO - Load Jobs - Job Condition is not Complete (Queued), adding job: 1 to jobs list
2026-01-29 23:23:20,515 - logging_setup - INFO - 

2026-01-29 23:23:20,522 - logging_setup - INFO - -------------------------------------------------------------------------------
2026-01-29 23:23:20,530 - logging_setup - INFO - -                        End of Job 1                                -
2026-01-29 23:23:20,538 - logging_setup - INFO - -------------------------------------------------------------------------------
2026-01-29 23:23:20,546 - logging_setup - INFO - 

2026-01-29 23:23:20,553 - logging_setup - INFO - 

2026-01-29 23:23:20,561 - logging_setup - INFO - -------------------------------------------------------------------------------
2026-01-29 23:23:20,568 - logging_setup - INFO - -                        Load Jobs: Start of Job 2                               -
2026-01-29 23:23:20,576 - logging_setup - INFO - -------------------------------------------------------------------------------
2026-01-29 23:23:20,584 - logging_setup - INFO - 

2026-01-29 23:23:20,591 - logging_setup - INFO - Load Jobs - Creating empty dictionary
2026-01-29 23:23:20,599 - logging_setup - INFO - Load Jobs - (Queued assigned to Job (2) is (Queued)
2026-01-29 23:23:20,606 - logging_setup - INFO - 

2026-01-29 23:23:20,614 - logging_setup - INFO - ##########################################################################################################################
2026-01-29 23:23:20,621 - logging_setup - INFO - #
2026-01-29 23:23:20,629 - logging_setup - INFO - Running Add Job Results from Load Jobs Function
2026-01-29 23:23:20,636 - logging_setup - INFO - #
2026-01-29 23:23:20,644 - logging_setup - INFO - ##########################################################################################################################
2026-01-29 23:23:20,652 - logging_setup - INFO - 

2026-01-29 23:23:20,728 - logging_setup - INFO - Add Job Result - Workbook loaded
2026-01-29 23:23:20,736 - logging_setup - INFO - Add Job Result - 'ast_condition' column found in the spreadsheet.
2026-01-29 23:23:20,744 - logging_setup - INFO - Add Job Result - Calculated Excel row index as 4 for job index 2
2026-01-29 23:23:20,751 - logging_setup - INFO - Add Job Result - Updated Job 2 with condition 'Queued'.
2026-01-29 23:23:20,838 - logging_setup - INFO - Add Job Result - Saving Workbook with updated condition
2026-01-29 23:23:20,845 - logging_setup - INFO - Load Jobs - Added job condition 'Queued' for job 2 to jobs list
2026-01-29 23:23:20,853 - logging_setup - INFO - Classifying input type for job 2
2026-01-29 23:23:20,861 - logging_setup - INFO - Classifying Input Type - Feature layer found: \\spatialfiles.bcgov\srm\gss\sandbox\csostad\Skeena 2026-2028 Shapefiles\shapefile\6406996\6406996.shp
2026-01-29 23:23:20,868 - logging_setup - INFO - Classifying Input Type - Processing feature layer: \\spatialfiles.bcgov\srm\gss\sandbox\csostad\Skeena 2026-2028 Shapefiles\shapefile\6406996\6406996.shp
2026-01-29 23:23:20,876 - logging_setup - INFO - Classifying Input Type - No FW File Number provided, using original shapefile path
2026-01-29 23:23:20,884 - logging_setup - INFO - Load Jobs - Job Condition is not Complete (Queued), adding job: 2 to jobs list
2026-01-29 23:23:20,891 - logging_setup - INFO - 

2026-01-29 23:23:20,899 - logging_setup - INFO - -------------------------------------------------------------------------------
2026-01-29 23:23:20,907 - logging_setup - INFO - -                        End of Job 2                                -
2026-01-29 23:23:20,914 - logging_setup - INFO - -------------------------------------------------------------------------------
2026-01-29 23:23:20,922 - logging_setup - INFO - 

2026-01-29 23:23:20,929 - logging_setup - INFO - 

2026-01-29 23:23:20,939 - logging_setup - INFO - -------------------------------------------------------------------------------
2026-01-29 23:23:20,946 - logging_setup - INFO - -                        Load Jobs: Start of Job 3                               -
2026-01-29 23:23:20,954 - logging_setup - INFO - -------------------------------------------------------------------------------
2026-01-29 23:23:20,961 - logging_setup - INFO - 

2026-01-29 23:23:20,969 - logging_setup - INFO - Load Jobs - Creating empty dictionary
2026-01-29 23:23:20,977 - logging_setup - INFO - Load Jobs - (Queued assigned to Job (3) is (Queued)
2026-01-29 23:23:20,984 - logging_setup - INFO - 

2026-01-29 23:23:20,992 - logging_setup - INFO - ##########################################################################################################################
2026-01-29 23:23:21,000 - logging_setup - INFO - #
2026-01-29 23:23:21,007 - logging_setup - INFO - Running Add Job Results from Load Jobs Function
2026-01-29 23:23:21,015 - logging_setup - INFO - #
2026-01-29 23:23:21,022 - logging_setup - INFO - ##########################################################################################################################
2026-01-29 23:23:21,030 - logging_setup - INFO - 

2026-01-29 23:23:21,107 - logging_setup - INFO - Add Job Result - Workbook loaded
2026-01-29 23:23:21,114 - logging_setup - INFO - Add Job Result - 'ast_condition' column found in the spreadsheet.
2026-01-29 23:23:21,122 - logging_setup - INFO - Add Job Result - Calculated Excel row index as 5 for job index 3
2026-01-29 23:23:21,130 - logging_setup - INFO - Add Job Result - Updated Job 3 with condition 'Queued'.
2026-01-29 23:23:21,216 - logging_setup - INFO - Add Job Result - Saving Workbook with updated condition
2026-01-29 23:23:21,224 - logging_setup - INFO - Load Jobs - Added job condition 'Queued' for job 3 to jobs list
2026-01-29 23:23:21,232 - logging_setup - INFO - Classifying input type for job 3
2026-01-29 23:23:21,239 - logging_setup - INFO - Classifying Input Type - Feature layer found: \\spatialfiles.bcgov\srm\gss\sandbox\csostad\Skeena 2026-2028 Shapefiles\shapefile\6407307\6407307.shp
2026-01-29 23:23:21,247 - logging_setup - INFO - Classifying Input Type - Processing feature layer: \\spatialfiles.bcgov\srm\gss\sandbox\csostad\Skeena 2026-2028 Shapefiles\shapefile\6407307\6407307.shp
2026-01-29 23:23:21,257 - logging_setup - INFO - Classifying Input Type - No FW File Number provided, using original shapefile path
2026-01-29 23:23:21,264 - logging_setup - INFO - Load Jobs - Job Condition is not Complete (Queued), adding job: 3 to jobs list
2026-01-29 23:23:21,272 - logging_setup - INFO - 

2026-01-29 23:23:21,280 - logging_setup - INFO - -------------------------------------------------------------------------------
2026-01-29 23:23:21,287 - logging_setup - INFO - -                        End of Job 3                                -
2026-01-29 23:23:21,295 - logging_setup - INFO - -------------------------------------------------------------------------------
2026-01-29 23:23:21,302 - logging_setup - INFO - 

2026-01-29 23:23:21,310 - logging_setup - INFO - 

2026-01-29 23:23:21,318 - logging_setup - INFO - -------------------------------------------------------------------------------
2026-01-29 23:23:21,326 - logging_setup - INFO - -                        Load Jobs: Start of Job 4                               -
2026-01-29 23:23:21,334 - logging_setup - INFO - -------------------------------------------------------------------------------
2026-01-29 23:23:21,341 - logging_setup - INFO - 

2026-01-29 23:23:21,349 - logging_setup - INFO - Load Jobs - Creating empty dictionary
2026-01-29 23:23:21,356 - logging_setup - INFO - Load Jobs - (Queued assigned to Job (4) is (Queued)
2026-01-29 23:23:21,364 - logging_setup - INFO - 

2026-01-29 23:23:21,372 - logging_setup - INFO - ##########################################################################################################################
2026-01-29 23:23:21,379 - logging_setup - INFO - #
2026-01-29 23:23:21,387 - logging_setup - INFO - Running Add Job Results from Load Jobs Function
2026-01-29 23:23:21,394 - logging_setup - INFO - #
2026-01-29 23:23:21,402 - logging_setup - INFO - ##########################################################################################################################
2026-01-29 23:23:21,409 - logging_setup - INFO - 

2026-01-29 23:23:21,487 - logging_setup - INFO - Add Job Result - Workbook loaded
2026-01-29 23:23:21,495 - logging_setup - INFO - Add Job Result - 'ast_condition' column found in the spreadsheet.
2026-01-29 23:23:21,502 - logging_setup - INFO - Add Job Result - Calculated Excel row index as 6 for job index 4
2026-01-29 23:23:21,510 - logging_setup - INFO - Add Job Result - Updated Job 4 with condition 'Queued'.
2026-01-29 23:23:21,596 - logging_setup - INFO - Add Job Result - Saving Workbook with updated condition
2026-01-29 23:23:21,604 - logging_setup - INFO - Load Jobs - Added job condition 'Queued' for job 4 to jobs list
2026-01-29 23:23:21,611 - logging_setup - INFO - Classifying input type for job 4
2026-01-29 23:23:21,619 - logging_setup - INFO - Classifying Input Type - Feature layer found: \\spatialfiles.bcgov\srm\gss\sandbox\csostad\Skeena 2026-2028 Shapefiles\shapefile\6407320\6407320.shp
2026-01-29 23:23:21,627 - logging_setup - INFO - Classifying Input Type - Processing feature layer: \\spatialfiles.bcgov\srm\gss\sandbox\csostad\Skeena 2026-2028 Shapefiles\shapefile\6407320\6407320.shp
2026-01-29 23:23:21,635 - logging_setup - INFO - Classifying Input Type - No FW File Number provided, using original shapefile path
2026-01-29 23:23:21,642 - logging_setup - INFO - Load Jobs - Job Condition is not Complete (Queued), adding job: 4 to jobs list
2026-01-29 23:23:21,650 - logging_setup - INFO - 

2026-01-29 23:23:21,657 - logging_setup - INFO - -------------------------------------------------------------------------------
2026-01-29 23:23:21,665 - logging_setup - INFO - -                        End of Job 4                                -
2026-01-29 23:23:21,673 - logging_setup - INFO - -------------------------------------------------------------------------------
2026-01-29 23:23:21,680 - logging_setup - INFO - 

2026-01-29 23:23:21,688 - logging_setup - INFO - 

2026-01-29 23:23:21,695 - logging_setup - INFO - -------------------------------------------------------------------------------
2026-01-29 23:23:21,703 - logging_setup - INFO - -                        Load Jobs: Start of Job 5                               -
2026-01-29 23:23:21,710 - logging_setup - INFO - -------------------------------------------------------------------------------
2026-01-29 23:23:21,718 - logging_setup - INFO - 

2026-01-29 23:23:21,726 - logging_setup - INFO - Load Jobs - Creating empty dictionary
2026-01-29 23:23:21,733 - logging_setup - INFO - Load Jobs - (Queued assigned to Job (5) is (Queued)
2026-01-29 23:23:21,741 - logging_setup - INFO - 

2026-01-29 23:23:21,748 - logging_setup - INFO - ##########################################################################################################################
2026-01-29 23:23:21,756 - logging_setup - INFO - #
2026-01-29 23:23:21,763 - logging_setup - INFO - Running Add Job Results from Load Jobs Function
2026-01-29 23:23:21,771 - logging_setup - INFO - #
2026-01-29 23:23:21,779 - logging_setup - INFO - ##########################################################################################################################
2026-01-29 23:23:21,786 - logging_setup - INFO - 

2026-01-29 23:23:21,878 - logging_setup - INFO - Add Job Result - Workbook loaded
2026-01-29 23:23:21,886 - logging_setup - INFO - Add Job Result - 'ast_condition' column found in the spreadsheet.
2026-01-29 23:23:21,894 - logging_setup - INFO - Add Job Result - Calculated Excel row index as 7 for job index 5
2026-01-29 23:23:21,901 - logging_setup - INFO - Add Job Result - Updated Job 5 with condition 'Queued'.
2026-01-29 23:23:21,987 - logging_setup - INFO - Add Job Result - Saving Workbook with updated condition
2026-01-29 23:23:21,995 - logging_setup - INFO - Load Jobs - Added job condition 'Queued' for job 5 to jobs list
2026-01-29 23:23:22,002 - logging_setup - INFO - Classifying input type for job 5
2026-01-29 23:23:22,010 - logging_setup - INFO - Classifying Input Type - Feature layer found: \\spatialfiles.bcgov\srm\gss\sandbox\csostad\Skeena 2026-2028 Shapefiles\shapefile\6407568\6407568.shp
2026-01-29 23:23:22,018 - logging_setup - INFO - Classifying Input Type - Processing feature layer: \\spatialfiles.bcgov\srm\gss\sandbox\csostad\Skeena 2026-2028 Shapefiles\shapefile\6407568\6407568.shp
2026-01-29 23:23:22,025 - logging_setup - INFO - Classifying Input Type - No FW File Number provided, using original shapefile path
2026-01-29 23:23:22,033 - logging_setup - INFO - Load Jobs - Job Condition is not Complete (Queued), adding job: 5 to jobs list
2026-01-29 23:23:22,041 - logging_setup - INFO - 

2026-01-29 23:23:22,048 - logging_setup - INFO - -------------------------------------------------------------------------------
2026-01-29 23:23:22,056 - logging_setup - INFO - -                        End of Job 5                                -
2026-01-29 23:23:22,064 - logging_setup - INFO - -------------------------------------------------------------------------------
2026-01-29 23:23:22,071 - logging_setup - INFO - 

2026-01-29 23:23:22,079 - logging_setup - INFO - 

2026-01-29 23:23:22,087 - logging_setup - INFO - -------------------------------------------------------------------------------
2026-01-29 23:23:22,094 - logging_setup - INFO - -                        Load Jobs: Start of Job 6                               -
2026-01-29 23:23:22,102 - logging_setup - INFO - -------------------------------------------------------------------------------
2026-01-29 23:23:22,109 - logging_setup - INFO - 

2026-01-29 23:23:22,117 - logging_setup - INFO - Load Jobs - Creating empty dictionary
2026-01-29 23:23:22,124 - logging_setup - INFO - Load Jobs - (Queued assigned to Job (6) is (Queued)
2026-01-29 23:23:22,132 - logging_setup - INFO - 

2026-01-29 23:23:22,139 - logging_setup - INFO - ##########################################################################################################################
2026-01-29 23:23:22,147 - logging_setup - INFO - #
2026-01-29 23:23:22,154 - logging_setup - INFO - Running Add Job Results from Load Jobs Function
2026-01-29 23:23:22,162 - logging_setup - INFO - #
2026-01-29 23:23:22,170 - logging_setup - INFO - ##########################################################################################################################
2026-01-29 23:23:22,177 - logging_setup - INFO - 

2026-01-29 23:23:22,285 - logging_setup - INFO - Add Job Result - Workbook loaded
2026-01-29 23:23:22,293 - logging_setup - INFO - Add Job Result - 'ast_condition' column found in the spreadsheet.
2026-01-29 23:23:22,301 - logging_setup - INFO - Add Job Result - Calculated Excel row index as 8 for job index 6
2026-01-29 23:23:22,308 - logging_setup - INFO - Add Job Result - Updated Job 6 with condition 'Queued'.
2026-01-29 23:23:22,395 - logging_setup - INFO - Add Job Result - Saving Workbook with updated condition
2026-01-29 23:23:22,402 - logging_setup - INFO - Load Jobs - Added job condition 'Queued' for job 6 to jobs list
2026-01-29 23:23:22,410 - logging_setup - INFO - Classifying input type for job 6
2026-01-29 23:23:22,417 - logging_setup - INFO - Classifying Input Type - Feature layer found: \\spatialfiles.bcgov\srm\gss\sandbox\csostad\Skeena 2026-2028 Shapefiles\shapefile\6407573\6407573.shp
2026-01-29 23:23:22,425 - logging_setup - INFO - Classifying Input Type - Processing feature layer: \\spatialfiles.bcgov\srm\gss\sandbox\csostad\Skeena 2026-2028 Shapefiles\shapefile\6407573\6407573.shp
2026-01-29 23:23:22,433 - logging_setup - INFO - Classifying Input Type - No FW File Number provided, using original shapefile path
2026-01-29 23:23:22,440 - logging_setup - INFO - Load Jobs - Job Condition is not Complete (Queued), adding job: 6 to jobs list
2026-01-29 23:23:22,448 - logging_setup - INFO - 

2026-01-29 23:23:22,455 - logging_setup - INFO - -------------------------------------------------------------------------------
2026-01-29 23:23:22,463 - logging_setup - INFO - -                        End of Job 6                                -
2026-01-29 23:23:22,471 - logging_setup - INFO - -------------------------------------------------------------------------------
2026-01-29 23:23:22,478 - logging_setup - INFO - 

2026-01-29 23:23:22,486 - logging_setup - INFO - 

2026-01-29 23:23:22,494 - logging_setup - INFO - -------------------------------------------------------------------------------
2026-01-29 23:23:22,502 - logging_setup - INFO - -                        Load Jobs: Start of Job 7                               -
2026-01-29 23:23:22,509 - logging_setup - INFO - -------------------------------------------------------------------------------
2026-01-29 23:23:22,517 - logging_setup - INFO - 

2026-01-29 23:23:22,524 - logging_setup - INFO - Load Jobs - Creating empty dictionary
2026-01-29 23:23:22,532 - logging_setup - INFO - Load Jobs - (Queued assigned to Job (7) is (Queued)
2026-01-29 23:23:22,540 - logging_setup - INFO - 

2026-01-29 23:23:22,547 - logging_setup - INFO - ##########################################################################################################################
2026-01-29 23:23:22,555 - logging_setup - INFO - #
2026-01-29 23:23:22,562 - logging_setup - INFO - Running Add Job Results from Load Jobs Function
2026-01-29 23:23:22,570 - logging_setup - INFO - #
2026-01-29 23:23:22,577 - logging_setup - INFO - ##########################################################################################################################
2026-01-29 23:23:22,585 - logging_setup - INFO - 

2026-01-29 23:23:22,661 - logging_setup - INFO - Add Job Result - Workbook loaded
2026-01-29 23:23:22,669 - logging_setup - INFO - Add Job Result - 'ast_condition' column found in the spreadsheet.
2026-01-29 23:23:22,676 - logging_setup - INFO - Add Job Result - Calculated Excel row index as 9 for job index 7
2026-01-29 23:23:22,684 - logging_setup - INFO - Add Job Result - Updated Job 7 with condition 'Queued'.
2026-01-29 23:23:22,770 - logging_setup - INFO - Add Job Result - Saving Workbook with updated condition
2026-01-29 23:23:22,778 - logging_setup - INFO - Load Jobs - Added job condition 'Queued' for job 7 to jobs list
2026-01-29 23:23:22,786 - logging_setup - INFO - Classifying input type for job 7
2026-01-29 23:23:22,793 - logging_setup - INFO - Classifying Input Type - Feature layer found: \\spatialfiles.bcgov\srm\gss\sandbox\csostad\Skeena 2026-2028 Shapefiles\shapefile\6407644\6407644.shp
2026-01-29 23:23:22,801 - logging_setup - INFO - Classifying Input Type - Processing feature layer: \\spatialfiles.bcgov\srm\gss\sandbox\csostad\Skeena 2026-2028 Shapefiles\shapefile\6407644\6407644.shp
2026-01-29 23:23:22,808 - logging_setup - INFO - Classifying Input Type - No FW File Number provided, using original shapefile path
2026-01-29 23:23:22,816 - logging_setup - INFO - Load Jobs - Job Condition is not Complete (Queued), adding job: 7 to jobs list
2026-01-29 23:23:22,823 - logging_setup - INFO - 

2026-01-29 23:23:22,831 - logging_setup - INFO - -------------------------------------------------------------------------------
2026-01-29 23:23:22,838 - logging_setup - INFO - -                        End of Job 7                                -
2026-01-29 23:23:22,846 - logging_setup - INFO - -------------------------------------------------------------------------------
2026-01-29 23:23:22,853 - logging_setup - INFO - 

2026-01-29 23:23:22,861 - logging_setup - INFO - Main: [jobs_13.xlsx] Batching jobs for \\spatialfiles.bcgov\srm\gss\sandbox\csostad\Skeena 2026-2028 Shapefiles\shapefile\outputs\jobs_13.xlsx (initial attempt)
2026-01-29 23:23:22,868 - logging_setup - INFO - 

2026-01-29 23:23:22,875 - logging_setup - INFO - ##########################################################################################################################
2026-01-29 23:23:22,883 - logging_setup - INFO - #
2026-01-29 23:23:22,890 - logging_setup - INFO - Batch AST: Batching Jobs with Multiprocessing...
2026-01-29 23:23:22,898 - logging_setup - INFO - #
2026-01-29 23:23:22,905 - logging_setup - INFO - ##########################################################################################################################
2026-01-29 23:23:22,912 - logging_setup - INFO - 

2026-01-29 23:23:22,920 - logging_setup - INFO - Batch Ast: Timeout monitoring DISABLED - jobs will run to completion
2026-01-29 23:25:28,564 - logging_setup - INFO - Batch Ast: Starting job 0
2026-01-29 23:25:36,702 - logging_setup - INFO - Batch Ast: Queued Job 0.....Multiproccessing started......
2026-01-29 23:25:36,710 - logging_setup - INFO - Batch Ast: Starting job 1
2026-01-29 23:25:43,645 - logging_setup - INFO - Batch Ast: Queued Job 1.....Multiproccessing started......
2026-01-29 23:25:43,653 - logging_setup - INFO - Batch Ast: Starting job 2
2026-01-29 23:25:51,583 - logging_setup - INFO - Batch Ast: Queued Job 2.....Multiproccessing started......
2026-01-29 23:25:51,591 - logging_setup - INFO - Batch Ast: Starting job 3
2026-01-29 23:25:58,947 - logging_setup - INFO - Batch Ast: Queued Job 3.....Multiproccessing started......
2026-01-29 23:25:58,954 - logging_setup - INFO - Batch Ast: Starting job 4
2026-01-29 23:26:07,046 - logging_setup - INFO - Batch Ast: Queued Job 4.....Multiproccessing started......
2026-01-29 23:26:07,053 - logging_setup - INFO - Batch Ast: Starting job 5
2026-01-29 23:26:14,474 - logging_setup - INFO - Batch Ast: Queued Job 5.....Multiproccessing started......
2026-01-29 23:26:14,482 - logging_setup - INFO - Batch Ast: Starting job 6
2026-01-29 23:26:22,949 - logging_setup - INFO - Batch Ast: Queued Job 6.....Multiproccessing started......
2026-01-29 23:26:22,958 - logging_setup - INFO - Batch Ast: Starting job 7
2026-01-29 23:26:32,017 - logging_setup - INFO - Batch Ast: Queued Job 7.....Multiproccessing started......
2026-01-29 23:26:32,025 - logging_setup - INFO - Batch Ast: Monitoring 8 jobs in parallel (NO timeout)
2026-01-30 04:00:43,769 - logging_setup - INFO - 

2026-01-30 04:00:43,777 - logging_setup - INFO - ##########################################################################################################################
2026-01-30 04:00:43,784 - logging_setup - INFO - #
2026-01-30 04:00:43,792 - logging_setup - INFO - Running Add Job Results from Load Jobs Function
2026-01-30 04:00:43,800 - logging_setup - INFO - #
2026-01-30 04:00:43,807 - logging_setup - INFO - ##########################################################################################################################
2026-01-30 04:00:43,815 - logging_setup - INFO - 

2026-01-30 04:00:43,915 - logging_setup - INFO - Add Job Result - Workbook loaded
2026-01-30 04:00:43,923 - logging_setup - INFO - Add Job Result - 'ast_condition' column found in the spreadsheet.
2026-01-30 04:00:43,931 - logging_setup - INFO - Add Job Result - Calculated Excel row index as 2 for job index 0
2026-01-30 04:00:43,939 - logging_setup - INFO - Add Job Result - Updated Job 0 with condition 'Failed'.
2026-01-30 04:00:44,039 - logging_setup - INFO - Add Job Result - Saving Workbook with updated condition
2026-01-30 04:00:44,048 - logging_setup - ERROR - Batch AST: Job 0 failed due to an exception in the Worker. Other exception failed counter is 1
2026-01-30 04:03:24,111 - logging_setup - INFO - 

2026-01-30 04:03:24,119 - logging_setup - INFO - ##########################################################################################################################
2026-01-30 04:03:24,127 - logging_setup - INFO - #
2026-01-30 04:03:24,135 - logging_setup - INFO - Running Add Job Results from Load Jobs Function
2026-01-30 04:03:24,142 - logging_setup - INFO - #
2026-01-30 04:03:24,150 - logging_setup - INFO - ##########################################################################################################################
2026-01-30 04:03:24,157 - logging_setup - INFO - 

2026-01-30 04:03:24,256 - logging_setup - INFO - Add Job Result - Workbook loaded
2026-01-30 04:03:24,264 - logging_setup - INFO - Add Job Result - 'ast_condition' column found in the spreadsheet.
2026-01-30 04:03:24,271 - logging_setup - INFO - Add Job Result - Calculated Excel row index as 5 for job index 3
2026-01-30 04:03:24,279 - logging_setup - INFO - Add Job Result - Updated Job 3 with condition 'COMPLETE'.
2026-01-30 04:03:24,379 - logging_setup - INFO - Add Job Result - Saving Workbook with updated condition
2026-01-30 04:03:24,387 - logging_setup - INFO - Batch Ast: Job 3 completed successfully. Success counter is 1
2026-01-30 04:03:46,402 - logging_setup - INFO - 

2026-01-30 04:03:46,410 - logging_setup - INFO - ##########################################################################################################################
2026-01-30 04:03:46,417 - logging_setup - INFO - #
2026-01-30 04:03:46,425 - logging_setup - INFO - Running Add Job Results from Load Jobs Function
2026-01-30 04:03:46,433 - logging_setup - INFO - #
2026-01-30 04:03:46,440 - logging_setup - INFO - ##########################################################################################################################
2026-01-30 04:03:46,448 - logging_setup - INFO - 

2026-01-30 04:03:46,547 - logging_setup - INFO - Add Job Result - Workbook loaded
2026-01-30 04:03:46,555 - logging_setup - INFO - Add Job Result - 'ast_condition' column found in the spreadsheet.
2026-01-30 04:03:46,563 - logging_setup - INFO - Add Job Result - Calculated Excel row index as 4 for job index 2
2026-01-30 04:03:46,570 - logging_setup - INFO - Add Job Result - Updated Job 2 with condition 'COMPLETE'.
2026-01-30 04:03:46,671 - logging_setup - INFO - Add Job Result - Saving Workbook with updated condition
2026-01-30 04:03:46,679 - logging_setup - INFO - Batch Ast: Job 2 completed successfully. Success counter is 2
2026-01-30 04:04:24,700 - logging_setup - INFO - 

2026-01-30 04:04:24,708 - logging_setup - INFO - ##########################################################################################################################
2026-01-30 04:04:24,715 - logging_setup - INFO - #
2026-01-30 04:04:24,723 - logging_setup - INFO - Running Add Job Results from Load Jobs Function
2026-01-30 04:04:24,730 - logging_setup - INFO - #
2026-01-30 04:04:24,738 - logging_setup - INFO - ##########################################################################################################################
2026-01-30 04:04:24,746 - logging_setup - INFO - 

2026-01-30 04:04:24,836 - logging_setup - INFO - Add Job Result - Workbook loaded
2026-01-30 04:04:24,844 - logging_setup - INFO - Add Job Result - 'ast_condition' column found in the spreadsheet.
2026-01-30 04:04:24,851 - logging_setup - INFO - Add Job Result - Calculated Excel row index as 6 for job index 4
2026-01-30 04:04:24,859 - logging_setup - INFO - Add Job Result - Updated Job 4 with condition 'COMPLETE'.
2026-01-30 04:04:24,960 - logging_setup - INFO - Add Job Result - Saving Workbook with updated condition
2026-01-30 04:04:24,968 - logging_setup - INFO - Batch Ast: Job 4 completed successfully. Success counter is 3
2026-01-30 04:04:42,982 - logging_setup - INFO - 

2026-01-30 04:04:42,990 - logging_setup - INFO - ##########################################################################################################################
2026-01-30 04:04:42,998 - logging_setup - INFO - #
2026-01-30 04:04:43,005 - logging_setup - INFO - Running Add Job Results from Load Jobs Function
2026-01-30 04:04:43,013 - logging_setup - INFO - #
2026-01-30 04:04:43,020 - logging_setup - INFO - ##########################################################################################################################
2026-01-30 04:04:43,028 - logging_setup - INFO - 

2026-01-30 04:04:43,121 - logging_setup - INFO - Add Job Result - Workbook loaded
2026-01-30 04:04:43,128 - logging_setup - INFO - Add Job Result - 'ast_condition' column found in the spreadsheet.
2026-01-30 04:04:43,136 - logging_setup - INFO - Add Job Result - Calculated Excel row index as 3 for job index 1
2026-01-30 04:04:43,144 - logging_setup - INFO - Add Job Result - Updated Job 1 with condition 'COMPLETE'.
2026-01-30 04:04:43,246 - logging_setup - INFO - Add Job Result - Saving Workbook with updated condition
2026-01-30 04:04:43,254 - logging_setup - INFO - Batch Ast: Job 1 completed successfully. Success counter is 4
2026-01-30 04:04:59,267 - logging_setup - INFO - 

2026-01-30 04:04:59,275 - logging_setup - INFO - ##########################################################################################################################
2026-01-30 04:04:59,282 - logging_setup - INFO - #
2026-01-30 04:04:59,290 - logging_setup - INFO - Running Add Job Results from Load Jobs Function
2026-01-30 04:04:59,297 - logging_setup - INFO - #
2026-01-30 04:04:59,305 - logging_setup - INFO - ##########################################################################################################################
2026-01-30 04:04:59,313 - logging_setup - INFO - 

2026-01-30 04:04:59,390 - logging_setup - INFO - Add Job Result - Workbook loaded
2026-01-30 04:04:59,398 - logging_setup - INFO - Add Job Result - 'ast_condition' column found in the spreadsheet.
2026-01-30 04:04:59,405 - logging_setup - INFO - Add Job Result - Calculated Excel row index as 7 for job index 5
2026-01-30 04:04:59,413 - logging_setup - INFO - Add Job Result - Updated Job 5 with condition 'COMPLETE'.
2026-01-30 04:04:59,500 - logging_setup - INFO - Add Job Result - Saving Workbook with updated condition
2026-01-30 04:04:59,508 - logging_setup - INFO - Batch Ast: Job 5 completed successfully. Success counter is 5
2026-01-30 04:05:05,518 - logging_setup - INFO - 

2026-01-30 04:05:05,526 - logging_setup - INFO - ##########################################################################################################################
2026-01-30 04:05:05,534 - logging_setup - INFO - #
2026-01-30 04:05:05,541 - logging_setup - INFO - Running Add Job Results from Load Jobs Function
2026-01-30 04:05:05,549 - logging_setup - INFO - #
2026-01-30 04:05:05,556 - logging_setup - INFO - ##########################################################################################################################
2026-01-30 04:05:05,564 - logging_setup - INFO - 

2026-01-30 04:05:05,664 - logging_setup - INFO - Add Job Result - Workbook loaded
2026-01-30 04:05:05,672 - logging_setup - INFO - Add Job Result - 'ast_condition' column found in the spreadsheet.
2026-01-30 04:05:05,680 - logging_setup - INFO - Add Job Result - Calculated Excel row index as 8 for job index 6
2026-01-30 04:05:05,687 - logging_setup - INFO - Add Job Result - Updated Job 6 with condition 'COMPLETE'.
2026-01-30 04:05:05,794 - logging_setup - INFO - Add Job Result - Saving Workbook with updated condition
2026-01-30 04:05:05,802 - logging_setup - INFO - Batch Ast: Job 6 completed successfully. Success counter is 6
2026-01-30 04:05:17,814 - logging_setup - INFO - 

2026-01-30 04:05:17,822 - logging_setup - INFO - ##########################################################################################################################
2026-01-30 04:05:17,830 - logging_setup - INFO - #
2026-01-30 04:05:17,838 - logging_setup - INFO - Running Add Job Results from Load Jobs Function
2026-01-30 04:05:17,846 - logging_setup - INFO - #
2026-01-30 04:05:17,853 - logging_setup - INFO - ##########################################################################################################################
2026-01-30 04:05:17,861 - logging_setup - INFO - 

2026-01-30 04:05:17,964 - logging_setup - INFO - Add Job Result - Workbook loaded
2026-01-30 04:05:17,971 - logging_setup - INFO - Add Job Result - 'ast_condition' column found in the spreadsheet.
2026-01-30 04:05:17,979 - logging_setup - INFO - Add Job Result - Calculated Excel row index as 9 for job index 7
2026-01-30 04:05:17,987 - logging_setup - INFO - Add Job Result - Updated Job 7 with condition 'COMPLETE'.
2026-01-30 04:05:18,091 - logging_setup - INFO - Add Job Result - Saving Workbook with updated condition
2026-01-30 04:05:18,099 - logging_setup - INFO - Batch Ast: Job 7 completed successfully. Success counter is 7
2026-01-30 04:05:18,107 - logging_setup - INFO - Batch Ast: Summary - Success: 7, Worker Failed: 1, Timeout Failed: 0, Unknown: 0
2026-01-30 04:05:18,115 - logging_setup - INFO - 

2026-01-30 04:05:18,123 - logging_setup - INFO - Batch Ast Complete - Check separate worker log file for more details
2026-01-30 04:05:19,177 - logging_setup - INFO - Main: [jobs_13.xlsx] Initial batch processing complete
2026-01-30 04:05:19,185 - logging_setup - INFO - 
====================================================================================================
2026-01-30 04:05:19,193 - logging_setup - INFO -   >>> COMPLETED SPREADSHEET: jobs_13.xlsx <<<
2026-01-30 04:05:19,200 - logging_setup - INFO - ====================================================================================================

2026-01-30 04:05:19,209 - logging_setup - INFO - 
====================================================================================================
2026-01-30 04:05:19,216 - logging_setup - INFO - ====================================================================================================
2026-01-30 04:05:19,224 - logging_setup - INFO -   >>> PROCESSING SPREADSHEET: jobs_14.xlsx <<<
2026-01-30 04:05:19,231 - logging_setup - INFO - ====================================================================================================
2026-01-30 04:05:19,239 - logging_setup - INFO - ====================================================================================================

2026-01-30 04:05:19,340 - logging_setup - WARNING - Main: [jobs_14.xlsx] Error checking job status: 'Worksheet Sheet1 does not exist.' - will process anyway
2026-01-30 04:05:19,393 - logging_setup - WARNING - Main: [jobs_14.xlsx] Error checking job status: 'Worksheet Sheet1 does not exist.' - will process anyway
2026-01-30 04:05:19,401 - logging_setup - INFO - Main: [jobs_14.xlsx] Creating queuefile path for \\spatialfiles.bcgov\srm\gss\sandbox\csostad\Skeena 2026-2028 Shapefiles\shapefile\outputs\jobs_14.xlsx
2026-01-30 04:05:19,424 - logging_setup - INFO - Main: [jobs_14.xlsx] Loading jobs from \\spatialfiles.bcgov\srm\gss\sandbox\csostad\Skeena 2026-2028 Shapefiles\shapefile\outputs\jobs_14.xlsx
2026-01-30 04:05:19,432 - logging_setup - INFO - ##########################################################################################################################
2026-01-30 04:05:19,440 - logging_setup - INFO - #
2026-01-30 04:05:19,447 - logging_setup - INFO - Loading Jobs...
2026-01-30 04:05:19,455 - logging_setup - INFO - #
2026-01-30 04:05:19,463 - logging_setup - INFO - ##########################################################################################################################
2026-01-30 04:05:19,538 - logging_setup - INFO - 

2026-01-30 04:05:19,545 - logging_setup - INFO - -------------------------------------------------------------------------------
2026-01-30 04:05:19,553 - logging_setup - INFO - -                        Load Jobs: Start of Job 0                               -
2026-01-30 04:05:19,561 - logging_setup - INFO - -------------------------------------------------------------------------------
2026-01-30 04:05:19,568 - logging_setup - INFO - 

2026-01-30 04:05:19,576 - logging_setup - INFO - Load Jobs - Creating empty dictionary
2026-01-30 04:05:19,583 - logging_setup - INFO - Load Jobs - (Queued assigned to Job (0) is (Queued)
2026-01-30 04:05:19,592 - logging_setup - INFO - 

2026-01-30 04:05:19,600 - logging_setup - INFO - ##########################################################################################################################
2026-01-30 04:05:19,607 - logging_setup - INFO - #
2026-01-30 04:05:19,615 - logging_setup - INFO - Running Add Job Results from Load Jobs Function
2026-01-30 04:05:19,623 - logging_setup - INFO - #
2026-01-30 04:05:19,630 - logging_setup - INFO - ##########################################################################################################################
2026-01-30 04:05:19,638 - logging_setup - INFO - 

2026-01-30 04:05:19,679 - logging_setup - INFO - Add Job Result - Workbook loaded
2026-01-30 04:05:19,686 - logging_setup - INFO - Add Job Result - 'ast_condition' column found in the spreadsheet.
2026-01-30 04:05:19,694 - logging_setup - INFO - Add Job Result - Calculated Excel row index as 2 for job index 0
2026-01-30 04:05:19,702 - logging_setup - INFO - Add Job Result - Updated Job 0 with condition 'Queued'.
2026-01-30 04:05:19,775 - logging_setup - INFO - Add Job Result - Saving Workbook with updated condition
2026-01-30 04:05:19,782 - logging_setup - INFO - Load Jobs - Added job condition 'Queued' for job 0 to jobs list
2026-01-30 04:05:19,790 - logging_setup - INFO - Classifying input type for job 0
2026-01-30 04:05:19,798 - logging_setup - INFO - Classifying Input Type - Feature layer found: \\spatialfiles.bcgov\srm\gss\sandbox\csostad\Skeena 2026-2028 Shapefiles\shapefile\6407752\6407752.shp
2026-01-30 04:05:19,805 - logging_setup - INFO - Classifying Input Type - Processing feature layer: \\spatialfiles.bcgov\srm\gss\sandbox\csostad\Skeena 2026-2028 Shapefiles\shapefile\6407752\6407752.shp
2026-01-30 04:05:19,813 - logging_setup - INFO - Classifying Input Type - No FW File Number provided, using original shapefile path
2026-01-30 04:05:19,821 - logging_setup - INFO - Load Jobs - Job Condition is not Complete (Queued), adding job: 0 to jobs list
2026-01-30 04:05:19,828 - logging_setup - INFO - 

2026-01-30 04:05:19,836 - logging_setup - INFO - -------------------------------------------------------------------------------
2026-01-30 04:05:19,844 - logging_setup - INFO - -                        End of Job 0                                -
2026-01-30 04:05:19,851 - logging_setup - INFO - -------------------------------------------------------------------------------
2026-01-30 04:05:19,859 - logging_setup - INFO - 

2026-01-30 04:05:19,866 - logging_setup - INFO - 

2026-01-30 04:05:19,874 - logging_setup - INFO - -------------------------------------------------------------------------------
2026-01-30 04:05:19,882 - logging_setup - INFO - -                        Load Jobs: Start of Job 1                               -
2026-01-30 04:05:19,889 - logging_setup - INFO - -------------------------------------------------------------------------------
2026-01-30 04:05:19,897 - logging_setup - INFO - 

2026-01-30 04:05:19,905 - logging_setup - INFO - Load Jobs - Creating empty dictionary
2026-01-30 04:05:19,912 - logging_setup - INFO - Load Jobs - (Queued assigned to Job (1) is (Queued)
2026-01-30 04:05:19,920 - logging_setup - INFO - 

2026-01-30 04:05:19,928 - logging_setup - INFO - ##########################################################################################################################
2026-01-30 04:05:19,935 - logging_setup - INFO - #
2026-01-30 04:05:19,943 - logging_setup - INFO - Running Add Job Results from Load Jobs Function
2026-01-30 04:05:19,951 - logging_setup - INFO - #
2026-01-30 04:05:19,958 - logging_setup - INFO - ##########################################################################################################################
2026-01-30 04:05:19,966 - logging_setup - INFO - 

2026-01-30 04:05:20,043 - logging_setup - INFO - Add Job Result - Workbook loaded
2026-01-30 04:05:20,051 - logging_setup - INFO - Add Job Result - 'ast_condition' column found in the spreadsheet.
2026-01-30 04:05:20,059 - logging_setup - INFO - Add Job Result - Calculated Excel row index as 3 for job index 1
2026-01-30 04:05:20,066 - logging_setup - INFO - Add Job Result - Updated Job 1 with condition 'Queued'.
2026-01-30 04:05:20,153 - logging_setup - INFO - Add Job Result - Saving Workbook with updated condition
2026-01-30 04:05:20,161 - logging_setup - INFO - Load Jobs - Added job condition 'Queued' for job 1 to jobs list
2026-01-30 04:05:20,169 - logging_setup - INFO - Classifying input type for job 1
2026-01-30 04:05:20,176 - logging_setup - INFO - Classifying Input Type - Feature layer found: \\spatialfiles.bcgov\srm\gss\sandbox\csostad\Skeena 2026-2028 Shapefiles\shapefile\6407758\6407758.shp
2026-01-30 04:05:20,184 - logging_setup - INFO - Classifying Input Type - Processing feature layer: \\spatialfiles.bcgov\srm\gss\sandbox\csostad\Skeena 2026-2028 Shapefiles\shapefile\6407758\6407758.shp
2026-01-30 04:05:20,192 - logging_setup - INFO - Classifying Input Type - No FW File Number provided, using original shapefile path
2026-01-30 04:05:20,200 - logging_setup - INFO - Load Jobs - Job Condition is not Complete (Queued), adding job: 1 to jobs list
2026-01-30 04:05:20,207 - logging_setup - INFO - 

2026-01-30 04:05:20,215 - logging_setup - INFO - -------------------------------------------------------------------------------
2026-01-30 04:05:20,222 - logging_setup - INFO - -                        End of Job 1                                -
2026-01-30 04:05:20,230 - logging_setup - INFO - -------------------------------------------------------------------------------
2026-01-30 04:05:20,238 - logging_setup - INFO - 

2026-01-30 04:05:20,245 - logging_setup - INFO - 

2026-01-30 04:05:20,253 - logging_setup - INFO - -------------------------------------------------------------------------------
2026-01-30 04:05:20,261 - logging_setup - INFO - -                        Load Jobs: Start of Job 2                               -
2026-01-30 04:05:20,268 - logging_setup - INFO - -------------------------------------------------------------------------------
2026-01-30 04:05:20,276 - logging_setup - INFO - 

2026-01-30 04:05:20,283 - logging_setup - INFO - Load Jobs - Creating empty dictionary
2026-01-30 04:05:20,291 - logging_setup - INFO - Load Jobs - (Queued assigned to Job (2) is (Queued)
2026-01-30 04:05:20,299 - logging_setup - INFO - 

2026-01-30 04:05:20,306 - logging_setup - INFO - ##########################################################################################################################
2026-01-30 04:05:20,314 - logging_setup - INFO - #
2026-01-30 04:05:20,321 - logging_setup - INFO - Running Add Job Results from Load Jobs Function
2026-01-30 04:05:20,329 - logging_setup - INFO - #
2026-01-30 04:05:20,337 - logging_setup - INFO - ##########################################################################################################################
2026-01-30 04:05:20,344 - logging_setup - INFO - 

2026-01-30 04:05:20,422 - logging_setup - INFO - Add Job Result - Workbook loaded
2026-01-30 04:05:20,429 - logging_setup - INFO - Add Job Result - 'ast_condition' column found in the spreadsheet.
2026-01-30 04:05:20,437 - logging_setup - INFO - Add Job Result - Calculated Excel row index as 4 for job index 2
2026-01-30 04:05:20,445 - logging_setup - INFO - Add Job Result - Updated Job 2 with condition 'Queued'.
2026-01-30 04:05:20,533 - logging_setup - INFO - Add Job Result - Saving Workbook with updated condition
2026-01-30 04:05:20,540 - logging_setup - INFO - Load Jobs - Added job condition 'Queued' for job 2 to jobs list
2026-01-30 04:05:20,548 - logging_setup - INFO - Classifying input type for job 2
2026-01-30 04:05:20,556 - logging_setup - INFO - Classifying Input Type - Feature layer found: \\spatialfiles.bcgov\srm\gss\sandbox\csostad\Skeena 2026-2028 Shapefiles\shapefile\6407761\6407761.shp
2026-01-30 04:05:20,564 - logging_setup - INFO - Classifying Input Type - Processing feature layer: \\spatialfiles.bcgov\srm\gss\sandbox\csostad\Skeena 2026-2028 Shapefiles\shapefile\6407761\6407761.shp
2026-01-30 04:05:20,571 - logging_setup - INFO - Classifying Input Type - No FW File Number provided, using original shapefile path
2026-01-30 04:05:20,579 - logging_setup - INFO - Load Jobs - Job Condition is not Complete (Queued), adding job: 2 to jobs list
2026-01-30 04:05:20,586 - logging_setup - INFO - 

2026-01-30 04:05:20,594 - logging_setup - INFO - -------------------------------------------------------------------------------
2026-01-30 04:05:20,602 - logging_setup - INFO - -                        End of Job 2                                -
2026-01-30 04:05:20,609 - logging_setup - INFO - -------------------------------------------------------------------------------
2026-01-30 04:05:20,617 - logging_setup - INFO - 

2026-01-30 04:05:20,625 - logging_setup - INFO - 

2026-01-30 04:05:20,632 - logging_setup - INFO - -------------------------------------------------------------------------------
2026-01-30 04:05:20,640 - logging_setup - INFO - -                        Load Jobs: Start of Job 3                               -
2026-01-30 04:05:20,647 - logging_setup - INFO - -------------------------------------------------------------------------------
2026-01-30 04:05:20,655 - logging_setup - INFO - 

2026-01-30 04:05:20,663 - logging_setup - INFO - Load Jobs - Creating empty dictionary
2026-01-30 04:05:20,670 - logging_setup - INFO - Load Jobs - (Queued assigned to Job (3) is (Queued)
2026-01-30 04:05:20,678 - logging_setup - INFO - 

2026-01-30 04:05:20,686 - logging_setup - INFO - ##########################################################################################################################
2026-01-30 04:05:20,693 - logging_setup - INFO - #
2026-01-30 04:05:20,701 - logging_setup - INFO - Running Add Job Results from Load Jobs Function
2026-01-30 04:05:20,708 - logging_setup - INFO - #
2026-01-30 04:05:20,716 - logging_setup - INFO - ##########################################################################################################################
2026-01-30 04:05:20,724 - logging_setup - INFO - 

2026-01-30 04:05:20,803 - logging_setup - INFO - Add Job Result - Workbook loaded
2026-01-30 04:05:20,811 - logging_setup - INFO - Add Job Result - 'ast_condition' column found in the spreadsheet.
2026-01-30 04:05:20,818 - logging_setup - INFO - Add Job Result - Calculated Excel row index as 5 for job index 3
2026-01-30 04:05:20,826 - logging_setup - INFO - Add Job Result - Updated Job 3 with condition 'Queued'.
2026-01-30 04:05:20,913 - logging_setup - INFO - Add Job Result - Saving Workbook with updated condition
2026-01-30 04:05:20,921 - logging_setup - INFO - Load Jobs - Added job condition 'Queued' for job 3 to jobs list
2026-01-30 04:05:20,929 - logging_setup - INFO - Classifying input type for job 3
2026-01-30 04:05:20,936 - logging_setup - INFO - Classifying Input Type - Feature layer found: \\spatialfiles.bcgov\srm\gss\sandbox\csostad\Skeena 2026-2028 Shapefiles\shapefile\6407789\6407789.shp
2026-01-30 04:05:20,944 - logging_setup - INFO - Classifying Input Type - Processing feature layer: \\spatialfiles.bcgov\srm\gss\sandbox\csostad\Skeena 2026-2028 Shapefiles\shapefile\6407789\6407789.shp
2026-01-30 04:05:20,952 - logging_setup - INFO - Classifying Input Type - No FW File Number provided, using original shapefile path
2026-01-30 04:05:20,959 - logging_setup - INFO - Load Jobs - Job Condition is not Complete (Queued), adding job: 3 to jobs list
2026-01-30 04:05:20,967 - logging_setup - INFO - 

2026-01-30 04:05:20,975 - logging_setup - INFO - -------------------------------------------------------------------------------
2026-01-30 04:05:20,982 - logging_setup - INFO - -                        End of Job 3                                -
2026-01-30 04:05:20,990 - logging_setup - INFO - -------------------------------------------------------------------------------
2026-01-30 04:05:20,997 - logging_setup - INFO - 

2026-01-30 04:05:21,005 - logging_setup - INFO - 

2026-01-30 04:05:21,013 - logging_setup - INFO - -------------------------------------------------------------------------------
2026-01-30 04:05:21,020 - logging_setup - INFO - -                        Load Jobs: Start of Job 4                               -
2026-01-30 04:05:21,028 - logging_setup - INFO - -------------------------------------------------------------------------------
2026-01-30 04:05:21,035 - logging_setup - INFO - 

2026-01-30 04:05:21,043 - logging_setup - INFO - Load Jobs - Creating empty dictionary
2026-01-30 04:05:21,051 - logging_setup - INFO - Load Jobs - (Queued assigned to Job (4) is (Queued)
2026-01-30 04:05:21,058 - logging_setup - INFO - 

2026-01-30 04:05:21,066 - logging_setup - INFO - ##########################################################################################################################
2026-01-30 04:05:21,073 - logging_setup - INFO - #
2026-01-30 04:05:21,081 - logging_setup - INFO - Running Add Job Results from Load Jobs Function
2026-01-30 04:05:21,089 - logging_setup - INFO - #
2026-01-30 04:05:21,096 - logging_setup - INFO - ##########################################################################################################################
2026-01-30 04:05:21,104 - logging_setup - INFO - 

2026-01-30 04:05:21,181 - logging_setup - INFO - Add Job Result - Workbook loaded
2026-01-30 04:05:21,189 - logging_setup - INFO - Add Job Result - 'ast_condition' column found in the spreadsheet.
2026-01-30 04:05:21,196 - logging_setup - INFO - Add Job Result - Calculated Excel row index as 6 for job index 4
2026-01-30 04:05:21,204 - logging_setup - INFO - Add Job Result - Updated Job 4 with condition 'Queued'.
2026-01-30 04:05:21,291 - logging_setup - INFO - Add Job Result - Saving Workbook with updated condition
2026-01-30 04:05:21,299 - logging_setup - INFO - Load Jobs - Added job condition 'Queued' for job 4 to jobs list
2026-01-30 04:05:21,307 - logging_setup - INFO - Classifying input type for job 4
2026-01-30 04:05:21,314 - logging_setup - INFO - Classifying Input Type - Feature layer found: \\spatialfiles.bcgov\srm\gss\sandbox\csostad\Skeena 2026-2028 Shapefiles\shapefile\6407848\6407848.shp
2026-01-30 04:05:21,322 - logging_setup - INFO - Classifying Input Type - Processing feature layer: \\spatialfiles.bcgov\srm\gss\sandbox\csostad\Skeena 2026-2028 Shapefiles\shapefile\6407848\6407848.shp
2026-01-30 04:05:21,331 - logging_setup - INFO - Classifying Input Type - No FW File Number provided, using original shapefile path
2026-01-30 04:05:21,339 - logging_setup - INFO - Load Jobs - Job Condition is not Complete (Queued), adding job: 4 to jobs list
2026-01-30 04:05:21,346 - logging_setup - INFO - 

2026-01-30 04:05:21,354 - logging_setup - INFO - -------------------------------------------------------------------------------
2026-01-30 04:05:21,362 - logging_setup - INFO - -                        End of Job 4                                -
2026-01-30 04:05:21,369 - logging_setup - INFO - -------------------------------------------------------------------------------
2026-01-30 04:05:21,377 - logging_setup - INFO - 

2026-01-30 04:05:21,384 - logging_setup - INFO - 

2026-01-30 04:05:21,392 - logging_setup - INFO - -------------------------------------------------------------------------------
2026-01-30 04:05:21,400 - logging_setup - INFO - -                        Load Jobs: Start of Job 5                               -
2026-01-30 04:05:21,407 - logging_setup - INFO - -------------------------------------------------------------------------------
2026-01-30 04:05:21,415 - logging_setup - INFO - 

2026-01-30 04:05:21,422 - logging_setup - INFO - Load Jobs - Creating empty dictionary
2026-01-30 04:05:21,430 - logging_setup - INFO - Load Jobs - (Queued assigned to Job (5) is (Queued)
2026-01-30 04:05:21,438 - logging_setup - INFO - 

2026-01-30 04:05:21,445 - logging_setup - INFO - ##########################################################################################################################
2026-01-30 04:05:21,453 - logging_setup - INFO - #
2026-01-30 04:05:21,460 - logging_setup - INFO - Running Add Job Results from Load Jobs Function
2026-01-30 04:05:21,468 - logging_setup - INFO - #
2026-01-30 04:05:21,475 - logging_setup - INFO - ##########################################################################################################################
2026-01-30 04:05:21,483 - logging_setup - INFO - 

2026-01-30 04:05:21,559 - logging_setup - INFO - Add Job Result - Workbook loaded
2026-01-30 04:05:21,567 - logging_setup - INFO - Add Job Result - 'ast_condition' column found in the spreadsheet.
2026-01-30 04:05:21,574 - logging_setup - INFO - Add Job Result - Calculated Excel row index as 7 for job index 5
2026-01-30 04:05:21,582 - logging_setup - INFO - Add Job Result - Updated Job 5 with condition 'Queued'.
2026-01-30 04:05:21,669 - logging_setup - INFO - Add Job Result - Saving Workbook with updated condition
2026-01-30 04:05:21,677 - logging_setup - INFO - Load Jobs - Added job condition 'Queued' for job 5 to jobs list
2026-01-30 04:05:21,684 - logging_setup - INFO - Classifying input type for job 5
2026-01-30 04:05:21,692 - logging_setup - INFO - Classifying Input Type - Feature layer found: \\spatialfiles.bcgov\srm\gss\sandbox\csostad\Skeena 2026-2028 Shapefiles\shapefile\6407854\6407854.shp
2026-01-30 04:05:21,700 - logging_setup - INFO - Classifying Input Type - Processing feature layer: \\spatialfiles.bcgov\srm\gss\sandbox\csostad\Skeena 2026-2028 Shapefiles\shapefile\6407854\6407854.shp
2026-01-30 04:05:21,710 - logging_setup - INFO - Classifying Input Type - No FW File Number provided, using original shapefile path
2026-01-30 04:05:21,718 - logging_setup - INFO - Load Jobs - Job Condition is not Complete (Queued), adding job: 5 to jobs list
2026-01-30 04:05:21,725 - logging_setup - INFO - 

2026-01-30 04:05:21,733 - logging_setup - INFO - -------------------------------------------------------------------------------
2026-01-30 04:05:21,740 - logging_setup - INFO - -                        End of Job 5                                -
2026-01-30 04:05:21,748 - logging_setup - INFO - -------------------------------------------------------------------------------
2026-01-30 04:05:21,756 - logging_setup - INFO - 

2026-01-30 04:05:21,763 - logging_setup - INFO - 

2026-01-30 04:05:21,771 - logging_setup - INFO - -------------------------------------------------------------------------------
2026-01-30 04:05:21,779 - logging_setup - INFO - -                        Load Jobs: Start of Job 6                               -
2026-01-30 04:05:21,786 - logging_setup - INFO - -------------------------------------------------------------------------------
2026-01-30 04:05:21,794 - logging_setup - INFO - 

2026-01-30 04:05:21,801 - logging_setup - INFO - Load Jobs - Creating empty dictionary
2026-01-30 04:05:21,809 - logging_setup - INFO - Load Jobs - (Queued assigned to Job (6) is (Queued)
2026-01-30 04:05:21,817 - logging_setup - INFO - 

2026-01-30 04:05:21,824 - logging_setup - INFO - ##########################################################################################################################
2026-01-30 04:05:21,832 - logging_setup - INFO - #
2026-01-30 04:05:21,839 - logging_setup - INFO - Running Add Job Results from Load Jobs Function
2026-01-30 04:05:21,847 - logging_setup - INFO - #
2026-01-30 04:05:21,855 - logging_setup - INFO - ##########################################################################################################################
2026-01-30 04:05:21,863 - logging_setup - INFO - 

2026-01-30 04:05:21,942 - logging_setup - INFO - Add Job Result - Workbook loaded
2026-01-30 04:05:21,950 - logging_setup - INFO - Add Job Result - 'ast_condition' column found in the spreadsheet.
2026-01-30 04:05:21,958 - logging_setup - INFO - Add Job Result - Calculated Excel row index as 8 for job index 6
2026-01-30 04:05:21,965 - logging_setup - INFO - Add Job Result - Updated Job 6 with condition 'Queued'.
2026-01-30 04:05:22,053 - logging_setup - INFO - Add Job Result - Saving Workbook with updated condition
2026-01-30 04:05:22,061 - logging_setup - INFO - Load Jobs - Added job condition 'Queued' for job 6 to jobs list
2026-01-30 04:05:22,069 - logging_setup - INFO - Classifying input type for job 6
2026-01-30 04:05:22,076 - logging_setup - INFO - Classifying Input Type - Feature layer found: \\spatialfiles.bcgov\srm\gss\sandbox\csostad\Skeena 2026-2028 Shapefiles\shapefile\6407863\6407863.shp
2026-01-30 04:05:22,084 - logging_setup - INFO - Classifying Input Type - Processing feature layer: \\spatialfiles.bcgov\srm\gss\sandbox\csostad\Skeena 2026-2028 Shapefiles\shapefile\6407863\6407863.shp
2026-01-30 04:05:22,092 - logging_setup - INFO - Classifying Input Type - No FW File Number provided, using original shapefile path
2026-01-30 04:05:22,099 - logging_setup - INFO - Load Jobs - Job Condition is not Complete (Queued), adding job: 6 to jobs list
2026-01-30 04:05:22,107 - logging_setup - INFO - 

2026-01-30 04:05:22,115 - logging_setup - INFO - -------------------------------------------------------------------------------
2026-01-30 04:05:22,122 - logging_setup - INFO - -                        End of Job 6                                -
2026-01-30 04:05:22,130 - logging_setup - INFO - -------------------------------------------------------------------------------
2026-01-30 04:05:22,137 - logging_setup - INFO - 

2026-01-30 04:05:22,145 - logging_setup - INFO - 

2026-01-30 04:05:22,153 - logging_setup - INFO - -------------------------------------------------------------------------------
2026-01-30 04:05:22,160 - logging_setup - INFO - -                        Load Jobs: Start of Job 7                               -
2026-01-30 04:05:22,168 - logging_setup - INFO - -------------------------------------------------------------------------------
2026-01-30 04:05:22,175 - logging_setup - INFO - 

2026-01-30 04:05:22,183 - logging_setup - INFO - Load Jobs - Creating empty dictionary
2026-01-30 04:05:22,191 - logging_setup - INFO - Load Jobs - (Queued assigned to Job (7) is (Queued)
2026-01-30 04:05:22,199 - logging_setup - INFO - 

2026-01-30 04:05:22,206 - logging_setup - INFO - ##########################################################################################################################
2026-01-30 04:05:22,214 - logging_setup - INFO - #
2026-01-30 04:05:22,222 - logging_setup - INFO - Running Add Job Results from Load Jobs Function
2026-01-30 04:05:22,229 - logging_setup - INFO - #
2026-01-30 04:05:22,237 - logging_setup - INFO - ##########################################################################################################################
2026-01-30 04:05:22,244 - logging_setup - INFO - 

2026-01-30 04:05:22,322 - logging_setup - INFO - Add Job Result - Workbook loaded
2026-01-30 04:05:22,330 - logging_setup - INFO - Add Job Result - 'ast_condition' column found in the spreadsheet.
2026-01-30 04:05:22,337 - logging_setup - INFO - Add Job Result - Calculated Excel row index as 9 for job index 7
2026-01-30 04:05:22,345 - logging_setup - INFO - Add Job Result - Updated Job 7 with condition 'Queued'.
2026-01-30 04:05:22,432 - logging_setup - INFO - Add Job Result - Saving Workbook with updated condition
2026-01-30 04:05:22,440 - logging_setup - INFO - Load Jobs - Added job condition 'Queued' for job 7 to jobs list
2026-01-30 04:05:22,448 - logging_setup - INFO - Classifying input type for job 7
2026-01-30 04:05:22,455 - logging_setup - INFO - Classifying Input Type - Feature layer found: \\spatialfiles.bcgov\srm\gss\sandbox\csostad\Skeena 2026-2028 Shapefiles\shapefile\6408148\6408148.shp
2026-01-30 04:05:22,463 - logging_setup - INFO - Classifying Input Type - Processing feature layer: \\spatialfiles.bcgov\srm\gss\sandbox\csostad\Skeena 2026-2028 Shapefiles\shapefile\6408148\6408148.shp
2026-01-30 04:05:22,471 - logging_setup - INFO - Classifying Input Type - No FW File Number provided, using original shapefile path
2026-01-30 04:05:22,479 - logging_setup - INFO - Load Jobs - Job Condition is not Complete (Queued), adding job: 7 to jobs list
2026-01-30 04:05:22,486 - logging_setup - INFO - 

2026-01-30 04:05:22,494 - logging_setup - INFO - -------------------------------------------------------------------------------
2026-01-30 04:05:22,501 - logging_setup - INFO - -                        End of Job 7                                -
2026-01-30 04:05:22,509 - logging_setup - INFO - -------------------------------------------------------------------------------
2026-01-30 04:05:22,517 - logging_setup - INFO - 

2026-01-30 04:05:22,524 - logging_setup - INFO - Main: [jobs_14.xlsx] Batching jobs for \\spatialfiles.bcgov\srm\gss\sandbox\csostad\Skeena 2026-2028 Shapefiles\shapefile\outputs\jobs_14.xlsx (initial attempt)
2026-01-30 04:05:22,532 - logging_setup - INFO - 

2026-01-30 04:05:22,540 - logging_setup - INFO - ##########################################################################################################################
2026-01-30 04:05:22,547 - logging_setup - INFO - #
2026-01-30 04:05:22,555 - logging_setup - INFO - Batch AST: Batching Jobs with Multiprocessing...
2026-01-30 04:05:22,562 - logging_setup - INFO - #
2026-01-30 04:05:22,570 - logging_setup - INFO - ##########################################################################################################################
2026-01-30 04:05:22,578 - logging_setup - INFO - 

2026-01-30 04:05:22,585 - logging_setup - INFO - Batch Ast: Timeout monitoring DISABLED - jobs will run to completion
2026-01-30 04:07:29,841 - logging_setup - INFO - Batch Ast: Starting job 0
2026-01-30 04:07:37,800 - logging_setup - INFO - Batch Ast: Queued Job 0.....Multiproccessing started......
2026-01-30 04:07:37,808 - logging_setup - INFO - Batch Ast: Starting job 1
2026-01-30 04:07:45,051 - logging_setup - INFO - Batch Ast: Queued Job 1.....Multiproccessing started......
2026-01-30 04:07:45,059 - logging_setup - INFO - Batch Ast: Starting job 2
2026-01-30 04:07:52,927 - logging_setup - INFO - Batch Ast: Queued Job 2.....Multiproccessing started......
2026-01-30 04:07:52,935 - logging_setup - INFO - Batch Ast: Starting job 3
2026-01-30 04:08:00,225 - logging_setup - INFO - Batch Ast: Queued Job 3.....Multiproccessing started......
2026-01-30 04:08:00,233 - logging_setup - INFO - Batch Ast: Starting job 4
2026-01-30 04:08:08,245 - logging_setup - INFO - Batch Ast: Queued Job 4.....Multiproccessing started......
2026-01-30 04:08:08,253 - logging_setup - INFO - Batch Ast: Starting job 5
2026-01-30 04:08:15,688 - logging_setup - INFO - Batch Ast: Queued Job 5.....Multiproccessing started......
2026-01-30 04:08:15,696 - logging_setup - INFO - Batch Ast: Starting job 6
2026-01-30 04:08:23,950 - logging_setup - INFO - Batch Ast: Queued Job 6.....Multiproccessing started......
2026-01-30 04:08:23,958 - logging_setup - INFO - Batch Ast: Starting job 7
2026-01-30 04:08:32,789 - logging_setup - INFO - Batch Ast: Queued Job 7.....Multiproccessing started......
2026-01-30 04:08:32,797 - logging_setup - INFO - Batch Ast: Monitoring 8 jobs in parallel (NO timeout)
2026-01-30 08:45:14,588 - logging_setup - INFO - 

2026-01-30 08:45:14,596 - logging_setup - INFO - ##########################################################################################################################
2026-01-30 08:45:14,604 - logging_setup - INFO - #
2026-01-30 08:45:14,611 - logging_setup - INFO - Running Add Job Results from Load Jobs Function
2026-01-30 08:45:14,618 - logging_setup - INFO - #
2026-01-30 08:45:14,626 - logging_setup - INFO - ##########################################################################################################################
2026-01-30 08:45:14,634 - logging_setup - INFO - 

2026-01-30 08:45:14,733 - logging_setup - INFO - Add Job Result - Workbook loaded
2026-01-30 08:45:14,740 - logging_setup - INFO - Add Job Result - 'ast_condition' column found in the spreadsheet.
2026-01-30 08:45:14,748 - logging_setup - INFO - Add Job Result - Calculated Excel row index as 4 for job index 2
2026-01-30 08:45:14,755 - logging_setup - INFO - Add Job Result - Updated Job 2 with condition 'COMPLETE'.
2026-01-30 08:45:14,841 - logging_setup - INFO - Add Job Result - Saving Workbook with updated condition
2026-01-30 08:45:14,848 - logging_setup - INFO - Batch Ast: Job 2 completed successfully. Success counter is 1
2026-01-30 08:45:44,866 - logging_setup - INFO - 

2026-01-30 08:45:44,874 - logging_setup - INFO - ##########################################################################################################################
2026-01-30 08:45:44,881 - logging_setup - INFO - #
2026-01-30 08:45:44,889 - logging_setup - INFO - Running Add Job Results from Load Jobs Function
2026-01-30 08:45:44,897 - logging_setup - INFO - #
2026-01-30 08:45:44,904 - logging_setup - INFO - ##########################################################################################################################
2026-01-30 08:45:44,912 - logging_setup - INFO - 

2026-01-30 08:45:45,012 - logging_setup - INFO - Add Job Result - Workbook loaded
2026-01-30 08:45:45,020 - logging_setup - INFO - Add Job Result - 'ast_condition' column found in the spreadsheet.
2026-01-30 08:45:45,027 - logging_setup - INFO - Add Job Result - Calculated Excel row index as 2 for job index 0
2026-01-30 08:45:45,035 - logging_setup - INFO - Add Job Result - Updated Job 0 with condition 'COMPLETE'.
2026-01-30 08:45:45,122 - logging_setup - INFO - Add Job Result - Saving Workbook with updated condition
2026-01-30 08:45:45,130 - logging_setup - INFO - Batch Ast: Job 0 completed successfully. Success counter is 2
2026-01-30 08:48:25,192 - logging_setup - INFO - 

2026-01-30 08:48:25,200 - logging_setup - INFO - ##########################################################################################################################
2026-01-30 08:48:25,207 - logging_setup - INFO - #
2026-01-30 08:48:25,215 - logging_setup - INFO - Running Add Job Results from Load Jobs Function
2026-01-30 08:48:25,223 - logging_setup - INFO - #
2026-01-30 08:48:25,230 - logging_setup - INFO - ##########################################################################################################################
2026-01-30 08:48:25,238 - logging_setup - INFO - 

2026-01-30 08:48:25,329 - logging_setup - INFO - Add Job Result - Workbook loaded
2026-01-30 08:48:25,337 - logging_setup - INFO - Add Job Result - 'ast_condition' column found in the spreadsheet.
2026-01-30 08:48:25,344 - logging_setup - INFO - Add Job Result - Calculated Excel row index as 5 for job index 3
2026-01-30 08:48:25,352 - logging_setup - INFO - Add Job Result - Updated Job 3 with condition 'COMPLETE'.
2026-01-30 08:48:25,452 - logging_setup - INFO - Add Job Result - Saving Workbook with updated condition
2026-01-30 08:48:25,460 - logging_setup - INFO - Batch Ast: Job 3 completed successfully. Success counter is 3
2026-01-30 08:48:41,473 - logging_setup - INFO - 

2026-01-30 08:48:41,481 - logging_setup - INFO - ##########################################################################################################################
2026-01-30 08:48:41,488 - logging_setup - INFO - #
2026-01-30 08:48:41,496 - logging_setup - INFO - Running Add Job Results from Load Jobs Function
2026-01-30 08:48:41,503 - logging_setup - INFO - #
2026-01-30 08:48:41,510 - logging_setup - INFO - ##########################################################################################################################
2026-01-30 08:48:41,518 - logging_setup - INFO - 

2026-01-30 08:48:41,619 - logging_setup - INFO - Add Job Result - Workbook loaded
2026-01-30 08:48:41,627 - logging_setup - INFO - Add Job Result - 'ast_condition' column found in the spreadsheet.
2026-01-30 08:48:41,635 - logging_setup - INFO - Add Job Result - Calculated Excel row index as 8 for job index 6
2026-01-30 08:48:41,642 - logging_setup - INFO - Add Job Result - Updated Job 6 with condition 'COMPLETE'.
2026-01-30 08:48:41,728 - logging_setup - INFO - Add Job Result - Saving Workbook with updated condition
2026-01-30 08:48:41,736 - logging_setup - INFO - Batch Ast: Job 6 completed successfully. Success counter is 4
2026-01-30 08:49:33,762 - logging_setup - INFO - 

2026-01-30 08:49:33,769 - logging_setup - INFO - ##########################################################################################################################
2026-01-30 08:49:33,777 - logging_setup - INFO - #
2026-01-30 08:49:33,784 - logging_setup - INFO - Running Add Job Results from Load Jobs Function
2026-01-30 08:49:33,792 - logging_setup - INFO - #
2026-01-30 08:49:33,799 - logging_setup - INFO - ##########################################################################################################################
2026-01-30 08:49:33,807 - logging_setup - INFO - 

2026-01-30 08:49:33,917 - logging_setup - ERROR - Unexpected error while adding job result: File is not a zip file
2026-01-30 08:49:33,924 - logging_setup - INFO - Batch Ast: Job 5 completed successfully. Success counter is 5
2026-01-30 08:49:43,936 - logging_setup - INFO - 

2026-01-30 08:49:43,944 - logging_setup - INFO - ##########################################################################################################################
2026-01-30 08:49:43,951 - logging_setup - INFO - #
2026-01-30 08:49:43,959 - logging_setup - INFO - Running Add Job Results from Load Jobs Function
2026-01-30 08:49:43,966 - logging_setup - INFO - #
2026-01-30 08:49:43,974 - logging_setup - INFO - ##########################################################################################################################
2026-01-30 08:49:43,981 - logging_setup - INFO - 

2026-01-30 08:49:44,080 - logging_setup - INFO - Add Job Result - Workbook loaded
2026-01-30 08:49:44,088 - logging_setup - INFO - Add Job Result - 'ast_condition' column found in the spreadsheet.
2026-01-30 08:49:44,095 - logging_setup - INFO - Add Job Result - Calculated Excel row index as 6 for job index 4
2026-01-30 08:49:44,103 - logging_setup - INFO - Add Job Result - Updated Job 4 with condition 'COMPLETE'.
2026-01-30 08:49:44,195 - logging_setup - INFO - Add Job Result - Saving Workbook with updated condition
2026-01-30 08:49:44,203 - logging_setup - INFO - Batch Ast: Job 4 completed successfully. Success counter is 6
2026-01-30 08:54:00,300 - logging_setup - INFO - 

2026-01-30 08:54:00,308 - logging_setup - INFO - ##########################################################################################################################
2026-01-30 08:54:00,315 - logging_setup - INFO - #
2026-01-30 08:54:00,322 - logging_setup - INFO - Running Add Job Results from Load Jobs Function
2026-01-30 08:54:00,330 - logging_setup - INFO - #
2026-01-30 08:54:00,338 - logging_setup - INFO - ##########################################################################################################################
2026-01-30 08:54:00,345 - logging_setup - INFO - 

2026-01-30 08:54:00,445 - logging_setup - INFO - Add Job Result - Workbook loaded
2026-01-30 08:54:00,453 - logging_setup - INFO - Add Job Result - 'ast_condition' column found in the spreadsheet.
2026-01-30 08:54:00,460 - logging_setup - INFO - Add Job Result - Calculated Excel row index as 3 for job index 1
2026-01-30 08:54:00,468 - logging_setup - INFO - Add Job Result - Updated Job 1 with condition 'COMPLETE'.
2026-01-30 08:54:00,569 - logging_setup - INFO - Add Job Result - Saving Workbook with updated condition
2026-01-30 08:54:00,577 - logging_setup - INFO - Batch Ast: Job 1 completed successfully. Success counter is 7
2026-01-30 08:56:38,639 - logging_setup - INFO - 

2026-01-30 08:56:38,647 - logging_setup - INFO - ##########################################################################################################################
2026-01-30 08:56:38,654 - logging_setup - INFO - #
2026-01-30 08:56:38,662 - logging_setup - INFO - Running Add Job Results from Load Jobs Function
2026-01-30 08:56:38,669 - logging_setup - INFO - #
2026-01-30 08:56:38,677 - logging_setup - INFO - ##########################################################################################################################
2026-01-30 08:56:38,685 - logging_setup - INFO - 

2026-01-30 08:56:38,785 - logging_setup - INFO - Add Job Result - Workbook loaded
2026-01-30 08:56:38,793 - logging_setup - INFO - Add Job Result - 'ast_condition' column found in the spreadsheet.
2026-01-30 08:56:38,800 - logging_setup - INFO - Add Job Result - Calculated Excel row index as 9 for job index 7
2026-01-30 08:56:38,808 - logging_setup - INFO - Add Job Result - Updated Job 7 with condition 'COMPLETE'.
2026-01-30 08:56:38,911 - logging_setup - INFO - Add Job Result - Saving Workbook with updated condition
2026-01-30 08:56:38,919 - logging_setup - INFO - Batch Ast: Job 7 completed successfully. Success counter is 8
2026-01-30 08:56:38,926 - logging_setup - INFO - Batch Ast: Summary - Success: 8, Worker Failed: 0, Timeout Failed: 0, Unknown: 0
2026-01-30 08:56:38,934 - logging_setup - INFO - 

2026-01-30 08:56:38,942 - logging_setup - INFO - Batch Ast Complete - Check separate worker log file for more details
2026-01-30 08:56:39,997 - logging_setup - INFO - Main: [jobs_14.xlsx] Initial batch processing complete
2026-01-30 08:56:40,005 - logging_setup - INFO - 
====================================================================================================
2026-01-30 08:56:40,013 - logging_setup - INFO -   >>> COMPLETED SPREADSHEET: jobs_14.xlsx <<<
2026-01-30 08:56:40,020 - logging_setup - INFO - ====================================================================================================

2026-01-30 08:56:40,028 - logging_setup - INFO - 
====================================================================================================
2026-01-30 08:56:40,036 - logging_setup - INFO - ====================================================================================================
2026-01-30 08:56:40,043 - logging_setup - INFO -   >>> PROCESSING SPREADSHEET: jobs_15.xlsx <<<
2026-01-30 08:56:40,051 - logging_setup - INFO - ====================================================================================================
2026-01-30 08:56:40,058 - logging_setup - INFO - ====================================================================================================

2026-01-30 08:56:40,160 - logging_setup - WARNING - Main: [jobs_15.xlsx] Error checking job status: 'Worksheet Sheet1 does not exist.' - will process anyway
2026-01-30 08:56:40,212 - logging_setup - WARNING - Main: [jobs_15.xlsx] Error checking job status: 'Worksheet Sheet1 does not exist.' - will process anyway
2026-01-30 08:56:40,220 - logging_setup - INFO - Main: [jobs_15.xlsx] Creating queuefile path for \\spatialfiles.bcgov\srm\gss\sandbox\csostad\Skeena 2026-2028 Shapefiles\shapefile\outputs\jobs_15.xlsx
2026-01-30 08:56:40,245 - logging_setup - INFO - Main: [jobs_15.xlsx] Loading jobs from \\spatialfiles.bcgov\srm\gss\sandbox\csostad\Skeena 2026-2028 Shapefiles\shapefile\outputs\jobs_15.xlsx
2026-01-30 08:56:40,252 - logging_setup - INFO - ##########################################################################################################################
2026-01-30 08:56:40,260 - logging_setup - INFO - #
2026-01-30 08:56:40,267 - logging_setup - INFO - Loading Jobs...
2026-01-30 08:56:40,275 - logging_setup - INFO - #
2026-01-30 08:56:40,283 - logging_setup - INFO - ##########################################################################################################################
2026-01-30 08:56:40,355 - logging_setup - INFO - 

2026-01-30 08:56:40,363 - logging_setup - INFO - -------------------------------------------------------------------------------
2026-01-30 08:56:40,370 - logging_setup - INFO - -                        Load Jobs: Start of Job 0                               -
2026-01-30 08:56:40,378 - logging_setup - INFO - -------------------------------------------------------------------------------
2026-01-30 08:56:40,386 - logging_setup - INFO - 

2026-01-30 08:56:40,393 - logging_setup - INFO - Load Jobs - Creating empty dictionary
2026-01-30 08:56:40,401 - logging_setup - INFO - Load Jobs - (Queued assigned to Job (0) is (Queued)
2026-01-30 08:56:40,408 - logging_setup - INFO - 

2026-01-30 08:56:40,416 - logging_setup - INFO - ##########################################################################################################################
2026-01-30 08:56:40,424 - logging_setup - INFO - #
2026-01-30 08:56:40,431 - logging_setup - INFO - Running Add Job Results from Load Jobs Function
2026-01-30 08:56:40,439 - logging_setup - INFO - #
2026-01-30 08:56:40,446 - logging_setup - INFO - ##########################################################################################################################
2026-01-30 08:56:40,454 - logging_setup - INFO - 

2026-01-30 08:56:40,494 - logging_setup - INFO - Add Job Result - Workbook loaded
2026-01-30 08:56:40,502 - logging_setup - INFO - Add Job Result - 'ast_condition' column found in the spreadsheet.
2026-01-30 08:56:40,509 - logging_setup - INFO - Add Job Result - Calculated Excel row index as 2 for job index 0
2026-01-30 08:56:40,517 - logging_setup - INFO - Add Job Result - Updated Job 0 with condition 'Queued'.
2026-01-30 08:56:40,590 - logging_setup - INFO - Add Job Result - Saving Workbook with updated condition
2026-01-30 08:56:40,598 - logging_setup - INFO - Load Jobs - Added job condition 'Queued' for job 0 to jobs list
2026-01-30 08:56:40,605 - logging_setup - INFO - Classifying input type for job 0
2026-01-30 08:56:40,613 - logging_setup - INFO - Classifying Input Type - Feature layer found: \\spatialfiles.bcgov\srm\gss\sandbox\csostad\Skeena 2026-2028 Shapefiles\shapefile\6408153\6408153.shp
2026-01-30 08:56:40,620 - logging_setup - INFO - Classifying Input Type - Processing feature layer: \\spatialfiles.bcgov\srm\gss\sandbox\csostad\Skeena 2026-2028 Shapefiles\shapefile\6408153\6408153.shp
2026-01-30 08:56:40,628 - logging_setup - INFO - Classifying Input Type - No FW File Number provided, using original shapefile path
2026-01-30 08:56:40,636 - logging_setup - INFO - Load Jobs - Job Condition is not Complete (Queued), adding job: 0 to jobs list
2026-01-30 08:56:40,643 - logging_setup - INFO - 

2026-01-30 08:56:40,651 - logging_setup - INFO - -------------------------------------------------------------------------------
2026-01-30 08:56:40,658 - logging_setup - INFO - -                        End of Job 0                                -
2026-01-30 08:56:40,666 - logging_setup - INFO - -------------------------------------------------------------------------------
2026-01-30 08:56:40,673 - logging_setup - INFO - 

2026-01-30 08:56:40,681 - logging_setup - INFO - 

2026-01-30 08:56:40,688 - logging_setup - INFO - -------------------------------------------------------------------------------
2026-01-30 08:56:40,696 - logging_setup - INFO - -                        Load Jobs: Start of Job 1                               -
2026-01-30 08:56:40,703 - logging_setup - INFO - -------------------------------------------------------------------------------
2026-01-30 08:56:40,711 - logging_setup - INFO - 

2026-01-30 08:56:40,718 - logging_setup - INFO - Load Jobs - Creating empty dictionary
2026-01-30 08:56:40,727 - logging_setup - INFO - Load Jobs - (Queued assigned to Job (1) is (Queued)
2026-01-30 08:56:40,735 - logging_setup - INFO - 

2026-01-30 08:56:40,742 - logging_setup - INFO - ##########################################################################################################################
2026-01-30 08:56:40,750 - logging_setup - INFO - #
2026-01-30 08:56:40,757 - logging_setup - INFO - Running Add Job Results from Load Jobs Function
2026-01-30 08:56:40,765 - logging_setup - INFO - #
2026-01-30 08:56:40,773 - logging_setup - INFO - ##########################################################################################################################
2026-01-30 08:56:40,780 - logging_setup - INFO - 

2026-01-30 08:56:40,849 - logging_setup - INFO - Add Job Result - Workbook loaded
2026-01-30 08:56:40,857 - logging_setup - INFO - Add Job Result - 'ast_condition' column found in the spreadsheet.
2026-01-30 08:56:40,865 - logging_setup - INFO - Add Job Result - Calculated Excel row index as 3 for job index 1
2026-01-30 08:56:40,872 - logging_setup - INFO - Add Job Result - Updated Job 1 with condition 'Queued'.
2026-01-30 08:56:40,959 - logging_setup - INFO - Add Job Result - Saving Workbook with updated condition
2026-01-30 08:56:40,967 - logging_setup - INFO - Load Jobs - Added job condition 'Queued' for job 1 to jobs list
2026-01-30 08:56:40,975 - logging_setup - INFO - Classifying input type for job 1
2026-01-30 08:56:40,982 - logging_setup - INFO - Classifying Input Type - Feature layer found: \\spatialfiles.bcgov\srm\gss\sandbox\csostad\Skeena 2026-2028 Shapefiles\shapefile\6408154\6408154.shp
2026-01-30 08:56:40,990 - logging_setup - INFO - Classifying Input Type - Processing feature layer: \\spatialfiles.bcgov\srm\gss\sandbox\csostad\Skeena 2026-2028 Shapefiles\shapefile\6408154\6408154.shp
2026-01-30 08:56:40,997 - logging_setup - INFO - Classifying Input Type - No FW File Number provided, using original shapefile path
2026-01-30 08:56:41,005 - logging_setup - INFO - Load Jobs - Job Condition is not Complete (Queued), adding job: 1 to jobs list
2026-01-30 08:56:41,013 - logging_setup - INFO - 

2026-01-30 08:56:41,020 - logging_setup - INFO - -------------------------------------------------------------------------------
2026-01-30 08:56:41,028 - logging_setup - INFO - -                        End of Job 1                                -
2026-01-30 08:56:41,035 - logging_setup - INFO - -------------------------------------------------------------------------------
2026-01-30 08:56:41,043 - logging_setup - INFO - 

2026-01-30 08:56:41,050 - logging_setup - INFO - 

2026-01-30 08:56:41,058 - logging_setup - INFO - -------------------------------------------------------------------------------
2026-01-30 08:56:41,066 - logging_setup - INFO - -                        Load Jobs: Start of Job 2                               -
2026-01-30 08:56:41,073 - logging_setup - INFO - -------------------------------------------------------------------------------
2026-01-30 08:56:41,081 - logging_setup - INFO - 

2026-01-30 08:56:41,088 - logging_setup - INFO - Load Jobs - Creating empty dictionary
2026-01-30 08:56:41,096 - logging_setup - INFO - Load Jobs - (Queued assigned to Job (2) is (Queued)
2026-01-30 08:56:41,103 - logging_setup - INFO - 

2026-01-30 08:56:41,111 - logging_setup - INFO - ##########################################################################################################################
2026-01-30 08:56:41,119 - logging_setup - INFO - #
2026-01-30 08:56:41,126 - logging_setup - INFO - Running Add Job Results from Load Jobs Function
2026-01-30 08:56:41,134 - logging_setup - INFO - #
2026-01-30 08:56:41,141 - logging_setup - INFO - ##########################################################################################################################
2026-01-30 08:56:41,149 - logging_setup - INFO - 

2026-01-30 08:56:41,217 - logging_setup - INFO - Add Job Result - Workbook loaded
2026-01-30 08:56:41,225 - logging_setup - INFO - Add Job Result - 'ast_condition' column found in the spreadsheet.
2026-01-30 08:56:41,232 - logging_setup - INFO - Add Job Result - Calculated Excel row index as 4 for job index 2
2026-01-30 08:56:41,240 - logging_setup - INFO - Add Job Result - Updated Job 2 with condition 'Queued'.
2026-01-30 08:56:41,327 - logging_setup - INFO - Add Job Result - Saving Workbook with updated condition
2026-01-30 08:56:41,335 - logging_setup - INFO - Load Jobs - Added job condition 'Queued' for job 2 to jobs list
2026-01-30 08:56:41,343 - logging_setup - INFO - Classifying input type for job 2
2026-01-30 08:56:41,350 - logging_setup - INFO - Classifying Input Type - Feature layer found: \\spatialfiles.bcgov\srm\gss\sandbox\csostad\Skeena 2026-2028 Shapefiles\shapefile\6408155\6408155.shp
2026-01-30 08:56:41,358 - logging_setup - INFO - Classifying Input Type - Processing feature layer: \\spatialfiles.bcgov\srm\gss\sandbox\csostad\Skeena 2026-2028 Shapefiles\shapefile\6408155\6408155.shp
2026-01-30 08:56:41,365 - logging_setup - INFO - Classifying Input Type - No FW File Number provided, using original shapefile path
2026-01-30 08:56:41,373 - logging_setup - INFO - Load Jobs - Job Condition is not Complete (Queued), adding job: 2 to jobs list
2026-01-30 08:56:41,381 - logging_setup - INFO - 

2026-01-30 08:56:41,388 - logging_setup - INFO - -------------------------------------------------------------------------------
2026-01-30 08:56:41,396 - logging_setup - INFO - -                        End of Job 2                                -
2026-01-30 08:56:41,403 - logging_setup - INFO - -------------------------------------------------------------------------------
2026-01-30 08:56:41,411 - logging_setup - INFO - 

2026-01-30 08:56:41,419 - logging_setup - INFO - 

2026-01-30 08:56:41,427 - logging_setup - INFO - -------------------------------------------------------------------------------
2026-01-30 08:56:41,435 - logging_setup - INFO - -                        Load Jobs: Start of Job 3                               -
2026-01-30 08:56:41,442 - logging_setup - INFO - -------------------------------------------------------------------------------
2026-01-30 08:56:41,450 - logging_setup - INFO - 

2026-01-30 08:56:41,457 - logging_setup - INFO - Load Jobs - Creating empty dictionary
2026-01-30 08:56:41,465 - logging_setup - INFO - Load Jobs - (Queued assigned to Job (3) is (Queued)
2026-01-30 08:56:41,472 - logging_setup - INFO - 

2026-01-30 08:56:41,480 - logging_setup - INFO - ##########################################################################################################################
2026-01-30 08:56:41,488 - logging_setup - INFO - #
2026-01-30 08:56:41,499 - logging_setup - INFO - Running Add Job Results from Load Jobs Function
2026-01-30 08:56:41,506 - logging_setup - INFO - #
2026-01-30 08:56:41,514 - logging_setup - INFO - ##########################################################################################################################
2026-01-30 08:56:41,521 - logging_setup - INFO - 

2026-01-30 08:56:41,590 - logging_setup - INFO - Add Job Result - Workbook loaded
2026-01-30 08:56:41,598 - logging_setup - INFO - Add Job Result - 'ast_condition' column found in the spreadsheet.
2026-01-30 08:56:41,605 - logging_setup - INFO - Add Job Result - Calculated Excel row index as 5 for job index 3
2026-01-30 08:56:41,613 - logging_setup - INFO - Add Job Result - Updated Job 3 with condition 'Queued'.
2026-01-30 08:56:41,700 - logging_setup - INFO - Add Job Result - Saving Workbook with updated condition
2026-01-30 08:56:41,707 - logging_setup - INFO - Load Jobs - Added job condition 'Queued' for job 3 to jobs list
2026-01-30 08:56:41,715 - logging_setup - INFO - Classifying input type for job 3
2026-01-30 08:56:41,722 - logging_setup - INFO - Classifying Input Type - Feature layer found: \\spatialfiles.bcgov\srm\gss\sandbox\csostad\Skeena 2026-2028 Shapefiles\shapefile\6408156\6408156.shp
2026-01-30 08:56:41,730 - logging_setup - INFO - Classifying Input Type - Processing feature layer: \\spatialfiles.bcgov\srm\gss\sandbox\csostad\Skeena 2026-2028 Shapefiles\shapefile\6408156\6408156.shp
2026-01-30 08:56:41,738 - logging_setup - INFO - Classifying Input Type - No FW File Number provided, using original shapefile path
2026-01-30 08:56:41,745 - logging_setup - INFO - Load Jobs - Job Condition is not Complete (Queued), adding job: 3 to jobs list
2026-01-30 08:56:41,753 - logging_setup - INFO - 

2026-01-30 08:56:41,761 - logging_setup - INFO - -------------------------------------------------------------------------------
2026-01-30 08:56:41,768 - logging_setup - INFO - -                        End of Job 3                                -
2026-01-30 08:56:41,776 - logging_setup - INFO - -------------------------------------------------------------------------------
2026-01-30 08:56:41,783 - logging_setup - INFO - 

2026-01-30 08:56:41,791 - logging_setup - INFO - 

2026-01-30 08:56:41,799 - logging_setup - INFO - -------------------------------------------------------------------------------
2026-01-30 08:56:41,806 - logging_setup - INFO - -                        Load Jobs: Start of Job 4                               -
2026-01-30 08:56:41,814 - logging_setup - INFO - -------------------------------------------------------------------------------
2026-01-30 08:56:41,821 - logging_setup - INFO - 

2026-01-30 08:56:41,829 - logging_setup - INFO - Load Jobs - Creating empty dictionary
2026-01-30 08:56:41,836 - logging_setup - INFO - Load Jobs - (Queued assigned to Job (4) is (Queued)
2026-01-30 08:56:41,844 - logging_setup - INFO - 

2026-01-30 08:56:41,851 - logging_setup - INFO - ##########################################################################################################################
2026-01-30 08:56:41,859 - logging_setup - INFO - #
2026-01-30 08:56:41,867 - logging_setup - INFO - Running Add Job Results from Load Jobs Function
2026-01-30 08:56:41,874 - logging_setup - INFO - #
2026-01-30 08:56:41,882 - logging_setup - INFO - ##########################################################################################################################
2026-01-30 08:56:41,889 - logging_setup - INFO - 

2026-01-30 08:56:41,958 - logging_setup - INFO - Add Job Result - Workbook loaded
2026-01-30 08:56:41,966 - logging_setup - INFO - Add Job Result - 'ast_condition' column found in the spreadsheet.
2026-01-30 08:56:41,974 - logging_setup - INFO - Add Job Result - Calculated Excel row index as 6 for job index 4
2026-01-30 08:56:41,981 - logging_setup - INFO - Add Job Result - Updated Job 4 with condition 'Queued'.
2026-01-30 08:56:42,068 - logging_setup - INFO - Add Job Result - Saving Workbook with updated condition
2026-01-30 08:56:42,076 - logging_setup - INFO - Load Jobs - Added job condition 'Queued' for job 4 to jobs list
2026-01-30 08:56:42,084 - logging_setup - INFO - Classifying input type for job 4
2026-01-30 08:56:42,091 - logging_setup - INFO - Classifying Input Type - Feature layer found: \\spatialfiles.bcgov\srm\gss\sandbox\csostad\Skeena 2026-2028 Shapefiles\shapefile\6408157\6408157.shp
2026-01-30 08:56:42,099 - logging_setup - INFO - Classifying Input Type - Processing feature layer: \\spatialfiles.bcgov\srm\gss\sandbox\csostad\Skeena 2026-2028 Shapefiles\shapefile\6408157\6408157.shp
2026-01-30 08:56:42,107 - logging_setup - INFO - Classifying Input Type - No FW File Number provided, using original shapefile path
2026-01-30 08:56:42,114 - logging_setup - INFO - Load Jobs - Job Condition is not Complete (Queued), adding job: 4 to jobs list
2026-01-30 08:56:42,122 - logging_setup - INFO - 

2026-01-30 08:56:42,129 - logging_setup - INFO - -------------------------------------------------------------------------------
2026-01-30 08:56:42,137 - logging_setup - INFO - -                        End of Job 4                                -
2026-01-30 08:56:42,144 - logging_setup - INFO - -------------------------------------------------------------------------------
2026-01-30 08:56:42,152 - logging_setup - INFO - 

2026-01-30 08:56:42,159 - logging_setup - INFO - 

2026-01-30 08:56:42,167 - logging_setup - INFO - -------------------------------------------------------------------------------
2026-01-30 08:56:42,175 - logging_setup - INFO - -                        Load Jobs: Start of Job 5                               -
2026-01-30 08:56:42,183 - logging_setup - INFO - -------------------------------------------------------------------------------
2026-01-30 08:56:42,190 - logging_setup - INFO - 

2026-01-30 08:56:42,198 - logging_setup - INFO - Load Jobs - Creating empty dictionary
2026-01-30 08:56:42,205 - logging_setup - INFO - Load Jobs - (Queued assigned to Job (5) is (Queued)
2026-01-30 08:56:42,213 - logging_setup - INFO - 

2026-01-30 08:56:42,221 - logging_setup - INFO - ##########################################################################################################################
2026-01-30 08:56:42,228 - logging_setup - INFO - #
2026-01-30 08:56:42,236 - logging_setup - INFO - Running Add Job Results from Load Jobs Function
2026-01-30 08:56:42,243 - logging_setup - INFO - #
2026-01-30 08:56:42,251 - logging_setup - INFO - ##########################################################################################################################
2026-01-30 08:56:42,258 - logging_setup - INFO - 

2026-01-30 08:56:42,392 - logging_setup - INFO - Add Job Result - Workbook loaded
2026-01-30 08:56:42,400 - logging_setup - INFO - Add Job Result - 'ast_condition' column found in the spreadsheet.
2026-01-30 08:56:42,407 - logging_setup - INFO - Add Job Result - Calculated Excel row index as 7 for job index 5
2026-01-30 08:56:42,415 - logging_setup - INFO - Add Job Result - Updated Job 5 with condition 'Queued'.
2026-01-30 08:56:42,502 - logging_setup - INFO - Add Job Result - Saving Workbook with updated condition
2026-01-30 08:56:42,510 - logging_setup - INFO - Load Jobs - Added job condition 'Queued' for job 5 to jobs list
2026-01-30 08:56:42,518 - logging_setup - INFO - Classifying input type for job 5
2026-01-30 08:56:42,526 - logging_setup - INFO - Classifying Input Type - Feature layer found: \\spatialfiles.bcgov\srm\gss\sandbox\csostad\Skeena 2026-2028 Shapefiles\shapefile\6408158\6408158.shp
2026-01-30 08:56:42,533 - logging_setup - INFO - Classifying Input Type - Processing feature layer: \\spatialfiles.bcgov\srm\gss\sandbox\csostad\Skeena 2026-2028 Shapefiles\shapefile\6408158\6408158.shp
2026-01-30 08:56:42,541 - logging_setup - INFO - Classifying Input Type - No FW File Number provided, using original shapefile path
2026-01-30 08:56:42,549 - logging_setup - INFO - Load Jobs - Job Condition is not Complete (Queued), adding job: 5 to jobs list
2026-01-30 08:56:42,556 - logging_setup - INFO - 

2026-01-30 08:56:42,564 - logging_setup - INFO - -------------------------------------------------------------------------------
2026-01-30 08:56:42,571 - logging_setup - INFO - -                        End of Job 5                                -
2026-01-30 08:56:42,579 - logging_setup - INFO - -------------------------------------------------------------------------------
2026-01-30 08:56:42,587 - logging_setup - INFO - 

2026-01-30 08:56:42,595 - logging_setup - INFO - 

2026-01-30 08:56:42,603 - logging_setup - INFO - -------------------------------------------------------------------------------
2026-01-30 08:56:42,610 - logging_setup - INFO - -                        Load Jobs: Start of Job 6                               -
2026-01-30 08:56:42,618 - logging_setup - INFO - -------------------------------------------------------------------------------
2026-01-30 08:56:42,628 - logging_setup - INFO - 

2026-01-30 08:56:42,636 - logging_setup - INFO - Load Jobs - Creating empty dictionary
2026-01-30 08:56:42,643 - logging_setup - INFO - Load Jobs - (Queued assigned to Job (6) is (Queued)
2026-01-30 08:56:42,651 - logging_setup - INFO - 

2026-01-30 08:56:42,659 - logging_setup - INFO - ##########################################################################################################################
2026-01-30 08:56:42,666 - logging_setup - INFO - #
2026-01-30 08:56:42,673 - logging_setup - INFO - Running Add Job Results from Load Jobs Function
2026-01-30 08:56:42,681 - logging_setup - INFO - #
2026-01-30 08:56:42,688 - logging_setup - INFO - ##########################################################################################################################
2026-01-30 08:56:42,696 - logging_setup - INFO - 

2026-01-30 08:56:43,251 - logging_setup - INFO - Add Job Result - Workbook loaded
2026-01-30 08:56:43,259 - logging_setup - INFO - Add Job Result - 'ast_condition' column found in the spreadsheet.
2026-01-30 08:56:43,267 - logging_setup - INFO - Add Job Result - Calculated Excel row index as 8 for job index 6
2026-01-30 08:56:43,274 - logging_setup - INFO - Add Job Result - Updated Job 6 with condition 'Queued'.
2026-01-30 08:56:43,360 - logging_setup - INFO - Add Job Result - Saving Workbook with updated condition
2026-01-30 08:56:43,368 - logging_setup - INFO - Load Jobs - Added job condition 'Queued' for job 6 to jobs list
2026-01-30 08:56:43,376 - logging_setup - INFO - Classifying input type for job 6
2026-01-30 08:56:43,384 - logging_setup - INFO - Classifying Input Type - Feature layer found: \\spatialfiles.bcgov\srm\gss\sandbox\csostad\Skeena 2026-2028 Shapefiles\shapefile\6408194\6408194.shp
2026-01-30 08:56:43,391 - logging_setup - INFO - Classifying Input Type - Processing feature layer: \\spatialfiles.bcgov\srm\gss\sandbox\csostad\Skeena 2026-2028 Shapefiles\shapefile\6408194\6408194.shp
2026-01-30 08:56:43,399 - logging_setup - INFO - Classifying Input Type - No FW File Number provided, using original shapefile path
2026-01-30 08:56:43,406 - logging_setup - INFO - Load Jobs - Job Condition is not Complete (Queued), adding job: 6 to jobs list
2026-01-30 08:56:43,414 - logging_setup - INFO - 

2026-01-30 08:56:43,421 - logging_setup - INFO - -------------------------------------------------------------------------------
2026-01-30 08:56:43,428 - logging_setup - INFO - -                        End of Job 6                                -
2026-01-30 08:56:43,436 - logging_setup - INFO - -------------------------------------------------------------------------------
2026-01-30 08:56:43,443 - logging_setup - INFO - 

2026-01-30 08:56:43,451 - logging_setup - INFO - 

2026-01-30 08:56:43,459 - logging_setup - INFO - -------------------------------------------------------------------------------
2026-01-30 08:56:43,466 - logging_setup - INFO - -                        Load Jobs: Start of Job 7                               -
2026-01-30 08:56:43,474 - logging_setup - INFO - -------------------------------------------------------------------------------
2026-01-30 08:56:43,481 - logging_setup - INFO - 

2026-01-30 08:56:43,489 - logging_setup - INFO - Load Jobs - Creating empty dictionary
2026-01-30 08:56:43,498 - logging_setup - INFO - Load Jobs - (Queued assigned to Job (7) is (Queued)
2026-01-30 08:56:43,505 - logging_setup - INFO - 

2026-01-30 08:56:43,513 - logging_setup - INFO - ##########################################################################################################################
2026-01-30 08:56:43,520 - logging_setup - INFO - #
2026-01-30 08:56:43,527 - logging_setup - INFO - Running Add Job Results from Load Jobs Function
2026-01-30 08:56:43,535 - logging_setup - INFO - #
2026-01-30 08:56:43,542 - logging_setup - INFO - ##########################################################################################################################
2026-01-30 08:56:43,550 - logging_setup - INFO - 

2026-01-30 08:56:43,619 - logging_setup - INFO - Add Job Result - Workbook loaded
2026-01-30 08:56:43,627 - logging_setup - INFO - Add Job Result - 'ast_condition' column found in the spreadsheet.
2026-01-30 08:56:43,634 - logging_setup - INFO - Add Job Result - Calculated Excel row index as 9 for job index 7
2026-01-30 08:56:43,642 - logging_setup - INFO - Add Job Result - Updated Job 7 with condition 'Queued'.
2026-01-30 08:56:43,904 - logging_setup - INFO - Add Job Result - Saving Workbook with updated condition
2026-01-30 08:56:43,912 - logging_setup - INFO - Load Jobs - Added job condition 'Queued' for job 7 to jobs list
2026-01-30 08:56:43,920 - logging_setup - INFO - Classifying input type for job 7
2026-01-30 08:56:43,927 - logging_setup - INFO - Classifying Input Type - Feature layer found: \\spatialfiles.bcgov\srm\gss\sandbox\csostad\Skeena 2026-2028 Shapefiles\shapefile\6408202\6408202.shp
2026-01-30 08:56:43,935 - logging_setup - INFO - Classifying Input Type - Processing feature layer: \\spatialfiles.bcgov\srm\gss\sandbox\csostad\Skeena 2026-2028 Shapefiles\shapefile\6408202\6408202.shp
2026-01-30 08:56:43,943 - logging_setup - INFO - Classifying Input Type - No FW File Number provided, using original shapefile path
2026-01-30 08:56:43,950 - logging_setup - INFO - Load Jobs - Job Condition is not Complete (Queued), adding job: 7 to jobs list
2026-01-30 08:56:43,958 - logging_setup - INFO - 

2026-01-30 08:56:43,966 - logging_setup - INFO - -------------------------------------------------------------------------------
2026-01-30 08:56:43,973 - logging_setup - INFO - -                        End of Job 7                                -
2026-01-30 08:56:43,981 - logging_setup - INFO - -------------------------------------------------------------------------------
2026-01-30 08:56:43,988 - logging_setup - INFO - 

2026-01-30 08:56:43,996 - logging_setup - INFO - Main: [jobs_15.xlsx] Batching jobs for \\spatialfiles.bcgov\srm\gss\sandbox\csostad\Skeena 2026-2028 Shapefiles\shapefile\outputs\jobs_15.xlsx (initial attempt)
2026-01-30 08:56:44,003 - logging_setup - INFO - 

2026-01-30 08:56:44,011 - logging_setup - INFO - ##########################################################################################################################
2026-01-30 08:56:44,018 - logging_setup - INFO - #
2026-01-30 08:56:44,026 - logging_setup - INFO - Batch AST: Batching Jobs with Multiprocessing...
2026-01-30 08:56:44,033 - logging_setup - INFO - #
2026-01-30 08:56:44,040 - logging_setup - INFO - ##########################################################################################################################
2026-01-30 08:56:44,048 - logging_setup - INFO - 

2026-01-30 08:56:44,056 - logging_setup - INFO - Batch Ast: Timeout monitoring DISABLED - jobs will run to completion
2026-01-30 08:58:50,323 - logging_setup - INFO - Batch Ast: Starting job 0
2026-01-30 08:58:58,637 - logging_setup - INFO - Batch Ast: Queued Job 0.....Multiproccessing started......
2026-01-30 08:58:58,645 - logging_setup - INFO - Batch Ast: Starting job 1
2026-01-30 08:59:06,356 - logging_setup - INFO - Batch Ast: Queued Job 1.....Multiproccessing started......
2026-01-30 08:59:06,363 - logging_setup - INFO - Batch Ast: Starting job 2
2026-01-30 08:59:15,149 - logging_setup - INFO - Batch Ast: Queued Job 2.....Multiproccessing started......
2026-01-30 08:59:15,156 - logging_setup - INFO - Batch Ast: Starting job 3
2026-01-30 08:59:23,033 - logging_setup - INFO - Batch Ast: Queued Job 3.....Multiproccessing started......
2026-01-30 08:59:23,040 - logging_setup - INFO - Batch Ast: Starting job 4
2026-01-30 08:59:31,559 - logging_setup - INFO - Batch Ast: Queued Job 4.....Multiproccessing started......
2026-01-30 08:59:31,567 - logging_setup - INFO - Batch Ast: Starting job 5
2026-01-30 08:59:36,179 - logging_setup - INFO - Batch Ast: Queued Job 5.....Multiproccessing started......
2026-01-30 08:59:36,186 - logging_setup - INFO - Batch Ast: Starting job 6
2026-01-30 08:59:41,009 - logging_setup - INFO - Batch Ast: Queued Job 6.....Multiproccessing started......
2026-01-30 08:59:41,017 - logging_setup - INFO - Batch Ast: Starting job 7
2026-01-30 08:59:49,390 - logging_setup - INFO - Batch Ast: Queued Job 7.....Multiproccessing started......
2026-01-30 08:59:49,398 - logging_setup - INFO - Batch Ast: Monitoring 8 jobs in parallel (NO timeout)
2026-01-30 13:30:45,050 - logging_setup - INFO - 

2026-01-30 13:30:45,058 - logging_setup - INFO - ##########################################################################################################################
2026-01-30 13:30:45,066 - logging_setup - INFO - #
2026-01-30 13:30:45,073 - logging_setup - INFO - Running Add Job Results from Load Jobs Function
2026-01-30 13:30:45,081 - logging_setup - INFO - #
2026-01-30 13:30:45,088 - logging_setup - INFO - ##########################################################################################################################
2026-01-30 13:30:45,096 - logging_setup - INFO - 

2026-01-30 13:30:45,186 - logging_setup - INFO - Add Job Result - Workbook loaded
2026-01-30 13:30:45,194 - logging_setup - INFO - Add Job Result - 'ast_condition' column found in the spreadsheet.
2026-01-30 13:30:45,202 - logging_setup - INFO - Add Job Result - Calculated Excel row index as 9 for job index 7
2026-01-30 13:30:45,209 - logging_setup - INFO - Add Job Result - Updated Job 7 with condition 'COMPLETE'.
2026-01-30 13:30:45,295 - logging_setup - INFO - Add Job Result - Saving Workbook with updated condition
2026-01-30 13:30:45,303 - logging_setup - INFO - Batch Ast: Job 7 completed successfully. Success counter is 1
2026-01-30 13:33:35,368 - logging_setup - INFO - 

2026-01-30 13:33:35,375 - logging_setup - INFO - ##########################################################################################################################
2026-01-30 13:33:35,383 - logging_setup - INFO - #
2026-01-30 13:33:35,390 - logging_setup - INFO - Running Add Job Results from Load Jobs Function
2026-01-30 13:33:35,398 - logging_setup - INFO - #
2026-01-30 13:33:35,405 - logging_setup - INFO - ##########################################################################################################################
2026-01-30 13:33:35,413 - logging_setup - INFO - 

2026-01-30 13:33:35,798 - logging_setup - INFO - Add Job Result - Workbook loaded
2026-01-30 13:33:35,806 - logging_setup - INFO - Add Job Result - 'ast_condition' column found in the spreadsheet.
2026-01-30 13:33:35,813 - logging_setup - INFO - Add Job Result - Calculated Excel row index as 5 for job index 3
2026-01-30 13:33:35,821 - logging_setup - INFO - Add Job Result - Updated Job 3 with condition 'COMPLETE'.
2026-01-30 13:33:35,907 - logging_setup - INFO - Add Job Result - Saving Workbook with updated condition
2026-01-30 13:33:35,914 - logging_setup - INFO - Batch Ast: Job 3 completed successfully. Success counter is 2
2026-01-30 13:34:43,944 - logging_setup - INFO - 

2026-01-30 13:34:43,952 - logging_setup - INFO - ##########################################################################################################################
2026-01-30 13:34:43,959 - logging_setup - INFO - #
2026-01-30 13:34:43,967 - logging_setup - INFO - Running Add Job Results from Load Jobs Function
2026-01-30 13:34:43,974 - logging_setup - INFO - #
2026-01-30 13:34:43,982 - logging_setup - INFO - ##########################################################################################################################
2026-01-30 13:34:43,989 - logging_setup - INFO - 

2026-01-30 13:34:44,081 - logging_setup - INFO - Add Job Result - Workbook loaded
2026-01-30 13:34:44,089 - logging_setup - INFO - Add Job Result - 'ast_condition' column found in the spreadsheet.
2026-01-30 13:34:44,097 - logging_setup - INFO - Add Job Result - Calculated Excel row index as 2 for job index 0
2026-01-30 13:34:44,105 - logging_setup - INFO - Add Job Result - Updated Job 0 with condition 'COMPLETE'.
2026-01-30 13:34:44,191 - logging_setup - INFO - Add Job Result - Saving Workbook with updated condition
2026-01-30 13:34:44,199 - logging_setup - INFO - Batch Ast: Job 0 completed successfully. Success counter is 3
2026-01-30 13:35:34,224 - logging_setup - INFO - 

2026-01-30 13:35:34,231 - logging_setup - INFO - ##########################################################################################################################
2026-01-30 13:35:34,239 - logging_setup - INFO - #
2026-01-30 13:35:34,247 - logging_setup - INFO - Running Add Job Results from Load Jobs Function
2026-01-30 13:35:34,254 - logging_setup - INFO - #
2026-01-30 13:35:34,262 - logging_setup - INFO - ##########################################################################################################################
2026-01-30 13:35:34,269 - logging_setup - INFO - 

2026-01-30 13:35:34,361 - logging_setup - INFO - Add Job Result - Workbook loaded
2026-01-30 13:35:34,369 - logging_setup - INFO - Add Job Result - 'ast_condition' column found in the spreadsheet.
2026-01-30 13:35:34,376 - logging_setup - INFO - Add Job Result - Calculated Excel row index as 4 for job index 2
2026-01-30 13:35:34,384 - logging_setup - INFO - Add Job Result - Updated Job 2 with condition 'COMPLETE'.
2026-01-30 13:35:34,470 - logging_setup - INFO - Add Job Result - Saving Workbook with updated condition
2026-01-30 13:35:34,477 - logging_setup - INFO - Batch Ast: Job 2 completed successfully. Success counter is 4
2026-01-30 13:37:30,524 - logging_setup - INFO - 

2026-01-30 13:37:30,532 - logging_setup - INFO - ##########################################################################################################################
2026-01-30 13:37:30,539 - logging_setup - INFO - #
2026-01-30 13:37:30,546 - logging_setup - INFO - Running Add Job Results from Load Jobs Function
2026-01-30 13:37:30,554 - logging_setup - INFO - #
2026-01-30 13:37:30,562 - logging_setup - INFO - ##########################################################################################################################
2026-01-30 13:37:30,569 - logging_setup - INFO - 

2026-01-30 13:37:30,661 - logging_setup - INFO - Add Job Result - Workbook loaded
2026-01-30 13:37:30,669 - logging_setup - INFO - Add Job Result - 'ast_condition' column found in the spreadsheet.
2026-01-30 13:37:30,676 - logging_setup - INFO - Add Job Result - Calculated Excel row index as 3 for job index 1
2026-01-30 13:37:30,684 - logging_setup - INFO - Add Job Result - Updated Job 1 with condition 'COMPLETE'.
2026-01-30 13:37:30,785 - logging_setup - INFO - Add Job Result - Saving Workbook with updated condition
2026-01-30 13:37:30,793 - logging_setup - INFO - Batch Ast: Job 1 completed successfully. Success counter is 5
2026-01-30 13:38:32,821 - logging_setup - INFO - 

2026-01-30 13:38:32,829 - logging_setup - INFO - ##########################################################################################################################
2026-01-30 13:38:32,836 - logging_setup - INFO - #
2026-01-30 13:38:32,844 - logging_setup - INFO - Running Add Job Results from Load Jobs Function
2026-01-30 13:38:32,852 - logging_setup - INFO - #
2026-01-30 13:38:32,859 - logging_setup - INFO - ##########################################################################################################################
2026-01-30 13:38:32,867 - logging_setup - INFO - 

2026-01-30 13:38:32,958 - logging_setup - INFO - Add Job Result - Workbook loaded
2026-01-30 13:38:32,966 - logging_setup - INFO - Add Job Result - 'ast_condition' column found in the spreadsheet.
2026-01-30 13:38:32,973 - logging_setup - INFO - Add Job Result - Calculated Excel row index as 8 for job index 6
2026-01-30 13:38:32,981 - logging_setup - INFO - Add Job Result - Updated Job 6 with condition 'COMPLETE'.
2026-01-30 13:38:33,082 - logging_setup - INFO - Add Job Result - Saving Workbook with updated condition
2026-01-30 13:38:33,090 - logging_setup - INFO - Batch Ast: Job 6 completed successfully. Success counter is 6
2026-01-30 13:42:23,174 - logging_setup - INFO - 

2026-01-30 13:42:23,182 - logging_setup - INFO - ##########################################################################################################################
2026-01-30 13:42:23,189 - logging_setup - INFO - #
2026-01-30 13:42:23,197 - logging_setup - INFO - Running Add Job Results from Load Jobs Function
2026-01-30 13:42:23,204 - logging_setup - INFO - #
2026-01-30 13:42:23,213 - logging_setup - INFO - ##########################################################################################################################
2026-01-30 13:42:23,221 - logging_setup - INFO - 

2026-01-30 13:42:23,312 - logging_setup - INFO - Add Job Result - Workbook loaded
2026-01-30 13:42:23,322 - logging_setup - INFO - Add Job Result - 'ast_condition' column found in the spreadsheet.
2026-01-30 13:42:23,329 - logging_setup - INFO - Add Job Result - Calculated Excel row index as 7 for job index 5
2026-01-30 13:42:23,340 - logging_setup - INFO - Add Job Result - Updated Job 5 with condition 'COMPLETE'.
2026-01-30 13:42:23,442 - logging_setup - INFO - Add Job Result - Saving Workbook with updated condition
2026-01-30 13:42:23,450 - logging_setup - INFO - Batch Ast: Job 5 completed successfully. Success counter is 7
