2025-07-11 12:41:21,476 - Process Job Mp: worker_0 - INFO - Process Job Mp: AST Toolbox imported successfully in worker.
2025-07-11 12:41:21,478 - Process Job Mp: worker_0 - DEBUG - Process Job Mp: Job Parameters: ['West_Coast', '\\\\spatialfiles.bcgov\\work\\srm\\nel\\Local\\Geomatics\\Workarea\\csostad\\Statusing\\Jade Statuses\\Powel River\\632\\632.shp', '', '', '', '\\\\spatialfiles.bcgov\\work\\srm\\nel\\Local\\Geomatics\\Workarea\\csostad\\Statusing\\july11_v3_no_auto', False, False, False, False, False, True]
2025-07-11 12:41:21,479 - Process Job Mp: worker_0 - INFO - Process Job Mp: Running MakeAutomatedStatusSpreadsheet_ast...
2025-07-11 12:41:22,424 - fiona.session - DEBUG - Could not import boto3, continuing with reduced functionality.
2025-07-11 12:41:22,429 - fiona.env - DEBUG - PROJ data found in package: path='P:\\corp\\central_clones\\python_geopandas\\Lib\\site-packages\\fiona\\proj_data'.
2025-07-11 12:41:22,479 - fiona._env - DEBUG - GDAL_DATA found in environment.
2025-07-11 12:41:22,481 - fiona._env - DEBUG - PROJ data found in package: path='P:\\corp\\central_clones\\python_geopandas\\Lib\\site-packages\\fiona\\proj_data'.
2025-07-11 12:41:23,813 - root - INFO - Logger initialized
2025-07-11 12:41:24,672 - root - ERROR - Failed to import tools
Traceback (most recent call last):
  File "P:\corp\central_clones\python_geopandas\lib\site-packages\XTools Pro\esri\toolboxes\XTools Pro.pyt", line 95, in <module>
    from Tools.FeaturesToPointsTool import *
  File "E:\sw_nt\XTools\XTools AGP\Python\Tools\FeaturesToPointsTool.py", line 1, in <module>
    from Tools.BaseTool import BaseTool
  File "E:\sw_nt\XTools\XTools AGP\Python\Tools\BaseTool.py", line 7, in <module>
    from Scripts.Base.PythonCancelTracker import PythonCancelTracker
  File "E:\sw_nt\XTools\XTools AGP\Python\Scripts\Base\PythonCancelTracker.py", line 20, in <module>
    from XTools.XToolsAGP.Core import ICancelTracker
ModuleNotFoundError: No module named 'XTools'
2025-07-11 12:41:24,677 - root - ERROR - No module named 'XTools'
Traceback (most recent call last):
  File "P:\corp\central_clones\python_geopandas\lib\site-packages\XTools Pro\esri\toolboxes\XTools Pro.pyt", line 95, in <module>
    from Tools.FeaturesToPointsTool import *
  File "E:\sw_nt\XTools\XTools AGP\Python\Tools\FeaturesToPointsTool.py", line 1, in <module>
    from Tools.BaseTool import BaseTool
  File "E:\sw_nt\XTools\XTools AGP\Python\Tools\BaseTool.py", line 7, in <module>
    from Scripts.Base.PythonCancelTracker import PythonCancelTracker
  File "E:\sw_nt\XTools\XTools AGP\Python\Scripts\Base\PythonCancelTracker.py", line 20, in <module>
    from XTools.XToolsAGP.Core import ICancelTracker
ModuleNotFoundError: No module named 'XTools'
2025-07-11 12:58:43,901 - fiona._env - DEBUG - GDAL_DATA found in environment.
2025-07-11 12:58:43,903 - fiona._env - DEBUG - PROJ data found in package: path='P:\\corp\\central_clones\\python_geopandas\\Lib\\site-packages\\fiona\\proj_data'.
2025-07-11 12:58:46,182 - fiona._env - WARNING - PROJ: proj_identify: P:\corp\central_clones\python_geopandas\Lib\site-packages\fiona\proj_data\proj.db contains DATABASE.LAYOUT.VERSION.MINOR = 2 whereas a number >= 3 is expected. It comes from another PROJ installation.
2025-07-11 12:58:52,598 - fiona._env - WARNING - PROJ: proj_identify: P:\corp\central_clones\python_geopandas\Lib\site-packages\fiona\proj_data\proj.db contains DATABASE.LAYOUT.VERSION.MINOR = 2 whereas a number >= 3 is expected. It comes from another PROJ installation.
2025-07-11 12:58:53,180 - fiona._env - WARNING - PROJ: proj_identify: P:\corp\central_clones\python_geopandas\Lib\site-packages\fiona\proj_data\proj.db contains DATABASE.LAYOUT.VERSION.MINOR = 2 whereas a number >= 3 is expected. It comes from another PROJ installation.
2025-07-11 12:58:54,389 - fiona._env - DEBUG - GDAL_DATA found in environment.
2025-07-11 12:58:54,391 - fiona._env - DEBUG - PROJ data found in package: path='P:\\corp\\central_clones\\python_geopandas\\Lib\\site-packages\\fiona\\proj_data'.
2025-07-11 12:58:54,392 - fiona.ogrext - DEBUG - Got coordinate system
2025-07-11 12:58:54,404 - fiona.ogrext - DEBUG - Got coordinate system
2025-07-11 12:58:54,440 - fiona._env - WARNING - PROJ: proj_identify: P:\corp\central_clones\python_geopandas\Lib\site-packages\fiona\proj_data\proj.db contains DATABASE.LAYOUT.VERSION.MINOR = 2 whereas a number >= 3 is expected. It comes from another PROJ installation.
2025-07-11 12:58:54,444 - fiona.ogrext - DEBUG - OLC_FASTSETNEXTBYINDEX: 1
2025-07-11 12:58:54,444 - fiona.ogrext - DEBUG - OLC_FASTFEATURECOUNT: 1
2025-07-11 12:58:54,445 - fiona.ogrext - DEBUG - Next index: 0
2025-07-11 12:58:54,445 - fiona.ogrext - DEBUG - Next index: 1
2025-07-11 12:58:54,535 - fiona.collection - DEBUG - Flushed buffer
2025-07-11 12:58:54,540 - fiona.collection - DEBUG - Stopped session
2025-07-11 12:59:00,412 - fiona._env - DEBUG - GDAL_DATA found in environment.
2025-07-11 12:59:00,413 - fiona._env - DEBUG - PROJ data found in package: path='P:\\corp\\central_clones\\python_geopandas\\Lib\\site-packages\\fiona\\proj_data'.
2025-07-11 12:59:02,254 - fiona._env - WARNING - PROJ: proj_identify: P:\corp\central_clones\python_geopandas\Lib\site-packages\fiona\proj_data\proj.db contains DATABASE.LAYOUT.VERSION.MINOR = 2 whereas a number >= 3 is expected. It comes from another PROJ installation.
2025-07-11 12:59:07,825 - fiona._env - WARNING - PROJ: proj_identify: P:\corp\central_clones\python_geopandas\Lib\site-packages\fiona\proj_data\proj.db contains DATABASE.LAYOUT.VERSION.MINOR = 2 whereas a number >= 3 is expected. It comes from another PROJ installation.
2025-07-11 12:59:08,266 - fiona._env - WARNING - PROJ: proj_identify: P:\corp\central_clones\python_geopandas\Lib\site-packages\fiona\proj_data\proj.db contains DATABASE.LAYOUT.VERSION.MINOR = 2 whereas a number >= 3 is expected. It comes from another PROJ installation.
2025-07-11 12:59:09,457 - fiona._env - DEBUG - GDAL_DATA found in environment.
2025-07-11 12:59:09,459 - fiona._env - DEBUG - PROJ data found in package: path='P:\\corp\\central_clones\\python_geopandas\\Lib\\site-packages\\fiona\\proj_data'.
2025-07-11 12:59:11,191 - fiona._env - WARNING - PROJ: proj_identify: P:\corp\central_clones\python_geopandas\Lib\site-packages\fiona\proj_data\proj.db contains DATABASE.LAYOUT.VERSION.MINOR = 2 whereas a number >= 3 is expected. It comes from another PROJ installation.
2025-07-11 12:59:16,592 - fiona._env - WARNING - PROJ: proj_identify: P:\corp\central_clones\python_geopandas\Lib\site-packages\fiona\proj_data\proj.db contains DATABASE.LAYOUT.VERSION.MINOR = 2 whereas a number >= 3 is expected. It comes from another PROJ installation.
2025-07-11 12:59:17,041 - fiona._env - WARNING - PROJ: proj_identify: P:\corp\central_clones\python_geopandas\Lib\site-packages\fiona\proj_data\proj.db contains DATABASE.LAYOUT.VERSION.MINOR = 2 whereas a number >= 3 is expected. It comes from another PROJ installation.
2025-07-11 12:59:17,953 - fiona._env - DEBUG - GDAL_DATA found in environment.
2025-07-11 12:59:17,953 - fiona._env - DEBUG - PROJ data found in package: path='P:\\corp\\central_clones\\python_geopandas\\Lib\\site-packages\\fiona\\proj_data'.
2025-07-11 12:59:17,954 - fiona.ogrext - DEBUG - Got coordinate system
2025-07-11 12:59:17,966 - fiona.ogrext - DEBUG - Got coordinate system
2025-07-11 12:59:17,987 - fiona._env - WARNING - PROJ: proj_identify: P:\corp\central_clones\python_geopandas\Lib\site-packages\fiona\proj_data\proj.db contains DATABASE.LAYOUT.VERSION.MINOR = 2 whereas a number >= 3 is expected. It comes from another PROJ installation.
2025-07-11 12:59:17,987 - fiona.ogrext - DEBUG - OLC_FASTSETNEXTBYINDEX: 1
2025-07-11 12:59:17,988 - fiona.ogrext - DEBUG - OLC_FASTFEATURECOUNT: 1
2025-07-11 12:59:17,988 - fiona.ogrext - DEBUG - Next index: 0
2025-07-11 12:59:18,025 - fiona.collection - DEBUG - Flushed buffer
2025-07-11 12:59:18,027 - fiona.collection - DEBUG - Stopped session
2025-07-11 12:59:18,047 - fiona._env - DEBUG - GDAL_DATA found in environment.
2025-07-11 12:59:18,048 - fiona._env - DEBUG - PROJ data found in package: path='P:\\corp\\central_clones\\python_geopandas\\Lib\\site-packages\\fiona\\proj_data'.
2025-07-11 12:59:19,654 - fiona._env - WARNING - PROJ: proj_identify: P:\corp\central_clones\python_geopandas\Lib\site-packages\fiona\proj_data\proj.db contains DATABASE.LAYOUT.VERSION.MINOR = 2 whereas a number >= 3 is expected. It comes from another PROJ installation.
2025-07-11 12:59:25,038 - fiona._env - WARNING - PROJ: proj_identify: P:\corp\central_clones\python_geopandas\Lib\site-packages\fiona\proj_data\proj.db contains DATABASE.LAYOUT.VERSION.MINOR = 2 whereas a number >= 3 is expected. It comes from another PROJ installation.
2025-07-11 12:59:25,566 - fiona._env - WARNING - PROJ: proj_identify: P:\corp\central_clones\python_geopandas\Lib\site-packages\fiona\proj_data\proj.db contains DATABASE.LAYOUT.VERSION.MINOR = 2 whereas a number >= 3 is expected. It comes from another PROJ installation.
2025-07-11 12:59:26,743 - fiona._env - DEBUG - GDAL_DATA found in environment.
2025-07-11 12:59:26,745 - fiona._env - DEBUG - PROJ data found in package: path='P:\\corp\\central_clones\\python_geopandas\\Lib\\site-packages\\fiona\\proj_data'.
2025-07-11 12:59:26,746 - fiona.ogrext - DEBUG - Got coordinate system
2025-07-11 12:59:26,758 - fiona.ogrext - DEBUG - Got coordinate system
2025-07-11 12:59:26,784 - fiona._env - WARNING - PROJ: proj_identify: P:\corp\central_clones\python_geopandas\Lib\site-packages\fiona\proj_data\proj.db contains DATABASE.LAYOUT.VERSION.MINOR = 2 whereas a number >= 3 is expected. It comes from another PROJ installation.
2025-07-11 12:59:26,784 - fiona.ogrext - DEBUG - OLC_FASTSETNEXTBYINDEX: 1
2025-07-11 12:59:26,785 - fiona.ogrext - DEBUG - OLC_FASTFEATURECOUNT: 1
2025-07-11 12:59:26,785 - fiona.ogrext - DEBUG - Next index: 0
2025-07-11 12:59:26,828 - fiona.collection - DEBUG - Flushed buffer
2025-07-11 12:59:26,830 - fiona.collection - DEBUG - Stopped session
2025-07-11 12:59:26,855 - fiona._env - DEBUG - GDAL_DATA found in environment.
2025-07-11 12:59:26,855 - fiona._env - DEBUG - PROJ data found in package: path='P:\\corp\\central_clones\\python_geopandas\\Lib\\site-packages\\fiona\\proj_data'.
2025-07-11 12:59:28,638 - fiona._env - WARNING - PROJ: proj_identify: P:\corp\central_clones\python_geopandas\Lib\site-packages\fiona\proj_data\proj.db contains DATABASE.LAYOUT.VERSION.MINOR = 2 whereas a number >= 3 is expected. It comes from another PROJ installation.
2025-07-11 12:59:34,135 - fiona._env - WARNING - PROJ: proj_identify: P:\corp\central_clones\python_geopandas\Lib\site-packages\fiona\proj_data\proj.db contains DATABASE.LAYOUT.VERSION.MINOR = 2 whereas a number >= 3 is expected. It comes from another PROJ installation.
2025-07-11 12:59:34,519 - fiona._env - WARNING - PROJ: proj_identify: P:\corp\central_clones\python_geopandas\Lib\site-packages\fiona\proj_data\proj.db contains DATABASE.LAYOUT.VERSION.MINOR = 2 whereas a number >= 3 is expected. It comes from another PROJ installation.
2025-07-11 12:59:35,441 - fiona._env - DEBUG - GDAL_DATA found in environment.
2025-07-11 12:59:35,442 - fiona._env - DEBUG - PROJ data found in package: path='P:\\corp\\central_clones\\python_geopandas\\Lib\\site-packages\\fiona\\proj_data'.
2025-07-11 12:59:35,442 - fiona.ogrext - DEBUG - Got coordinate system
2025-07-11 12:59:35,454 - fiona.ogrext - DEBUG - Got coordinate system
2025-07-11 12:59:35,475 - fiona._env - WARNING - PROJ: proj_identify: P:\corp\central_clones\python_geopandas\Lib\site-packages\fiona\proj_data\proj.db contains DATABASE.LAYOUT.VERSION.MINOR = 2 whereas a number >= 3 is expected. It comes from another PROJ installation.
2025-07-11 12:59:35,476 - fiona.ogrext - DEBUG - OLC_FASTSETNEXTBYINDEX: 1
2025-07-11 12:59:35,476 - fiona.ogrext - DEBUG - OLC_FASTFEATURECOUNT: 1
2025-07-11 12:59:35,477 - fiona.ogrext - DEBUG - Next index: 0
2025-07-11 12:59:35,477 - fiona.ogrext - DEBUG - Next index: 1
2025-07-11 12:59:35,524 - fiona.collection - DEBUG - Flushed buffer
2025-07-11 12:59:35,527 - fiona.collection - DEBUG - Stopped session
2025-07-11 12:59:35,673 - fiona._env - DEBUG - GDAL_DATA found in environment.
2025-07-11 12:59:35,674 - fiona._env - DEBUG - PROJ data found in package: path='P:\\corp\\central_clones\\python_geopandas\\Lib\\site-packages\\fiona\\proj_data'.
2025-07-11 12:59:37,430 - fiona._env - WARNING - PROJ: proj_identify: P:\corp\central_clones\python_geopandas\Lib\site-packages\fiona\proj_data\proj.db contains DATABASE.LAYOUT.VERSION.MINOR = 2 whereas a number >= 3 is expected. It comes from another PROJ installation.
2025-07-11 12:59:42,519 - fiona._env - WARNING - PROJ: proj_identify: P:\corp\central_clones\python_geopandas\Lib\site-packages\fiona\proj_data\proj.db contains DATABASE.LAYOUT.VERSION.MINOR = 2 whereas a number >= 3 is expected. It comes from another PROJ installation.
2025-07-11 12:59:42,914 - fiona._env - WARNING - PROJ: proj_identify: P:\corp\central_clones\python_geopandas\Lib\site-packages\fiona\proj_data\proj.db contains DATABASE.LAYOUT.VERSION.MINOR = 2 whereas a number >= 3 is expected. It comes from another PROJ installation.
2025-07-11 12:59:43,817 - fiona._env - DEBUG - GDAL_DATA found in environment.
2025-07-11 12:59:43,819 - fiona._env - DEBUG - PROJ data found in package: path='P:\\corp\\central_clones\\python_geopandas\\Lib\\site-packages\\fiona\\proj_data'.
2025-07-11 12:59:43,819 - fiona.ogrext - DEBUG - Got coordinate system
2025-07-11 12:59:43,831 - fiona.ogrext - DEBUG - Got coordinate system
2025-07-11 12:59:43,852 - fiona._env - WARNING - PROJ: proj_identify: P:\corp\central_clones\python_geopandas\Lib\site-packages\fiona\proj_data\proj.db contains DATABASE.LAYOUT.VERSION.MINOR = 2 whereas a number >= 3 is expected. It comes from another PROJ installation.
2025-07-11 12:59:43,853 - fiona.ogrext - DEBUG - OLC_FASTSETNEXTBYINDEX: 1
2025-07-11 12:59:43,853 - fiona.ogrext - DEBUG - OLC_FASTFEATURECOUNT: 1
2025-07-11 12:59:43,853 - fiona.ogrext - DEBUG - Next index: 0
2025-07-11 12:59:43,890 - fiona.collection - DEBUG - Flushed buffer
2025-07-11 12:59:43,892 - fiona.collection - DEBUG - Stopped session
2025-07-11 12:59:43,912 - fiona._env - DEBUG - GDAL_DATA found in environment.
2025-07-11 12:59:43,913 - fiona._env - DEBUG - PROJ data found in package: path='P:\\corp\\central_clones\\python_geopandas\\Lib\\site-packages\\fiona\\proj_data'.
2025-07-11 12:59:45,424 - fiona._env - WARNING - PROJ: proj_identify: P:\corp\central_clones\python_geopandas\Lib\site-packages\fiona\proj_data\proj.db contains DATABASE.LAYOUT.VERSION.MINOR = 2 whereas a number >= 3 is expected. It comes from another PROJ installation.
2025-07-11 12:59:50,166 - fiona._env - WARNING - PROJ: proj_identify: P:\corp\central_clones\python_geopandas\Lib\site-packages\fiona\proj_data\proj.db contains DATABASE.LAYOUT.VERSION.MINOR = 2 whereas a number >= 3 is expected. It comes from another PROJ installation.
2025-07-11 12:59:50,569 - fiona._env - WARNING - PROJ: proj_identify: P:\corp\central_clones\python_geopandas\Lib\site-packages\fiona\proj_data\proj.db contains DATABASE.LAYOUT.VERSION.MINOR = 2 whereas a number >= 3 is expected. It comes from another PROJ installation.
2025-07-11 12:59:51,493 - fiona._env - DEBUG - GDAL_DATA found in environment.
2025-07-11 12:59:51,493 - fiona._env - DEBUG - PROJ data found in package: path='P:\\corp\\central_clones\\python_geopandas\\Lib\\site-packages\\fiona\\proj_data'.
2025-07-11 12:59:51,494 - fiona.ogrext - DEBUG - Got coordinate system
2025-07-11 12:59:51,506 - fiona.ogrext - DEBUG - Got coordinate system
2025-07-11 12:59:51,528 - fiona._env - WARNING - PROJ: proj_identify: P:\corp\central_clones\python_geopandas\Lib\site-packages\fiona\proj_data\proj.db contains DATABASE.LAYOUT.VERSION.MINOR = 2 whereas a number >= 3 is expected. It comes from another PROJ installation.
2025-07-11 12:59:51,529 - fiona.ogrext - DEBUG - OLC_FASTSETNEXTBYINDEX: 1
2025-07-11 12:59:51,529 - fiona.ogrext - DEBUG - OLC_FASTFEATURECOUNT: 1
2025-07-11 12:59:51,529 - fiona.ogrext - DEBUG - Next index: 0
2025-07-11 12:59:51,568 - fiona.collection - DEBUG - Flushed buffer
2025-07-11 12:59:51,570 - fiona.collection - DEBUG - Stopped session
2025-07-11 12:59:51,590 - fiona._env - DEBUG - GDAL_DATA found in environment.
2025-07-11 12:59:51,591 - fiona._env - DEBUG - PROJ data found in package: path='P:\\corp\\central_clones\\python_geopandas\\Lib\\site-packages\\fiona\\proj_data'.
2025-07-11 12:59:53,190 - fiona._env - WARNING - PROJ: proj_identify: P:\corp\central_clones\python_geopandas\Lib\site-packages\fiona\proj_data\proj.db contains DATABASE.LAYOUT.VERSION.MINOR = 2 whereas a number >= 3 is expected. It comes from another PROJ installation.
2025-07-11 12:59:58,726 - fiona._env - WARNING - PROJ: proj_identify: P:\corp\central_clones\python_geopandas\Lib\site-packages\fiona\proj_data\proj.db contains DATABASE.LAYOUT.VERSION.MINOR = 2 whereas a number >= 3 is expected. It comes from another PROJ installation.
2025-07-11 12:59:59,113 - fiona._env - WARNING - PROJ: proj_identify: P:\corp\central_clones\python_geopandas\Lib\site-packages\fiona\proj_data\proj.db contains DATABASE.LAYOUT.VERSION.MINOR = 2 whereas a number >= 3 is expected. It comes from another PROJ installation.
2025-07-11 12:59:59,999 - fiona._env - DEBUG - GDAL_DATA found in environment.
2025-07-11 13:00:00,000 - fiona._env - DEBUG - PROJ data found in package: path='P:\\corp\\central_clones\\python_geopandas\\Lib\\site-packages\\fiona\\proj_data'.
2025-07-11 13:00:00,001 - fiona.ogrext - DEBUG - Got coordinate system
2025-07-11 13:00:00,012 - fiona.ogrext - DEBUG - Got coordinate system
2025-07-11 13:00:00,033 - fiona._env - WARNING - PROJ: proj_identify: P:\corp\central_clones\python_geopandas\Lib\site-packages\fiona\proj_data\proj.db contains DATABASE.LAYOUT.VERSION.MINOR = 2 whereas a number >= 3 is expected. It comes from another PROJ installation.
2025-07-11 13:00:00,033 - fiona.ogrext - DEBUG - OLC_FASTSETNEXTBYINDEX: 1
2025-07-11 13:00:00,033 - fiona.ogrext - DEBUG - OLC_FASTFEATURECOUNT: 1
2025-07-11 13:00:00,034 - fiona.ogrext - DEBUG - Next index: 0
2025-07-11 13:00:00,067 - fiona.collection - DEBUG - Flushed buffer
2025-07-11 13:00:00,069 - fiona.collection - DEBUG - Stopped session
2025-07-11 13:00:00,089 - fiona._env - DEBUG - GDAL_DATA found in environment.
2025-07-11 13:00:00,089 - fiona._env - DEBUG - PROJ data found in package: path='P:\\corp\\central_clones\\python_geopandas\\Lib\\site-packages\\fiona\\proj_data'.
2025-07-11 13:00:01,705 - fiona._env - WARNING - PROJ: proj_identify: P:\corp\central_clones\python_geopandas\Lib\site-packages\fiona\proj_data\proj.db contains DATABASE.LAYOUT.VERSION.MINOR = 2 whereas a number >= 3 is expected. It comes from another PROJ installation.
2025-07-11 13:00:06,343 - fiona._env - WARNING - PROJ: proj_identify: P:\corp\central_clones\python_geopandas\Lib\site-packages\fiona\proj_data\proj.db contains DATABASE.LAYOUT.VERSION.MINOR = 2 whereas a number >= 3 is expected. It comes from another PROJ installation.
2025-07-11 13:00:06,730 - fiona._env - WARNING - PROJ: proj_identify: P:\corp\central_clones\python_geopandas\Lib\site-packages\fiona\proj_data\proj.db contains DATABASE.LAYOUT.VERSION.MINOR = 2 whereas a number >= 3 is expected. It comes from another PROJ installation.
2025-07-11 13:00:07,706 - fiona._env - DEBUG - GDAL_DATA found in environment.
2025-07-11 13:00:07,707 - fiona._env - DEBUG - PROJ data found in package: path='P:\\corp\\central_clones\\python_geopandas\\Lib\\site-packages\\fiona\\proj_data'.
2025-07-11 13:00:07,707 - fiona.ogrext - DEBUG - Got coordinate system
2025-07-11 13:00:07,726 - fiona.ogrext - DEBUG - Got coordinate system
2025-07-11 13:00:07,757 - fiona._env - WARNING - PROJ: proj_identify: P:\corp\central_clones\python_geopandas\Lib\site-packages\fiona\proj_data\proj.db contains DATABASE.LAYOUT.VERSION.MINOR = 2 whereas a number >= 3 is expected. It comes from another PROJ installation.
2025-07-11 13:00:07,758 - fiona.ogrext - DEBUG - OLC_FASTSETNEXTBYINDEX: 1
2025-07-11 13:00:07,758 - fiona.ogrext - DEBUG - OLC_FASTFEATURECOUNT: 1
2025-07-11 13:00:07,759 - fiona.ogrext - DEBUG - Next index: 0
2025-07-11 13:00:07,802 - fiona.collection - DEBUG - Flushed buffer
2025-07-11 13:00:07,805 - fiona.collection - DEBUG - Stopped session
2025-07-11 13:00:07,830 - fiona._env - DEBUG - GDAL_DATA found in environment.
2025-07-11 13:00:07,831 - fiona._env - DEBUG - PROJ data found in package: path='P:\\corp\\central_clones\\python_geopandas\\Lib\\site-packages\\fiona\\proj_data'.
2025-07-11 13:00:09,668 - fiona._env - WARNING - PROJ: proj_identify: P:\corp\central_clones\python_geopandas\Lib\site-packages\fiona\proj_data\proj.db contains DATABASE.LAYOUT.VERSION.MINOR = 2 whereas a number >= 3 is expected. It comes from another PROJ installation.
2025-07-11 13:00:15,394 - fiona._env - WARNING - PROJ: proj_identify: P:\corp\central_clones\python_geopandas\Lib\site-packages\fiona\proj_data\proj.db contains DATABASE.LAYOUT.VERSION.MINOR = 2 whereas a number >= 3 is expected. It comes from another PROJ installation.
2025-07-11 13:00:15,927 - fiona._env - WARNING - PROJ: proj_identify: P:\corp\central_clones\python_geopandas\Lib\site-packages\fiona\proj_data\proj.db contains DATABASE.LAYOUT.VERSION.MINOR = 2 whereas a number >= 3 is expected. It comes from another PROJ installation.
2025-07-11 13:00:17,034 - fiona._env - DEBUG - GDAL_DATA found in environment.
2025-07-11 13:00:17,037 - fiona._env - DEBUG - PROJ data found in package: path='P:\\corp\\central_clones\\python_geopandas\\Lib\\site-packages\\fiona\\proj_data'.
2025-07-11 13:00:17,038 - fiona.ogrext - DEBUG - Got coordinate system
2025-07-11 13:00:17,057 - fiona.ogrext - DEBUG - Got coordinate system
2025-07-11 13:00:17,094 - fiona._env - WARNING - PROJ: proj_identify: P:\corp\central_clones\python_geopandas\Lib\site-packages\fiona\proj_data\proj.db contains DATABASE.LAYOUT.VERSION.MINOR = 2 whereas a number >= 3 is expected. It comes from another PROJ installation.
2025-07-11 13:00:17,095 - fiona.ogrext - DEBUG - OLC_FASTSETNEXTBYINDEX: 1
2025-07-11 13:00:17,095 - fiona.ogrext - DEBUG - OLC_FASTFEATURECOUNT: 1
2025-07-11 13:00:17,096 - fiona.ogrext - DEBUG - Next index: 0
2025-07-11 13:00:17,146 - fiona.collection - DEBUG - Flushed buffer
2025-07-11 13:00:17,149 - fiona.collection - DEBUG - Stopped session
2025-07-11 13:00:17,175 - fiona._env - DEBUG - GDAL_DATA found in environment.
2025-07-11 13:00:17,176 - fiona._env - DEBUG - PROJ data found in package: path='P:\\corp\\central_clones\\python_geopandas\\Lib\\site-packages\\fiona\\proj_data'.
2025-07-11 13:00:19,158 - fiona._env - WARNING - PROJ: proj_identify: P:\corp\central_clones\python_geopandas\Lib\site-packages\fiona\proj_data\proj.db contains DATABASE.LAYOUT.VERSION.MINOR = 2 whereas a number >= 3 is expected. It comes from another PROJ installation.
2025-07-11 13:00:24,637 - fiona._env - WARNING - PROJ: proj_identify: P:\corp\central_clones\python_geopandas\Lib\site-packages\fiona\proj_data\proj.db contains DATABASE.LAYOUT.VERSION.MINOR = 2 whereas a number >= 3 is expected. It comes from another PROJ installation.
2025-07-11 13:00:25,027 - fiona._env - WARNING - PROJ: proj_identify: P:\corp\central_clones\python_geopandas\Lib\site-packages\fiona\proj_data\proj.db contains DATABASE.LAYOUT.VERSION.MINOR = 2 whereas a number >= 3 is expected. It comes from another PROJ installation.
2025-07-11 13:00:25,916 - fiona._env - DEBUG - GDAL_DATA found in environment.
2025-07-11 13:00:25,917 - fiona._env - DEBUG - PROJ data found in package: path='P:\\corp\\central_clones\\python_geopandas\\Lib\\site-packages\\fiona\\proj_data'.
2025-07-11 13:00:25,917 - fiona.ogrext - DEBUG - Got coordinate system
2025-07-11 13:00:25,929 - fiona.ogrext - DEBUG - Got coordinate system
2025-07-11 13:00:25,951 - fiona._env - WARNING - PROJ: proj_identify: P:\corp\central_clones\python_geopandas\Lib\site-packages\fiona\proj_data\proj.db contains DATABASE.LAYOUT.VERSION.MINOR = 2 whereas a number >= 3 is expected. It comes from another PROJ installation.
2025-07-11 13:00:25,951 - fiona.ogrext - DEBUG - OLC_FASTSETNEXTBYINDEX: 1
2025-07-11 13:00:25,952 - fiona.ogrext - DEBUG - OLC_FASTFEATURECOUNT: 1
2025-07-11 13:00:25,952 - fiona.ogrext - DEBUG - Next index: 0
2025-07-11 13:00:25,988 - fiona.collection - DEBUG - Flushed buffer
2025-07-11 13:00:25,991 - fiona.collection - DEBUG - Stopped session
2025-07-11 13:00:26,014 - fiona._env - DEBUG - GDAL_DATA found in environment.
2025-07-11 13:00:26,015 - fiona._env - DEBUG - PROJ data found in package: path='P:\\corp\\central_clones\\python_geopandas\\Lib\\site-packages\\fiona\\proj_data'.
2025-07-11 13:00:27,569 - fiona._env - WARNING - PROJ: proj_identify: P:\corp\central_clones\python_geopandas\Lib\site-packages\fiona\proj_data\proj.db contains DATABASE.LAYOUT.VERSION.MINOR = 2 whereas a number >= 3 is expected. It comes from another PROJ installation.
2025-07-11 13:00:32,500 - fiona._env - WARNING - PROJ: proj_identify: P:\corp\central_clones\python_geopandas\Lib\site-packages\fiona\proj_data\proj.db contains DATABASE.LAYOUT.VERSION.MINOR = 2 whereas a number >= 3 is expected. It comes from another PROJ installation.
2025-07-11 13:00:32,890 - fiona._env - WARNING - PROJ: proj_identify: P:\corp\central_clones\python_geopandas\Lib\site-packages\fiona\proj_data\proj.db contains DATABASE.LAYOUT.VERSION.MINOR = 2 whereas a number >= 3 is expected. It comes from another PROJ installation.
2025-07-11 13:00:33,785 - fiona._env - DEBUG - GDAL_DATA found in environment.
2025-07-11 13:00:33,786 - fiona._env - DEBUG - PROJ data found in package: path='P:\\corp\\central_clones\\python_geopandas\\Lib\\site-packages\\fiona\\proj_data'.
2025-07-11 13:00:33,787 - fiona.ogrext - DEBUG - Got coordinate system
2025-07-11 13:00:33,798 - fiona.ogrext - DEBUG - Got coordinate system
2025-07-11 13:00:33,819 - fiona._env - WARNING - PROJ: proj_identify: P:\corp\central_clones\python_geopandas\Lib\site-packages\fiona\proj_data\proj.db contains DATABASE.LAYOUT.VERSION.MINOR = 2 whereas a number >= 3 is expected. It comes from another PROJ installation.
2025-07-11 13:00:33,820 - fiona.ogrext - DEBUG - OLC_FASTSETNEXTBYINDEX: 1
2025-07-11 13:00:33,820 - fiona.ogrext - DEBUG - OLC_FASTFEATURECOUNT: 1
2025-07-11 13:00:33,821 - fiona.ogrext - DEBUG - Next index: 0
2025-07-11 13:00:33,854 - fiona.collection - DEBUG - Flushed buffer
2025-07-11 13:00:33,856 - fiona.collection - DEBUG - Stopped session
2025-07-11 13:00:33,876 - fiona._env - DEBUG - GDAL_DATA found in environment.
2025-07-11 13:00:33,877 - fiona._env - DEBUG - PROJ data found in package: path='P:\\corp\\central_clones\\python_geopandas\\Lib\\site-packages\\fiona\\proj_data'.
2025-07-11 13:00:35,376 - fiona._env - WARNING - PROJ: proj_identify: P:\corp\central_clones\python_geopandas\Lib\site-packages\fiona\proj_data\proj.db contains DATABASE.LAYOUT.VERSION.MINOR = 2 whereas a number >= 3 is expected. It comes from another PROJ installation.
2025-07-11 13:00:41,103 - fiona._env - WARNING - PROJ: proj_identify: P:\corp\central_clones\python_geopandas\Lib\site-packages\fiona\proj_data\proj.db contains DATABASE.LAYOUT.VERSION.MINOR = 2 whereas a number >= 3 is expected. It comes from another PROJ installation.
2025-07-11 13:00:41,648 - fiona._env - WARNING - PROJ: proj_identify: P:\corp\central_clones\python_geopandas\Lib\site-packages\fiona\proj_data\proj.db contains DATABASE.LAYOUT.VERSION.MINOR = 2 whereas a number >= 3 is expected. It comes from another PROJ installation.
2025-07-11 13:00:42,885 - fiona._env - DEBUG - GDAL_DATA found in environment.
2025-07-11 13:00:42,886 - fiona._env - DEBUG - PROJ data found in package: path='P:\\corp\\central_clones\\python_geopandas\\Lib\\site-packages\\fiona\\proj_data'.
2025-07-11 13:00:42,887 - fiona.ogrext - DEBUG - Got coordinate system
2025-07-11 13:00:42,902 - fiona.ogrext - DEBUG - Got coordinate system
2025-07-11 13:00:42,931 - fiona._env - WARNING - PROJ: proj_identify: P:\corp\central_clones\python_geopandas\Lib\site-packages\fiona\proj_data\proj.db contains DATABASE.LAYOUT.VERSION.MINOR = 2 whereas a number >= 3 is expected. It comes from another PROJ installation.
2025-07-11 13:00:42,934 - fiona.ogrext - DEBUG - OLC_FASTSETNEXTBYINDEX: 1
2025-07-11 13:00:42,935 - fiona.ogrext - DEBUG - OLC_FASTFEATURECOUNT: 1
2025-07-11 13:00:42,936 - fiona.ogrext - DEBUG - Next index: 0
2025-07-11 13:00:42,976 - fiona.collection - DEBUG - Flushed buffer
2025-07-11 13:00:42,979 - fiona.collection - DEBUG - Stopped session
2025-07-11 13:00:43,002 - fiona._env - DEBUG - GDAL_DATA found in environment.
2025-07-11 13:00:43,003 - fiona._env - DEBUG - PROJ data found in package: path='P:\\corp\\central_clones\\python_geopandas\\Lib\\site-packages\\fiona\\proj_data'.
2025-07-11 13:00:44,866 - fiona._env - WARNING - PROJ: proj_identify: P:\corp\central_clones\python_geopandas\Lib\site-packages\fiona\proj_data\proj.db contains DATABASE.LAYOUT.VERSION.MINOR = 2 whereas a number >= 3 is expected. It comes from another PROJ installation.
2025-07-11 13:00:51,320 - fiona._env - WARNING - PROJ: proj_identify: P:\corp\central_clones\python_geopandas\Lib\site-packages\fiona\proj_data\proj.db contains DATABASE.LAYOUT.VERSION.MINOR = 2 whereas a number >= 3 is expected. It comes from another PROJ installation.
2025-07-11 13:00:51,894 - fiona._env - WARNING - PROJ: proj_identify: P:\corp\central_clones\python_geopandas\Lib\site-packages\fiona\proj_data\proj.db contains DATABASE.LAYOUT.VERSION.MINOR = 2 whereas a number >= 3 is expected. It comes from another PROJ installation.
2025-07-11 13:00:52,960 - fiona._env - DEBUG - GDAL_DATA found in environment.
2025-07-11 13:00:52,962 - fiona._env - DEBUG - PROJ data found in package: path='P:\\corp\\central_clones\\python_geopandas\\Lib\\site-packages\\fiona\\proj_data'.
2025-07-11 13:00:52,963 - fiona.ogrext - DEBUG - Got coordinate system
2025-07-11 13:00:52,980 - fiona.ogrext - DEBUG - Got coordinate system
2025-07-11 13:00:53,011 - fiona._env - WARNING - PROJ: proj_identify: P:\corp\central_clones\python_geopandas\Lib\site-packages\fiona\proj_data\proj.db contains DATABASE.LAYOUT.VERSION.MINOR = 2 whereas a number >= 3 is expected. It comes from another PROJ installation.
2025-07-11 13:00:53,012 - fiona.ogrext - DEBUG - OLC_FASTSETNEXTBYINDEX: 1
2025-07-11 13:00:53,013 - fiona.ogrext - DEBUG - OLC_FASTFEATURECOUNT: 1
2025-07-11 13:00:53,013 - fiona.ogrext - DEBUG - Next index: 0
2025-07-11 13:00:53,049 - fiona.collection - DEBUG - Flushed buffer
2025-07-11 13:00:53,051 - fiona.collection - DEBUG - Stopped session
2025-07-11 13:00:53,075 - fiona._env - DEBUG - GDAL_DATA found in environment.
2025-07-11 13:00:53,076 - fiona._env - DEBUG - PROJ data found in package: path='P:\\corp\\central_clones\\python_geopandas\\Lib\\site-packages\\fiona\\proj_data'.
2025-07-11 13:00:55,046 - fiona._env - WARNING - PROJ: proj_identify: P:\corp\central_clones\python_geopandas\Lib\site-packages\fiona\proj_data\proj.db contains DATABASE.LAYOUT.VERSION.MINOR = 2 whereas a number >= 3 is expected. It comes from another PROJ installation.
2025-07-11 13:01:00,168 - fiona._env - WARNING - PROJ: proj_identify: P:\corp\central_clones\python_geopandas\Lib\site-packages\fiona\proj_data\proj.db contains DATABASE.LAYOUT.VERSION.MINOR = 2 whereas a number >= 3 is expected. It comes from another PROJ installation.
2025-07-11 13:01:00,556 - fiona._env - WARNING - PROJ: proj_identify: P:\corp\central_clones\python_geopandas\Lib\site-packages\fiona\proj_data\proj.db contains DATABASE.LAYOUT.VERSION.MINOR = 2 whereas a number >= 3 is expected. It comes from another PROJ installation.
2025-07-11 13:01:01,435 - fiona._env - DEBUG - GDAL_DATA found in environment.
2025-07-11 13:01:01,436 - fiona._env - DEBUG - PROJ data found in package: path='P:\\corp\\central_clones\\python_geopandas\\Lib\\site-packages\\fiona\\proj_data'.
2025-07-11 13:01:01,437 - fiona.ogrext - DEBUG - Got coordinate system
2025-07-11 13:01:01,448 - fiona.ogrext - DEBUG - Got coordinate system
2025-07-11 13:01:01,470 - fiona._env - WARNING - PROJ: proj_identify: P:\corp\central_clones\python_geopandas\Lib\site-packages\fiona\proj_data\proj.db contains DATABASE.LAYOUT.VERSION.MINOR = 2 whereas a number >= 3 is expected. It comes from another PROJ installation.
2025-07-11 13:01:01,470 - fiona.ogrext - DEBUG - OLC_FASTSETNEXTBYINDEX: 1
2025-07-11 13:01:01,471 - fiona.ogrext - DEBUG - OLC_FASTFEATURECOUNT: 1
2025-07-11 13:01:01,471 - fiona.ogrext - DEBUG - Next index: 0
2025-07-11 13:01:01,472 - fiona.ogrext - DEBUG - Next index: 1
2025-07-11 13:01:01,473 - fiona.ogrext - DEBUG - Next index: 2
2025-07-11 13:01:01,474 - fiona.ogrext - DEBUG - Next index: 3
2025-07-11 13:01:01,475 - fiona.ogrext - DEBUG - Next index: 4
2025-07-11 13:01:01,476 - fiona.ogrext - DEBUG - Next index: 5
2025-07-11 13:01:01,477 - fiona.ogrext - DEBUG - Next index: 6
2025-07-11 13:01:01,478 - fiona.ogrext - DEBUG - Next index: 7
2025-07-11 13:01:01,479 - fiona.ogrext - DEBUG - Next index: 8
2025-07-11 13:01:01,480 - fiona.ogrext - DEBUG - Next index: 9
2025-07-11 13:01:01,481 - fiona.ogrext - DEBUG - Next index: 10
2025-07-11 13:01:01,482 - fiona.ogrext - DEBUG - Next index: 11
2025-07-11 13:01:01,483 - fiona.ogrext - DEBUG - Next index: 12
2025-07-11 13:01:01,484 - fiona.ogrext - DEBUG - Next index: 13
2025-07-11 13:01:01,485 - fiona.ogrext - DEBUG - Next index: 14
2025-07-11 13:01:01,522 - fiona.collection - DEBUG - Flushed buffer
2025-07-11 13:01:01,524 - fiona.collection - DEBUG - Stopped session
2025-07-11 13:01:01,679 - fiona._env - DEBUG - GDAL_DATA found in environment.
2025-07-11 13:01:01,680 - fiona._env - DEBUG - PROJ data found in package: path='P:\\corp\\central_clones\\python_geopandas\\Lib\\site-packages\\fiona\\proj_data'.
2025-07-11 13:01:03,194 - fiona._env - WARNING - PROJ: proj_identify: P:\corp\central_clones\python_geopandas\Lib\site-packages\fiona\proj_data\proj.db contains DATABASE.LAYOUT.VERSION.MINOR = 2 whereas a number >= 3 is expected. It comes from another PROJ installation.
2025-07-11 13:01:07,835 - fiona._env - WARNING - PROJ: proj_identify: P:\corp\central_clones\python_geopandas\Lib\site-packages\fiona\proj_data\proj.db contains DATABASE.LAYOUT.VERSION.MINOR = 2 whereas a number >= 3 is expected. It comes from another PROJ installation.
2025-07-11 13:01:08,250 - fiona._env - WARNING - PROJ: proj_identify: P:\corp\central_clones\python_geopandas\Lib\site-packages\fiona\proj_data\proj.db contains DATABASE.LAYOUT.VERSION.MINOR = 2 whereas a number >= 3 is expected. It comes from another PROJ installation.
2025-07-11 13:01:09,160 - fiona._env - DEBUG - GDAL_DATA found in environment.
2025-07-11 13:01:09,162 - fiona._env - DEBUG - PROJ data found in package: path='P:\\corp\\central_clones\\python_geopandas\\Lib\\site-packages\\fiona\\proj_data'.
2025-07-11 13:01:09,163 - fiona.ogrext - DEBUG - Got coordinate system
2025-07-11 13:01:09,174 - fiona.ogrext - DEBUG - Got coordinate system
2025-07-11 13:01:09,195 - fiona._env - WARNING - PROJ: proj_identify: P:\corp\central_clones\python_geopandas\Lib\site-packages\fiona\proj_data\proj.db contains DATABASE.LAYOUT.VERSION.MINOR = 2 whereas a number >= 3 is expected. It comes from another PROJ installation.
2025-07-11 13:01:09,196 - fiona.ogrext - DEBUG - OLC_FASTSETNEXTBYINDEX: 1
2025-07-11 13:01:09,196 - fiona.ogrext - DEBUG - OLC_FASTFEATURECOUNT: 1
2025-07-11 13:01:09,197 - fiona.ogrext - DEBUG - Next index: 0
2025-07-11 13:01:09,233 - fiona.collection - DEBUG - Flushed buffer
2025-07-11 13:01:09,235 - fiona.collection - DEBUG - Stopped session
2025-07-11 13:01:09,256 - fiona._env - DEBUG - GDAL_DATA found in environment.
2025-07-11 13:01:09,256 - fiona._env - DEBUG - PROJ data found in package: path='P:\\corp\\central_clones\\python_geopandas\\Lib\\site-packages\\fiona\\proj_data'.
2025-07-11 13:01:10,763 - fiona._env - WARNING - PROJ: proj_identify: P:\corp\central_clones\python_geopandas\Lib\site-packages\fiona\proj_data\proj.db contains DATABASE.LAYOUT.VERSION.MINOR = 2 whereas a number >= 3 is expected. It comes from another PROJ installation.
2025-07-11 13:01:15,746 - fiona._env - WARNING - PROJ: proj_identify: P:\corp\central_clones\python_geopandas\Lib\site-packages\fiona\proj_data\proj.db contains DATABASE.LAYOUT.VERSION.MINOR = 2 whereas a number >= 3 is expected. It comes from another PROJ installation.
2025-07-11 13:01:16,134 - fiona._env - WARNING - PROJ: proj_identify: P:\corp\central_clones\python_geopandas\Lib\site-packages\fiona\proj_data\proj.db contains DATABASE.LAYOUT.VERSION.MINOR = 2 whereas a number >= 3 is expected. It comes from another PROJ installation.
2025-07-11 13:01:17,024 - fiona._env - DEBUG - GDAL_DATA found in environment.
2025-07-11 13:01:17,025 - fiona._env - DEBUG - PROJ data found in package: path='P:\\corp\\central_clones\\python_geopandas\\Lib\\site-packages\\fiona\\proj_data'.
2025-07-11 13:01:17,026 - fiona.ogrext - DEBUG - Got coordinate system
2025-07-11 13:01:17,037 - fiona.ogrext - DEBUG - Got coordinate system
2025-07-11 13:01:17,058 - fiona._env - WARNING - PROJ: proj_identify: P:\corp\central_clones\python_geopandas\Lib\site-packages\fiona\proj_data\proj.db contains DATABASE.LAYOUT.VERSION.MINOR = 2 whereas a number >= 3 is expected. It comes from another PROJ installation.
2025-07-11 13:01:17,059 - fiona.ogrext - DEBUG - OLC_FASTSETNEXTBYINDEX: 1
2025-07-11 13:01:17,059 - fiona.ogrext - DEBUG - OLC_FASTFEATURECOUNT: 1
2025-07-11 13:01:17,059 - fiona.ogrext - DEBUG - Next index: 0
2025-07-11 13:01:17,093 - fiona.collection - DEBUG - Flushed buffer
2025-07-11 13:01:17,095 - fiona.collection - DEBUG - Stopped session
2025-07-11 13:01:17,115 - fiona._env - DEBUG - GDAL_DATA found in environment.
2025-07-11 13:01:17,115 - fiona._env - DEBUG - PROJ data found in package: path='P:\\corp\\central_clones\\python_geopandas\\Lib\\site-packages\\fiona\\proj_data'.
2025-07-11 13:01:18,618 - fiona._env - WARNING - PROJ: proj_identify: P:\corp\central_clones\python_geopandas\Lib\site-packages\fiona\proj_data\proj.db contains DATABASE.LAYOUT.VERSION.MINOR = 2 whereas a number >= 3 is expected. It comes from another PROJ installation.
2025-07-11 13:01:23,284 - fiona._env - WARNING - PROJ: proj_identify: P:\corp\central_clones\python_geopandas\Lib\site-packages\fiona\proj_data\proj.db contains DATABASE.LAYOUT.VERSION.MINOR = 2 whereas a number >= 3 is expected. It comes from another PROJ installation.
2025-07-11 13:01:23,679 - fiona._env - WARNING - PROJ: proj_identify: P:\corp\central_clones\python_geopandas\Lib\site-packages\fiona\proj_data\proj.db contains DATABASE.LAYOUT.VERSION.MINOR = 2 whereas a number >= 3 is expected. It comes from another PROJ installation.
2025-07-11 13:01:24,581 - fiona._env - DEBUG - GDAL_DATA found in environment.
2025-07-11 13:01:24,583 - fiona._env - DEBUG - PROJ data found in package: path='P:\\corp\\central_clones\\python_geopandas\\Lib\\site-packages\\fiona\\proj_data'.
2025-07-11 13:01:24,583 - fiona.ogrext - DEBUG - Got coordinate system
2025-07-11 13:01:24,595 - fiona.ogrext - DEBUG - Got coordinate system
2025-07-11 13:01:24,615 - fiona._env - WARNING - PROJ: proj_identify: P:\corp\central_clones\python_geopandas\Lib\site-packages\fiona\proj_data\proj.db contains DATABASE.LAYOUT.VERSION.MINOR = 2 whereas a number >= 3 is expected. It comes from another PROJ installation.
2025-07-11 13:01:24,615 - fiona.ogrext - DEBUG - OLC_FASTSETNEXTBYINDEX: 1
2025-07-11 13:01:24,616 - fiona.ogrext - DEBUG - OLC_FASTFEATURECOUNT: 1
2025-07-11 13:01:24,616 - fiona.ogrext - DEBUG - Next index: 0
2025-07-11 13:01:24,650 - fiona.collection - DEBUG - Flushed buffer
2025-07-11 13:01:24,653 - fiona.collection - DEBUG - Stopped session
2025-07-11 13:01:24,672 - fiona._env - DEBUG - GDAL_DATA found in environment.
2025-07-11 13:01:24,673 - fiona._env - DEBUG - PROJ data found in package: path='P:\\corp\\central_clones\\python_geopandas\\Lib\\site-packages\\fiona\\proj_data'.
2025-07-11 13:01:26,187 - fiona._env - WARNING - PROJ: proj_identify: P:\corp\central_clones\python_geopandas\Lib\site-packages\fiona\proj_data\proj.db contains DATABASE.LAYOUT.VERSION.MINOR = 2 whereas a number >= 3 is expected. It comes from another PROJ installation.
2025-07-11 13:01:30,885 - fiona._env - WARNING - PROJ: proj_identify: P:\corp\central_clones\python_geopandas\Lib\site-packages\fiona\proj_data\proj.db contains DATABASE.LAYOUT.VERSION.MINOR = 2 whereas a number >= 3 is expected. It comes from another PROJ installation.
2025-07-11 13:01:31,274 - fiona._env - WARNING - PROJ: proj_identify: P:\corp\central_clones\python_geopandas\Lib\site-packages\fiona\proj_data\proj.db contains DATABASE.LAYOUT.VERSION.MINOR = 2 whereas a number >= 3 is expected. It comes from another PROJ installation.
2025-07-11 13:01:32,164 - fiona._env - DEBUG - GDAL_DATA found in environment.
2025-07-11 13:01:32,165 - fiona._env - DEBUG - PROJ data found in package: path='P:\\corp\\central_clones\\python_geopandas\\Lib\\site-packages\\fiona\\proj_data'.
2025-07-11 13:01:32,166 - fiona.ogrext - DEBUG - Got coordinate system
2025-07-11 13:01:32,177 - fiona.ogrext - DEBUG - Got coordinate system
2025-07-11 13:01:32,198 - fiona._env - WARNING - PROJ: proj_identify: P:\corp\central_clones\python_geopandas\Lib\site-packages\fiona\proj_data\proj.db contains DATABASE.LAYOUT.VERSION.MINOR = 2 whereas a number >= 3 is expected. It comes from another PROJ installation.
2025-07-11 13:01:32,199 - fiona.ogrext - DEBUG - OLC_FASTSETNEXTBYINDEX: 1
2025-07-11 13:01:32,199 - fiona.ogrext - DEBUG - OLC_FASTFEATURECOUNT: 1
2025-07-11 13:01:32,199 - fiona.ogrext - DEBUG - Next index: 0
2025-07-11 13:01:32,234 - fiona.collection - DEBUG - Flushed buffer
2025-07-11 13:01:32,236 - fiona.collection - DEBUG - Stopped session
2025-07-11 13:01:32,256 - fiona._env - DEBUG - GDAL_DATA found in environment.
2025-07-11 13:01:32,257 - fiona._env - DEBUG - PROJ data found in package: path='P:\\corp\\central_clones\\python_geopandas\\Lib\\site-packages\\fiona\\proj_data'.
2025-07-11 13:01:33,731 - fiona._env - WARNING - PROJ: proj_identify: P:\corp\central_clones\python_geopandas\Lib\site-packages\fiona\proj_data\proj.db contains DATABASE.LAYOUT.VERSION.MINOR = 2 whereas a number >= 3 is expected. It comes from another PROJ installation.
2025-07-11 13:01:38,369 - fiona._env - WARNING - PROJ: proj_identify: P:\corp\central_clones\python_geopandas\Lib\site-packages\fiona\proj_data\proj.db contains DATABASE.LAYOUT.VERSION.MINOR = 2 whereas a number >= 3 is expected. It comes from another PROJ installation.
2025-07-11 13:01:38,758 - fiona._env - WARNING - PROJ: proj_identify: P:\corp\central_clones\python_geopandas\Lib\site-packages\fiona\proj_data\proj.db contains DATABASE.LAYOUT.VERSION.MINOR = 2 whereas a number >= 3 is expected. It comes from another PROJ installation.
2025-07-11 13:01:39,674 - fiona._env - DEBUG - GDAL_DATA found in environment.
2025-07-11 13:01:39,675 - fiona._env - DEBUG - PROJ data found in package: path='P:\\corp\\central_clones\\python_geopandas\\Lib\\site-packages\\fiona\\proj_data'.
2025-07-11 13:01:39,676 - fiona.ogrext - DEBUG - Got coordinate system
2025-07-11 13:01:39,687 - fiona.ogrext - DEBUG - Got coordinate system
2025-07-11 13:01:39,708 - fiona._env - WARNING - PROJ: proj_identify: P:\corp\central_clones\python_geopandas\Lib\site-packages\fiona\proj_data\proj.db contains DATABASE.LAYOUT.VERSION.MINOR = 2 whereas a number >= 3 is expected. It comes from another PROJ installation.
2025-07-11 13:01:39,709 - fiona.ogrext - DEBUG - OLC_FASTSETNEXTBYINDEX: 1
2025-07-11 13:01:39,709 - fiona.ogrext - DEBUG - OLC_FASTFEATURECOUNT: 1
2025-07-11 13:01:39,709 - fiona.ogrext - DEBUG - Next index: 0
2025-07-11 13:01:39,746 - fiona.collection - DEBUG - Flushed buffer
2025-07-11 13:01:39,749 - fiona.collection - DEBUG - Stopped session
2025-07-11 13:01:39,768 - fiona._env - DEBUG - GDAL_DATA found in environment.
2025-07-11 13:01:39,769 - fiona._env - DEBUG - PROJ data found in package: path='P:\\corp\\central_clones\\python_geopandas\\Lib\\site-packages\\fiona\\proj_data'.
2025-07-11 13:01:41,263 - fiona._env - WARNING - PROJ: proj_identify: P:\corp\central_clones\python_geopandas\Lib\site-packages\fiona\proj_data\proj.db contains DATABASE.LAYOUT.VERSION.MINOR = 2 whereas a number >= 3 is expected. It comes from another PROJ installation.
2025-07-11 13:01:46,333 - fiona._env - WARNING - PROJ: proj_identify: P:\corp\central_clones\python_geopandas\Lib\site-packages\fiona\proj_data\proj.db contains DATABASE.LAYOUT.VERSION.MINOR = 2 whereas a number >= 3 is expected. It comes from another PROJ installation.
2025-07-11 13:01:46,868 - fiona._env - WARNING - PROJ: proj_identify: P:\corp\central_clones\python_geopandas\Lib\site-packages\fiona\proj_data\proj.db contains DATABASE.LAYOUT.VERSION.MINOR = 2 whereas a number >= 3 is expected. It comes from another PROJ installation.
2025-07-11 13:01:47,806 - fiona._env - DEBUG - GDAL_DATA found in environment.
2025-07-11 13:01:47,807 - fiona._env - DEBUG - PROJ data found in package: path='P:\\corp\\central_clones\\python_geopandas\\Lib\\site-packages\\fiona\\proj_data'.
2025-07-11 13:01:47,808 - fiona.ogrext - DEBUG - Got coordinate system
2025-07-11 13:01:47,819 - fiona.ogrext - DEBUG - Got coordinate system
2025-07-11 13:01:47,842 - fiona._env - WARNING - PROJ: proj_identify: P:\corp\central_clones\python_geopandas\Lib\site-packages\fiona\proj_data\proj.db contains DATABASE.LAYOUT.VERSION.MINOR = 2 whereas a number >= 3 is expected. It comes from another PROJ installation.
2025-07-11 13:01:47,842 - fiona.ogrext - DEBUG - OLC_FASTSETNEXTBYINDEX: 1
2025-07-11 13:01:47,843 - fiona.ogrext - DEBUG - OLC_FASTFEATURECOUNT: 1
2025-07-11 13:01:47,843 - fiona.ogrext - DEBUG - Next index: 0
2025-07-11 13:01:47,880 - fiona.collection - DEBUG - Flushed buffer
2025-07-11 13:01:47,882 - fiona.collection - DEBUG - Stopped session
2025-07-11 13:01:47,906 - fiona._env - DEBUG - GDAL_DATA found in environment.
2025-07-11 13:01:47,906 - fiona._env - DEBUG - PROJ data found in package: path='P:\\corp\\central_clones\\python_geopandas\\Lib\\site-packages\\fiona\\proj_data'.
2025-07-11 13:01:49,393 - fiona._env - WARNING - PROJ: proj_identify: P:\corp\central_clones\python_geopandas\Lib\site-packages\fiona\proj_data\proj.db contains DATABASE.LAYOUT.VERSION.MINOR = 2 whereas a number >= 3 is expected. It comes from another PROJ installation.
2025-07-11 13:01:55,462 - fiona._env - WARNING - PROJ: proj_identify: P:\corp\central_clones\python_geopandas\Lib\site-packages\fiona\proj_data\proj.db contains DATABASE.LAYOUT.VERSION.MINOR = 2 whereas a number >= 3 is expected. It comes from another PROJ installation.
2025-07-11 13:01:56,020 - fiona._env - WARNING - PROJ: proj_identify: P:\corp\central_clones\python_geopandas\Lib\site-packages\fiona\proj_data\proj.db contains DATABASE.LAYOUT.VERSION.MINOR = 2 whereas a number >= 3 is expected. It comes from another PROJ installation.
2025-07-11 13:01:57,312 - fiona._env - DEBUG - GDAL_DATA found in environment.
2025-07-11 13:01:57,314 - fiona._env - DEBUG - PROJ data found in package: path='P:\\corp\\central_clones\\python_geopandas\\Lib\\site-packages\\fiona\\proj_data'.
2025-07-11 13:01:57,315 - fiona.ogrext - DEBUG - Got coordinate system
2025-07-11 13:01:57,328 - fiona.ogrext - DEBUG - Got coordinate system
2025-07-11 13:01:57,359 - fiona._env - WARNING - PROJ: proj_identify: P:\corp\central_clones\python_geopandas\Lib\site-packages\fiona\proj_data\proj.db contains DATABASE.LAYOUT.VERSION.MINOR = 2 whereas a number >= 3 is expected. It comes from another PROJ installation.
2025-07-11 13:01:57,360 - fiona.ogrext - DEBUG - OLC_FASTSETNEXTBYINDEX: 1
2025-07-11 13:01:57,360 - fiona.ogrext - DEBUG - OLC_FASTFEATURECOUNT: 1
2025-07-11 13:01:57,361 - fiona.ogrext - DEBUG - Next index: 0
2025-07-11 13:01:57,401 - fiona.collection - DEBUG - Flushed buffer
2025-07-11 13:01:57,404 - fiona.collection - DEBUG - Stopped session
2025-07-11 13:01:57,434 - fiona._env - DEBUG - GDAL_DATA found in environment.
2025-07-11 13:01:57,435 - fiona._env - DEBUG - PROJ data found in package: path='P:\\corp\\central_clones\\python_geopandas\\Lib\\site-packages\\fiona\\proj_data'.
2025-07-11 13:01:59,185 - fiona._env - WARNING - PROJ: proj_identify: P:\corp\central_clones\python_geopandas\Lib\site-packages\fiona\proj_data\proj.db contains DATABASE.LAYOUT.VERSION.MINOR = 2 whereas a number >= 3 is expected. It comes from another PROJ installation.
2025-07-11 13:02:05,076 - fiona._env - WARNING - PROJ: proj_identify: P:\corp\central_clones\python_geopandas\Lib\site-packages\fiona\proj_data\proj.db contains DATABASE.LAYOUT.VERSION.MINOR = 2 whereas a number >= 3 is expected. It comes from another PROJ installation.
2025-07-11 13:02:05,634 - fiona._env - WARNING - PROJ: proj_identify: P:\corp\central_clones\python_geopandas\Lib\site-packages\fiona\proj_data\proj.db contains DATABASE.LAYOUT.VERSION.MINOR = 2 whereas a number >= 3 is expected. It comes from another PROJ installation.
2025-07-11 13:02:06,862 - fiona._env - DEBUG - GDAL_DATA found in environment.
2025-07-11 13:02:06,863 - fiona._env - DEBUG - PROJ data found in package: path='P:\\corp\\central_clones\\python_geopandas\\Lib\\site-packages\\fiona\\proj_data'.
2025-07-11 13:02:06,864 - fiona.ogrext - DEBUG - Got coordinate system
2025-07-11 13:02:06,887 - fiona.ogrext - DEBUG - Got coordinate system
2025-07-11 13:02:06,913 - fiona._env - WARNING - PROJ: proj_identify: P:\corp\central_clones\python_geopandas\Lib\site-packages\fiona\proj_data\proj.db contains DATABASE.LAYOUT.VERSION.MINOR = 2 whereas a number >= 3 is expected. It comes from another PROJ installation.
2025-07-11 13:02:06,913 - fiona.ogrext - DEBUG - OLC_FASTSETNEXTBYINDEX: 1
2025-07-11 13:02:06,914 - fiona.ogrext - DEBUG - OLC_FASTFEATURECOUNT: 1
2025-07-11 13:02:06,914 - fiona.ogrext - DEBUG - Next index: 0
2025-07-11 13:02:06,953 - fiona.collection - DEBUG - Flushed buffer
2025-07-11 13:02:06,956 - fiona.collection - DEBUG - Stopped session
2025-07-11 13:02:06,978 - fiona._env - DEBUG - GDAL_DATA found in environment.
2025-07-11 13:02:06,979 - fiona._env - DEBUG - PROJ data found in package: path='P:\\corp\\central_clones\\python_geopandas\\Lib\\site-packages\\fiona\\proj_data'.
2025-07-11 13:02:08,808 - fiona._env - WARNING - PROJ: proj_identify: P:\corp\central_clones\python_geopandas\Lib\site-packages\fiona\proj_data\proj.db contains DATABASE.LAYOUT.VERSION.MINOR = 2 whereas a number >= 3 is expected. It comes from another PROJ installation.
2025-07-11 13:02:14,879 - fiona._env - WARNING - PROJ: proj_identify: P:\corp\central_clones\python_geopandas\Lib\site-packages\fiona\proj_data\proj.db contains DATABASE.LAYOUT.VERSION.MINOR = 2 whereas a number >= 3 is expected. It comes from another PROJ installation.
2025-07-11 13:02:15,390 - fiona._env - WARNING - PROJ: proj_identify: P:\corp\central_clones\python_geopandas\Lib\site-packages\fiona\proj_data\proj.db contains DATABASE.LAYOUT.VERSION.MINOR = 2 whereas a number >= 3 is expected. It comes from another PROJ installation.
2025-07-11 13:02:16,593 - fiona._env - DEBUG - GDAL_DATA found in environment.
2025-07-11 13:02:16,595 - fiona._env - DEBUG - PROJ data found in package: path='P:\\corp\\central_clones\\python_geopandas\\Lib\\site-packages\\fiona\\proj_data'.
2025-07-11 13:02:16,597 - fiona.ogrext - DEBUG - Got coordinate system
2025-07-11 13:02:16,611 - fiona.ogrext - DEBUG - Got coordinate system
2025-07-11 13:02:16,638 - fiona._env - WARNING - PROJ: proj_identify: P:\corp\central_clones\python_geopandas\Lib\site-packages\fiona\proj_data\proj.db contains DATABASE.LAYOUT.VERSION.MINOR = 2 whereas a number >= 3 is expected. It comes from another PROJ installation.
2025-07-11 13:02:16,639 - fiona.ogrext - DEBUG - OLC_FASTSETNEXTBYINDEX: 1
2025-07-11 13:02:16,640 - fiona.ogrext - DEBUG - OLC_FASTFEATURECOUNT: 1
2025-07-11 13:02:16,640 - fiona.ogrext - DEBUG - Next index: 0
2025-07-11 13:02:16,686 - fiona.collection - DEBUG - Flushed buffer
2025-07-11 13:02:16,689 - fiona.collection - DEBUG - Stopped session
2025-07-11 13:02:16,712 - fiona._env - DEBUG - GDAL_DATA found in environment.
2025-07-11 13:02:16,713 - fiona._env - DEBUG - PROJ data found in package: path='P:\\corp\\central_clones\\python_geopandas\\Lib\\site-packages\\fiona\\proj_data'.
2025-07-11 13:02:18,565 - fiona._env - WARNING - PROJ: proj_identify: P:\corp\central_clones\python_geopandas\Lib\site-packages\fiona\proj_data\proj.db contains DATABASE.LAYOUT.VERSION.MINOR = 2 whereas a number >= 3 is expected. It comes from another PROJ installation.
2025-07-11 13:02:24,691 - fiona._env - WARNING - PROJ: proj_identify: P:\corp\central_clones\python_geopandas\Lib\site-packages\fiona\proj_data\proj.db contains DATABASE.LAYOUT.VERSION.MINOR = 2 whereas a number >= 3 is expected. It comes from another PROJ installation.
2025-07-11 13:02:25,210 - fiona._env - WARNING - PROJ: proj_identify: P:\corp\central_clones\python_geopandas\Lib\site-packages\fiona\proj_data\proj.db contains DATABASE.LAYOUT.VERSION.MINOR = 2 whereas a number >= 3 is expected. It comes from another PROJ installation.
2025-07-11 13:02:26,372 - fiona._env - DEBUG - GDAL_DATA found in environment.
2025-07-11 13:02:26,373 - fiona._env - DEBUG - PROJ data found in package: path='P:\\corp\\central_clones\\python_geopandas\\Lib\\site-packages\\fiona\\proj_data'.
2025-07-11 13:02:26,375 - fiona.ogrext - DEBUG - Got coordinate system
2025-07-11 13:02:26,391 - fiona.ogrext - DEBUG - Got coordinate system
2025-07-11 13:02:26,420 - fiona._env - WARNING - PROJ: proj_identify: P:\corp\central_clones\python_geopandas\Lib\site-packages\fiona\proj_data\proj.db contains DATABASE.LAYOUT.VERSION.MINOR = 2 whereas a number >= 3 is expected. It comes from another PROJ installation.
2025-07-11 13:02:26,420 - fiona.ogrext - DEBUG - OLC_FASTSETNEXTBYINDEX: 1
2025-07-11 13:02:26,422 - fiona.ogrext - DEBUG - OLC_FASTFEATURECOUNT: 1
2025-07-11 13:02:26,422 - fiona.ogrext - DEBUG - Next index: 0
2025-07-11 13:02:26,460 - fiona.collection - DEBUG - Flushed buffer
2025-07-11 13:02:26,462 - fiona.collection - DEBUG - Stopped session
2025-07-11 13:02:26,482 - fiona._env - DEBUG - GDAL_DATA found in environment.
2025-07-11 13:02:26,483 - fiona._env - DEBUG - PROJ data found in package: path='P:\\corp\\central_clones\\python_geopandas\\Lib\\site-packages\\fiona\\proj_data'.
2025-07-11 13:02:28,389 - fiona._env - WARNING - PROJ: proj_identify: P:\corp\central_clones\python_geopandas\Lib\site-packages\fiona\proj_data\proj.db contains DATABASE.LAYOUT.VERSION.MINOR = 2 whereas a number >= 3 is expected. It comes from another PROJ installation.
2025-07-11 13:02:34,551 - fiona._env - WARNING - PROJ: proj_identify: P:\corp\central_clones\python_geopandas\Lib\site-packages\fiona\proj_data\proj.db contains DATABASE.LAYOUT.VERSION.MINOR = 2 whereas a number >= 3 is expected. It comes from another PROJ installation.
2025-07-11 13:02:35,026 - fiona._env - WARNING - PROJ: proj_identify: P:\corp\central_clones\python_geopandas\Lib\site-packages\fiona\proj_data\proj.db contains DATABASE.LAYOUT.VERSION.MINOR = 2 whereas a number >= 3 is expected. It comes from another PROJ installation.
2025-07-11 13:02:36,160 - fiona._env - DEBUG - GDAL_DATA found in environment.
2025-07-11 13:02:36,162 - fiona._env - DEBUG - PROJ data found in package: path='P:\\corp\\central_clones\\python_geopandas\\Lib\\site-packages\\fiona\\proj_data'.
2025-07-11 13:02:36,162 - fiona.ogrext - DEBUG - Got coordinate system
2025-07-11 13:02:36,175 - fiona.ogrext - DEBUG - Got coordinate system
2025-07-11 13:02:36,201 - fiona._env - WARNING - PROJ: proj_identify: P:\corp\central_clones\python_geopandas\Lib\site-packages\fiona\proj_data\proj.db contains DATABASE.LAYOUT.VERSION.MINOR = 2 whereas a number >= 3 is expected. It comes from another PROJ installation.
2025-07-11 13:02:36,201 - fiona.ogrext - DEBUG - OLC_FASTSETNEXTBYINDEX: 1
2025-07-11 13:02:36,202 - fiona.ogrext - DEBUG - OLC_FASTFEATURECOUNT: 1
2025-07-11 13:02:36,202 - fiona.ogrext - DEBUG - Next index: 0
2025-07-11 13:02:36,240 - fiona.collection - DEBUG - Flushed buffer
2025-07-11 13:02:36,242 - fiona.collection - DEBUG - Stopped session
2025-07-11 13:02:36,263 - fiona._env - DEBUG - GDAL_DATA found in environment.
2025-07-11 13:02:36,264 - fiona._env - DEBUG - PROJ data found in package: path='P:\\corp\\central_clones\\python_geopandas\\Lib\\site-packages\\fiona\\proj_data'.
2025-07-11 13:02:38,055 - fiona._env - WARNING - PROJ: proj_identify: P:\corp\central_clones\python_geopandas\Lib\site-packages\fiona\proj_data\proj.db contains DATABASE.LAYOUT.VERSION.MINOR = 2 whereas a number >= 3 is expected. It comes from another PROJ installation.
2025-07-11 13:02:43,910 - fiona._env - WARNING - PROJ: proj_identify: P:\corp\central_clones\python_geopandas\Lib\site-packages\fiona\proj_data\proj.db contains DATABASE.LAYOUT.VERSION.MINOR = 2 whereas a number >= 3 is expected. It comes from another PROJ installation.
2025-07-11 13:02:44,406 - fiona._env - WARNING - PROJ: proj_identify: P:\corp\central_clones\python_geopandas\Lib\site-packages\fiona\proj_data\proj.db contains DATABASE.LAYOUT.VERSION.MINOR = 2 whereas a number >= 3 is expected. It comes from another PROJ installation.
2025-07-11 13:02:45,521 - fiona._env - DEBUG - GDAL_DATA found in environment.
2025-07-11 13:02:45,522 - fiona._env - DEBUG - PROJ data found in package: path='P:\\corp\\central_clones\\python_geopandas\\Lib\\site-packages\\fiona\\proj_data'.
2025-07-11 13:02:45,523 - fiona.ogrext - DEBUG - Got coordinate system
2025-07-11 13:02:45,536 - fiona.ogrext - DEBUG - Got coordinate system
2025-07-11 13:02:45,563 - fiona._env - WARNING - PROJ: proj_identify: P:\corp\central_clones\python_geopandas\Lib\site-packages\fiona\proj_data\proj.db contains DATABASE.LAYOUT.VERSION.MINOR = 2 whereas a number >= 3 is expected. It comes from another PROJ installation.
2025-07-11 13:02:45,563 - fiona.ogrext - DEBUG - OLC_FASTSETNEXTBYINDEX: 1
2025-07-11 13:02:45,564 - fiona.ogrext - DEBUG - OLC_FASTFEATURECOUNT: 1
2025-07-11 13:02:45,564 - fiona.ogrext - DEBUG - Next index: 0
2025-07-11 13:02:45,601 - fiona.collection - DEBUG - Flushed buffer
2025-07-11 13:02:45,604 - fiona.collection - DEBUG - Stopped session
2025-07-11 13:02:45,627 - fiona._env - DEBUG - GDAL_DATA found in environment.
2025-07-11 13:02:45,628 - fiona._env - DEBUG - PROJ data found in package: path='P:\\corp\\central_clones\\python_geopandas\\Lib\\site-packages\\fiona\\proj_data'.
2025-07-11 13:02:47,336 - fiona._env - WARNING - PROJ: proj_identify: P:\corp\central_clones\python_geopandas\Lib\site-packages\fiona\proj_data\proj.db contains DATABASE.LAYOUT.VERSION.MINOR = 2 whereas a number >= 3 is expected. It comes from another PROJ installation.
2025-07-11 13:02:53,254 - fiona._env - WARNING - PROJ: proj_identify: P:\corp\central_clones\python_geopandas\Lib\site-packages\fiona\proj_data\proj.db contains DATABASE.LAYOUT.VERSION.MINOR = 2 whereas a number >= 3 is expected. It comes from another PROJ installation.
2025-07-11 13:02:53,753 - fiona._env - WARNING - PROJ: proj_identify: P:\corp\central_clones\python_geopandas\Lib\site-packages\fiona\proj_data\proj.db contains DATABASE.LAYOUT.VERSION.MINOR = 2 whereas a number >= 3 is expected. It comes from another PROJ installation.
2025-07-11 13:02:54,759 - fiona._env - DEBUG - GDAL_DATA found in environment.
2025-07-11 13:02:54,760 - fiona._env - DEBUG - PROJ data found in package: path='P:\\corp\\central_clones\\python_geopandas\\Lib\\site-packages\\fiona\\proj_data'.
2025-07-11 13:02:54,761 - fiona.ogrext - DEBUG - Got coordinate system
2025-07-11 13:02:54,772 - fiona.ogrext - DEBUG - Got coordinate system
2025-07-11 13:02:54,793 - fiona._env - WARNING - PROJ: proj_identify: P:\corp\central_clones\python_geopandas\Lib\site-packages\fiona\proj_data\proj.db contains DATABASE.LAYOUT.VERSION.MINOR = 2 whereas a number >= 3 is expected. It comes from another PROJ installation.
2025-07-11 13:02:54,794 - fiona.ogrext - DEBUG - OLC_FASTSETNEXTBYINDEX: 1
2025-07-11 13:02:54,794 - fiona.ogrext - DEBUG - OLC_FASTFEATURECOUNT: 1
2025-07-11 13:02:54,794 - fiona.ogrext - DEBUG - Next index: 0
2025-07-11 13:02:54,829 - fiona.collection - DEBUG - Flushed buffer
2025-07-11 13:02:54,831 - fiona.collection - DEBUG - Stopped session
2025-07-11 13:02:54,855 - fiona._env - DEBUG - GDAL_DATA found in environment.
2025-07-11 13:02:54,856 - fiona._env - DEBUG - PROJ data found in package: path='P:\\corp\\central_clones\\python_geopandas\\Lib\\site-packages\\fiona\\proj_data'.
2025-07-11 13:02:56,363 - fiona._env - WARNING - PROJ: proj_identify: P:\corp\central_clones\python_geopandas\Lib\site-packages\fiona\proj_data\proj.db contains DATABASE.LAYOUT.VERSION.MINOR = 2 whereas a number >= 3 is expected. It comes from another PROJ installation.
2025-07-11 13:03:02,611 - fiona._env - WARNING - PROJ: proj_identify: P:\corp\central_clones\python_geopandas\Lib\site-packages\fiona\proj_data\proj.db contains DATABASE.LAYOUT.VERSION.MINOR = 2 whereas a number >= 3 is expected. It comes from another PROJ installation.
2025-07-11 13:03:03,144 - fiona._env - WARNING - PROJ: proj_identify: P:\corp\central_clones\python_geopandas\Lib\site-packages\fiona\proj_data\proj.db contains DATABASE.LAYOUT.VERSION.MINOR = 2 whereas a number >= 3 is expected. It comes from another PROJ installation.
2025-07-11 13:03:04,143 - fiona._env - DEBUG - GDAL_DATA found in environment.
2025-07-11 13:03:04,144 - fiona._env - DEBUG - PROJ data found in package: path='P:\\corp\\central_clones\\python_geopandas\\Lib\\site-packages\\fiona\\proj_data'.
2025-07-11 13:03:04,145 - fiona.ogrext - DEBUG - Got coordinate system
2025-07-11 13:03:04,156 - fiona.ogrext - DEBUG - Got coordinate system
2025-07-11 13:03:04,176 - fiona._env - WARNING - PROJ: proj_identify: P:\corp\central_clones\python_geopandas\Lib\site-packages\fiona\proj_data\proj.db contains DATABASE.LAYOUT.VERSION.MINOR = 2 whereas a number >= 3 is expected. It comes from another PROJ installation.
2025-07-11 13:03:04,177 - fiona.ogrext - DEBUG - OLC_FASTSETNEXTBYINDEX: 1
2025-07-11 13:03:04,177 - fiona.ogrext - DEBUG - OLC_FASTFEATURECOUNT: 1
2025-07-11 13:03:04,178 - fiona.ogrext - DEBUG - Next index: 0
2025-07-11 13:03:04,178 - fiona.ogrext - DEBUG - Next index: 1
2025-07-11 13:03:04,217 - fiona.collection - DEBUG - Flushed buffer
2025-07-11 13:03:04,220 - fiona.collection - DEBUG - Stopped session
2025-07-11 13:03:04,364 - fiona._env - DEBUG - GDAL_DATA found in environment.
2025-07-11 13:03:04,365 - fiona._env - DEBUG - PROJ data found in package: path='P:\\corp\\central_clones\\python_geopandas\\Lib\\site-packages\\fiona\\proj_data'.
2025-07-11 13:03:05,830 - fiona._env - WARNING - PROJ: proj_identify: P:\corp\central_clones\python_geopandas\Lib\site-packages\fiona\proj_data\proj.db contains DATABASE.LAYOUT.VERSION.MINOR = 2 whereas a number >= 3 is expected. It comes from another PROJ installation.
2025-07-11 13:03:10,401 - fiona._env - WARNING - PROJ: proj_identify: P:\corp\central_clones\python_geopandas\Lib\site-packages\fiona\proj_data\proj.db contains DATABASE.LAYOUT.VERSION.MINOR = 2 whereas a number >= 3 is expected. It comes from another PROJ installation.
2025-07-11 13:03:10,786 - fiona._env - WARNING - PROJ: proj_identify: P:\corp\central_clones\python_geopandas\Lib\site-packages\fiona\proj_data\proj.db contains DATABASE.LAYOUT.VERSION.MINOR = 2 whereas a number >= 3 is expected. It comes from another PROJ installation.
2025-07-11 13:03:11,679 - fiona._env - DEBUG - GDAL_DATA found in environment.
2025-07-11 13:03:11,681 - fiona._env - DEBUG - PROJ data found in package: path='P:\\corp\\central_clones\\python_geopandas\\Lib\\site-packages\\fiona\\proj_data'.
2025-07-11 13:03:11,682 - fiona.ogrext - DEBUG - Got coordinate system
2025-07-11 13:03:11,693 - fiona.ogrext - DEBUG - Got coordinate system
2025-07-11 13:03:11,713 - fiona._env - WARNING - PROJ: proj_identify: P:\corp\central_clones\python_geopandas\Lib\site-packages\fiona\proj_data\proj.db contains DATABASE.LAYOUT.VERSION.MINOR = 2 whereas a number >= 3 is expected. It comes from another PROJ installation.
2025-07-11 13:03:11,714 - fiona.ogrext - DEBUG - OLC_FASTSETNEXTBYINDEX: 1
2025-07-11 13:03:11,714 - fiona.ogrext - DEBUG - OLC_FASTFEATURECOUNT: 1
2025-07-11 13:03:11,714 - fiona.ogrext - DEBUG - Next index: 0
2025-07-11 13:03:11,747 - fiona.collection - DEBUG - Flushed buffer
2025-07-11 13:03:11,749 - fiona.collection - DEBUG - Stopped session
2025-07-11 13:03:11,769 - fiona._env - DEBUG - GDAL_DATA found in environment.
2025-07-11 13:03:11,770 - fiona._env - DEBUG - PROJ data found in package: path='P:\\corp\\central_clones\\python_geopandas\\Lib\\site-packages\\fiona\\proj_data'.
2025-07-11 13:03:13,250 - fiona._env - WARNING - PROJ: proj_identify: P:\corp\central_clones\python_geopandas\Lib\site-packages\fiona\proj_data\proj.db contains DATABASE.LAYOUT.VERSION.MINOR = 2 whereas a number >= 3 is expected. It comes from another PROJ installation.
2025-07-11 13:03:17,937 - fiona._env - WARNING - PROJ: proj_identify: P:\corp\central_clones\python_geopandas\Lib\site-packages\fiona\proj_data\proj.db contains DATABASE.LAYOUT.VERSION.MINOR = 2 whereas a number >= 3 is expected. It comes from another PROJ installation.
2025-07-11 13:03:18,346 - fiona._env - WARNING - PROJ: proj_identify: P:\corp\central_clones\python_geopandas\Lib\site-packages\fiona\proj_data\proj.db contains DATABASE.LAYOUT.VERSION.MINOR = 2 whereas a number >= 3 is expected. It comes from another PROJ installation.
2025-07-11 13:03:19,321 - fiona._env - DEBUG - GDAL_DATA found in environment.
2025-07-11 13:03:19,322 - fiona._env - DEBUG - PROJ data found in package: path='P:\\corp\\central_clones\\python_geopandas\\Lib\\site-packages\\fiona\\proj_data'.
2025-07-11 13:03:19,323 - fiona.ogrext - DEBUG - Got coordinate system
2025-07-11 13:03:19,338 - fiona.ogrext - DEBUG - Got coordinate system
2025-07-11 13:03:19,366 - fiona._env - WARNING - PROJ: proj_identify: P:\corp\central_clones\python_geopandas\Lib\site-packages\fiona\proj_data\proj.db contains DATABASE.LAYOUT.VERSION.MINOR = 2 whereas a number >= 3 is expected. It comes from another PROJ installation.
2025-07-11 13:03:19,367 - fiona.ogrext - DEBUG - OLC_FASTSETNEXTBYINDEX: 1
2025-07-11 13:03:19,367 - fiona.ogrext - DEBUG - OLC_FASTFEATURECOUNT: 1
2025-07-11 13:03:19,367 - fiona.ogrext - DEBUG - Next index: 0
2025-07-11 13:03:19,368 - fiona.ogrext - DEBUG - Next index: 1
2025-07-11 13:03:19,369 - fiona.ogrext - DEBUG - Next index: 2
2025-07-11 13:03:19,370 - fiona.ogrext - DEBUG - Next index: 3
2025-07-11 13:03:19,372 - fiona.ogrext - DEBUG - Next index: 4
2025-07-11 13:03:19,373 - fiona.ogrext - DEBUG - Next index: 5
2025-07-11 13:03:19,374 - fiona.ogrext - DEBUG - Next index: 6
2025-07-11 13:03:19,421 - fiona.collection - DEBUG - Flushed buffer
2025-07-11 13:03:19,423 - fiona.collection - DEBUG - Stopped session
2025-07-11 13:03:19,601 - fiona._env - DEBUG - GDAL_DATA found in environment.
2025-07-11 13:03:19,602 - fiona._env - DEBUG - PROJ data found in package: path='P:\\corp\\central_clones\\python_geopandas\\Lib\\site-packages\\fiona\\proj_data'.
2025-07-11 13:03:21,548 - fiona._env - WARNING - PROJ: proj_identify: P:\corp\central_clones\python_geopandas\Lib\site-packages\fiona\proj_data\proj.db contains DATABASE.LAYOUT.VERSION.MINOR = 2 whereas a number >= 3 is expected. It comes from another PROJ installation.
2025-07-11 13:03:27,877 - fiona._env - WARNING - PROJ: proj_identify: P:\corp\central_clones\python_geopandas\Lib\site-packages\fiona\proj_data\proj.db contains DATABASE.LAYOUT.VERSION.MINOR = 2 whereas a number >= 3 is expected. It comes from another PROJ installation.
2025-07-11 13:03:28,446 - fiona._env - WARNING - PROJ: proj_identify: P:\corp\central_clones\python_geopandas\Lib\site-packages\fiona\proj_data\proj.db contains DATABASE.LAYOUT.VERSION.MINOR = 2 whereas a number >= 3 is expected. It comes from another PROJ installation.
2025-07-11 13:03:29,598 - fiona._env - DEBUG - GDAL_DATA found in environment.
2025-07-11 13:03:29,600 - fiona._env - DEBUG - PROJ data found in package: path='P:\\corp\\central_clones\\python_geopandas\\Lib\\site-packages\\fiona\\proj_data'.
2025-07-11 13:03:29,601 - fiona.ogrext - DEBUG - Got coordinate system
2025-07-11 13:03:29,620 - fiona.ogrext - DEBUG - Got coordinate system
2025-07-11 13:03:29,659 - fiona._env - WARNING - PROJ: proj_identify: P:\corp\central_clones\python_geopandas\Lib\site-packages\fiona\proj_data\proj.db contains DATABASE.LAYOUT.VERSION.MINOR = 2 whereas a number >= 3 is expected. It comes from another PROJ installation.
2025-07-11 13:03:29,660 - fiona.ogrext - DEBUG - OLC_FASTSETNEXTBYINDEX: 1
2025-07-11 13:03:29,660 - fiona.ogrext - DEBUG - OLC_FASTFEATURECOUNT: 1
2025-07-11 13:03:29,661 - fiona.ogrext - DEBUG - Next index: 0
2025-07-11 13:03:29,661 - fiona.ogrext - DEBUG - Next index: 1
2025-07-11 13:03:29,710 - fiona.collection - DEBUG - Flushed buffer
2025-07-11 13:03:29,713 - fiona.collection - DEBUG - Stopped session
2025-07-11 13:03:29,930 - fiona._env - DEBUG - GDAL_DATA found in environment.
2025-07-11 13:03:29,931 - fiona._env - DEBUG - PROJ data found in package: path='P:\\corp\\central_clones\\python_geopandas\\Lib\\site-packages\\fiona\\proj_data'.
2025-07-11 13:03:31,802 - fiona._env - WARNING - PROJ: proj_identify: P:\corp\central_clones\python_geopandas\Lib\site-packages\fiona\proj_data\proj.db contains DATABASE.LAYOUT.VERSION.MINOR = 2 whereas a number >= 3 is expected. It comes from another PROJ installation.
2025-07-11 13:03:37,244 - fiona._env - WARNING - PROJ: proj_identify: P:\corp\central_clones\python_geopandas\Lib\site-packages\fiona\proj_data\proj.db contains DATABASE.LAYOUT.VERSION.MINOR = 2 whereas a number >= 3 is expected. It comes from another PROJ installation.
2025-07-11 13:03:37,814 - fiona._env - WARNING - PROJ: proj_identify: P:\corp\central_clones\python_geopandas\Lib\site-packages\fiona\proj_data\proj.db contains DATABASE.LAYOUT.VERSION.MINOR = 2 whereas a number >= 3 is expected. It comes from another PROJ installation.
2025-07-11 13:03:38,991 - fiona._env - DEBUG - GDAL_DATA found in environment.
2025-07-11 13:03:38,992 - fiona._env - DEBUG - PROJ data found in package: path='P:\\corp\\central_clones\\python_geopandas\\Lib\\site-packages\\fiona\\proj_data'.
2025-07-11 13:03:38,992 - fiona.ogrext - DEBUG - Got coordinate system
2025-07-11 13:03:39,009 - fiona.ogrext - DEBUG - Got coordinate system
2025-07-11 13:03:39,032 - fiona._env - WARNING - PROJ: proj_identify: P:\corp\central_clones\python_geopandas\Lib\site-packages\fiona\proj_data\proj.db contains DATABASE.LAYOUT.VERSION.MINOR = 2 whereas a number >= 3 is expected. It comes from another PROJ installation.
2025-07-11 13:03:39,032 - fiona.ogrext - DEBUG - OLC_FASTSETNEXTBYINDEX: 1
2025-07-11 13:03:39,033 - fiona.ogrext - DEBUG - OLC_FASTFEATURECOUNT: 1
2025-07-11 13:03:39,033 - fiona.ogrext - DEBUG - Next index: 0
2025-07-11 13:03:39,067 - fiona.collection - DEBUG - Flushed buffer
2025-07-11 13:03:39,069 - fiona.collection - DEBUG - Stopped session
2025-07-11 13:03:39,089 - fiona._env - DEBUG - GDAL_DATA found in environment.
2025-07-11 13:03:39,090 - fiona._env - DEBUG - PROJ data found in package: path='P:\\corp\\central_clones\\python_geopandas\\Lib\\site-packages\\fiona\\proj_data'.
2025-07-11 13:03:40,702 - fiona._env - WARNING - PROJ: proj_identify: P:\corp\central_clones\python_geopandas\Lib\site-packages\fiona\proj_data\proj.db contains DATABASE.LAYOUT.VERSION.MINOR = 2 whereas a number >= 3 is expected. It comes from another PROJ installation.
2025-07-11 13:03:46,688 - fiona._env - WARNING - PROJ: proj_identify: P:\corp\central_clones\python_geopandas\Lib\site-packages\fiona\proj_data\proj.db contains DATABASE.LAYOUT.VERSION.MINOR = 2 whereas a number >= 3 is expected. It comes from another PROJ installation.
2025-07-11 13:03:47,189 - fiona._env - WARNING - PROJ: proj_identify: P:\corp\central_clones\python_geopandas\Lib\site-packages\fiona\proj_data\proj.db contains DATABASE.LAYOUT.VERSION.MINOR = 2 whereas a number >= 3 is expected. It comes from another PROJ installation.
2025-07-11 13:03:48,413 - fiona._env - DEBUG - GDAL_DATA found in environment.
2025-07-11 13:03:48,415 - fiona._env - DEBUG - PROJ data found in package: path='P:\\corp\\central_clones\\python_geopandas\\Lib\\site-packages\\fiona\\proj_data'.
2025-07-11 13:03:48,416 - fiona.ogrext - DEBUG - Got coordinate system
2025-07-11 13:03:48,428 - fiona.ogrext - DEBUG - Got coordinate system
2025-07-11 13:03:48,455 - fiona._env - WARNING - PROJ: proj_identify: P:\corp\central_clones\python_geopandas\Lib\site-packages\fiona\proj_data\proj.db contains DATABASE.LAYOUT.VERSION.MINOR = 2 whereas a number >= 3 is expected. It comes from another PROJ installation.
2025-07-11 13:03:48,455 - fiona.ogrext - DEBUG - OLC_FASTSETNEXTBYINDEX: 1
2025-07-11 13:03:48,456 - fiona.ogrext - DEBUG - OLC_FASTFEATURECOUNT: 1
2025-07-11 13:03:48,456 - fiona.ogrext - DEBUG - Next index: 0
2025-07-11 13:03:48,495 - fiona.collection - DEBUG - Flushed buffer
2025-07-11 13:03:48,498 - fiona.collection - DEBUG - Stopped session
2025-07-11 13:03:48,519 - fiona._env - DEBUG - GDAL_DATA found in environment.
2025-07-11 13:03:48,521 - fiona._env - DEBUG - PROJ data found in package: path='P:\\corp\\central_clones\\python_geopandas\\Lib\\site-packages\\fiona\\proj_data'.
2025-07-11 13:03:50,406 - fiona._env - WARNING - PROJ: proj_identify: P:\corp\central_clones\python_geopandas\Lib\site-packages\fiona\proj_data\proj.db contains DATABASE.LAYOUT.VERSION.MINOR = 2 whereas a number >= 3 is expected. It comes from another PROJ installation.
2025-07-11 13:03:56,711 - fiona._env - WARNING - PROJ: proj_identify: P:\corp\central_clones\python_geopandas\Lib\site-packages\fiona\proj_data\proj.db contains DATABASE.LAYOUT.VERSION.MINOR = 2 whereas a number >= 3 is expected. It comes from another PROJ installation.
2025-07-11 13:03:57,240 - fiona._env - WARNING - PROJ: proj_identify: P:\corp\central_clones\python_geopandas\Lib\site-packages\fiona\proj_data\proj.db contains DATABASE.LAYOUT.VERSION.MINOR = 2 whereas a number >= 3 is expected. It comes from another PROJ installation.
2025-07-11 13:03:58,394 - fiona._env - DEBUG - GDAL_DATA found in environment.
2025-07-11 13:03:58,395 - fiona._env - DEBUG - PROJ data found in package: path='P:\\corp\\central_clones\\python_geopandas\\Lib\\site-packages\\fiona\\proj_data'.
2025-07-11 13:03:58,396 - fiona.ogrext - DEBUG - Got coordinate system
2025-07-11 13:03:58,410 - fiona.ogrext - DEBUG - Got coordinate system
2025-07-11 13:03:58,439 - fiona._env - WARNING - PROJ: proj_identify: P:\corp\central_clones\python_geopandas\Lib\site-packages\fiona\proj_data\proj.db contains DATABASE.LAYOUT.VERSION.MINOR = 2 whereas a number >= 3 is expected. It comes from another PROJ installation.
2025-07-11 13:03:58,440 - fiona.ogrext - DEBUG - OLC_FASTSETNEXTBYINDEX: 1
2025-07-11 13:03:58,441 - fiona.ogrext - DEBUG - OLC_FASTFEATURECOUNT: 1
2025-07-11 13:03:58,441 - fiona.ogrext - DEBUG - Next index: 0
2025-07-11 13:03:58,442 - fiona.ogrext - DEBUG - Next index: 1
2025-07-11 13:03:58,443 - fiona.ogrext - DEBUG - Next index: 2
2025-07-11 13:03:58,444 - fiona.ogrext - DEBUG - Next index: 3
2025-07-11 13:03:58,446 - fiona.ogrext - DEBUG - Next index: 4
2025-07-11 13:03:58,487 - fiona.collection - DEBUG - Flushed buffer
2025-07-11 13:03:58,489 - fiona.collection - DEBUG - Stopped session
2025-07-11 13:03:58,661 - fiona._env - DEBUG - GDAL_DATA found in environment.
2025-07-11 13:03:58,662 - fiona._env - DEBUG - PROJ data found in package: path='P:\\corp\\central_clones\\python_geopandas\\Lib\\site-packages\\fiona\\proj_data'.
2025-07-11 13:04:00,517 - fiona._env - WARNING - PROJ: proj_identify: P:\corp\central_clones\python_geopandas\Lib\site-packages\fiona\proj_data\proj.db contains DATABASE.LAYOUT.VERSION.MINOR = 2 whereas a number >= 3 is expected. It comes from another PROJ installation.
2025-07-11 13:04:06,679 - fiona._env - WARNING - PROJ: proj_identify: P:\corp\central_clones\python_geopandas\Lib\site-packages\fiona\proj_data\proj.db contains DATABASE.LAYOUT.VERSION.MINOR = 2 whereas a number >= 3 is expected. It comes from another PROJ installation.
2025-07-11 13:04:07,219 - fiona._env - WARNING - PROJ: proj_identify: P:\corp\central_clones\python_geopandas\Lib\site-packages\fiona\proj_data\proj.db contains DATABASE.LAYOUT.VERSION.MINOR = 2 whereas a number >= 3 is expected. It comes from another PROJ installation.
2025-07-11 13:04:08,432 - fiona._env - DEBUG - GDAL_DATA found in environment.
2025-07-11 13:04:08,433 - fiona._env - DEBUG - PROJ data found in package: path='P:\\corp\\central_clones\\python_geopandas\\Lib\\site-packages\\fiona\\proj_data'.
2025-07-11 13:04:08,434 - fiona.ogrext - DEBUG - Got coordinate system
2025-07-11 13:04:08,449 - fiona.ogrext - DEBUG - Got coordinate system
2025-07-11 13:04:08,477 - fiona._env - WARNING - PROJ: proj_identify: P:\corp\central_clones\python_geopandas\Lib\site-packages\fiona\proj_data\proj.db contains DATABASE.LAYOUT.VERSION.MINOR = 2 whereas a number >= 3 is expected. It comes from another PROJ installation.
2025-07-11 13:04:08,478 - fiona.ogrext - DEBUG - OLC_FASTSETNEXTBYINDEX: 1
2025-07-11 13:04:08,479 - fiona.ogrext - DEBUG - OLC_FASTFEATURECOUNT: 1
2025-07-11 13:04:08,479 - fiona.ogrext - DEBUG - Next index: 0
2025-07-11 13:04:08,479 - fiona.ogrext - DEBUG - Next index: 1
2025-07-11 13:04:08,481 - fiona.ogrext - DEBUG - Next index: 2
2025-07-11 13:04:08,524 - fiona.collection - DEBUG - Flushed buffer
2025-07-11 13:04:08,527 - fiona.collection - DEBUG - Stopped session
2025-07-11 13:04:08,699 - fiona._env - DEBUG - GDAL_DATA found in environment.
2025-07-11 13:04:08,700 - fiona._env - DEBUG - PROJ data found in package: path='P:\\corp\\central_clones\\python_geopandas\\Lib\\site-packages\\fiona\\proj_data'.
2025-07-11 13:04:10,270 - fiona._env - WARNING - PROJ: proj_identify: P:\corp\central_clones\python_geopandas\Lib\site-packages\fiona\proj_data\proj.db contains DATABASE.LAYOUT.VERSION.MINOR = 2 whereas a number >= 3 is expected. It comes from another PROJ installation.
2025-07-11 13:04:20,726 - fiona._env - WARNING - PROJ: proj_identify: P:\corp\central_clones\python_geopandas\Lib\site-packages\fiona\proj_data\proj.db contains DATABASE.LAYOUT.VERSION.MINOR = 2 whereas a number >= 3 is expected. It comes from another PROJ installation.
2025-07-11 13:04:21,262 - fiona._env - WARNING - PROJ: proj_identify: P:\corp\central_clones\python_geopandas\Lib\site-packages\fiona\proj_data\proj.db contains DATABASE.LAYOUT.VERSION.MINOR = 2 whereas a number >= 3 is expected. It comes from another PROJ installation.
2025-07-11 13:04:22,345 - fiona._env - DEBUG - GDAL_DATA found in environment.
2025-07-11 13:04:22,348 - fiona._env - DEBUG - PROJ data found in package: path='P:\\corp\\central_clones\\python_geopandas\\Lib\\site-packages\\fiona\\proj_data'.
2025-07-11 13:04:22,349 - fiona.ogrext - DEBUG - Got coordinate system
2025-07-11 13:04:22,361 - fiona.ogrext - DEBUG - Got coordinate system
2025-07-11 13:04:22,388 - fiona._env - WARNING - PROJ: proj_identify: P:\corp\central_clones\python_geopandas\Lib\site-packages\fiona\proj_data\proj.db contains DATABASE.LAYOUT.VERSION.MINOR = 2 whereas a number >= 3 is expected. It comes from another PROJ installation.
2025-07-11 13:04:22,389 - fiona.ogrext - DEBUG - OLC_FASTSETNEXTBYINDEX: 1
2025-07-11 13:04:22,389 - fiona.ogrext - DEBUG - OLC_FASTFEATURECOUNT: 1
2025-07-11 13:04:22,390 - fiona.ogrext - DEBUG - Next index: 0
2025-07-11 13:04:22,391 - fiona.ogrext - DEBUG - Next index: 1
2025-07-11 13:04:22,435 - fiona.collection - DEBUG - Flushed buffer
2025-07-11 13:04:22,437 - fiona.collection - DEBUG - Stopped session
2025-07-11 13:04:22,611 - fiona._env - DEBUG - GDAL_DATA found in environment.
2025-07-11 13:04:22,613 - fiona._env - DEBUG - PROJ data found in package: path='P:\\corp\\central_clones\\python_geopandas\\Lib\\site-packages\\fiona\\proj_data'.
2025-07-11 13:04:24,465 - fiona._env - WARNING - PROJ: proj_identify: P:\corp\central_clones\python_geopandas\Lib\site-packages\fiona\proj_data\proj.db contains DATABASE.LAYOUT.VERSION.MINOR = 2 whereas a number >= 3 is expected. It comes from another PROJ installation.
2025-07-11 13:04:31,100 - fiona._env - WARNING - PROJ: proj_identify: P:\corp\central_clones\python_geopandas\Lib\site-packages\fiona\proj_data\proj.db contains DATABASE.LAYOUT.VERSION.MINOR = 2 whereas a number >= 3 is expected. It comes from another PROJ installation.
2025-07-11 13:04:31,662 - fiona._env - WARNING - PROJ: proj_identify: P:\corp\central_clones\python_geopandas\Lib\site-packages\fiona\proj_data\proj.db contains DATABASE.LAYOUT.VERSION.MINOR = 2 whereas a number >= 3 is expected. It comes from another PROJ installation.
2025-07-11 13:04:32,636 - fiona._env - DEBUG - GDAL_DATA found in environment.
2025-07-11 13:04:32,638 - fiona._env - DEBUG - PROJ data found in package: path='P:\\corp\\central_clones\\python_geopandas\\Lib\\site-packages\\fiona\\proj_data'.
2025-07-11 13:04:32,638 - fiona.ogrext - DEBUG - Got coordinate system
2025-07-11 13:04:32,650 - fiona.ogrext - DEBUG - Got coordinate system
2025-07-11 13:04:32,671 - fiona._env - WARNING - PROJ: proj_identify: P:\corp\central_clones\python_geopandas\Lib\site-packages\fiona\proj_data\proj.db contains DATABASE.LAYOUT.VERSION.MINOR = 2 whereas a number >= 3 is expected. It comes from another PROJ installation.
2025-07-11 13:04:32,671 - fiona.ogrext - DEBUG - OLC_FASTSETNEXTBYINDEX: 1
2025-07-11 13:04:32,672 - fiona.ogrext - DEBUG - OLC_FASTFEATURECOUNT: 1
2025-07-11 13:04:32,672 - fiona.ogrext - DEBUG - Next index: 0
2025-07-11 13:04:32,705 - fiona.collection - DEBUG - Flushed buffer
2025-07-11 13:04:32,707 - fiona.collection - DEBUG - Stopped session
2025-07-11 13:04:32,727 - fiona._env - DEBUG - GDAL_DATA found in environment.
2025-07-11 13:04:32,728 - fiona._env - DEBUG - PROJ data found in package: path='P:\\corp\\central_clones\\python_geopandas\\Lib\\site-packages\\fiona\\proj_data'.
2025-07-11 13:04:34,269 - fiona._env - WARNING - PROJ: proj_identify: P:\corp\central_clones\python_geopandas\Lib\site-packages\fiona\proj_data\proj.db contains DATABASE.LAYOUT.VERSION.MINOR = 2 whereas a number >= 3 is expected. It comes from another PROJ installation.
2025-07-11 13:04:39,195 - fiona._env - WARNING - PROJ: proj_identify: P:\corp\central_clones\python_geopandas\Lib\site-packages\fiona\proj_data\proj.db contains DATABASE.LAYOUT.VERSION.MINOR = 2 whereas a number >= 3 is expected. It comes from another PROJ installation.
2025-07-11 13:04:39,603 - fiona._env - WARNING - PROJ: proj_identify: P:\corp\central_clones\python_geopandas\Lib\site-packages\fiona\proj_data\proj.db contains DATABASE.LAYOUT.VERSION.MINOR = 2 whereas a number >= 3 is expected. It comes from another PROJ installation.
2025-07-11 13:04:40,521 - fiona._env - DEBUG - GDAL_DATA found in environment.
2025-07-11 13:04:40,522 - fiona._env - DEBUG - PROJ data found in package: path='P:\\corp\\central_clones\\python_geopandas\\Lib\\site-packages\\fiona\\proj_data'.
2025-07-11 13:04:40,523 - fiona.ogrext - DEBUG - Got coordinate system
2025-07-11 13:04:40,534 - fiona.ogrext - DEBUG - Got coordinate system
2025-07-11 13:04:40,557 - fiona._env - WARNING - PROJ: proj_identify: P:\corp\central_clones\python_geopandas\Lib\site-packages\fiona\proj_data\proj.db contains DATABASE.LAYOUT.VERSION.MINOR = 2 whereas a number >= 3 is expected. It comes from another PROJ installation.
2025-07-11 13:04:40,558 - fiona.ogrext - DEBUG - OLC_FASTSETNEXTBYINDEX: 1
2025-07-11 13:04:40,558 - fiona.ogrext - DEBUG - OLC_FASTFEATURECOUNT: 1
2025-07-11 13:04:40,558 - fiona.ogrext - DEBUG - Next index: 0
2025-07-11 13:04:40,559 - fiona.ogrext - DEBUG - Next index: 1
2025-07-11 13:04:40,602 - fiona.collection - DEBUG - Flushed buffer
2025-07-11 13:04:40,604 - fiona.collection - DEBUG - Stopped session
2025-07-11 13:04:40,752 - fiona._env - DEBUG - GDAL_DATA found in environment.
2025-07-11 13:04:40,753 - fiona._env - DEBUG - PROJ data found in package: path='P:\\corp\\central_clones\\python_geopandas\\Lib\\site-packages\\fiona\\proj_data'.
2025-07-11 13:04:42,534 - fiona._env - WARNING - PROJ: proj_identify: P:\corp\central_clones\python_geopandas\Lib\site-packages\fiona\proj_data\proj.db contains DATABASE.LAYOUT.VERSION.MINOR = 2 whereas a number >= 3 is expected. It comes from another PROJ installation.
2025-07-11 13:04:49,106 - fiona._env - WARNING - PROJ: proj_identify: P:\corp\central_clones\python_geopandas\Lib\site-packages\fiona\proj_data\proj.db contains DATABASE.LAYOUT.VERSION.MINOR = 2 whereas a number >= 3 is expected. It comes from another PROJ installation.
2025-07-11 13:04:49,645 - fiona._env - WARNING - PROJ: proj_identify: P:\corp\central_clones\python_geopandas\Lib\site-packages\fiona\proj_data\proj.db contains DATABASE.LAYOUT.VERSION.MINOR = 2 whereas a number >= 3 is expected. It comes from another PROJ installation.
2025-07-11 13:04:50,796 - fiona._env - DEBUG - GDAL_DATA found in environment.
2025-07-11 13:04:50,799 - fiona._env - DEBUG - PROJ data found in package: path='P:\\corp\\central_clones\\python_geopandas\\Lib\\site-packages\\fiona\\proj_data'.
2025-07-11 13:04:50,800 - fiona.ogrext - DEBUG - Got coordinate system
2025-07-11 13:04:50,816 - fiona.ogrext - DEBUG - Got coordinate system
2025-07-11 13:04:50,841 - fiona._env - WARNING - PROJ: proj_identify: P:\corp\central_clones\python_geopandas\Lib\site-packages\fiona\proj_data\proj.db contains DATABASE.LAYOUT.VERSION.MINOR = 2 whereas a number >= 3 is expected. It comes from another PROJ installation.
2025-07-11 13:04:50,842 - fiona.ogrext - DEBUG - OLC_FASTSETNEXTBYINDEX: 1
2025-07-11 13:04:50,842 - fiona.ogrext - DEBUG - OLC_FASTFEATURECOUNT: 1
2025-07-11 13:04:50,843 - fiona.ogrext - DEBUG - Next index: 0
2025-07-11 13:04:50,877 - fiona.collection - DEBUG - Flushed buffer
2025-07-11 13:04:50,880 - fiona.collection - DEBUG - Stopped session
2025-07-11 13:04:50,900 - fiona._env - DEBUG - GDAL_DATA found in environment.
2025-07-11 13:04:50,901 - fiona._env - DEBUG - PROJ data found in package: path='P:\\corp\\central_clones\\python_geopandas\\Lib\\site-packages\\fiona\\proj_data'.
2025-07-11 13:04:52,632 - fiona._env - WARNING - PROJ: proj_identify: P:\corp\central_clones\python_geopandas\Lib\site-packages\fiona\proj_data\proj.db contains DATABASE.LAYOUT.VERSION.MINOR = 2 whereas a number >= 3 is expected. It comes from another PROJ installation.
2025-07-11 13:04:58,742 - fiona._env - WARNING - PROJ: proj_identify: P:\corp\central_clones\python_geopandas\Lib\site-packages\fiona\proj_data\proj.db contains DATABASE.LAYOUT.VERSION.MINOR = 2 whereas a number >= 3 is expected. It comes from another PROJ installation.
2025-07-11 13:04:59,130 - fiona._env - WARNING - PROJ: proj_identify: P:\corp\central_clones\python_geopandas\Lib\site-packages\fiona\proj_data\proj.db contains DATABASE.LAYOUT.VERSION.MINOR = 2 whereas a number >= 3 is expected. It comes from another PROJ installation.
2025-07-11 13:05:00,044 - fiona._env - DEBUG - GDAL_DATA found in environment.
2025-07-11 13:05:00,045 - fiona._env - DEBUG - PROJ data found in package: path='P:\\corp\\central_clones\\python_geopandas\\Lib\\site-packages\\fiona\\proj_data'.
2025-07-11 13:05:00,046 - fiona.ogrext - DEBUG - Got coordinate system
2025-07-11 13:05:00,061 - fiona.ogrext - DEBUG - Got coordinate system
2025-07-11 13:05:00,087 - fiona._env - WARNING - PROJ: proj_identify: P:\corp\central_clones\python_geopandas\Lib\site-packages\fiona\proj_data\proj.db contains DATABASE.LAYOUT.VERSION.MINOR = 2 whereas a number >= 3 is expected. It comes from another PROJ installation.
2025-07-11 13:05:00,088 - fiona.ogrext - DEBUG - OLC_FASTSETNEXTBYINDEX: 1
2025-07-11 13:05:00,088 - fiona.ogrext - DEBUG - OLC_FASTFEATURECOUNT: 1
2025-07-11 13:05:00,088 - fiona.ogrext - DEBUG - Next index: 0
2025-07-11 13:05:00,123 - fiona.collection - DEBUG - Flushed buffer
2025-07-11 13:05:00,125 - fiona.collection - DEBUG - Stopped session
2025-07-11 13:05:00,146 - fiona._env - DEBUG - GDAL_DATA found in environment.
2025-07-11 13:05:00,147 - fiona._env - DEBUG - PROJ data found in package: path='P:\\corp\\central_clones\\python_geopandas\\Lib\\site-packages\\fiona\\proj_data'.
2025-07-11 13:05:01,844 - fiona._env - WARNING - PROJ: proj_identify: P:\corp\central_clones\python_geopandas\Lib\site-packages\fiona\proj_data\proj.db contains DATABASE.LAYOUT.VERSION.MINOR = 2 whereas a number >= 3 is expected. It comes from another PROJ installation.
2025-07-11 13:05:07,095 - fiona._env - WARNING - PROJ: proj_identify: P:\corp\central_clones\python_geopandas\Lib\site-packages\fiona\proj_data\proj.db contains DATABASE.LAYOUT.VERSION.MINOR = 2 whereas a number >= 3 is expected. It comes from another PROJ installation.
2025-07-11 13:05:07,501 - fiona._env - WARNING - PROJ: proj_identify: P:\corp\central_clones\python_geopandas\Lib\site-packages\fiona\proj_data\proj.db contains DATABASE.LAYOUT.VERSION.MINOR = 2 whereas a number >= 3 is expected. It comes from another PROJ installation.
2025-07-11 13:05:08,632 - fiona._env - DEBUG - GDAL_DATA found in environment.
2025-07-11 13:05:08,634 - fiona._env - DEBUG - PROJ data found in package: path='P:\\corp\\central_clones\\python_geopandas\\Lib\\site-packages\\fiona\\proj_data'.
2025-07-11 13:05:08,634 - fiona.ogrext - DEBUG - Got coordinate system
2025-07-11 13:05:08,646 - fiona.ogrext - DEBUG - Got coordinate system
2025-07-11 13:05:08,673 - fiona._env - WARNING - PROJ: proj_identify: P:\corp\central_clones\python_geopandas\Lib\site-packages\fiona\proj_data\proj.db contains DATABASE.LAYOUT.VERSION.MINOR = 2 whereas a number >= 3 is expected. It comes from another PROJ installation.
2025-07-11 13:05:08,674 - fiona.ogrext - DEBUG - OLC_FASTSETNEXTBYINDEX: 1
2025-07-11 13:05:08,674 - fiona.ogrext - DEBUG - OLC_FASTFEATURECOUNT: 1
2025-07-11 13:05:08,675 - fiona.ogrext - DEBUG - Next index: 0
2025-07-11 13:05:08,709 - fiona.collection - DEBUG - Flushed buffer
2025-07-11 13:05:08,711 - fiona.collection - DEBUG - Stopped session
2025-07-11 13:05:08,731 - fiona._env - DEBUG - GDAL_DATA found in environment.
2025-07-11 13:05:08,731 - fiona._env - DEBUG - PROJ data found in package: path='P:\\corp\\central_clones\\python_geopandas\\Lib\\site-packages\\fiona\\proj_data'.
2025-07-11 13:05:10,247 - fiona._env - WARNING - PROJ: proj_identify: P:\corp\central_clones\python_geopandas\Lib\site-packages\fiona\proj_data\proj.db contains DATABASE.LAYOUT.VERSION.MINOR = 2 whereas a number >= 3 is expected. It comes from another PROJ installation.
2025-07-11 13:05:15,505 - fiona._env - WARNING - PROJ: proj_identify: P:\corp\central_clones\python_geopandas\Lib\site-packages\fiona\proj_data\proj.db contains DATABASE.LAYOUT.VERSION.MINOR = 2 whereas a number >= 3 is expected. It comes from another PROJ installation.
2025-07-11 13:05:15,903 - fiona._env - WARNING - PROJ: proj_identify: P:\corp\central_clones\python_geopandas\Lib\site-packages\fiona\proj_data\proj.db contains DATABASE.LAYOUT.VERSION.MINOR = 2 whereas a number >= 3 is expected. It comes from another PROJ installation.
2025-07-11 13:05:17,082 - fiona._env - DEBUG - GDAL_DATA found in environment.
2025-07-11 13:05:17,083 - fiona._env - DEBUG - PROJ data found in package: path='P:\\corp\\central_clones\\python_geopandas\\Lib\\site-packages\\fiona\\proj_data'.
2025-07-11 13:05:17,084 - fiona.ogrext - DEBUG - Got coordinate system
2025-07-11 13:05:17,098 - fiona.ogrext - DEBUG - Got coordinate system
2025-07-11 13:05:17,126 - fiona._env - WARNING - PROJ: proj_identify: P:\corp\central_clones\python_geopandas\Lib\site-packages\fiona\proj_data\proj.db contains DATABASE.LAYOUT.VERSION.MINOR = 2 whereas a number >= 3 is expected. It comes from another PROJ installation.
2025-07-11 13:05:17,127 - fiona.ogrext - DEBUG - OLC_FASTSETNEXTBYINDEX: 1
2025-07-11 13:05:17,128 - fiona.ogrext - DEBUG - OLC_FASTFEATURECOUNT: 1
2025-07-11 13:05:17,128 - fiona.ogrext - DEBUG - Next index: 0
2025-07-11 13:05:17,170 - fiona.collection - DEBUG - Flushed buffer
2025-07-11 13:05:17,173 - fiona.collection - DEBUG - Stopped session
2025-07-11 13:05:17,199 - fiona._env - DEBUG - GDAL_DATA found in environment.
2025-07-11 13:05:17,200 - fiona._env - DEBUG - PROJ data found in package: path='P:\\corp\\central_clones\\python_geopandas\\Lib\\site-packages\\fiona\\proj_data'.
2025-07-11 13:05:19,018 - fiona._env - WARNING - PROJ: proj_identify: P:\corp\central_clones\python_geopandas\Lib\site-packages\fiona\proj_data\proj.db contains DATABASE.LAYOUT.VERSION.MINOR = 2 whereas a number >= 3 is expected. It comes from another PROJ installation.
2025-07-11 13:05:25,039 - fiona._env - WARNING - PROJ: proj_identify: P:\corp\central_clones\python_geopandas\Lib\site-packages\fiona\proj_data\proj.db contains DATABASE.LAYOUT.VERSION.MINOR = 2 whereas a number >= 3 is expected. It comes from another PROJ installation.
2025-07-11 13:05:25,555 - fiona._env - WARNING - PROJ: proj_identify: P:\corp\central_clones\python_geopandas\Lib\site-packages\fiona\proj_data\proj.db contains DATABASE.LAYOUT.VERSION.MINOR = 2 whereas a number >= 3 is expected. It comes from another PROJ installation.
2025-07-11 13:05:26,735 - fiona._env - DEBUG - GDAL_DATA found in environment.
2025-07-11 13:05:26,737 - fiona._env - DEBUG - PROJ data found in package: path='P:\\corp\\central_clones\\python_geopandas\\Lib\\site-packages\\fiona\\proj_data'.
2025-07-11 13:05:26,738 - fiona.ogrext - DEBUG - Got coordinate system
2025-07-11 13:05:26,754 - fiona.ogrext - DEBUG - Got coordinate system
2025-07-11 13:05:26,781 - fiona._env - WARNING - PROJ: proj_identify: P:\corp\central_clones\python_geopandas\Lib\site-packages\fiona\proj_data\proj.db contains DATABASE.LAYOUT.VERSION.MINOR = 2 whereas a number >= 3 is expected. It comes from another PROJ installation.
2025-07-11 13:05:26,781 - fiona.ogrext - DEBUG - OLC_FASTSETNEXTBYINDEX: 1
2025-07-11 13:05:26,782 - fiona.ogrext - DEBUG - OLC_FASTFEATURECOUNT: 1
2025-07-11 13:05:26,782 - fiona.ogrext - DEBUG - Next index: 0
2025-07-11 13:05:26,822 - fiona.collection - DEBUG - Flushed buffer
2025-07-11 13:05:26,825 - fiona.collection - DEBUG - Stopped session
2025-07-11 13:05:26,850 - fiona._env - DEBUG - GDAL_DATA found in environment.
2025-07-11 13:05:26,850 - fiona._env - DEBUG - PROJ data found in package: path='P:\\corp\\central_clones\\python_geopandas\\Lib\\site-packages\\fiona\\proj_data'.
2025-07-11 13:05:28,764 - fiona._env - WARNING - PROJ: proj_identify: P:\corp\central_clones\python_geopandas\Lib\site-packages\fiona\proj_data\proj.db contains DATABASE.LAYOUT.VERSION.MINOR = 2 whereas a number >= 3 is expected. It comes from another PROJ installation.
2025-07-11 13:05:34,429 - fiona._env - WARNING - PROJ: proj_identify: P:\corp\central_clones\python_geopandas\Lib\site-packages\fiona\proj_data\proj.db contains DATABASE.LAYOUT.VERSION.MINOR = 2 whereas a number >= 3 is expected. It comes from another PROJ installation.
2025-07-11 13:05:34,836 - fiona._env - WARNING - PROJ: proj_identify: P:\corp\central_clones\python_geopandas\Lib\site-packages\fiona\proj_data\proj.db contains DATABASE.LAYOUT.VERSION.MINOR = 2 whereas a number >= 3 is expected. It comes from another PROJ installation.
2025-07-11 13:05:35,928 - fiona._env - DEBUG - GDAL_DATA found in environment.
2025-07-11 13:05:35,930 - fiona._env - DEBUG - PROJ data found in package: path='P:\\corp\\central_clones\\python_geopandas\\Lib\\site-packages\\fiona\\proj_data'.
2025-07-11 13:05:35,931 - fiona.ogrext - DEBUG - Got coordinate system
2025-07-11 13:05:35,945 - fiona.ogrext - DEBUG - Got coordinate system
2025-07-11 13:05:35,984 - fiona._env - WARNING - PROJ: proj_identify: P:\corp\central_clones\python_geopandas\Lib\site-packages\fiona\proj_data\proj.db contains DATABASE.LAYOUT.VERSION.MINOR = 2 whereas a number >= 3 is expected. It comes from another PROJ installation.
2025-07-11 13:05:35,985 - fiona.ogrext - DEBUG - OLC_FASTSETNEXTBYINDEX: 1
2025-07-11 13:05:35,985 - fiona.ogrext - DEBUG - OLC_FASTFEATURECOUNT: 1
2025-07-11 13:05:35,986 - fiona.ogrext - DEBUG - Next index: 0
2025-07-11 13:05:36,028 - fiona.collection - DEBUG - Flushed buffer
2025-07-11 13:05:36,031 - fiona.collection - DEBUG - Stopped session
2025-07-11 13:05:36,054 - fiona._env - DEBUG - GDAL_DATA found in environment.
2025-07-11 13:05:36,055 - fiona._env - DEBUG - PROJ data found in package: path='P:\\corp\\central_clones\\python_geopandas\\Lib\\site-packages\\fiona\\proj_data'.
2025-07-11 13:05:37,850 - fiona._env - WARNING - PROJ: proj_identify: P:\corp\central_clones\python_geopandas\Lib\site-packages\fiona\proj_data\proj.db contains DATABASE.LAYOUT.VERSION.MINOR = 2 whereas a number >= 3 is expected. It comes from another PROJ installation.
2025-07-11 13:05:43,228 - fiona._env - WARNING - PROJ: proj_identify: P:\corp\central_clones\python_geopandas\Lib\site-packages\fiona\proj_data\proj.db contains DATABASE.LAYOUT.VERSION.MINOR = 2 whereas a number >= 3 is expected. It comes from another PROJ installation.
2025-07-11 13:05:43,732 - fiona._env - WARNING - PROJ: proj_identify: P:\corp\central_clones\python_geopandas\Lib\site-packages\fiona\proj_data\proj.db contains DATABASE.LAYOUT.VERSION.MINOR = 2 whereas a number >= 3 is expected. It comes from another PROJ installation.
2025-07-11 13:05:44,804 - fiona._env - DEBUG - GDAL_DATA found in environment.
2025-07-11 13:05:44,805 - fiona._env - DEBUG - PROJ data found in package: path='P:\\corp\\central_clones\\python_geopandas\\Lib\\site-packages\\fiona\\proj_data'.
2025-07-11 13:05:44,806 - fiona.ogrext - DEBUG - Got coordinate system
2025-07-11 13:05:44,817 - fiona.ogrext - DEBUG - Got coordinate system
2025-07-11 13:05:44,839 - fiona._env - WARNING - PROJ: proj_identify: P:\corp\central_clones\python_geopandas\Lib\site-packages\fiona\proj_data\proj.db contains DATABASE.LAYOUT.VERSION.MINOR = 2 whereas a number >= 3 is expected. It comes from another PROJ installation.
2025-07-11 13:05:44,839 - fiona.ogrext - DEBUG - OLC_FASTSETNEXTBYINDEX: 1
2025-07-11 13:05:44,839 - fiona.ogrext - DEBUG - OLC_FASTFEATURECOUNT: 1
2025-07-11 13:05:44,840 - fiona.ogrext - DEBUG - Next index: 0
2025-07-11 13:05:44,874 - fiona.collection - DEBUG - Flushed buffer
2025-07-11 13:05:44,876 - fiona.collection - DEBUG - Stopped session
2025-07-11 13:05:44,896 - fiona._env - DEBUG - GDAL_DATA found in environment.
2025-07-11 13:05:44,897 - fiona._env - DEBUG - PROJ data found in package: path='P:\\corp\\central_clones\\python_geopandas\\Lib\\site-packages\\fiona\\proj_data'.
2025-07-11 13:05:46,377 - fiona._env - WARNING - PROJ: proj_identify: P:\corp\central_clones\python_geopandas\Lib\site-packages\fiona\proj_data\proj.db contains DATABASE.LAYOUT.VERSION.MINOR = 2 whereas a number >= 3 is expected. It comes from another PROJ installation.
2025-07-11 13:05:51,357 - fiona._env - WARNING - PROJ: proj_identify: P:\corp\central_clones\python_geopandas\Lib\site-packages\fiona\proj_data\proj.db contains DATABASE.LAYOUT.VERSION.MINOR = 2 whereas a number >= 3 is expected. It comes from another PROJ installation.
2025-07-11 13:05:51,754 - fiona._env - WARNING - PROJ: proj_identify: P:\corp\central_clones\python_geopandas\Lib\site-packages\fiona\proj_data\proj.db contains DATABASE.LAYOUT.VERSION.MINOR = 2 whereas a number >= 3 is expected. It comes from another PROJ installation.
2025-07-11 13:05:53,065 - fiona._env - DEBUG - GDAL_DATA found in environment.
2025-07-11 13:05:53,066 - fiona._env - DEBUG - PROJ data found in package: path='P:\\corp\\central_clones\\python_geopandas\\Lib\\site-packages\\fiona\\proj_data'.
2025-07-11 13:05:53,067 - fiona.ogrext - DEBUG - Got coordinate system
2025-07-11 13:05:53,079 - fiona.ogrext - DEBUG - Got coordinate system
2025-07-11 13:05:53,106 - fiona._env - WARNING - PROJ: proj_identify: P:\corp\central_clones\python_geopandas\Lib\site-packages\fiona\proj_data\proj.db contains DATABASE.LAYOUT.VERSION.MINOR = 2 whereas a number >= 3 is expected. It comes from another PROJ installation.
2025-07-11 13:05:53,106 - fiona.ogrext - DEBUG - OLC_FASTSETNEXTBYINDEX: 1
2025-07-11 13:05:53,107 - fiona.ogrext - DEBUG - OLC_FASTFEATURECOUNT: 1
2025-07-11 13:05:53,107 - fiona.ogrext - DEBUG - Next index: 0
2025-07-11 13:05:53,149 - fiona.collection - DEBUG - Flushed buffer
2025-07-11 13:05:53,152 - fiona.collection - DEBUG - Stopped session
2025-07-11 13:05:53,175 - fiona._env - DEBUG - GDAL_DATA found in environment.
2025-07-11 13:05:53,176 - fiona._env - DEBUG - PROJ data found in package: path='P:\\corp\\central_clones\\python_geopandas\\Lib\\site-packages\\fiona\\proj_data'.
2025-07-11 13:05:54,897 - fiona._env - WARNING - PROJ: proj_identify: P:\corp\central_clones\python_geopandas\Lib\site-packages\fiona\proj_data\proj.db contains DATABASE.LAYOUT.VERSION.MINOR = 2 whereas a number >= 3 is expected. It comes from another PROJ installation.
2025-07-11 13:06:00,365 - fiona._env - WARNING - PROJ: proj_identify: P:\corp\central_clones\python_geopandas\Lib\site-packages\fiona\proj_data\proj.db contains DATABASE.LAYOUT.VERSION.MINOR = 2 whereas a number >= 3 is expected. It comes from another PROJ installation.
2025-07-11 13:06:00,764 - fiona._env - WARNING - PROJ: proj_identify: P:\corp\central_clones\python_geopandas\Lib\site-packages\fiona\proj_data\proj.db contains DATABASE.LAYOUT.VERSION.MINOR = 2 whereas a number >= 3 is expected. It comes from another PROJ installation.
2025-07-11 13:06:01,802 - fiona._env - DEBUG - GDAL_DATA found in environment.
2025-07-11 13:06:01,804 - fiona._env - DEBUG - PROJ data found in package: path='P:\\corp\\central_clones\\python_geopandas\\Lib\\site-packages\\fiona\\proj_data'.
2025-07-11 13:06:01,804 - fiona.ogrext - DEBUG - Got coordinate system
2025-07-11 13:06:01,821 - fiona.ogrext - DEBUG - Got coordinate system
2025-07-11 13:06:01,849 - fiona._env - WARNING - PROJ: proj_identify: P:\corp\central_clones\python_geopandas\Lib\site-packages\fiona\proj_data\proj.db contains DATABASE.LAYOUT.VERSION.MINOR = 2 whereas a number >= 3 is expected. It comes from another PROJ installation.
2025-07-11 13:06:01,850 - fiona.ogrext - DEBUG - OLC_FASTSETNEXTBYINDEX: 1
2025-07-11 13:06:01,850 - fiona.ogrext - DEBUG - OLC_FASTFEATURECOUNT: 1
2025-07-11 13:06:01,851 - fiona.ogrext - DEBUG - Next index: 0
2025-07-11 13:06:01,891 - fiona.collection - DEBUG - Flushed buffer
2025-07-11 13:06:01,893 - fiona.collection - DEBUG - Stopped session
2025-07-11 13:06:01,917 - fiona._env - DEBUG - GDAL_DATA found in environment.
2025-07-11 13:06:01,918 - fiona._env - DEBUG - PROJ data found in package: path='P:\\corp\\central_clones\\python_geopandas\\Lib\\site-packages\\fiona\\proj_data'.
2025-07-11 13:06:03,480 - fiona._env - WARNING - PROJ: proj_identify: P:\corp\central_clones\python_geopandas\Lib\site-packages\fiona\proj_data\proj.db contains DATABASE.LAYOUT.VERSION.MINOR = 2 whereas a number >= 3 is expected. It comes from another PROJ installation.
2025-07-11 13:06:08,521 - fiona._env - WARNING - PROJ: proj_identify: P:\corp\central_clones\python_geopandas\Lib\site-packages\fiona\proj_data\proj.db contains DATABASE.LAYOUT.VERSION.MINOR = 2 whereas a number >= 3 is expected. It comes from another PROJ installation.
2025-07-11 13:06:08,915 - fiona._env - WARNING - PROJ: proj_identify: P:\corp\central_clones\python_geopandas\Lib\site-packages\fiona\proj_data\proj.db contains DATABASE.LAYOUT.VERSION.MINOR = 2 whereas a number >= 3 is expected. It comes from another PROJ installation.
2025-07-11 13:06:09,968 - fiona._env - DEBUG - GDAL_DATA found in environment.
2025-07-11 13:06:09,970 - fiona._env - DEBUG - PROJ data found in package: path='P:\\corp\\central_clones\\python_geopandas\\Lib\\site-packages\\fiona\\proj_data'.
2025-07-11 13:06:09,971 - fiona.ogrext - DEBUG - Got coordinate system
2025-07-11 13:06:09,985 - fiona.ogrext - DEBUG - Got coordinate system
2025-07-11 13:06:10,012 - fiona._env - WARNING - PROJ: proj_identify: P:\corp\central_clones\python_geopandas\Lib\site-packages\fiona\proj_data\proj.db contains DATABASE.LAYOUT.VERSION.MINOR = 2 whereas a number >= 3 is expected. It comes from another PROJ installation.
2025-07-11 13:06:10,013 - fiona.ogrext - DEBUG - OLC_FASTSETNEXTBYINDEX: 1
2025-07-11 13:06:10,013 - fiona.ogrext - DEBUG - OLC_FASTFEATURECOUNT: 1
2025-07-11 13:06:10,014 - fiona.ogrext - DEBUG - Next index: 0
2025-07-11 13:06:10,014 - fiona.ogrext - DEBUG - Next index: 1
2025-07-11 13:06:10,053 - fiona.collection - DEBUG - Flushed buffer
2025-07-11 13:06:10,056 - fiona.collection - DEBUG - Stopped session
2025-07-11 13:06:10,228 - fiona._env - DEBUG - GDAL_DATA found in environment.
2025-07-11 13:06:10,229 - fiona._env - DEBUG - PROJ data found in package: path='P:\\corp\\central_clones\\python_geopandas\\Lib\\site-packages\\fiona\\proj_data'.
2025-07-11 13:06:11,850 - fiona._env - WARNING - PROJ: proj_identify: P:\corp\central_clones\python_geopandas\Lib\site-packages\fiona\proj_data\proj.db contains DATABASE.LAYOUT.VERSION.MINOR = 2 whereas a number >= 3 is expected. It comes from another PROJ installation.
2025-07-11 13:06:17,148 - fiona._env - WARNING - PROJ: proj_identify: P:\corp\central_clones\python_geopandas\Lib\site-packages\fiona\proj_data\proj.db contains DATABASE.LAYOUT.VERSION.MINOR = 2 whereas a number >= 3 is expected. It comes from another PROJ installation.
2025-07-11 13:06:17,588 - fiona._env - WARNING - PROJ: proj_identify: P:\corp\central_clones\python_geopandas\Lib\site-packages\fiona\proj_data\proj.db contains DATABASE.LAYOUT.VERSION.MINOR = 2 whereas a number >= 3 is expected. It comes from another PROJ installation.
2025-07-11 13:06:18,742 - fiona._env - DEBUG - GDAL_DATA found in environment.
2025-07-11 13:06:18,744 - fiona._env - DEBUG - PROJ data found in package: path='P:\\corp\\central_clones\\python_geopandas\\Lib\\site-packages\\fiona\\proj_data'.
2025-07-11 13:06:18,745 - fiona.ogrext - DEBUG - Got coordinate system
2025-07-11 13:06:18,758 - fiona.ogrext - DEBUG - Got coordinate system
2025-07-11 13:06:18,786 - fiona._env - WARNING - PROJ: proj_identify: P:\corp\central_clones\python_geopandas\Lib\site-packages\fiona\proj_data\proj.db contains DATABASE.LAYOUT.VERSION.MINOR = 2 whereas a number >= 3 is expected. It comes from another PROJ installation.
2025-07-11 13:06:18,787 - fiona.ogrext - DEBUG - OLC_FASTSETNEXTBYINDEX: 1
2025-07-11 13:06:18,787 - fiona.ogrext - DEBUG - OLC_FASTFEATURECOUNT: 1
2025-07-11 13:06:18,788 - fiona.ogrext - DEBUG - Next index: 0
2025-07-11 13:06:18,827 - fiona.collection - DEBUG - Flushed buffer
2025-07-11 13:06:18,830 - fiona.collection - DEBUG - Stopped session
2025-07-11 13:06:18,853 - fiona._env - DEBUG - GDAL_DATA found in environment.
2025-07-11 13:06:18,855 - fiona._env - DEBUG - PROJ data found in package: path='P:\\corp\\central_clones\\python_geopandas\\Lib\\site-packages\\fiona\\proj_data'.
2025-07-11 13:06:20,372 - fiona._env - WARNING - PROJ: proj_identify: P:\corp\central_clones\python_geopandas\Lib\site-packages\fiona\proj_data\proj.db contains DATABASE.LAYOUT.VERSION.MINOR = 2 whereas a number >= 3 is expected. It comes from another PROJ installation.
2025-07-11 13:06:26,029 - fiona._env - WARNING - PROJ: proj_identify: P:\corp\central_clones\python_geopandas\Lib\site-packages\fiona\proj_data\proj.db contains DATABASE.LAYOUT.VERSION.MINOR = 2 whereas a number >= 3 is expected. It comes from another PROJ installation.
2025-07-11 13:06:26,441 - fiona._env - WARNING - PROJ: proj_identify: P:\corp\central_clones\python_geopandas\Lib\site-packages\fiona\proj_data\proj.db contains DATABASE.LAYOUT.VERSION.MINOR = 2 whereas a number >= 3 is expected. It comes from another PROJ installation.
2025-07-11 13:06:27,376 - fiona._env - DEBUG - GDAL_DATA found in environment.
2025-07-11 13:06:27,377 - fiona._env - DEBUG - PROJ data found in package: path='P:\\corp\\central_clones\\python_geopandas\\Lib\\site-packages\\fiona\\proj_data'.
2025-07-11 13:06:27,378 - fiona.ogrext - DEBUG - Got coordinate system
2025-07-11 13:06:27,390 - fiona.ogrext - DEBUG - Got coordinate system
2025-07-11 13:06:27,412 - fiona._env - WARNING - PROJ: proj_identify: P:\corp\central_clones\python_geopandas\Lib\site-packages\fiona\proj_data\proj.db contains DATABASE.LAYOUT.VERSION.MINOR = 2 whereas a number >= 3 is expected. It comes from another PROJ installation.
2025-07-11 13:06:27,413 - fiona.ogrext - DEBUG - OLC_FASTSETNEXTBYINDEX: 1
2025-07-11 13:06:27,413 - fiona.ogrext - DEBUG - OLC_FASTFEATURECOUNT: 1
2025-07-11 13:06:27,414 - fiona.ogrext - DEBUG - Next index: 0
2025-07-11 13:06:27,450 - fiona.collection - DEBUG - Flushed buffer
2025-07-11 13:06:27,452 - fiona.collection - DEBUG - Stopped session
2025-07-11 13:06:27,473 - fiona._env - DEBUG - GDAL_DATA found in environment.
2025-07-11 13:06:27,474 - fiona._env - DEBUG - PROJ data found in package: path='P:\\corp\\central_clones\\python_geopandas\\Lib\\site-packages\\fiona\\proj_data'.
2025-07-11 13:06:29,281 - fiona._env - WARNING - PROJ: proj_identify: P:\corp\central_clones\python_geopandas\Lib\site-packages\fiona\proj_data\proj.db contains DATABASE.LAYOUT.VERSION.MINOR = 2 whereas a number >= 3 is expected. It comes from another PROJ installation.
2025-07-11 13:06:34,600 - fiona._env - WARNING - PROJ: proj_identify: P:\corp\central_clones\python_geopandas\Lib\site-packages\fiona\proj_data\proj.db contains DATABASE.LAYOUT.VERSION.MINOR = 2 whereas a number >= 3 is expected. It comes from another PROJ installation.
2025-07-11 13:06:34,996 - fiona._env - WARNING - PROJ: proj_identify: P:\corp\central_clones\python_geopandas\Lib\site-packages\fiona\proj_data\proj.db contains DATABASE.LAYOUT.VERSION.MINOR = 2 whereas a number >= 3 is expected. It comes from another PROJ installation.
2025-07-11 13:06:35,902 - fiona._env - DEBUG - GDAL_DATA found in environment.
2025-07-11 13:06:35,904 - fiona._env - DEBUG - PROJ data found in package: path='P:\\corp\\central_clones\\python_geopandas\\Lib\\site-packages\\fiona\\proj_data'.
2025-07-11 13:06:35,905 - fiona.ogrext - DEBUG - Got coordinate system
2025-07-11 13:06:35,919 - fiona.ogrext - DEBUG - Got coordinate system
2025-07-11 13:06:35,941 - fiona._env - WARNING - PROJ: proj_identify: P:\corp\central_clones\python_geopandas\Lib\site-packages\fiona\proj_data\proj.db contains DATABASE.LAYOUT.VERSION.MINOR = 2 whereas a number >= 3 is expected. It comes from another PROJ installation.
2025-07-11 13:06:35,942 - fiona.ogrext - DEBUG - OLC_FASTSETNEXTBYINDEX: 1
2025-07-11 13:06:35,942 - fiona.ogrext - DEBUG - OLC_FASTFEATURECOUNT: 1
2025-07-11 13:06:35,942 - fiona.ogrext - DEBUG - Next index: 0
2025-07-11 13:06:35,978 - fiona.collection - DEBUG - Flushed buffer
2025-07-11 13:06:35,980 - fiona.collection - DEBUG - Stopped session
2025-07-11 13:06:36,000 - fiona._env - DEBUG - GDAL_DATA found in environment.
2025-07-11 13:06:36,003 - fiona._env - DEBUG - PROJ data found in package: path='P:\\corp\\central_clones\\python_geopandas\\Lib\\site-packages\\fiona\\proj_data'.
2025-07-11 13:06:37,475 - fiona._env - WARNING - PROJ: proj_identify: P:\corp\central_clones\python_geopandas\Lib\site-packages\fiona\proj_data\proj.db contains DATABASE.LAYOUT.VERSION.MINOR = 2 whereas a number >= 3 is expected. It comes from another PROJ installation.
2025-07-11 13:06:42,147 - fiona._env - WARNING - PROJ: proj_identify: P:\corp\central_clones\python_geopandas\Lib\site-packages\fiona\proj_data\proj.db contains DATABASE.LAYOUT.VERSION.MINOR = 2 whereas a number >= 3 is expected. It comes from another PROJ installation.
2025-07-11 13:06:42,555 - fiona._env - WARNING - PROJ: proj_identify: P:\corp\central_clones\python_geopandas\Lib\site-packages\fiona\proj_data\proj.db contains DATABASE.LAYOUT.VERSION.MINOR = 2 whereas a number >= 3 is expected. It comes from another PROJ installation.
2025-07-11 13:06:43,564 - fiona._env - DEBUG - GDAL_DATA found in environment.
2025-07-11 13:06:43,566 - fiona._env - DEBUG - PROJ data found in package: path='P:\\corp\\central_clones\\python_geopandas\\Lib\\site-packages\\fiona\\proj_data'.
2025-07-11 13:06:43,566 - fiona.ogrext - DEBUG - Got coordinate system
2025-07-11 13:06:43,580 - fiona.ogrext - DEBUG - Got coordinate system
2025-07-11 13:06:43,603 - fiona._env - WARNING - PROJ: proj_identify: P:\corp\central_clones\python_geopandas\Lib\site-packages\fiona\proj_data\proj.db contains DATABASE.LAYOUT.VERSION.MINOR = 2 whereas a number >= 3 is expected. It comes from another PROJ installation.
2025-07-11 13:06:43,603 - fiona.ogrext - DEBUG - OLC_FASTSETNEXTBYINDEX: 1
2025-07-11 13:06:43,604 - fiona.ogrext - DEBUG - OLC_FASTFEATURECOUNT: 1
2025-07-11 13:06:43,604 - fiona.ogrext - DEBUG - Next index: 0
2025-07-11 13:06:43,643 - fiona.collection - DEBUG - Flushed buffer
2025-07-11 13:06:43,645 - fiona.collection - DEBUG - Stopped session
2025-07-11 13:06:43,666 - fiona._env - DEBUG - GDAL_DATA found in environment.
2025-07-11 13:06:43,668 - fiona._env - DEBUG - PROJ data found in package: path='P:\\corp\\central_clones\\python_geopandas\\Lib\\site-packages\\fiona\\proj_data'.
2025-07-11 13:06:45,201 - fiona._env - WARNING - PROJ: proj_identify: P:\corp\central_clones\python_geopandas\Lib\site-packages\fiona\proj_data\proj.db contains DATABASE.LAYOUT.VERSION.MINOR = 2 whereas a number >= 3 is expected. It comes from another PROJ installation.
2025-07-11 13:06:49,806 - fiona._env - WARNING - PROJ: proj_identify: P:\corp\central_clones\python_geopandas\Lib\site-packages\fiona\proj_data\proj.db contains DATABASE.LAYOUT.VERSION.MINOR = 2 whereas a number >= 3 is expected. It comes from another PROJ installation.
2025-07-11 13:06:50,196 - fiona._env - WARNING - PROJ: proj_identify: P:\corp\central_clones\python_geopandas\Lib\site-packages\fiona\proj_data\proj.db contains DATABASE.LAYOUT.VERSION.MINOR = 2 whereas a number >= 3 is expected. It comes from another PROJ installation.
2025-07-11 13:06:51,079 - fiona._env - DEBUG - GDAL_DATA found in environment.
2025-07-11 13:06:51,081 - fiona._env - DEBUG - PROJ data found in package: path='P:\\corp\\central_clones\\python_geopandas\\Lib\\site-packages\\fiona\\proj_data'.
2025-07-11 13:06:51,081 - fiona.ogrext - DEBUG - Got coordinate system
2025-07-11 13:06:51,092 - fiona.ogrext - DEBUG - Got coordinate system
2025-07-11 13:06:51,112 - fiona._env - WARNING - PROJ: proj_identify: P:\corp\central_clones\python_geopandas\Lib\site-packages\fiona\proj_data\proj.db contains DATABASE.LAYOUT.VERSION.MINOR = 2 whereas a number >= 3 is expected. It comes from another PROJ installation.
2025-07-11 13:06:51,113 - fiona.ogrext - DEBUG - OLC_FASTSETNEXTBYINDEX: 1
2025-07-11 13:06:51,113 - fiona.ogrext - DEBUG - OLC_FASTFEATURECOUNT: 1
2025-07-11 13:06:51,114 - fiona.ogrext - DEBUG - Next index: 0
2025-07-11 13:06:51,148 - fiona.collection - DEBUG - Flushed buffer
2025-07-11 13:06:51,150 - fiona.collection - DEBUG - Stopped session
2025-07-11 13:06:51,170 - fiona._env - DEBUG - GDAL_DATA found in environment.
2025-07-11 13:06:51,171 - fiona._env - DEBUG - PROJ data found in package: path='P:\\corp\\central_clones\\python_geopandas\\Lib\\site-packages\\fiona\\proj_data'.
2025-07-11 13:06:52,646 - fiona._env - WARNING - PROJ: proj_identify: P:\corp\central_clones\python_geopandas\Lib\site-packages\fiona\proj_data\proj.db contains DATABASE.LAYOUT.VERSION.MINOR = 2 whereas a number >= 3 is expected. It comes from another PROJ installation.
2025-07-11 13:06:57,332 - fiona._env - WARNING - PROJ: proj_identify: P:\corp\central_clones\python_geopandas\Lib\site-packages\fiona\proj_data\proj.db contains DATABASE.LAYOUT.VERSION.MINOR = 2 whereas a number >= 3 is expected. It comes from another PROJ installation.
2025-07-11 13:06:57,724 - fiona._env - WARNING - PROJ: proj_identify: P:\corp\central_clones\python_geopandas\Lib\site-packages\fiona\proj_data\proj.db contains DATABASE.LAYOUT.VERSION.MINOR = 2 whereas a number >= 3 is expected. It comes from another PROJ installation.
2025-07-11 13:06:58,606 - fiona._env - DEBUG - GDAL_DATA found in environment.
2025-07-11 13:06:58,607 - fiona._env - DEBUG - PROJ data found in package: path='P:\\corp\\central_clones\\python_geopandas\\Lib\\site-packages\\fiona\\proj_data'.
2025-07-11 13:06:58,608 - fiona.ogrext - DEBUG - Got coordinate system
2025-07-11 13:06:58,619 - fiona.ogrext - DEBUG - Got coordinate system
2025-07-11 13:06:58,640 - fiona._env - WARNING - PROJ: proj_identify: P:\corp\central_clones\python_geopandas\Lib\site-packages\fiona\proj_data\proj.db contains DATABASE.LAYOUT.VERSION.MINOR = 2 whereas a number >= 3 is expected. It comes from another PROJ installation.
2025-07-11 13:06:58,640 - fiona.ogrext - DEBUG - OLC_FASTSETNEXTBYINDEX: 1
2025-07-11 13:06:58,640 - fiona.ogrext - DEBUG - OLC_FASTFEATURECOUNT: 1
2025-07-11 13:06:58,641 - fiona.ogrext - DEBUG - Next index: 0
2025-07-11 13:06:58,678 - fiona.collection - DEBUG - Flushed buffer
2025-07-11 13:06:58,680 - fiona.collection - DEBUG - Stopped session
2025-07-11 13:06:58,701 - fiona._env - DEBUG - GDAL_DATA found in environment.
2025-07-11 13:06:58,702 - fiona._env - DEBUG - PROJ data found in package: path='P:\\corp\\central_clones\\python_geopandas\\Lib\\site-packages\\fiona\\proj_data'.
2025-07-11 13:07:00,181 - fiona._env - WARNING - PROJ: proj_identify: P:\corp\central_clones\python_geopandas\Lib\site-packages\fiona\proj_data\proj.db contains DATABASE.LAYOUT.VERSION.MINOR = 2 whereas a number >= 3 is expected. It comes from another PROJ installation.
2025-07-11 13:07:04,733 - fiona._env - WARNING - PROJ: proj_identify: P:\corp\central_clones\python_geopandas\Lib\site-packages\fiona\proj_data\proj.db contains DATABASE.LAYOUT.VERSION.MINOR = 2 whereas a number >= 3 is expected. It comes from another PROJ installation.
2025-07-11 13:07:05,117 - fiona._env - WARNING - PROJ: proj_identify: P:\corp\central_clones\python_geopandas\Lib\site-packages\fiona\proj_data\proj.db contains DATABASE.LAYOUT.VERSION.MINOR = 2 whereas a number >= 3 is expected. It comes from another PROJ installation.
2025-07-11 13:07:06,012 - fiona._env - DEBUG - GDAL_DATA found in environment.
2025-07-11 13:07:06,014 - fiona._env - DEBUG - PROJ data found in package: path='P:\\corp\\central_clones\\python_geopandas\\Lib\\site-packages\\fiona\\proj_data'.
2025-07-11 13:07:06,014 - fiona.ogrext - DEBUG - Got coordinate system
2025-07-11 13:07:06,025 - fiona.ogrext - DEBUG - Got coordinate system
2025-07-11 13:07:06,046 - fiona._env - WARNING - PROJ: proj_identify: P:\corp\central_clones\python_geopandas\Lib\site-packages\fiona\proj_data\proj.db contains DATABASE.LAYOUT.VERSION.MINOR = 2 whereas a number >= 3 is expected. It comes from another PROJ installation.
2025-07-11 13:07:06,047 - fiona.ogrext - DEBUG - OLC_FASTSETNEXTBYINDEX: 1
2025-07-11 13:07:06,047 - fiona.ogrext - DEBUG - OLC_FASTFEATURECOUNT: 1
2025-07-11 13:07:06,047 - fiona.ogrext - DEBUG - Next index: 0
2025-07-11 13:07:06,084 - fiona.collection - DEBUG - Flushed buffer
2025-07-11 13:07:06,087 - fiona.collection - DEBUG - Stopped session
2025-07-11 13:07:06,106 - fiona._env - DEBUG - GDAL_DATA found in environment.
2025-07-11 13:07:06,108 - fiona._env - DEBUG - PROJ data found in package: path='P:\\corp\\central_clones\\python_geopandas\\Lib\\site-packages\\fiona\\proj_data'.
2025-07-11 13:07:07,576 - fiona._env - WARNING - PROJ: proj_identify: P:\corp\central_clones\python_geopandas\Lib\site-packages\fiona\proj_data\proj.db contains DATABASE.LAYOUT.VERSION.MINOR = 2 whereas a number >= 3 is expected. It comes from another PROJ installation.
2025-07-11 13:07:12,178 - fiona._env - WARNING - PROJ: proj_identify: P:\corp\central_clones\python_geopandas\Lib\site-packages\fiona\proj_data\proj.db contains DATABASE.LAYOUT.VERSION.MINOR = 2 whereas a number >= 3 is expected. It comes from another PROJ installation.
2025-07-11 13:07:12,567 - fiona._env - WARNING - PROJ: proj_identify: P:\corp\central_clones\python_geopandas\Lib\site-packages\fiona\proj_data\proj.db contains DATABASE.LAYOUT.VERSION.MINOR = 2 whereas a number >= 3 is expected. It comes from another PROJ installation.
2025-07-11 13:07:13,456 - fiona._env - DEBUG - GDAL_DATA found in environment.
2025-07-11 13:07:13,458 - fiona._env - DEBUG - PROJ data found in package: path='P:\\corp\\central_clones\\python_geopandas\\Lib\\site-packages\\fiona\\proj_data'.
2025-07-11 13:07:13,458 - fiona.ogrext - DEBUG - Got coordinate system
2025-07-11 13:07:13,470 - fiona.ogrext - DEBUG - Got coordinate system
2025-07-11 13:07:13,491 - fiona._env - WARNING - PROJ: proj_identify: P:\corp\central_clones\python_geopandas\Lib\site-packages\fiona\proj_data\proj.db contains DATABASE.LAYOUT.VERSION.MINOR = 2 whereas a number >= 3 is expected. It comes from another PROJ installation.
2025-07-11 13:07:13,492 - fiona.ogrext - DEBUG - OLC_FASTSETNEXTBYINDEX: 1
2025-07-11 13:07:13,492 - fiona.ogrext - DEBUG - OLC_FASTFEATURECOUNT: 1
2025-07-11 13:07:13,493 - fiona.ogrext - DEBUG - Next index: 0
2025-07-11 13:07:13,530 - fiona.collection - DEBUG - Flushed buffer
2025-07-11 13:07:13,532 - fiona.collection - DEBUG - Stopped session
2025-07-11 13:07:13,552 - fiona._env - DEBUG - GDAL_DATA found in environment.
2025-07-11 13:07:13,553 - fiona._env - DEBUG - PROJ data found in package: path='P:\\corp\\central_clones\\python_geopandas\\Lib\\site-packages\\fiona\\proj_data'.
2025-07-11 13:07:15,030 - fiona._env - WARNING - PROJ: proj_identify: P:\corp\central_clones\python_geopandas\Lib\site-packages\fiona\proj_data\proj.db contains DATABASE.LAYOUT.VERSION.MINOR = 2 whereas a number >= 3 is expected. It comes from another PROJ installation.
2025-07-11 13:07:19,654 - fiona._env - WARNING - PROJ: proj_identify: P:\corp\central_clones\python_geopandas\Lib\site-packages\fiona\proj_data\proj.db contains DATABASE.LAYOUT.VERSION.MINOR = 2 whereas a number >= 3 is expected. It comes from another PROJ installation.
2025-07-11 13:07:20,047 - fiona._env - WARNING - PROJ: proj_identify: P:\corp\central_clones\python_geopandas\Lib\site-packages\fiona\proj_data\proj.db contains DATABASE.LAYOUT.VERSION.MINOR = 2 whereas a number >= 3 is expected. It comes from another PROJ installation.
2025-07-11 13:07:20,946 - fiona._env - DEBUG - GDAL_DATA found in environment.
2025-07-11 13:07:20,948 - fiona._env - DEBUG - PROJ data found in package: path='P:\\corp\\central_clones\\python_geopandas\\Lib\\site-packages\\fiona\\proj_data'.
2025-07-11 13:07:20,949 - fiona.ogrext - DEBUG - Got coordinate system
2025-07-11 13:07:20,960 - fiona.ogrext - DEBUG - Got coordinate system
2025-07-11 13:07:20,981 - fiona._env - WARNING - PROJ: proj_identify: P:\corp\central_clones\python_geopandas\Lib\site-packages\fiona\proj_data\proj.db contains DATABASE.LAYOUT.VERSION.MINOR = 2 whereas a number >= 3 is expected. It comes from another PROJ installation.
2025-07-11 13:07:20,982 - fiona.ogrext - DEBUG - OLC_FASTSETNEXTBYINDEX: 1
2025-07-11 13:07:20,982 - fiona.ogrext - DEBUG - OLC_FASTFEATURECOUNT: 1
2025-07-11 13:07:20,982 - fiona.ogrext - DEBUG - Next index: 0
2025-07-11 13:07:21,018 - fiona.collection - DEBUG - Flushed buffer
2025-07-11 13:07:21,020 - fiona.collection - DEBUG - Stopped session
2025-07-11 13:07:21,040 - fiona._env - DEBUG - GDAL_DATA found in environment.
2025-07-11 13:07:21,041 - fiona._env - DEBUG - PROJ data found in package: path='P:\\corp\\central_clones\\python_geopandas\\Lib\\site-packages\\fiona\\proj_data'.
2025-07-11 13:07:22,521 - fiona._env - WARNING - PROJ: proj_identify: P:\corp\central_clones\python_geopandas\Lib\site-packages\fiona\proj_data\proj.db contains DATABASE.LAYOUT.VERSION.MINOR = 2 whereas a number >= 3 is expected. It comes from another PROJ installation.
2025-07-11 13:07:27,234 - fiona._env - WARNING - PROJ: proj_identify: P:\corp\central_clones\python_geopandas\Lib\site-packages\fiona\proj_data\proj.db contains DATABASE.LAYOUT.VERSION.MINOR = 2 whereas a number >= 3 is expected. It comes from another PROJ installation.
2025-07-11 13:07:27,645 - fiona._env - WARNING - PROJ: proj_identify: P:\corp\central_clones\python_geopandas\Lib\site-packages\fiona\proj_data\proj.db contains DATABASE.LAYOUT.VERSION.MINOR = 2 whereas a number >= 3 is expected. It comes from another PROJ installation.
2025-07-11 13:07:28,565 - fiona._env - DEBUG - GDAL_DATA found in environment.
2025-07-11 13:07:28,566 - fiona._env - DEBUG - PROJ data found in package: path='P:\\corp\\central_clones\\python_geopandas\\Lib\\site-packages\\fiona\\proj_data'.
2025-07-11 13:07:28,567 - fiona.ogrext - DEBUG - Got coordinate system
2025-07-11 13:07:28,578 - fiona.ogrext - DEBUG - Got coordinate system
2025-07-11 13:07:28,600 - fiona._env - WARNING - PROJ: proj_identify: P:\corp\central_clones\python_geopandas\Lib\site-packages\fiona\proj_data\proj.db contains DATABASE.LAYOUT.VERSION.MINOR = 2 whereas a number >= 3 is expected. It comes from another PROJ installation.
2025-07-11 13:07:28,600 - fiona.ogrext - DEBUG - OLC_FASTSETNEXTBYINDEX: 1
2025-07-11 13:07:28,601 - fiona.ogrext - DEBUG - OLC_FASTFEATURECOUNT: 1
2025-07-11 13:07:28,601 - fiona.ogrext - DEBUG - Next index: 0
2025-07-11 13:07:28,637 - fiona.collection - DEBUG - Flushed buffer
2025-07-11 13:07:28,639 - fiona.collection - DEBUG - Stopped session
2025-07-11 13:07:28,659 - fiona._env - DEBUG - GDAL_DATA found in environment.
2025-07-11 13:07:28,660 - fiona._env - DEBUG - PROJ data found in package: path='P:\\corp\\central_clones\\python_geopandas\\Lib\\site-packages\\fiona\\proj_data'.
2025-07-11 13:07:30,098 - fiona._env - WARNING - PROJ: proj_identify: P:\corp\central_clones\python_geopandas\Lib\site-packages\fiona\proj_data\proj.db contains DATABASE.LAYOUT.VERSION.MINOR = 2 whereas a number >= 3 is expected. It comes from another PROJ installation.
2025-07-11 13:07:34,831 - fiona._env - WARNING - PROJ: proj_identify: P:\corp\central_clones\python_geopandas\Lib\site-packages\fiona\proj_data\proj.db contains DATABASE.LAYOUT.VERSION.MINOR = 2 whereas a number >= 3 is expected. It comes from another PROJ installation.
2025-07-11 13:07:35,219 - fiona._env - WARNING - PROJ: proj_identify: P:\corp\central_clones\python_geopandas\Lib\site-packages\fiona\proj_data\proj.db contains DATABASE.LAYOUT.VERSION.MINOR = 2 whereas a number >= 3 is expected. It comes from another PROJ installation.
2025-07-11 13:07:36,139 - fiona._env - DEBUG - GDAL_DATA found in environment.
2025-07-11 13:07:36,142 - fiona._env - DEBUG - PROJ data found in package: path='P:\\corp\\central_clones\\python_geopandas\\Lib\\site-packages\\fiona\\proj_data'.
2025-07-11 13:07:36,142 - fiona.ogrext - DEBUG - Got coordinate system
2025-07-11 13:07:36,155 - fiona.ogrext - DEBUG - Got coordinate system
2025-07-11 13:07:36,176 - fiona._env - WARNING - PROJ: proj_identify: P:\corp\central_clones\python_geopandas\Lib\site-packages\fiona\proj_data\proj.db contains DATABASE.LAYOUT.VERSION.MINOR = 2 whereas a number >= 3 is expected. It comes from another PROJ installation.
2025-07-11 13:07:36,177 - fiona.ogrext - DEBUG - OLC_FASTSETNEXTBYINDEX: 1
2025-07-11 13:07:36,177 - fiona.ogrext - DEBUG - OLC_FASTFEATURECOUNT: 1
2025-07-11 13:07:36,177 - fiona.ogrext - DEBUG - Next index: 0
2025-07-11 13:07:36,211 - fiona.collection - DEBUG - Flushed buffer
2025-07-11 13:07:36,213 - fiona.collection - DEBUG - Stopped session
2025-07-11 13:07:36,233 - fiona._env - DEBUG - GDAL_DATA found in environment.
2025-07-11 13:07:36,234 - fiona._env - DEBUG - PROJ data found in package: path='P:\\corp\\central_clones\\python_geopandas\\Lib\\site-packages\\fiona\\proj_data'.
2025-07-11 13:07:37,714 - fiona._env - WARNING - PROJ: proj_identify: P:\corp\central_clones\python_geopandas\Lib\site-packages\fiona\proj_data\proj.db contains DATABASE.LAYOUT.VERSION.MINOR = 2 whereas a number >= 3 is expected. It comes from another PROJ installation.
2025-07-11 13:07:42,462 - fiona._env - WARNING - PROJ: proj_identify: P:\corp\central_clones\python_geopandas\Lib\site-packages\fiona\proj_data\proj.db contains DATABASE.LAYOUT.VERSION.MINOR = 2 whereas a number >= 3 is expected. It comes from another PROJ installation.
2025-07-11 13:07:42,876 - fiona._env - WARNING - PROJ: proj_identify: P:\corp\central_clones\python_geopandas\Lib\site-packages\fiona\proj_data\proj.db contains DATABASE.LAYOUT.VERSION.MINOR = 2 whereas a number >= 3 is expected. It comes from another PROJ installation.
2025-07-11 13:07:43,788 - fiona._env - DEBUG - GDAL_DATA found in environment.
2025-07-11 13:07:43,789 - fiona._env - DEBUG - PROJ data found in package: path='P:\\corp\\central_clones\\python_geopandas\\Lib\\site-packages\\fiona\\proj_data'.
2025-07-11 13:07:43,790 - fiona.ogrext - DEBUG - Got coordinate system
2025-07-11 13:07:43,801 - fiona.ogrext - DEBUG - Got coordinate system
2025-07-11 13:07:43,822 - fiona._env - WARNING - PROJ: proj_identify: P:\corp\central_clones\python_geopandas\Lib\site-packages\fiona\proj_data\proj.db contains DATABASE.LAYOUT.VERSION.MINOR = 2 whereas a number >= 3 is expected. It comes from another PROJ installation.
2025-07-11 13:07:43,823 - fiona.ogrext - DEBUG - OLC_FASTSETNEXTBYINDEX: 1
2025-07-11 13:07:43,823 - fiona.ogrext - DEBUG - OLC_FASTFEATURECOUNT: 1
2025-07-11 13:07:43,823 - fiona.ogrext - DEBUG - Next index: 0
2025-07-11 13:07:43,859 - fiona.collection - DEBUG - Flushed buffer
2025-07-11 13:07:43,861 - fiona.collection - DEBUG - Stopped session
2025-07-11 13:07:43,881 - fiona._env - DEBUG - GDAL_DATA found in environment.
2025-07-11 13:07:43,883 - fiona._env - DEBUG - PROJ data found in package: path='P:\\corp\\central_clones\\python_geopandas\\Lib\\site-packages\\fiona\\proj_data'.
2025-07-11 13:07:45,413 - fiona._env - WARNING - PROJ: proj_identify: P:\corp\central_clones\python_geopandas\Lib\site-packages\fiona\proj_data\proj.db contains DATABASE.LAYOUT.VERSION.MINOR = 2 whereas a number >= 3 is expected. It comes from another PROJ installation.
2025-07-11 13:07:50,301 - fiona._env - WARNING - PROJ: proj_identify: P:\corp\central_clones\python_geopandas\Lib\site-packages\fiona\proj_data\proj.db contains DATABASE.LAYOUT.VERSION.MINOR = 2 whereas a number >= 3 is expected. It comes from another PROJ installation.
2025-07-11 13:07:50,709 - fiona._env - WARNING - PROJ: proj_identify: P:\corp\central_clones\python_geopandas\Lib\site-packages\fiona\proj_data\proj.db contains DATABASE.LAYOUT.VERSION.MINOR = 2 whereas a number >= 3 is expected. It comes from another PROJ installation.
2025-07-11 13:07:51,611 - fiona._env - DEBUG - GDAL_DATA found in environment.
2025-07-11 13:07:51,613 - fiona._env - DEBUG - PROJ data found in package: path='P:\\corp\\central_clones\\python_geopandas\\Lib\\site-packages\\fiona\\proj_data'.
2025-07-11 13:07:51,614 - fiona.ogrext - DEBUG - Got coordinate system
2025-07-11 13:07:51,625 - fiona.ogrext - DEBUG - Got coordinate system
2025-07-11 13:07:51,647 - fiona._env - WARNING - PROJ: proj_identify: P:\corp\central_clones\python_geopandas\Lib\site-packages\fiona\proj_data\proj.db contains DATABASE.LAYOUT.VERSION.MINOR = 2 whereas a number >= 3 is expected. It comes from another PROJ installation.
2025-07-11 13:07:51,648 - fiona.ogrext - DEBUG - OLC_FASTSETNEXTBYINDEX: 1
2025-07-11 13:07:51,648 - fiona.ogrext - DEBUG - OLC_FASTFEATURECOUNT: 1
2025-07-11 13:07:51,648 - fiona.ogrext - DEBUG - Next index: 0
2025-07-11 13:07:51,682 - fiona.collection - DEBUG - Flushed buffer
2025-07-11 13:07:51,684 - fiona.collection - DEBUG - Stopped session
2025-07-11 13:07:51,704 - fiona._env - DEBUG - GDAL_DATA found in environment.
2025-07-11 13:07:51,706 - fiona._env - DEBUG - PROJ data found in package: path='P:\\corp\\central_clones\\python_geopandas\\Lib\\site-packages\\fiona\\proj_data'.
2025-07-11 13:07:53,221 - fiona._env - WARNING - PROJ: proj_identify: P:\corp\central_clones\python_geopandas\Lib\site-packages\fiona\proj_data\proj.db contains DATABASE.LAYOUT.VERSION.MINOR = 2 whereas a number >= 3 is expected. It comes from another PROJ installation.
2025-07-11 13:07:58,270 - fiona._env - WARNING - PROJ: proj_identify: P:\corp\central_clones\python_geopandas\Lib\site-packages\fiona\proj_data\proj.db contains DATABASE.LAYOUT.VERSION.MINOR = 2 whereas a number >= 3 is expected. It comes from another PROJ installation.
2025-07-11 13:07:58,735 - fiona._env - WARNING - PROJ: proj_identify: P:\corp\central_clones\python_geopandas\Lib\site-packages\fiona\proj_data\proj.db contains DATABASE.LAYOUT.VERSION.MINOR = 2 whereas a number >= 3 is expected. It comes from another PROJ installation.
2025-07-11 13:07:59,658 - fiona._env - DEBUG - GDAL_DATA found in environment.
2025-07-11 13:07:59,660 - fiona._env - DEBUG - PROJ data found in package: path='P:\\corp\\central_clones\\python_geopandas\\Lib\\site-packages\\fiona\\proj_data'.
2025-07-11 13:07:59,660 - fiona.ogrext - DEBUG - Got coordinate system
2025-07-11 13:07:59,672 - fiona.ogrext - DEBUG - Got coordinate system
2025-07-11 13:07:59,693 - fiona._env - WARNING - PROJ: proj_identify: P:\corp\central_clones\python_geopandas\Lib\site-packages\fiona\proj_data\proj.db contains DATABASE.LAYOUT.VERSION.MINOR = 2 whereas a number >= 3 is expected. It comes from another PROJ installation.
2025-07-11 13:07:59,693 - fiona.ogrext - DEBUG - OLC_FASTSETNEXTBYINDEX: 1
2025-07-11 13:07:59,694 - fiona.ogrext - DEBUG - OLC_FASTFEATURECOUNT: 1
2025-07-11 13:07:59,694 - fiona.ogrext - DEBUG - Next index: 0
2025-07-11 13:07:59,728 - fiona.collection - DEBUG - Flushed buffer
2025-07-11 13:07:59,730 - fiona.collection - DEBUG - Stopped session
2025-07-11 13:07:59,750 - fiona._env - DEBUG - GDAL_DATA found in environment.
2025-07-11 13:07:59,752 - fiona._env - DEBUG - PROJ data found in package: path='P:\\corp\\central_clones\\python_geopandas\\Lib\\site-packages\\fiona\\proj_data'.
2025-07-11 13:08:01,302 - fiona._env - WARNING - PROJ: proj_identify: P:\corp\central_clones\python_geopandas\Lib\site-packages\fiona\proj_data\proj.db contains DATABASE.LAYOUT.VERSION.MINOR = 2 whereas a number >= 3 is expected. It comes from another PROJ installation.
2025-07-11 13:08:06,118 - fiona._env - WARNING - PROJ: proj_identify: P:\corp\central_clones\python_geopandas\Lib\site-packages\fiona\proj_data\proj.db contains DATABASE.LAYOUT.VERSION.MINOR = 2 whereas a number >= 3 is expected. It comes from another PROJ installation.
2025-07-11 13:08:06,515 - fiona._env - WARNING - PROJ: proj_identify: P:\corp\central_clones\python_geopandas\Lib\site-packages\fiona\proj_data\proj.db contains DATABASE.LAYOUT.VERSION.MINOR = 2 whereas a number >= 3 is expected. It comes from another PROJ installation.
2025-07-11 13:08:07,422 - fiona._env - DEBUG - GDAL_DATA found in environment.
2025-07-11 13:08:07,423 - fiona._env - DEBUG - PROJ data found in package: path='P:\\corp\\central_clones\\python_geopandas\\Lib\\site-packages\\fiona\\proj_data'.
2025-07-11 13:08:07,424 - fiona.ogrext - DEBUG - Got coordinate system
2025-07-11 13:08:07,435 - fiona.ogrext - DEBUG - Got coordinate system
2025-07-11 13:08:07,456 - fiona._env - WARNING - PROJ: proj_identify: P:\corp\central_clones\python_geopandas\Lib\site-packages\fiona\proj_data\proj.db contains DATABASE.LAYOUT.VERSION.MINOR = 2 whereas a number >= 3 is expected. It comes from another PROJ installation.
2025-07-11 13:08:07,457 - fiona.ogrext - DEBUG - OLC_FASTSETNEXTBYINDEX: 1
2025-07-11 13:08:07,457 - fiona.ogrext - DEBUG - OLC_FASTFEATURECOUNT: 1
2025-07-11 13:08:07,458 - fiona.ogrext - DEBUG - Next index: 0
2025-07-11 13:08:07,492 - fiona.collection - DEBUG - Flushed buffer
2025-07-11 13:08:07,494 - fiona.collection - DEBUG - Stopped session
2025-07-11 13:08:07,515 - fiona._env - DEBUG - GDAL_DATA found in environment.
2025-07-11 13:08:07,517 - fiona._env - DEBUG - PROJ data found in package: path='P:\\corp\\central_clones\\python_geopandas\\Lib\\site-packages\\fiona\\proj_data'.
2025-07-11 13:08:09,016 - fiona._env - WARNING - PROJ: proj_identify: P:\corp\central_clones\python_geopandas\Lib\site-packages\fiona\proj_data\proj.db contains DATABASE.LAYOUT.VERSION.MINOR = 2 whereas a number >= 3 is expected. It comes from another PROJ installation.
2025-07-11 13:08:13,773 - fiona._env - WARNING - PROJ: proj_identify: P:\corp\central_clones\python_geopandas\Lib\site-packages\fiona\proj_data\proj.db contains DATABASE.LAYOUT.VERSION.MINOR = 2 whereas a number >= 3 is expected. It comes from another PROJ installation.
2025-07-11 13:08:14,180 - fiona._env - WARNING - PROJ: proj_identify: P:\corp\central_clones\python_geopandas\Lib\site-packages\fiona\proj_data\proj.db contains DATABASE.LAYOUT.VERSION.MINOR = 2 whereas a number >= 3 is expected. It comes from another PROJ installation.
2025-07-11 13:08:15,093 - fiona._env - DEBUG - GDAL_DATA found in environment.
2025-07-11 13:08:15,094 - fiona._env - DEBUG - PROJ data found in package: path='P:\\corp\\central_clones\\python_geopandas\\Lib\\site-packages\\fiona\\proj_data'.
2025-07-11 13:08:15,095 - fiona.ogrext - DEBUG - Got coordinate system
2025-07-11 13:08:15,107 - fiona.ogrext - DEBUG - Got coordinate system
2025-07-11 13:08:15,128 - fiona._env - WARNING - PROJ: proj_identify: P:\corp\central_clones\python_geopandas\Lib\site-packages\fiona\proj_data\proj.db contains DATABASE.LAYOUT.VERSION.MINOR = 2 whereas a number >= 3 is expected. It comes from another PROJ installation.
2025-07-11 13:08:15,128 - fiona.ogrext - DEBUG - OLC_FASTSETNEXTBYINDEX: 1
2025-07-11 13:08:15,129 - fiona.ogrext - DEBUG - OLC_FASTFEATURECOUNT: 1
2025-07-11 13:08:15,129 - fiona.ogrext - DEBUG - Next index: 0
2025-07-11 13:08:15,164 - fiona.collection - DEBUG - Flushed buffer
2025-07-11 13:08:15,166 - fiona.collection - DEBUG - Stopped session
2025-07-11 13:08:15,186 - fiona._env - DEBUG - GDAL_DATA found in environment.
2025-07-11 13:08:15,188 - fiona._env - DEBUG - PROJ data found in package: path='P:\\corp\\central_clones\\python_geopandas\\Lib\\site-packages\\fiona\\proj_data'.
2025-07-11 13:08:16,667 - fiona._env - WARNING - PROJ: proj_identify: P:\corp\central_clones\python_geopandas\Lib\site-packages\fiona\proj_data\proj.db contains DATABASE.LAYOUT.VERSION.MINOR = 2 whereas a number >= 3 is expected. It comes from another PROJ installation.
2025-07-11 13:08:21,398 - fiona._env - WARNING - PROJ: proj_identify: P:\corp\central_clones\python_geopandas\Lib\site-packages\fiona\proj_data\proj.db contains DATABASE.LAYOUT.VERSION.MINOR = 2 whereas a number >= 3 is expected. It comes from another PROJ installation.
2025-07-11 13:08:21,794 - fiona._env - WARNING - PROJ: proj_identify: P:\corp\central_clones\python_geopandas\Lib\site-packages\fiona\proj_data\proj.db contains DATABASE.LAYOUT.VERSION.MINOR = 2 whereas a number >= 3 is expected. It comes from another PROJ installation.
2025-07-11 13:08:22,706 - fiona._env - DEBUG - GDAL_DATA found in environment.
2025-07-11 13:08:22,707 - fiona._env - DEBUG - PROJ data found in package: path='P:\\corp\\central_clones\\python_geopandas\\Lib\\site-packages\\fiona\\proj_data'.
2025-07-11 13:08:22,708 - fiona.ogrext - DEBUG - Got coordinate system
2025-07-11 13:08:22,719 - fiona.ogrext - DEBUG - Got coordinate system
2025-07-11 13:08:22,740 - fiona._env - WARNING - PROJ: proj_identify: P:\corp\central_clones\python_geopandas\Lib\site-packages\fiona\proj_data\proj.db contains DATABASE.LAYOUT.VERSION.MINOR = 2 whereas a number >= 3 is expected. It comes from another PROJ installation.
2025-07-11 13:08:22,741 - fiona.ogrext - DEBUG - OLC_FASTSETNEXTBYINDEX: 1
2025-07-11 13:08:22,741 - fiona.ogrext - DEBUG - OLC_FASTFEATURECOUNT: 1
2025-07-11 13:08:22,742 - fiona.ogrext - DEBUG - Next index: 0
2025-07-11 13:08:22,776 - fiona.collection - DEBUG - Flushed buffer
2025-07-11 13:08:22,779 - fiona.collection - DEBUG - Stopped session
2025-07-11 13:08:22,799 - fiona._env - DEBUG - GDAL_DATA found in environment.
2025-07-11 13:08:22,800 - fiona._env - DEBUG - PROJ data found in package: path='P:\\corp\\central_clones\\python_geopandas\\Lib\\site-packages\\fiona\\proj_data'.
2025-07-11 13:08:24,263 - fiona._env - WARNING - PROJ: proj_identify: P:\corp\central_clones\python_geopandas\Lib\site-packages\fiona\proj_data\proj.db contains DATABASE.LAYOUT.VERSION.MINOR = 2 whereas a number >= 3 is expected. It comes from another PROJ installation.
2025-07-11 13:08:29,078 - fiona._env - WARNING - PROJ: proj_identify: P:\corp\central_clones\python_geopandas\Lib\site-packages\fiona\proj_data\proj.db contains DATABASE.LAYOUT.VERSION.MINOR = 2 whereas a number >= 3 is expected. It comes from another PROJ installation.
2025-07-11 13:08:29,483 - fiona._env - WARNING - PROJ: proj_identify: P:\corp\central_clones\python_geopandas\Lib\site-packages\fiona\proj_data\proj.db contains DATABASE.LAYOUT.VERSION.MINOR = 2 whereas a number >= 3 is expected. It comes from another PROJ installation.
2025-07-11 13:08:30,382 - fiona._env - DEBUG - GDAL_DATA found in environment.
2025-07-11 13:08:30,384 - fiona._env - DEBUG - PROJ data found in package: path='P:\\corp\\central_clones\\python_geopandas\\Lib\\site-packages\\fiona\\proj_data'.
2025-07-11 13:08:30,384 - fiona.ogrext - DEBUG - Got coordinate system
2025-07-11 13:08:30,396 - fiona.ogrext - DEBUG - Got coordinate system
2025-07-11 13:08:30,417 - fiona._env - WARNING - PROJ: proj_identify: P:\corp\central_clones\python_geopandas\Lib\site-packages\fiona\proj_data\proj.db contains DATABASE.LAYOUT.VERSION.MINOR = 2 whereas a number >= 3 is expected. It comes from another PROJ installation.
2025-07-11 13:08:30,418 - fiona.ogrext - DEBUG - OLC_FASTSETNEXTBYINDEX: 1
2025-07-11 13:08:30,418 - fiona.ogrext - DEBUG - OLC_FASTFEATURECOUNT: 1
2025-07-11 13:08:30,418 - fiona.ogrext - DEBUG - Next index: 0
2025-07-11 13:08:30,453 - fiona.collection - DEBUG - Flushed buffer
2025-07-11 13:08:30,455 - fiona.collection - DEBUG - Stopped session
2025-07-11 13:08:30,474 - fiona._env - DEBUG - GDAL_DATA found in environment.
2025-07-11 13:08:30,476 - fiona._env - DEBUG - PROJ data found in package: path='P:\\corp\\central_clones\\python_geopandas\\Lib\\site-packages\\fiona\\proj_data'.
2025-07-11 13:08:31,998 - fiona._env - WARNING - PROJ: proj_identify: P:\corp\central_clones\python_geopandas\Lib\site-packages\fiona\proj_data\proj.db contains DATABASE.LAYOUT.VERSION.MINOR = 2 whereas a number >= 3 is expected. It comes from another PROJ installation.
2025-07-11 13:08:36,708 - fiona._env - WARNING - PROJ: proj_identify: P:\corp\central_clones\python_geopandas\Lib\site-packages\fiona\proj_data\proj.db contains DATABASE.LAYOUT.VERSION.MINOR = 2 whereas a number >= 3 is expected. It comes from another PROJ installation.
2025-07-11 13:08:37,107 - fiona._env - WARNING - PROJ: proj_identify: P:\corp\central_clones\python_geopandas\Lib\site-packages\fiona\proj_data\proj.db contains DATABASE.LAYOUT.VERSION.MINOR = 2 whereas a number >= 3 is expected. It comes from another PROJ installation.
2025-07-11 13:08:38,069 - fiona._env - DEBUG - GDAL_DATA found in environment.
2025-07-11 13:08:38,071 - fiona._env - DEBUG - PROJ data found in package: path='P:\\corp\\central_clones\\python_geopandas\\Lib\\site-packages\\fiona\\proj_data'.
2025-07-11 13:08:38,072 - fiona.ogrext - DEBUG - Got coordinate system
2025-07-11 13:08:38,083 - fiona.ogrext - DEBUG - Got coordinate system
2025-07-11 13:08:38,107 - fiona._env - WARNING - PROJ: proj_identify: P:\corp\central_clones\python_geopandas\Lib\site-packages\fiona\proj_data\proj.db contains DATABASE.LAYOUT.VERSION.MINOR = 2 whereas a number >= 3 is expected. It comes from another PROJ installation.
2025-07-11 13:08:38,107 - fiona.ogrext - DEBUG - OLC_FASTSETNEXTBYINDEX: 1
2025-07-11 13:08:38,107 - fiona.ogrext - DEBUG - OLC_FASTFEATURECOUNT: 1
2025-07-11 13:08:38,108 - fiona.ogrext - DEBUG - Next index: 0
2025-07-11 13:08:38,142 - fiona.collection - DEBUG - Flushed buffer
2025-07-11 13:08:38,144 - fiona.collection - DEBUG - Stopped session
2025-07-11 13:08:38,165 - fiona._env - DEBUG - GDAL_DATA found in environment.
2025-07-11 13:08:38,166 - fiona._env - DEBUG - PROJ data found in package: path='P:\\corp\\central_clones\\python_geopandas\\Lib\\site-packages\\fiona\\proj_data'.
2025-07-11 13:08:39,732 - fiona._env - WARNING - PROJ: proj_identify: P:\corp\central_clones\python_geopandas\Lib\site-packages\fiona\proj_data\proj.db contains DATABASE.LAYOUT.VERSION.MINOR = 2 whereas a number >= 3 is expected. It comes from another PROJ installation.
2025-07-11 13:08:44,567 - fiona._env - WARNING - PROJ: proj_identify: P:\corp\central_clones\python_geopandas\Lib\site-packages\fiona\proj_data\proj.db contains DATABASE.LAYOUT.VERSION.MINOR = 2 whereas a number >= 3 is expected. It comes from another PROJ installation.
2025-07-11 13:08:44,965 - fiona._env - WARNING - PROJ: proj_identify: P:\corp\central_clones\python_geopandas\Lib\site-packages\fiona\proj_data\proj.db contains DATABASE.LAYOUT.VERSION.MINOR = 2 whereas a number >= 3 is expected. It comes from another PROJ installation.
2025-07-11 13:08:45,863 - fiona._env - DEBUG - GDAL_DATA found in environment.
2025-07-11 13:08:45,864 - fiona._env - DEBUG - PROJ data found in package: path='P:\\corp\\central_clones\\python_geopandas\\Lib\\site-packages\\fiona\\proj_data'.
2025-07-11 13:08:45,865 - fiona.ogrext - DEBUG - Got coordinate system
2025-07-11 13:08:45,876 - fiona.ogrext - DEBUG - Got coordinate system
2025-07-11 13:08:45,897 - fiona._env - WARNING - PROJ: proj_identify: P:\corp\central_clones\python_geopandas\Lib\site-packages\fiona\proj_data\proj.db contains DATABASE.LAYOUT.VERSION.MINOR = 2 whereas a number >= 3 is expected. It comes from another PROJ installation.
2025-07-11 13:08:45,898 - fiona.ogrext - DEBUG - OLC_FASTSETNEXTBYINDEX: 1
2025-07-11 13:08:45,898 - fiona.ogrext - DEBUG - OLC_FASTFEATURECOUNT: 1
2025-07-11 13:08:45,899 - fiona.ogrext - DEBUG - Next index: 0
2025-07-11 13:08:45,935 - fiona.collection - DEBUG - Flushed buffer
2025-07-11 13:08:45,937 - fiona.collection - DEBUG - Stopped session
2025-07-11 13:08:45,957 - fiona._env - DEBUG - GDAL_DATA found in environment.
2025-07-11 13:08:45,958 - fiona._env - DEBUG - PROJ data found in package: path='P:\\corp\\central_clones\\python_geopandas\\Lib\\site-packages\\fiona\\proj_data'.
2025-07-11 13:08:47,448 - fiona._env - WARNING - PROJ: proj_identify: P:\corp\central_clones\python_geopandas\Lib\site-packages\fiona\proj_data\proj.db contains DATABASE.LAYOUT.VERSION.MINOR = 2 whereas a number >= 3 is expected. It comes from another PROJ installation.
2025-07-11 13:08:52,130 - fiona._env - WARNING - PROJ: proj_identify: P:\corp\central_clones\python_geopandas\Lib\site-packages\fiona\proj_data\proj.db contains DATABASE.LAYOUT.VERSION.MINOR = 2 whereas a number >= 3 is expected. It comes from another PROJ installation.
2025-07-11 13:08:52,518 - fiona._env - WARNING - PROJ: proj_identify: P:\corp\central_clones\python_geopandas\Lib\site-packages\fiona\proj_data\proj.db contains DATABASE.LAYOUT.VERSION.MINOR = 2 whereas a number >= 3 is expected. It comes from another PROJ installation.
2025-07-11 13:08:53,401 - fiona._env - DEBUG - GDAL_DATA found in environment.
2025-07-11 13:08:53,403 - fiona._env - DEBUG - PROJ data found in package: path='P:\\corp\\central_clones\\python_geopandas\\Lib\\site-packages\\fiona\\proj_data'.
2025-07-11 13:08:53,403 - fiona.ogrext - DEBUG - Got coordinate system
2025-07-11 13:08:53,415 - fiona.ogrext - DEBUG - Got coordinate system
2025-07-11 13:08:53,437 - fiona._env - WARNING - PROJ: proj_identify: P:\corp\central_clones\python_geopandas\Lib\site-packages\fiona\proj_data\proj.db contains DATABASE.LAYOUT.VERSION.MINOR = 2 whereas a number >= 3 is expected. It comes from another PROJ installation.
2025-07-11 13:08:53,437 - fiona.ogrext - DEBUG - OLC_FASTSETNEXTBYINDEX: 1
2025-07-11 13:08:53,437 - fiona.ogrext - DEBUG - OLC_FASTFEATURECOUNT: 1
2025-07-11 13:08:53,438 - fiona.ogrext - DEBUG - Next index: 0
2025-07-11 13:08:53,474 - fiona.collection - DEBUG - Flushed buffer
2025-07-11 13:08:53,476 - fiona.collection - DEBUG - Stopped session
2025-07-11 13:08:53,496 - fiona._env - DEBUG - GDAL_DATA found in environment.
2025-07-11 13:08:53,498 - fiona._env - DEBUG - PROJ data found in package: path='P:\\corp\\central_clones\\python_geopandas\\Lib\\site-packages\\fiona\\proj_data'.
2025-07-11 13:08:54,965 - fiona._env - WARNING - PROJ: proj_identify: P:\corp\central_clones\python_geopandas\Lib\site-packages\fiona\proj_data\proj.db contains DATABASE.LAYOUT.VERSION.MINOR = 2 whereas a number >= 3 is expected. It comes from another PROJ installation.
2025-07-11 13:08:59,589 - fiona._env - WARNING - PROJ: proj_identify: P:\corp\central_clones\python_geopandas\Lib\site-packages\fiona\proj_data\proj.db contains DATABASE.LAYOUT.VERSION.MINOR = 2 whereas a number >= 3 is expected. It comes from another PROJ installation.
2025-07-11 13:08:59,975 - fiona._env - WARNING - PROJ: proj_identify: P:\corp\central_clones\python_geopandas\Lib\site-packages\fiona\proj_data\proj.db contains DATABASE.LAYOUT.VERSION.MINOR = 2 whereas a number >= 3 is expected. It comes from another PROJ installation.
2025-07-11 13:09:00,863 - fiona._env - DEBUG - GDAL_DATA found in environment.
2025-07-11 13:09:00,864 - fiona._env - DEBUG - PROJ data found in package: path='P:\\corp\\central_clones\\python_geopandas\\Lib\\site-packages\\fiona\\proj_data'.
2025-07-11 13:09:00,865 - fiona.ogrext - DEBUG - Got coordinate system
2025-07-11 13:09:00,876 - fiona.ogrext - DEBUG - Got coordinate system
2025-07-11 13:09:00,897 - fiona._env - WARNING - PROJ: proj_identify: P:\corp\central_clones\python_geopandas\Lib\site-packages\fiona\proj_data\proj.db contains DATABASE.LAYOUT.VERSION.MINOR = 2 whereas a number >= 3 is expected. It comes from another PROJ installation.
2025-07-11 13:09:00,898 - fiona.ogrext - DEBUG - OLC_FASTSETNEXTBYINDEX: 1
2025-07-11 13:09:00,898 - fiona.ogrext - DEBUG - OLC_FASTFEATURECOUNT: 1
2025-07-11 13:09:00,898 - fiona.ogrext - DEBUG - Next index: 0
2025-07-11 13:09:00,934 - fiona.collection - DEBUG - Flushed buffer
2025-07-11 13:09:00,936 - fiona.collection - DEBUG - Stopped session
2025-07-11 13:09:00,955 - fiona._env - DEBUG - GDAL_DATA found in environment.
2025-07-11 13:09:00,957 - fiona._env - DEBUG - PROJ data found in package: path='P:\\corp\\central_clones\\python_geopandas\\Lib\\site-packages\\fiona\\proj_data'.
2025-07-11 13:09:02,577 - fiona._env - WARNING - PROJ: proj_identify: P:\corp\central_clones\python_geopandas\Lib\site-packages\fiona\proj_data\proj.db contains DATABASE.LAYOUT.VERSION.MINOR = 2 whereas a number >= 3 is expected. It comes from another PROJ installation.
2025-07-11 13:09:07,851 - fiona._env - WARNING - PROJ: proj_identify: P:\corp\central_clones\python_geopandas\Lib\site-packages\fiona\proj_data\proj.db contains DATABASE.LAYOUT.VERSION.MINOR = 2 whereas a number >= 3 is expected. It comes from another PROJ installation.
2025-07-11 13:09:08,359 - fiona._env - WARNING - PROJ: proj_identify: P:\corp\central_clones\python_geopandas\Lib\site-packages\fiona\proj_data\proj.db contains DATABASE.LAYOUT.VERSION.MINOR = 2 whereas a number >= 3 is expected. It comes from another PROJ installation.
2025-07-11 13:09:09,562 - fiona._env - DEBUG - GDAL_DATA found in environment.
2025-07-11 13:09:09,564 - fiona._env - DEBUG - PROJ data found in package: path='P:\\corp\\central_clones\\python_geopandas\\Lib\\site-packages\\fiona\\proj_data'.
2025-07-11 13:09:09,565 - fiona.ogrext - DEBUG - Got coordinate system
2025-07-11 13:09:09,579 - fiona.ogrext - DEBUG - Got coordinate system
2025-07-11 13:09:09,608 - fiona._env - WARNING - PROJ: proj_identify: P:\corp\central_clones\python_geopandas\Lib\site-packages\fiona\proj_data\proj.db contains DATABASE.LAYOUT.VERSION.MINOR = 2 whereas a number >= 3 is expected. It comes from another PROJ installation.
2025-07-11 13:09:09,608 - fiona.ogrext - DEBUG - OLC_FASTSETNEXTBYINDEX: 1
2025-07-11 13:09:09,609 - fiona.ogrext - DEBUG - OLC_FASTFEATURECOUNT: 1
2025-07-11 13:09:09,609 - fiona.ogrext - DEBUG - Next index: 0
2025-07-11 13:09:09,655 - fiona.collection - DEBUG - Flushed buffer
2025-07-11 13:09:09,657 - fiona.collection - DEBUG - Stopped session
2025-07-11 13:09:09,681 - fiona._env - DEBUG - GDAL_DATA found in environment.
2025-07-11 13:09:09,683 - fiona._env - DEBUG - PROJ data found in package: path='P:\\corp\\central_clones\\python_geopandas\\Lib\\site-packages\\fiona\\proj_data'.
2025-07-11 13:09:11,262 - fiona._env - WARNING - PROJ: proj_identify: P:\corp\central_clones\python_geopandas\Lib\site-packages\fiona\proj_data\proj.db contains DATABASE.LAYOUT.VERSION.MINOR = 2 whereas a number >= 3 is expected. It comes from another PROJ installation.
2025-07-11 13:09:16,704 - fiona._env - WARNING - PROJ: proj_identify: P:\corp\central_clones\python_geopandas\Lib\site-packages\fiona\proj_data\proj.db contains DATABASE.LAYOUT.VERSION.MINOR = 2 whereas a number >= 3 is expected. It comes from another PROJ installation.
2025-07-11 13:09:17,096 - fiona._env - WARNING - PROJ: proj_identify: P:\corp\central_clones\python_geopandas\Lib\site-packages\fiona\proj_data\proj.db contains DATABASE.LAYOUT.VERSION.MINOR = 2 whereas a number >= 3 is expected. It comes from another PROJ installation.
2025-07-11 13:09:17,992 - fiona._env - DEBUG - GDAL_DATA found in environment.
2025-07-11 13:09:17,993 - fiona._env - DEBUG - PROJ data found in package: path='P:\\corp\\central_clones\\python_geopandas\\Lib\\site-packages\\fiona\\proj_data'.
2025-07-11 13:09:17,994 - fiona.ogrext - DEBUG - Got coordinate system
2025-07-11 13:09:18,005 - fiona.ogrext - DEBUG - Got coordinate system
2025-07-11 13:09:18,025 - fiona._env - WARNING - PROJ: proj_identify: P:\corp\central_clones\python_geopandas\Lib\site-packages\fiona\proj_data\proj.db contains DATABASE.LAYOUT.VERSION.MINOR = 2 whereas a number >= 3 is expected. It comes from another PROJ installation.
2025-07-11 13:09:18,025 - fiona.ogrext - DEBUG - OLC_FASTSETNEXTBYINDEX: 1
2025-07-11 13:09:18,026 - fiona.ogrext - DEBUG - OLC_FASTFEATURECOUNT: 1
2025-07-11 13:09:18,026 - fiona.ogrext - DEBUG - Next index: 0
2025-07-11 13:09:18,063 - fiona.collection - DEBUG - Flushed buffer
2025-07-11 13:09:18,065 - fiona.collection - DEBUG - Stopped session
2025-07-11 13:09:18,085 - fiona._env - DEBUG - GDAL_DATA found in environment.
2025-07-11 13:09:18,086 - fiona._env - DEBUG - PROJ data found in package: path='P:\\corp\\central_clones\\python_geopandas\\Lib\\site-packages\\fiona\\proj_data'.
2025-07-11 13:09:19,582 - fiona._env - WARNING - PROJ: proj_identify: P:\corp\central_clones\python_geopandas\Lib\site-packages\fiona\proj_data\proj.db contains DATABASE.LAYOUT.VERSION.MINOR = 2 whereas a number >= 3 is expected. It comes from another PROJ installation.
2025-07-11 13:09:24,250 - fiona._env - WARNING - PROJ: proj_identify: P:\corp\central_clones\python_geopandas\Lib\site-packages\fiona\proj_data\proj.db contains DATABASE.LAYOUT.VERSION.MINOR = 2 whereas a number >= 3 is expected. It comes from another PROJ installation.
2025-07-11 13:09:24,647 - fiona._env - WARNING - PROJ: proj_identify: P:\corp\central_clones\python_geopandas\Lib\site-packages\fiona\proj_data\proj.db contains DATABASE.LAYOUT.VERSION.MINOR = 2 whereas a number >= 3 is expected. It comes from another PROJ installation.
2025-07-11 13:09:25,528 - fiona._env - DEBUG - GDAL_DATA found in environment.
2025-07-11 13:09:25,530 - fiona._env - DEBUG - PROJ data found in package: path='P:\\corp\\central_clones\\python_geopandas\\Lib\\site-packages\\fiona\\proj_data'.
2025-07-11 13:09:25,530 - fiona.ogrext - DEBUG - Got coordinate system
2025-07-11 13:09:25,541 - fiona.ogrext - DEBUG - Got coordinate system
2025-07-11 13:09:25,562 - fiona._env - WARNING - PROJ: proj_identify: P:\corp\central_clones\python_geopandas\Lib\site-packages\fiona\proj_data\proj.db contains DATABASE.LAYOUT.VERSION.MINOR = 2 whereas a number >= 3 is expected. It comes from another PROJ installation.
2025-07-11 13:09:25,563 - fiona.ogrext - DEBUG - OLC_FASTSETNEXTBYINDEX: 1
2025-07-11 13:09:25,563 - fiona.ogrext - DEBUG - OLC_FASTFEATURECOUNT: 1
2025-07-11 13:09:25,563 - fiona.ogrext - DEBUG - Next index: 0
2025-07-11 13:09:25,597 - fiona.collection - DEBUG - Flushed buffer
2025-07-11 13:09:25,599 - fiona.collection - DEBUG - Stopped session
2025-07-11 13:09:25,619 - fiona._env - DEBUG - GDAL_DATA found in environment.
2025-07-11 13:09:25,621 - fiona._env - DEBUG - PROJ data found in package: path='P:\\corp\\central_clones\\python_geopandas\\Lib\\site-packages\\fiona\\proj_data'.
2025-07-11 13:09:27,103 - fiona._env - WARNING - PROJ: proj_identify: P:\corp\central_clones\python_geopandas\Lib\site-packages\fiona\proj_data\proj.db contains DATABASE.LAYOUT.VERSION.MINOR = 2 whereas a number >= 3 is expected. It comes from another PROJ installation.
2025-07-11 13:09:31,725 - fiona._env - WARNING - PROJ: proj_identify: P:\corp\central_clones\python_geopandas\Lib\site-packages\fiona\proj_data\proj.db contains DATABASE.LAYOUT.VERSION.MINOR = 2 whereas a number >= 3 is expected. It comes from another PROJ installation.
2025-07-11 13:09:32,103 - fiona._env - WARNING - PROJ: proj_identify: P:\corp\central_clones\python_geopandas\Lib\site-packages\fiona\proj_data\proj.db contains DATABASE.LAYOUT.VERSION.MINOR = 2 whereas a number >= 3 is expected. It comes from another PROJ installation.
2025-07-11 13:09:32,999 - fiona._env - DEBUG - GDAL_DATA found in environment.
2025-07-11 13:09:33,000 - fiona._env - DEBUG - PROJ data found in package: path='P:\\corp\\central_clones\\python_geopandas\\Lib\\site-packages\\fiona\\proj_data'.
2025-07-11 13:09:33,001 - fiona.ogrext - DEBUG - Got coordinate system
2025-07-11 13:09:33,012 - fiona.ogrext - DEBUG - Got coordinate system
2025-07-11 13:09:33,034 - fiona._env - WARNING - PROJ: proj_identify: P:\corp\central_clones\python_geopandas\Lib\site-packages\fiona\proj_data\proj.db contains DATABASE.LAYOUT.VERSION.MINOR = 2 whereas a number >= 3 is expected. It comes from another PROJ installation.
2025-07-11 13:09:33,034 - fiona.ogrext - DEBUG - OLC_FASTSETNEXTBYINDEX: 1
2025-07-11 13:09:33,035 - fiona.ogrext - DEBUG - OLC_FASTFEATURECOUNT: 1
2025-07-11 13:09:33,035 - fiona.ogrext - DEBUG - Next index: 0
2025-07-11 13:09:33,074 - fiona.collection - DEBUG - Flushed buffer
2025-07-11 13:09:33,076 - fiona.collection - DEBUG - Stopped session
2025-07-11 13:09:33,096 - fiona._env - DEBUG - GDAL_DATA found in environment.
2025-07-11 13:09:33,098 - fiona._env - DEBUG - PROJ data found in package: path='P:\\corp\\central_clones\\python_geopandas\\Lib\\site-packages\\fiona\\proj_data'.
2025-07-11 13:09:34,582 - fiona._env - WARNING - PROJ: proj_identify: P:\corp\central_clones\python_geopandas\Lib\site-packages\fiona\proj_data\proj.db contains DATABASE.LAYOUT.VERSION.MINOR = 2 whereas a number >= 3 is expected. It comes from another PROJ installation.
2025-07-11 13:09:39,151 - fiona._env - WARNING - PROJ: proj_identify: P:\corp\central_clones\python_geopandas\Lib\site-packages\fiona\proj_data\proj.db contains DATABASE.LAYOUT.VERSION.MINOR = 2 whereas a number >= 3 is expected. It comes from another PROJ installation.
2025-07-11 13:09:39,537 - fiona._env - WARNING - PROJ: proj_identify: P:\corp\central_clones\python_geopandas\Lib\site-packages\fiona\proj_data\proj.db contains DATABASE.LAYOUT.VERSION.MINOR = 2 whereas a number >= 3 is expected. It comes from another PROJ installation.
2025-07-11 13:09:40,413 - fiona._env - DEBUG - GDAL_DATA found in environment.
2025-07-11 13:09:40,414 - fiona._env - DEBUG - PROJ data found in package: path='P:\\corp\\central_clones\\python_geopandas\\Lib\\site-packages\\fiona\\proj_data'.
2025-07-11 13:09:40,415 - fiona.ogrext - DEBUG - Got coordinate system
2025-07-11 13:09:40,426 - fiona.ogrext - DEBUG - Got coordinate system
2025-07-11 13:09:40,446 - fiona._env - WARNING - PROJ: proj_identify: P:\corp\central_clones\python_geopandas\Lib\site-packages\fiona\proj_data\proj.db contains DATABASE.LAYOUT.VERSION.MINOR = 2 whereas a number >= 3 is expected. It comes from another PROJ installation.
2025-07-11 13:09:40,447 - fiona.ogrext - DEBUG - OLC_FASTSETNEXTBYINDEX: 1
2025-07-11 13:09:40,447 - fiona.ogrext - DEBUG - OLC_FASTFEATURECOUNT: 1
2025-07-11 13:09:40,447 - fiona.ogrext - DEBUG - Next index: 0
2025-07-11 13:09:40,483 - fiona.collection - DEBUG - Flushed buffer
2025-07-11 13:09:40,485 - fiona.collection - DEBUG - Stopped session
2025-07-11 13:09:40,506 - fiona._env - DEBUG - GDAL_DATA found in environment.
2025-07-11 13:09:40,507 - fiona._env - DEBUG - PROJ data found in package: path='P:\\corp\\central_clones\\python_geopandas\\Lib\\site-packages\\fiona\\proj_data'.
2025-07-11 13:09:42,007 - fiona._env - WARNING - PROJ: proj_identify: P:\corp\central_clones\python_geopandas\Lib\site-packages\fiona\proj_data\proj.db contains DATABASE.LAYOUT.VERSION.MINOR = 2 whereas a number >= 3 is expected. It comes from another PROJ installation.
2025-07-11 13:09:47,489 - fiona._env - WARNING - PROJ: proj_identify: P:\corp\central_clones\python_geopandas\Lib\site-packages\fiona\proj_data\proj.db contains DATABASE.LAYOUT.VERSION.MINOR = 2 whereas a number >= 3 is expected. It comes from another PROJ installation.
2025-07-11 13:09:48,000 - fiona._env - WARNING - PROJ: proj_identify: P:\corp\central_clones\python_geopandas\Lib\site-packages\fiona\proj_data\proj.db contains DATABASE.LAYOUT.VERSION.MINOR = 2 whereas a number >= 3 is expected. It comes from another PROJ installation.
2025-07-11 13:09:49,239 - fiona._env - DEBUG - GDAL_DATA found in environment.
2025-07-11 13:09:49,242 - fiona._env - DEBUG - PROJ data found in package: path='P:\\corp\\central_clones\\python_geopandas\\Lib\\site-packages\\fiona\\proj_data'.
2025-07-11 13:09:49,243 - fiona.ogrext - DEBUG - Got coordinate system
2025-07-11 13:09:49,263 - fiona.ogrext - DEBUG - Got coordinate system
2025-07-11 13:09:49,300 - fiona._env - WARNING - PROJ: proj_identify: P:\corp\central_clones\python_geopandas\Lib\site-packages\fiona\proj_data\proj.db contains DATABASE.LAYOUT.VERSION.MINOR = 2 whereas a number >= 3 is expected. It comes from another PROJ installation.
2025-07-11 13:09:49,301 - fiona.ogrext - DEBUG - OLC_FASTSETNEXTBYINDEX: 1
2025-07-11 13:09:49,302 - fiona.ogrext - DEBUG - OLC_FASTFEATURECOUNT: 1
2025-07-11 13:09:49,303 - fiona.ogrext - DEBUG - Next index: 0
2025-07-11 13:09:49,358 - fiona.collection - DEBUG - Flushed buffer
2025-07-11 13:09:49,362 - fiona.collection - DEBUG - Stopped session
2025-07-11 13:09:49,388 - fiona._env - DEBUG - GDAL_DATA found in environment.
2025-07-11 13:09:49,389 - fiona._env - DEBUG - PROJ data found in package: path='P:\\corp\\central_clones\\python_geopandas\\Lib\\site-packages\\fiona\\proj_data'.
2025-07-11 13:09:51,306 - fiona._env - WARNING - PROJ: proj_identify: P:\corp\central_clones\python_geopandas\Lib\site-packages\fiona\proj_data\proj.db contains DATABASE.LAYOUT.VERSION.MINOR = 2 whereas a number >= 3 is expected. It comes from another PROJ installation.
2025-07-11 13:09:56,611 - fiona._env - WARNING - PROJ: proj_identify: P:\corp\central_clones\python_geopandas\Lib\site-packages\fiona\proj_data\proj.db contains DATABASE.LAYOUT.VERSION.MINOR = 2 whereas a number >= 3 is expected. It comes from another PROJ installation.
2025-07-11 13:09:57,018 - fiona._env - WARNING - PROJ: proj_identify: P:\corp\central_clones\python_geopandas\Lib\site-packages\fiona\proj_data\proj.db contains DATABASE.LAYOUT.VERSION.MINOR = 2 whereas a number >= 3 is expected. It comes from another PROJ installation.
2025-07-11 13:09:58,040 - fiona._env - DEBUG - GDAL_DATA found in environment.
2025-07-11 13:09:58,042 - fiona._env - DEBUG - PROJ data found in package: path='P:\\corp\\central_clones\\python_geopandas\\Lib\\site-packages\\fiona\\proj_data'.
2025-07-11 13:09:58,042 - fiona.ogrext - DEBUG - Got coordinate system
2025-07-11 13:09:58,054 - fiona.ogrext - DEBUG - Got coordinate system
2025-07-11 13:09:58,077 - fiona._env - WARNING - PROJ: proj_identify: P:\corp\central_clones\python_geopandas\Lib\site-packages\fiona\proj_data\proj.db contains DATABASE.LAYOUT.VERSION.MINOR = 2 whereas a number >= 3 is expected. It comes from another PROJ installation.
2025-07-11 13:09:58,078 - fiona.ogrext - DEBUG - OLC_FASTSETNEXTBYINDEX: 1
2025-07-11 13:09:58,078 - fiona.ogrext - DEBUG - OLC_FASTFEATURECOUNT: 1
2025-07-11 13:09:58,079 - fiona.ogrext - DEBUG - Next index: 0
2025-07-11 13:09:58,114 - fiona.collection - DEBUG - Flushed buffer
2025-07-11 13:09:58,116 - fiona.collection - DEBUG - Stopped session
2025-07-11 13:09:58,136 - fiona._env - DEBUG - GDAL_DATA found in environment.
2025-07-11 13:09:58,138 - fiona._env - DEBUG - PROJ data found in package: path='P:\\corp\\central_clones\\python_geopandas\\Lib\\site-packages\\fiona\\proj_data'.
2025-07-11 13:09:59,627 - fiona._env - WARNING - PROJ: proj_identify: P:\corp\central_clones\python_geopandas\Lib\site-packages\fiona\proj_data\proj.db contains DATABASE.LAYOUT.VERSION.MINOR = 2 whereas a number >= 3 is expected. It comes from another PROJ installation.
2025-07-11 13:10:04,658 - fiona._env - WARNING - PROJ: proj_identify: P:\corp\central_clones\python_geopandas\Lib\site-packages\fiona\proj_data\proj.db contains DATABASE.LAYOUT.VERSION.MINOR = 2 whereas a number >= 3 is expected. It comes from another PROJ installation.
2025-07-11 13:10:05,062 - fiona._env - WARNING - PROJ: proj_identify: P:\corp\central_clones\python_geopandas\Lib\site-packages\fiona\proj_data\proj.db contains DATABASE.LAYOUT.VERSION.MINOR = 2 whereas a number >= 3 is expected. It comes from another PROJ installation.
2025-07-11 13:10:05,974 - fiona._env - DEBUG - GDAL_DATA found in environment.
2025-07-11 13:10:05,975 - fiona._env - DEBUG - PROJ data found in package: path='P:\\corp\\central_clones\\python_geopandas\\Lib\\site-packages\\fiona\\proj_data'.
2025-07-11 13:10:05,976 - fiona.ogrext - DEBUG - Got coordinate system
2025-07-11 13:10:05,987 - fiona.ogrext - DEBUG - Got coordinate system
2025-07-11 13:10:06,008 - fiona._env - WARNING - PROJ: proj_identify: P:\corp\central_clones\python_geopandas\Lib\site-packages\fiona\proj_data\proj.db contains DATABASE.LAYOUT.VERSION.MINOR = 2 whereas a number >= 3 is expected. It comes from another PROJ installation.
2025-07-11 13:10:06,008 - fiona.ogrext - DEBUG - OLC_FASTSETNEXTBYINDEX: 1
2025-07-11 13:10:06,009 - fiona.ogrext - DEBUG - OLC_FASTFEATURECOUNT: 1
2025-07-11 13:10:06,009 - fiona.ogrext - DEBUG - Next index: 0
2025-07-11 13:10:06,044 - fiona.collection - DEBUG - Flushed buffer
2025-07-11 13:10:06,046 - fiona.collection - DEBUG - Stopped session
2025-07-11 13:10:06,066 - fiona._env - DEBUG - GDAL_DATA found in environment.
2025-07-11 13:10:06,067 - fiona._env - DEBUG - PROJ data found in package: path='P:\\corp\\central_clones\\python_geopandas\\Lib\\site-packages\\fiona\\proj_data'.
2025-07-11 13:10:07,582 - fiona._env - WARNING - PROJ: proj_identify: P:\corp\central_clones\python_geopandas\Lib\site-packages\fiona\proj_data\proj.db contains DATABASE.LAYOUT.VERSION.MINOR = 2 whereas a number >= 3 is expected. It comes from another PROJ installation.
2025-07-11 13:10:13,346 - fiona._env - WARNING - PROJ: proj_identify: P:\corp\central_clones\python_geopandas\Lib\site-packages\fiona\proj_data\proj.db contains DATABASE.LAYOUT.VERSION.MINOR = 2 whereas a number >= 3 is expected. It comes from another PROJ installation.
2025-07-11 13:10:13,842 - fiona._env - WARNING - PROJ: proj_identify: P:\corp\central_clones\python_geopandas\Lib\site-packages\fiona\proj_data\proj.db contains DATABASE.LAYOUT.VERSION.MINOR = 2 whereas a number >= 3 is expected. It comes from another PROJ installation.
2025-07-11 13:10:15,166 - fiona._env - DEBUG - GDAL_DATA found in environment.
2025-07-11 13:10:15,168 - fiona._env - DEBUG - PROJ data found in package: path='P:\\corp\\central_clones\\python_geopandas\\Lib\\site-packages\\fiona\\proj_data'.
2025-07-11 13:10:15,169 - fiona.ogrext - DEBUG - Got coordinate system
2025-07-11 13:10:15,185 - fiona.ogrext - DEBUG - Got coordinate system
2025-07-11 13:10:15,212 - fiona._env - WARNING - PROJ: proj_identify: P:\corp\central_clones\python_geopandas\Lib\site-packages\fiona\proj_data\proj.db contains DATABASE.LAYOUT.VERSION.MINOR = 2 whereas a number >= 3 is expected. It comes from another PROJ installation.
2025-07-11 13:10:15,213 - fiona.ogrext - DEBUG - OLC_FASTSETNEXTBYINDEX: 1
2025-07-11 13:10:15,213 - fiona.ogrext - DEBUG - OLC_FASTFEATURECOUNT: 1
2025-07-11 13:10:15,214 - fiona.ogrext - DEBUG - Next index: 0
2025-07-11 13:10:15,266 - fiona.collection - DEBUG - Flushed buffer
2025-07-11 13:10:15,270 - fiona.collection - DEBUG - Stopped session
2025-07-11 13:10:15,297 - fiona._env - DEBUG - GDAL_DATA found in environment.
2025-07-11 13:10:15,300 - fiona._env - DEBUG - PROJ data found in package: path='P:\\corp\\central_clones\\python_geopandas\\Lib\\site-packages\\fiona\\proj_data'.
2025-07-11 13:10:17,189 - fiona._env - WARNING - PROJ: proj_identify: P:\corp\central_clones\python_geopandas\Lib\site-packages\fiona\proj_data\proj.db contains DATABASE.LAYOUT.VERSION.MINOR = 2 whereas a number >= 3 is expected. It comes from another PROJ installation.
2025-07-11 13:10:23,782 - fiona._env - WARNING - PROJ: proj_identify: P:\corp\central_clones\python_geopandas\Lib\site-packages\fiona\proj_data\proj.db contains DATABASE.LAYOUT.VERSION.MINOR = 2 whereas a number >= 3 is expected. It comes from another PROJ installation.
2025-07-11 13:10:24,346 - fiona._env - WARNING - PROJ: proj_identify: P:\corp\central_clones\python_geopandas\Lib\site-packages\fiona\proj_data\proj.db contains DATABASE.LAYOUT.VERSION.MINOR = 2 whereas a number >= 3 is expected. It comes from another PROJ installation.
2025-07-11 13:10:25,633 - fiona._env - DEBUG - GDAL_DATA found in environment.
2025-07-11 13:10:25,636 - fiona._env - DEBUG - PROJ data found in package: path='P:\\corp\\central_clones\\python_geopandas\\Lib\\site-packages\\fiona\\proj_data'.
2025-07-11 13:10:25,637 - fiona.ogrext - DEBUG - Got coordinate system
2025-07-11 13:10:25,654 - fiona.ogrext - DEBUG - Got coordinate system
2025-07-11 13:10:25,688 - fiona._env - WARNING - PROJ: proj_identify: P:\corp\central_clones\python_geopandas\Lib\site-packages\fiona\proj_data\proj.db contains DATABASE.LAYOUT.VERSION.MINOR = 2 whereas a number >= 3 is expected. It comes from another PROJ installation.
2025-07-11 13:10:25,688 - fiona.ogrext - DEBUG - OLC_FASTSETNEXTBYINDEX: 1
2025-07-11 13:10:25,689 - fiona.ogrext - DEBUG - OLC_FASTFEATURECOUNT: 1
2025-07-11 13:10:25,689 - fiona.ogrext - DEBUG - Next index: 0
2025-07-11 13:10:25,729 - fiona.collection - DEBUG - Flushed buffer
2025-07-11 13:10:25,732 - fiona.collection - DEBUG - Stopped session
2025-07-11 13:10:25,755 - fiona._env - DEBUG - GDAL_DATA found in environment.
2025-07-11 13:10:25,757 - fiona._env - DEBUG - PROJ data found in package: path='P:\\corp\\central_clones\\python_geopandas\\Lib\\site-packages\\fiona\\proj_data'.
2025-07-11 13:10:27,273 - fiona._env - WARNING - PROJ: proj_identify: P:\corp\central_clones\python_geopandas\Lib\site-packages\fiona\proj_data\proj.db contains DATABASE.LAYOUT.VERSION.MINOR = 2 whereas a number >= 3 is expected. It comes from another PROJ installation.
2025-07-11 13:10:33,260 - fiona._env - WARNING - PROJ: proj_identify: P:\corp\central_clones\python_geopandas\Lib\site-packages\fiona\proj_data\proj.db contains DATABASE.LAYOUT.VERSION.MINOR = 2 whereas a number >= 3 is expected. It comes from another PROJ installation.
2025-07-11 13:10:33,747 - fiona._env - WARNING - PROJ: proj_identify: P:\corp\central_clones\python_geopandas\Lib\site-packages\fiona\proj_data\proj.db contains DATABASE.LAYOUT.VERSION.MINOR = 2 whereas a number >= 3 is expected. It comes from another PROJ installation.
2025-07-11 13:10:35,010 - fiona._env - DEBUG - GDAL_DATA found in environment.
2025-07-11 13:10:35,012 - fiona._env - DEBUG - PROJ data found in package: path='P:\\corp\\central_clones\\python_geopandas\\Lib\\site-packages\\fiona\\proj_data'.
2025-07-11 13:10:35,012 - fiona.ogrext - DEBUG - Got coordinate system
2025-07-11 13:10:35,027 - fiona.ogrext - DEBUG - Got coordinate system
2025-07-11 13:10:35,053 - fiona._env - WARNING - PROJ: proj_identify: P:\corp\central_clones\python_geopandas\Lib\site-packages\fiona\proj_data\proj.db contains DATABASE.LAYOUT.VERSION.MINOR = 2 whereas a number >= 3 is expected. It comes from another PROJ installation.
2025-07-11 13:10:35,054 - fiona.ogrext - DEBUG - OLC_FASTSETNEXTBYINDEX: 1
2025-07-11 13:10:35,055 - fiona.ogrext - DEBUG - OLC_FASTFEATURECOUNT: 1
2025-07-11 13:10:35,055 - fiona.ogrext - DEBUG - Next index: 0
2025-07-11 13:10:35,095 - fiona.collection - DEBUG - Flushed buffer
2025-07-11 13:10:35,097 - fiona.collection - DEBUG - Stopped session
2025-07-11 13:10:35,121 - fiona._env - DEBUG - GDAL_DATA found in environment.
2025-07-11 13:10:35,124 - fiona._env - DEBUG - PROJ data found in package: path='P:\\corp\\central_clones\\python_geopandas\\Lib\\site-packages\\fiona\\proj_data'.
2025-07-11 13:10:36,653 - fiona._env - WARNING - PROJ: proj_identify: P:\corp\central_clones\python_geopandas\Lib\site-packages\fiona\proj_data\proj.db contains DATABASE.LAYOUT.VERSION.MINOR = 2 whereas a number >= 3 is expected. It comes from another PROJ installation.
2025-07-11 13:10:42,209 - fiona._env - WARNING - PROJ: proj_identify: P:\corp\central_clones\python_geopandas\Lib\site-packages\fiona\proj_data\proj.db contains DATABASE.LAYOUT.VERSION.MINOR = 2 whereas a number >= 3 is expected. It comes from another PROJ installation.
2025-07-11 13:10:42,618 - fiona._env - WARNING - PROJ: proj_identify: P:\corp\central_clones\python_geopandas\Lib\site-packages\fiona\proj_data\proj.db contains DATABASE.LAYOUT.VERSION.MINOR = 2 whereas a number >= 3 is expected. It comes from another PROJ installation.
2025-07-11 13:10:43,897 - fiona._env - DEBUG - GDAL_DATA found in environment.
2025-07-11 13:10:43,899 - fiona._env - DEBUG - PROJ data found in package: path='P:\\corp\\central_clones\\python_geopandas\\Lib\\site-packages\\fiona\\proj_data'.
2025-07-11 13:10:43,900 - fiona.ogrext - DEBUG - Got coordinate system
2025-07-11 13:10:43,913 - fiona.ogrext - DEBUG - Got coordinate system
2025-07-11 13:10:43,946 - fiona._env - WARNING - PROJ: proj_identify: P:\corp\central_clones\python_geopandas\Lib\site-packages\fiona\proj_data\proj.db contains DATABASE.LAYOUT.VERSION.MINOR = 2 whereas a number >= 3 is expected. It comes from another PROJ installation.
2025-07-11 13:10:43,947 - fiona.ogrext - DEBUG - OLC_FASTSETNEXTBYINDEX: 1
2025-07-11 13:10:43,948 - fiona.ogrext - DEBUG - OLC_FASTFEATURECOUNT: 1
2025-07-11 13:10:43,948 - fiona.ogrext - DEBUG - Next index: 0
2025-07-11 13:10:43,999 - fiona.collection - DEBUG - Flushed buffer
2025-07-11 13:10:44,001 - fiona.collection - DEBUG - Stopped session
2025-07-11 13:10:44,028 - fiona._env - DEBUG - GDAL_DATA found in environment.
2025-07-11 13:10:44,029 - fiona._env - DEBUG - PROJ data found in package: path='P:\\corp\\central_clones\\python_geopandas\\Lib\\site-packages\\fiona\\proj_data'.
2025-07-11 13:10:46,550 - fiona._env - WARNING - PROJ: proj_identify: P:\corp\central_clones\python_geopandas\Lib\site-packages\fiona\proj_data\proj.db contains DATABASE.LAYOUT.VERSION.MINOR = 2 whereas a number >= 3 is expected. It comes from another PROJ installation.
2025-07-11 13:10:55,061 - fiona._env - WARNING - PROJ: proj_identify: P:\corp\central_clones\python_geopandas\Lib\site-packages\fiona\proj_data\proj.db contains DATABASE.LAYOUT.VERSION.MINOR = 2 whereas a number >= 3 is expected. It comes from another PROJ installation.
2025-07-11 13:10:55,611 - fiona._env - WARNING - PROJ: proj_identify: P:\corp\central_clones\python_geopandas\Lib\site-packages\fiona\proj_data\proj.db contains DATABASE.LAYOUT.VERSION.MINOR = 2 whereas a number >= 3 is expected. It comes from another PROJ installation.
2025-07-11 13:10:56,842 - fiona._env - DEBUG - GDAL_DATA found in environment.
2025-07-11 13:10:56,844 - fiona._env - DEBUG - PROJ data found in package: path='P:\\corp\\central_clones\\python_geopandas\\Lib\\site-packages\\fiona\\proj_data'.
2025-07-11 13:10:56,845 - fiona.ogrext - DEBUG - Got coordinate system
2025-07-11 13:10:56,863 - fiona.ogrext - DEBUG - Got coordinate system
2025-07-11 13:10:56,901 - fiona._env - WARNING - PROJ: proj_identify: P:\corp\central_clones\python_geopandas\Lib\site-packages\fiona\proj_data\proj.db contains DATABASE.LAYOUT.VERSION.MINOR = 2 whereas a number >= 3 is expected. It comes from another PROJ installation.
2025-07-11 13:10:56,902 - fiona.ogrext - DEBUG - OLC_FASTSETNEXTBYINDEX: 1
2025-07-11 13:10:56,902 - fiona.ogrext - DEBUG - OLC_FASTFEATURECOUNT: 1
2025-07-11 13:10:56,903 - fiona.ogrext - DEBUG - Next index: 0
2025-07-11 13:10:56,946 - fiona.collection - DEBUG - Flushed buffer
2025-07-11 13:10:56,949 - fiona.collection - DEBUG - Stopped session
2025-07-11 13:10:56,972 - fiona._env - DEBUG - GDAL_DATA found in environment.
2025-07-11 13:10:56,975 - fiona._env - DEBUG - PROJ data found in package: path='P:\\corp\\central_clones\\python_geopandas\\Lib\\site-packages\\fiona\\proj_data'.
2025-07-11 13:10:58,800 - fiona._env - WARNING - PROJ: proj_identify: P:\corp\central_clones\python_geopandas\Lib\site-packages\fiona\proj_data\proj.db contains DATABASE.LAYOUT.VERSION.MINOR = 2 whereas a number >= 3 is expected. It comes from another PROJ installation.
2025-07-11 13:11:04,715 - fiona._env - WARNING - PROJ: proj_identify: P:\corp\central_clones\python_geopandas\Lib\site-packages\fiona\proj_data\proj.db contains DATABASE.LAYOUT.VERSION.MINOR = 2 whereas a number >= 3 is expected. It comes from another PROJ installation.
2025-07-11 13:11:05,263 - fiona._env - WARNING - PROJ: proj_identify: P:\corp\central_clones\python_geopandas\Lib\site-packages\fiona\proj_data\proj.db contains DATABASE.LAYOUT.VERSION.MINOR = 2 whereas a number >= 3 is expected. It comes from another PROJ installation.
2025-07-11 13:11:06,503 - fiona._env - DEBUG - GDAL_DATA found in environment.
2025-07-11 13:11:06,505 - fiona._env - DEBUG - PROJ data found in package: path='P:\\corp\\central_clones\\python_geopandas\\Lib\\site-packages\\fiona\\proj_data'.
2025-07-11 13:11:06,506 - fiona.ogrext - DEBUG - Got coordinate system
2025-07-11 13:11:06,521 - fiona.ogrext - DEBUG - Got coordinate system
2025-07-11 13:11:06,548 - fiona._env - WARNING - PROJ: proj_identify: P:\corp\central_clones\python_geopandas\Lib\site-packages\fiona\proj_data\proj.db contains DATABASE.LAYOUT.VERSION.MINOR = 2 whereas a number >= 3 is expected. It comes from another PROJ installation.
2025-07-11 13:11:06,549 - fiona.ogrext - DEBUG - OLC_FASTSETNEXTBYINDEX: 1
2025-07-11 13:11:06,550 - fiona.ogrext - DEBUG - OLC_FASTFEATURECOUNT: 1
2025-07-11 13:11:06,550 - fiona.ogrext - DEBUG - Next index: 0
2025-07-11 13:11:06,588 - fiona.collection - DEBUG - Flushed buffer
2025-07-11 13:11:06,591 - fiona.collection - DEBUG - Stopped session
2025-07-11 13:11:06,615 - fiona._env - DEBUG - GDAL_DATA found in environment.
2025-07-11 13:11:06,617 - fiona._env - DEBUG - PROJ data found in package: path='P:\\corp\\central_clones\\python_geopandas\\Lib\\site-packages\\fiona\\proj_data'.
2025-07-11 13:11:08,231 - fiona._env - WARNING - PROJ: proj_identify: P:\corp\central_clones\python_geopandas\Lib\site-packages\fiona\proj_data\proj.db contains DATABASE.LAYOUT.VERSION.MINOR = 2 whereas a number >= 3 is expected. It comes from another PROJ installation.
2025-07-11 13:11:13,521 - fiona._env - WARNING - PROJ: proj_identify: P:\corp\central_clones\python_geopandas\Lib\site-packages\fiona\proj_data\proj.db contains DATABASE.LAYOUT.VERSION.MINOR = 2 whereas a number >= 3 is expected. It comes from another PROJ installation.
2025-07-11 13:11:14,073 - fiona._env - WARNING - PROJ: proj_identify: P:\corp\central_clones\python_geopandas\Lib\site-packages\fiona\proj_data\proj.db contains DATABASE.LAYOUT.VERSION.MINOR = 2 whereas a number >= 3 is expected. It comes from another PROJ installation.
2025-07-11 13:11:15,085 - fiona._env - DEBUG - GDAL_DATA found in environment.
2025-07-11 13:11:15,087 - fiona._env - DEBUG - PROJ data found in package: path='P:\\corp\\central_clones\\python_geopandas\\Lib\\site-packages\\fiona\\proj_data'.
2025-07-11 13:11:15,088 - fiona.ogrext - DEBUG - Got coordinate system
2025-07-11 13:11:15,102 - fiona.ogrext - DEBUG - Got coordinate system
2025-07-11 13:11:15,136 - fiona._env - WARNING - PROJ: proj_identify: P:\corp\central_clones\python_geopandas\Lib\site-packages\fiona\proj_data\proj.db contains DATABASE.LAYOUT.VERSION.MINOR = 2 whereas a number >= 3 is expected. It comes from another PROJ installation.
2025-07-11 13:11:15,137 - fiona.ogrext - DEBUG - OLC_FASTSETNEXTBYINDEX: 1
2025-07-11 13:11:15,138 - fiona.ogrext - DEBUG - OLC_FASTFEATURECOUNT: 1
2025-07-11 13:11:15,138 - fiona.ogrext - DEBUG - Next index: 0
2025-07-11 13:11:15,190 - fiona.collection - DEBUG - Flushed buffer
2025-07-11 13:11:15,193 - fiona.collection - DEBUG - Stopped session
2025-07-11 13:11:15,217 - fiona._env - DEBUG - GDAL_DATA found in environment.
2025-07-11 13:11:15,220 - fiona._env - DEBUG - PROJ data found in package: path='P:\\corp\\central_clones\\python_geopandas\\Lib\\site-packages\\fiona\\proj_data'.
2025-07-11 13:11:16,879 - fiona._env - WARNING - PROJ: proj_identify: P:\corp\central_clones\python_geopandas\Lib\site-packages\fiona\proj_data\proj.db contains DATABASE.LAYOUT.VERSION.MINOR = 2 whereas a number >= 3 is expected. It comes from another PROJ installation.
2025-07-11 13:11:22,677 - fiona._env - WARNING - PROJ: proj_identify: P:\corp\central_clones\python_geopandas\Lib\site-packages\fiona\proj_data\proj.db contains DATABASE.LAYOUT.VERSION.MINOR = 2 whereas a number >= 3 is expected. It comes from another PROJ installation.
2025-07-11 13:11:23,169 - fiona._env - WARNING - PROJ: proj_identify: P:\corp\central_clones\python_geopandas\Lib\site-packages\fiona\proj_data\proj.db contains DATABASE.LAYOUT.VERSION.MINOR = 2 whereas a number >= 3 is expected. It comes from another PROJ installation.
2025-07-11 13:11:24,082 - fiona._env - DEBUG - GDAL_DATA found in environment.
2025-07-11 13:11:24,083 - fiona._env - DEBUG - PROJ data found in package: path='P:\\corp\\central_clones\\python_geopandas\\Lib\\site-packages\\fiona\\proj_data'.
2025-07-11 13:11:24,084 - fiona.ogrext - DEBUG - Got coordinate system
2025-07-11 13:11:24,095 - fiona.ogrext - DEBUG - Got coordinate system
2025-07-11 13:11:24,116 - fiona._env - WARNING - PROJ: proj_identify: P:\corp\central_clones\python_geopandas\Lib\site-packages\fiona\proj_data\proj.db contains DATABASE.LAYOUT.VERSION.MINOR = 2 whereas a number >= 3 is expected. It comes from another PROJ installation.
2025-07-11 13:11:24,116 - fiona.ogrext - DEBUG - OLC_FASTSETNEXTBYINDEX: 1
2025-07-11 13:11:24,117 - fiona.ogrext - DEBUG - OLC_FASTFEATURECOUNT: 1
2025-07-11 13:11:24,117 - fiona.ogrext - DEBUG - Next index: 0
2025-07-11 13:11:24,150 - fiona.collection - DEBUG - Flushed buffer
2025-07-11 13:11:24,153 - fiona.collection - DEBUG - Stopped session
2025-07-11 13:11:24,172 - fiona._env - DEBUG - GDAL_DATA found in environment.
2025-07-11 13:11:24,173 - fiona._env - DEBUG - PROJ data found in package: path='P:\\corp\\central_clones\\python_geopandas\\Lib\\site-packages\\fiona\\proj_data'.
2025-07-11 13:11:26,101 - fiona._env - WARNING - PROJ: proj_identify: P:\corp\central_clones\python_geopandas\Lib\site-packages\fiona\proj_data\proj.db contains DATABASE.LAYOUT.VERSION.MINOR = 2 whereas a number >= 3 is expected. It comes from another PROJ installation.
2025-07-11 13:11:31,783 - fiona._env - WARNING - PROJ: proj_identify: P:\corp\central_clones\python_geopandas\Lib\site-packages\fiona\proj_data\proj.db contains DATABASE.LAYOUT.VERSION.MINOR = 2 whereas a number >= 3 is expected. It comes from another PROJ installation.
2025-07-11 13:11:32,333 - fiona._env - WARNING - PROJ: proj_identify: P:\corp\central_clones\python_geopandas\Lib\site-packages\fiona\proj_data\proj.db contains DATABASE.LAYOUT.VERSION.MINOR = 2 whereas a number >= 3 is expected. It comes from another PROJ installation.
2025-07-11 13:11:33,551 - fiona._env - DEBUG - GDAL_DATA found in environment.
2025-07-11 13:11:33,553 - fiona._env - DEBUG - PROJ data found in package: path='P:\\corp\\central_clones\\python_geopandas\\Lib\\site-packages\\fiona\\proj_data'.
2025-07-11 13:11:33,554 - fiona.ogrext - DEBUG - Got coordinate system
2025-07-11 13:11:33,569 - fiona.ogrext - DEBUG - Got coordinate system
2025-07-11 13:11:33,598 - fiona._env - WARNING - PROJ: proj_identify: P:\corp\central_clones\python_geopandas\Lib\site-packages\fiona\proj_data\proj.db contains DATABASE.LAYOUT.VERSION.MINOR = 2 whereas a number >= 3 is expected. It comes from another PROJ installation.
2025-07-11 13:11:33,598 - fiona.ogrext - DEBUG - OLC_FASTSETNEXTBYINDEX: 1
2025-07-11 13:11:33,599 - fiona.ogrext - DEBUG - OLC_FASTFEATURECOUNT: 1
2025-07-11 13:11:33,599 - fiona.ogrext - DEBUG - Next index: 0
2025-07-11 13:11:33,639 - fiona.collection - DEBUG - Flushed buffer
2025-07-11 13:11:33,641 - fiona.collection - DEBUG - Stopped session
2025-07-11 13:11:33,665 - fiona._env - DEBUG - GDAL_DATA found in environment.
2025-07-11 13:11:33,670 - fiona._env - DEBUG - PROJ data found in package: path='P:\\corp\\central_clones\\python_geopandas\\Lib\\site-packages\\fiona\\proj_data'.
2025-07-11 13:11:35,496 - fiona._env - WARNING - PROJ: proj_identify: P:\corp\central_clones\python_geopandas\Lib\site-packages\fiona\proj_data\proj.db contains DATABASE.LAYOUT.VERSION.MINOR = 2 whereas a number >= 3 is expected. It comes from another PROJ installation.
2025-07-11 13:11:41,346 - fiona._env - WARNING - PROJ: proj_identify: P:\corp\central_clones\python_geopandas\Lib\site-packages\fiona\proj_data\proj.db contains DATABASE.LAYOUT.VERSION.MINOR = 2 whereas a number >= 3 is expected. It comes from another PROJ installation.
2025-07-11 13:11:41,729 - fiona._env - WARNING - PROJ: proj_identify: P:\corp\central_clones\python_geopandas\Lib\site-packages\fiona\proj_data\proj.db contains DATABASE.LAYOUT.VERSION.MINOR = 2 whereas a number >= 3 is expected. It comes from another PROJ installation.
2025-07-11 13:11:42,622 - fiona._env - DEBUG - GDAL_DATA found in environment.
2025-07-11 13:11:42,624 - fiona._env - DEBUG - PROJ data found in package: path='P:\\corp\\central_clones\\python_geopandas\\Lib\\site-packages\\fiona\\proj_data'.
2025-07-11 13:11:42,625 - fiona.ogrext - DEBUG - Got coordinate system
2025-07-11 13:11:42,636 - fiona.ogrext - DEBUG - Got coordinate system
2025-07-11 13:11:42,656 - fiona._env - WARNING - PROJ: proj_identify: P:\corp\central_clones\python_geopandas\Lib\site-packages\fiona\proj_data\proj.db contains DATABASE.LAYOUT.VERSION.MINOR = 2 whereas a number >= 3 is expected. It comes from another PROJ installation.
2025-07-11 13:11:42,657 - fiona.ogrext - DEBUG - OLC_FASTSETNEXTBYINDEX: 1
2025-07-11 13:11:42,657 - fiona.ogrext - DEBUG - OLC_FASTFEATURECOUNT: 1
2025-07-11 13:11:42,658 - fiona.ogrext - DEBUG - Next index: 0
2025-07-11 13:11:42,691 - fiona.collection - DEBUG - Flushed buffer
2025-07-11 13:11:42,693 - fiona.collection - DEBUG - Stopped session
2025-07-11 13:11:42,714 - fiona._env - DEBUG - GDAL_DATA found in environment.
2025-07-11 13:11:42,715 - fiona._env - DEBUG - PROJ data found in package: path='P:\\corp\\central_clones\\python_geopandas\\Lib\\site-packages\\fiona\\proj_data'.
2025-07-11 13:11:44,594 - fiona._env - WARNING - PROJ: proj_identify: P:\corp\central_clones\python_geopandas\Lib\site-packages\fiona\proj_data\proj.db contains DATABASE.LAYOUT.VERSION.MINOR = 2 whereas a number >= 3 is expected. It comes from another PROJ installation.
2025-07-11 13:11:50,544 - fiona._env - WARNING - PROJ: proj_identify: P:\corp\central_clones\python_geopandas\Lib\site-packages\fiona\proj_data\proj.db contains DATABASE.LAYOUT.VERSION.MINOR = 2 whereas a number >= 3 is expected. It comes from another PROJ installation.
2025-07-11 13:11:51,076 - fiona._env - WARNING - PROJ: proj_identify: P:\corp\central_clones\python_geopandas\Lib\site-packages\fiona\proj_data\proj.db contains DATABASE.LAYOUT.VERSION.MINOR = 2 whereas a number >= 3 is expected. It comes from another PROJ installation.
2025-07-11 13:11:52,148 - fiona._env - DEBUG - GDAL_DATA found in environment.
2025-07-11 13:11:52,149 - fiona._env - DEBUG - PROJ data found in package: path='P:\\corp\\central_clones\\python_geopandas\\Lib\\site-packages\\fiona\\proj_data'.
2025-07-11 13:11:52,150 - fiona.ogrext - DEBUG - Got coordinate system
2025-07-11 13:11:52,161 - fiona.ogrext - DEBUG - Got coordinate system
2025-07-11 13:11:52,182 - fiona._env - WARNING - PROJ: proj_identify: P:\corp\central_clones\python_geopandas\Lib\site-packages\fiona\proj_data\proj.db contains DATABASE.LAYOUT.VERSION.MINOR = 2 whereas a number >= 3 is expected. It comes from another PROJ installation.
2025-07-11 13:11:52,183 - fiona.ogrext - DEBUG - OLC_FASTSETNEXTBYINDEX: 1
2025-07-11 13:11:52,183 - fiona.ogrext - DEBUG - OLC_FASTFEATURECOUNT: 1
2025-07-11 13:11:52,183 - fiona.ogrext - DEBUG - Next index: 0
2025-07-11 13:11:52,216 - fiona.collection - DEBUG - Flushed buffer
2025-07-11 13:11:52,218 - fiona.collection - DEBUG - Stopped session
2025-07-11 13:11:52,238 - fiona._env - DEBUG - GDAL_DATA found in environment.
2025-07-11 13:11:52,240 - fiona._env - DEBUG - PROJ data found in package: path='P:\\corp\\central_clones\\python_geopandas\\Lib\\site-packages\\fiona\\proj_data'.
2025-07-11 13:11:53,906 - fiona._env - WARNING - PROJ: proj_identify: P:\corp\central_clones\python_geopandas\Lib\site-packages\fiona\proj_data\proj.db contains DATABASE.LAYOUT.VERSION.MINOR = 2 whereas a number >= 3 is expected. It comes from another PROJ installation.
2025-07-11 13:12:00,490 - fiona._env - WARNING - PROJ: proj_identify: P:\corp\central_clones\python_geopandas\Lib\site-packages\fiona\proj_data\proj.db contains DATABASE.LAYOUT.VERSION.MINOR = 2 whereas a number >= 3 is expected. It comes from another PROJ installation.
2025-07-11 13:12:01,048 - fiona._env - WARNING - PROJ: proj_identify: P:\corp\central_clones\python_geopandas\Lib\site-packages\fiona\proj_data\proj.db contains DATABASE.LAYOUT.VERSION.MINOR = 2 whereas a number >= 3 is expected. It comes from another PROJ installation.
2025-07-11 13:12:01,988 - fiona._env - DEBUG - GDAL_DATA found in environment.
2025-07-11 13:12:01,990 - fiona._env - DEBUG - PROJ data found in package: path='P:\\corp\\central_clones\\python_geopandas\\Lib\\site-packages\\fiona\\proj_data'.
2025-07-11 13:12:01,991 - fiona.ogrext - DEBUG - Got coordinate system
2025-07-11 13:12:02,002 - fiona.ogrext - DEBUG - Got coordinate system
2025-07-11 13:12:02,023 - fiona._env - WARNING - PROJ: proj_identify: P:\corp\central_clones\python_geopandas\Lib\site-packages\fiona\proj_data\proj.db contains DATABASE.LAYOUT.VERSION.MINOR = 2 whereas a number >= 3 is expected. It comes from another PROJ installation.
2025-07-11 13:12:02,024 - fiona.ogrext - DEBUG - OLC_FASTSETNEXTBYINDEX: 1
2025-07-11 13:12:02,024 - fiona.ogrext - DEBUG - OLC_FASTFEATURECOUNT: 1
2025-07-11 13:12:02,025 - fiona.ogrext - DEBUG - Next index: 0
2025-07-11 13:12:02,063 - fiona.collection - DEBUG - Flushed buffer
2025-07-11 13:12:02,066 - fiona.collection - DEBUG - Stopped session
2025-07-11 13:12:02,086 - fiona._env - DEBUG - GDAL_DATA found in environment.
2025-07-11 13:12:02,088 - fiona._env - DEBUG - PROJ data found in package: path='P:\\corp\\central_clones\\python_geopandas\\Lib\\site-packages\\fiona\\proj_data'.
2025-07-11 13:12:03,555 - fiona._env - WARNING - PROJ: proj_identify: P:\corp\central_clones\python_geopandas\Lib\site-packages\fiona\proj_data\proj.db contains DATABASE.LAYOUT.VERSION.MINOR = 2 whereas a number >= 3 is expected. It comes from another PROJ installation.
2025-07-11 13:12:10,403 - fiona._env - WARNING - PROJ: proj_identify: P:\corp\central_clones\python_geopandas\Lib\site-packages\fiona\proj_data\proj.db contains DATABASE.LAYOUT.VERSION.MINOR = 2 whereas a number >= 3 is expected. It comes from another PROJ installation.
2025-07-11 13:12:10,883 - fiona._env - WARNING - PROJ: proj_identify: P:\corp\central_clones\python_geopandas\Lib\site-packages\fiona\proj_data\proj.db contains DATABASE.LAYOUT.VERSION.MINOR = 2 whereas a number >= 3 is expected. It comes from another PROJ installation.
2025-07-11 13:12:11,987 - fiona._env - DEBUG - GDAL_DATA found in environment.
2025-07-11 13:12:11,989 - fiona._env - DEBUG - PROJ data found in package: path='P:\\corp\\central_clones\\python_geopandas\\Lib\\site-packages\\fiona\\proj_data'.
2025-07-11 13:12:11,990 - fiona.ogrext - DEBUG - Got coordinate system
2025-07-11 13:12:12,001 - fiona.ogrext - DEBUG - Got coordinate system
2025-07-11 13:12:12,027 - fiona._env - WARNING - PROJ: proj_identify: P:\corp\central_clones\python_geopandas\Lib\site-packages\fiona\proj_data\proj.db contains DATABASE.LAYOUT.VERSION.MINOR = 2 whereas a number >= 3 is expected. It comes from another PROJ installation.
2025-07-11 13:12:12,028 - fiona.ogrext - DEBUG - OLC_FASTSETNEXTBYINDEX: 1
2025-07-11 13:12:12,029 - fiona.ogrext - DEBUG - OLC_FASTFEATURECOUNT: 1
2025-07-11 13:12:12,029 - fiona.ogrext - DEBUG - Next index: 0
2025-07-11 13:12:12,078 - fiona.collection - DEBUG - Flushed buffer
2025-07-11 13:12:12,080 - fiona.collection - DEBUG - Stopped session
2025-07-11 13:12:12,106 - fiona._env - DEBUG - GDAL_DATA found in environment.
2025-07-11 13:12:12,108 - fiona._env - DEBUG - PROJ data found in package: path='P:\\corp\\central_clones\\python_geopandas\\Lib\\site-packages\\fiona\\proj_data'.
2025-07-11 13:12:13,952 - fiona._env - WARNING - PROJ: proj_identify: P:\corp\central_clones\python_geopandas\Lib\site-packages\fiona\proj_data\proj.db contains DATABASE.LAYOUT.VERSION.MINOR = 2 whereas a number >= 3 is expected. It comes from another PROJ installation.
2025-07-11 13:12:19,134 - fiona._env - WARNING - PROJ: proj_identify: P:\corp\central_clones\python_geopandas\Lib\site-packages\fiona\proj_data\proj.db contains DATABASE.LAYOUT.VERSION.MINOR = 2 whereas a number >= 3 is expected. It comes from another PROJ installation.
2025-07-11 13:12:19,526 - fiona._env - WARNING - PROJ: proj_identify: P:\corp\central_clones\python_geopandas\Lib\site-packages\fiona\proj_data\proj.db contains DATABASE.LAYOUT.VERSION.MINOR = 2 whereas a number >= 3 is expected. It comes from another PROJ installation.
2025-07-11 13:12:20,690 - fiona._env - DEBUG - GDAL_DATA found in environment.
2025-07-11 13:12:20,691 - fiona._env - DEBUG - PROJ data found in package: path='P:\\corp\\central_clones\\python_geopandas\\Lib\\site-packages\\fiona\\proj_data'.
2025-07-11 13:12:20,691 - fiona.ogrext - DEBUG - Got coordinate system
2025-07-11 13:12:20,703 - fiona.ogrext - DEBUG - Got coordinate system
2025-07-11 13:12:20,723 - fiona._env - WARNING - PROJ: proj_identify: P:\corp\central_clones\python_geopandas\Lib\site-packages\fiona\proj_data\proj.db contains DATABASE.LAYOUT.VERSION.MINOR = 2 whereas a number >= 3 is expected. It comes from another PROJ installation.
2025-07-11 13:12:20,724 - fiona.ogrext - DEBUG - OLC_FASTSETNEXTBYINDEX: 1
2025-07-11 13:12:20,724 - fiona.ogrext - DEBUG - OLC_FASTFEATURECOUNT: 1
2025-07-11 13:12:20,725 - fiona.ogrext - DEBUG - Next index: 0
2025-07-11 13:12:20,758 - fiona.collection - DEBUG - Flushed buffer
2025-07-11 13:12:20,761 - fiona.collection - DEBUG - Stopped session
2025-07-11 13:12:20,785 - fiona._env - DEBUG - GDAL_DATA found in environment.
2025-07-11 13:12:20,786 - fiona._env - DEBUG - PROJ data found in package: path='P:\\corp\\central_clones\\python_geopandas\\Lib\\site-packages\\fiona\\proj_data'.
2025-07-11 13:12:22,330 - fiona._env - WARNING - PROJ: proj_identify: P:\corp\central_clones\python_geopandas\Lib\site-packages\fiona\proj_data\proj.db contains DATABASE.LAYOUT.VERSION.MINOR = 2 whereas a number >= 3 is expected. It comes from another PROJ installation.
2025-07-11 13:12:27,581 - fiona._env - WARNING - PROJ: proj_identify: P:\corp\central_clones\python_geopandas\Lib\site-packages\fiona\proj_data\proj.db contains DATABASE.LAYOUT.VERSION.MINOR = 2 whereas a number >= 3 is expected. It comes from another PROJ installation.
2025-07-11 13:12:27,968 - fiona._env - WARNING - PROJ: proj_identify: P:\corp\central_clones\python_geopandas\Lib\site-packages\fiona\proj_data\proj.db contains DATABASE.LAYOUT.VERSION.MINOR = 2 whereas a number >= 3 is expected. It comes from another PROJ installation.
2025-07-11 13:12:28,868 - fiona._env - DEBUG - GDAL_DATA found in environment.
2025-07-11 13:12:28,869 - fiona._env - DEBUG - PROJ data found in package: path='P:\\corp\\central_clones\\python_geopandas\\Lib\\site-packages\\fiona\\proj_data'.
2025-07-11 13:12:28,870 - fiona.ogrext - DEBUG - Got coordinate system
2025-07-11 13:12:28,881 - fiona.ogrext - DEBUG - Got coordinate system
2025-07-11 13:12:28,902 - fiona._env - WARNING - PROJ: proj_identify: P:\corp\central_clones\python_geopandas\Lib\site-packages\fiona\proj_data\proj.db contains DATABASE.LAYOUT.VERSION.MINOR = 2 whereas a number >= 3 is expected. It comes from another PROJ installation.
2025-07-11 13:12:28,903 - fiona.ogrext - DEBUG - OLC_FASTSETNEXTBYINDEX: 1
2025-07-11 13:12:28,903 - fiona.ogrext - DEBUG - OLC_FASTFEATURECOUNT: 1
2025-07-11 13:12:28,904 - fiona.ogrext - DEBUG - Next index: 0
2025-07-11 13:12:28,942 - fiona.collection - DEBUG - Flushed buffer
2025-07-11 13:12:28,944 - fiona.collection - DEBUG - Stopped session
2025-07-11 13:12:28,964 - fiona._env - DEBUG - GDAL_DATA found in environment.
2025-07-11 13:12:28,965 - fiona._env - DEBUG - PROJ data found in package: path='P:\\corp\\central_clones\\python_geopandas\\Lib\\site-packages\\fiona\\proj_data'.
2025-07-11 13:12:30,442 - fiona._env - WARNING - PROJ: proj_identify: P:\corp\central_clones\python_geopandas\Lib\site-packages\fiona\proj_data\proj.db contains DATABASE.LAYOUT.VERSION.MINOR = 2 whereas a number >= 3 is expected. It comes from another PROJ installation.
2025-07-11 13:12:36,282 - fiona._env - WARNING - PROJ: proj_identify: P:\corp\central_clones\python_geopandas\Lib\site-packages\fiona\proj_data\proj.db contains DATABASE.LAYOUT.VERSION.MINOR = 2 whereas a number >= 3 is expected. It comes from another PROJ installation.
2025-07-11 13:12:36,833 - fiona._env - WARNING - PROJ: proj_identify: P:\corp\central_clones\python_geopandas\Lib\site-packages\fiona\proj_data\proj.db contains DATABASE.LAYOUT.VERSION.MINOR = 2 whereas a number >= 3 is expected. It comes from another PROJ installation.
2025-07-11 13:12:37,903 - fiona._env - DEBUG - GDAL_DATA found in environment.
2025-07-11 13:12:37,904 - fiona._env - DEBUG - PROJ data found in package: path='P:\\corp\\central_clones\\python_geopandas\\Lib\\site-packages\\fiona\\proj_data'.
2025-07-11 13:12:37,905 - fiona.ogrext - DEBUG - Got coordinate system
2025-07-11 13:12:37,916 - fiona.ogrext - DEBUG - Got coordinate system
2025-07-11 13:12:37,937 - fiona._env - WARNING - PROJ: proj_identify: P:\corp\central_clones\python_geopandas\Lib\site-packages\fiona\proj_data\proj.db contains DATABASE.LAYOUT.VERSION.MINOR = 2 whereas a number >= 3 is expected. It comes from another PROJ installation.
2025-07-11 13:12:37,937 - fiona.ogrext - DEBUG - OLC_FASTSETNEXTBYINDEX: 1
2025-07-11 13:12:37,937 - fiona.ogrext - DEBUG - OLC_FASTFEATURECOUNT: 1
2025-07-11 13:12:37,938 - fiona.ogrext - DEBUG - Next index: 0
2025-07-11 13:12:37,975 - fiona.collection - DEBUG - Flushed buffer
2025-07-11 13:12:37,978 - fiona.collection - DEBUG - Stopped session
2025-07-11 13:12:37,997 - fiona._env - DEBUG - GDAL_DATA found in environment.
2025-07-11 13:12:37,999 - fiona._env - DEBUG - PROJ data found in package: path='P:\\corp\\central_clones\\python_geopandas\\Lib\\site-packages\\fiona\\proj_data'.
2025-07-11 13:12:39,468 - fiona._env - WARNING - PROJ: proj_identify: P:\corp\central_clones\python_geopandas\Lib\site-packages\fiona\proj_data\proj.db contains DATABASE.LAYOUT.VERSION.MINOR = 2 whereas a number >= 3 is expected. It comes from another PROJ installation.
2025-07-11 13:12:44,461 - fiona._env - WARNING - PROJ: proj_identify: P:\corp\central_clones\python_geopandas\Lib\site-packages\fiona\proj_data\proj.db contains DATABASE.LAYOUT.VERSION.MINOR = 2 whereas a number >= 3 is expected. It comes from another PROJ installation.
2025-07-11 13:12:44,869 - fiona._env - WARNING - PROJ: proj_identify: P:\corp\central_clones\python_geopandas\Lib\site-packages\fiona\proj_data\proj.db contains DATABASE.LAYOUT.VERSION.MINOR = 2 whereas a number >= 3 is expected. It comes from another PROJ installation.
2025-07-11 13:12:45,791 - fiona._env - DEBUG - GDAL_DATA found in environment.
2025-07-11 13:12:45,792 - fiona._env - DEBUG - PROJ data found in package: path='P:\\corp\\central_clones\\python_geopandas\\Lib\\site-packages\\fiona\\proj_data'.
2025-07-11 13:12:45,793 - fiona.ogrext - DEBUG - Got coordinate system
2025-07-11 13:12:45,804 - fiona.ogrext - DEBUG - Got coordinate system
2025-07-11 13:12:45,825 - fiona._env - WARNING - PROJ: proj_identify: P:\corp\central_clones\python_geopandas\Lib\site-packages\fiona\proj_data\proj.db contains DATABASE.LAYOUT.VERSION.MINOR = 2 whereas a number >= 3 is expected. It comes from another PROJ installation.
2025-07-11 13:12:45,826 - fiona.ogrext - DEBUG - OLC_FASTSETNEXTBYINDEX: 1
2025-07-11 13:12:45,826 - fiona.ogrext - DEBUG - OLC_FASTFEATURECOUNT: 1
2025-07-11 13:12:45,826 - fiona.ogrext - DEBUG - Next index: 0
2025-07-11 13:12:45,863 - fiona.collection - DEBUG - Flushed buffer
2025-07-11 13:12:45,865 - fiona.collection - DEBUG - Stopped session
2025-07-11 13:12:45,885 - fiona._env - DEBUG - GDAL_DATA found in environment.
2025-07-11 13:12:45,886 - fiona._env - DEBUG - PROJ data found in package: path='P:\\corp\\central_clones\\python_geopandas\\Lib\\site-packages\\fiona\\proj_data'.
2025-07-11 13:12:47,623 - fiona._env - WARNING - PROJ: proj_identify: P:\corp\central_clones\python_geopandas\Lib\site-packages\fiona\proj_data\proj.db contains DATABASE.LAYOUT.VERSION.MINOR = 2 whereas a number >= 3 is expected. It comes from another PROJ installation.
2025-07-11 13:12:52,454 - fiona._env - WARNING - PROJ: proj_identify: P:\corp\central_clones\python_geopandas\Lib\site-packages\fiona\proj_data\proj.db contains DATABASE.LAYOUT.VERSION.MINOR = 2 whereas a number >= 3 is expected. It comes from another PROJ installation.
2025-07-11 13:12:52,882 - fiona._env - WARNING - PROJ: proj_identify: P:\corp\central_clones\python_geopandas\Lib\site-packages\fiona\proj_data\proj.db contains DATABASE.LAYOUT.VERSION.MINOR = 2 whereas a number >= 3 is expected. It comes from another PROJ installation.
2025-07-11 13:12:53,840 - fiona._env - DEBUG - GDAL_DATA found in environment.
2025-07-11 13:12:53,842 - fiona._env - DEBUG - PROJ data found in package: path='P:\\corp\\central_clones\\python_geopandas\\Lib\\site-packages\\fiona\\proj_data'.
2025-07-11 13:12:53,842 - fiona.ogrext - DEBUG - Got coordinate system
2025-07-11 13:12:53,854 - fiona.ogrext - DEBUG - Got coordinate system
2025-07-11 13:12:53,877 - fiona._env - WARNING - PROJ: proj_identify: P:\corp\central_clones\python_geopandas\Lib\site-packages\fiona\proj_data\proj.db contains DATABASE.LAYOUT.VERSION.MINOR = 2 whereas a number >= 3 is expected. It comes from another PROJ installation.
2025-07-11 13:12:53,878 - fiona.ogrext - DEBUG - OLC_FASTSETNEXTBYINDEX: 1
2025-07-11 13:12:53,878 - fiona.ogrext - DEBUG - OLC_FASTFEATURECOUNT: 1
2025-07-11 13:12:53,879 - fiona.ogrext - DEBUG - Next index: 0
2025-07-11 13:12:53,915 - fiona.collection - DEBUG - Flushed buffer
2025-07-11 13:12:53,917 - fiona.collection - DEBUG - Stopped session
2025-07-11 13:12:53,938 - fiona._env - DEBUG - GDAL_DATA found in environment.
2025-07-11 13:12:53,940 - fiona._env - DEBUG - PROJ data found in package: path='P:\\corp\\central_clones\\python_geopandas\\Lib\\site-packages\\fiona\\proj_data'.
2025-07-11 13:12:55,432 - fiona._env - WARNING - PROJ: proj_identify: P:\corp\central_clones\python_geopandas\Lib\site-packages\fiona\proj_data\proj.db contains DATABASE.LAYOUT.VERSION.MINOR = 2 whereas a number >= 3 is expected. It comes from another PROJ installation.
2025-07-11 13:13:02,972 - fiona._env - WARNING - PROJ: proj_identify: P:\corp\central_clones\python_geopandas\Lib\site-packages\fiona\proj_data\proj.db contains DATABASE.LAYOUT.VERSION.MINOR = 2 whereas a number >= 3 is expected. It comes from another PROJ installation.
2025-07-11 13:13:03,366 - fiona._env - WARNING - PROJ: proj_identify: P:\corp\central_clones\python_geopandas\Lib\site-packages\fiona\proj_data\proj.db contains DATABASE.LAYOUT.VERSION.MINOR = 2 whereas a number >= 3 is expected. It comes from another PROJ installation.
2025-07-11 13:13:04,281 - fiona._env - DEBUG - GDAL_DATA found in environment.
2025-07-11 13:13:04,283 - fiona._env - DEBUG - PROJ data found in package: path='P:\\corp\\central_clones\\python_geopandas\\Lib\\site-packages\\fiona\\proj_data'.
2025-07-11 13:13:04,283 - fiona.ogrext - DEBUG - Got coordinate system
2025-07-11 13:13:04,295 - fiona.ogrext - DEBUG - Got coordinate system
2025-07-11 13:13:04,316 - fiona._env - WARNING - PROJ: proj_identify: P:\corp\central_clones\python_geopandas\Lib\site-packages\fiona\proj_data\proj.db contains DATABASE.LAYOUT.VERSION.MINOR = 2 whereas a number >= 3 is expected. It comes from another PROJ installation.
2025-07-11 13:13:04,317 - fiona.ogrext - DEBUG - OLC_FASTSETNEXTBYINDEX: 1
2025-07-11 13:13:04,317 - fiona.ogrext - DEBUG - OLC_FASTFEATURECOUNT: 1
2025-07-11 13:13:04,318 - fiona.ogrext - DEBUG - Next index: 0
2025-07-11 13:13:04,365 - fiona.collection - DEBUG - Flushed buffer
2025-07-11 13:13:04,367 - fiona.collection - DEBUG - Stopped session
2025-07-11 13:13:04,388 - fiona._env - DEBUG - GDAL_DATA found in environment.
2025-07-11 13:13:04,389 - fiona._env - DEBUG - PROJ data found in package: path='P:\\corp\\central_clones\\python_geopandas\\Lib\\site-packages\\fiona\\proj_data'.
2025-07-11 13:13:06,135 - fiona._env - WARNING - PROJ: proj_identify: P:\corp\central_clones\python_geopandas\Lib\site-packages\fiona\proj_data\proj.db contains DATABASE.LAYOUT.VERSION.MINOR = 2 whereas a number >= 3 is expected. It comes from another PROJ installation.
2025-07-11 13:13:11,570 - fiona._env - WARNING - PROJ: proj_identify: P:\corp\central_clones\python_geopandas\Lib\site-packages\fiona\proj_data\proj.db contains DATABASE.LAYOUT.VERSION.MINOR = 2 whereas a number >= 3 is expected. It comes from another PROJ installation.
2025-07-11 13:13:12,164 - fiona._env - WARNING - PROJ: proj_identify: P:\corp\central_clones\python_geopandas\Lib\site-packages\fiona\proj_data\proj.db contains DATABASE.LAYOUT.VERSION.MINOR = 2 whereas a number >= 3 is expected. It comes from another PROJ installation.
2025-07-11 13:13:13,588 - fiona._env - DEBUG - GDAL_DATA found in environment.
2025-07-11 13:13:13,589 - fiona._env - DEBUG - PROJ data found in package: path='P:\\corp\\central_clones\\python_geopandas\\Lib\\site-packages\\fiona\\proj_data'.
2025-07-11 13:13:13,590 - fiona.ogrext - DEBUG - Got coordinate system
2025-07-11 13:13:13,602 - fiona.ogrext - DEBUG - Got coordinate system
2025-07-11 13:13:13,623 - fiona._env - WARNING - PROJ: proj_identify: P:\corp\central_clones\python_geopandas\Lib\site-packages\fiona\proj_data\proj.db contains DATABASE.LAYOUT.VERSION.MINOR = 2 whereas a number >= 3 is expected. It comes from another PROJ installation.
2025-07-11 13:13:13,623 - fiona.ogrext - DEBUG - OLC_FASTSETNEXTBYINDEX: 1
2025-07-11 13:13:13,624 - fiona.ogrext - DEBUG - OLC_FASTFEATURECOUNT: 1
2025-07-11 13:13:13,624 - fiona.ogrext - DEBUG - Next index: 0
2025-07-11 13:13:13,670 - fiona.collection - DEBUG - Flushed buffer
2025-07-11 13:13:13,672 - fiona.collection - DEBUG - Stopped session
2025-07-11 13:13:13,693 - fiona._env - DEBUG - GDAL_DATA found in environment.
2025-07-11 13:13:13,695 - fiona._env - DEBUG - PROJ data found in package: path='P:\\corp\\central_clones\\python_geopandas\\Lib\\site-packages\\fiona\\proj_data'.
2025-07-11 13:13:15,492 - fiona._env - WARNING - PROJ: proj_identify: P:\corp\central_clones\python_geopandas\Lib\site-packages\fiona\proj_data\proj.db contains DATABASE.LAYOUT.VERSION.MINOR = 2 whereas a number >= 3 is expected. It comes from another PROJ installation.
2025-07-11 13:13:21,900 - fiona._env - WARNING - PROJ: proj_identify: P:\corp\central_clones\python_geopandas\Lib\site-packages\fiona\proj_data\proj.db contains DATABASE.LAYOUT.VERSION.MINOR = 2 whereas a number >= 3 is expected. It comes from another PROJ installation.
2025-07-11 13:13:22,431 - fiona._env - WARNING - PROJ: proj_identify: P:\corp\central_clones\python_geopandas\Lib\site-packages\fiona\proj_data\proj.db contains DATABASE.LAYOUT.VERSION.MINOR = 2 whereas a number >= 3 is expected. It comes from another PROJ installation.
2025-07-11 13:13:23,335 - fiona._env - DEBUG - GDAL_DATA found in environment.
2025-07-11 13:13:23,337 - fiona._env - DEBUG - PROJ data found in package: path='P:\\corp\\central_clones\\python_geopandas\\Lib\\site-packages\\fiona\\proj_data'.
2025-07-11 13:13:23,338 - fiona.ogrext - DEBUG - Got coordinate system
2025-07-11 13:13:23,350 - fiona.ogrext - DEBUG - Got coordinate system
2025-07-11 13:13:23,371 - fiona._env - WARNING - PROJ: proj_identify: P:\corp\central_clones\python_geopandas\Lib\site-packages\fiona\proj_data\proj.db contains DATABASE.LAYOUT.VERSION.MINOR = 2 whereas a number >= 3 is expected. It comes from another PROJ installation.
2025-07-11 13:13:23,372 - fiona.ogrext - DEBUG - OLC_FASTSETNEXTBYINDEX: 1
2025-07-11 13:13:23,373 - fiona.ogrext - DEBUG - OLC_FASTFEATURECOUNT: 1
2025-07-11 13:13:23,373 - fiona.ogrext - DEBUG - Next index: 0
2025-07-11 13:13:23,410 - fiona.collection - DEBUG - Flushed buffer
2025-07-11 13:13:23,413 - fiona.collection - DEBUG - Stopped session
2025-07-11 13:13:23,433 - fiona._env - DEBUG - GDAL_DATA found in environment.
2025-07-11 13:13:23,434 - fiona._env - DEBUG - PROJ data found in package: path='P:\\corp\\central_clones\\python_geopandas\\Lib\\site-packages\\fiona\\proj_data'.
2025-07-11 13:13:25,058 - fiona._env - WARNING - PROJ: proj_identify: P:\corp\central_clones\python_geopandas\Lib\site-packages\fiona\proj_data\proj.db contains DATABASE.LAYOUT.VERSION.MINOR = 2 whereas a number >= 3 is expected. It comes from another PROJ installation.
2025-07-11 13:13:31,095 - fiona._env - WARNING - PROJ: proj_identify: P:\corp\central_clones\python_geopandas\Lib\site-packages\fiona\proj_data\proj.db contains DATABASE.LAYOUT.VERSION.MINOR = 2 whereas a number >= 3 is expected. It comes from another PROJ installation.
2025-07-11 13:13:31,635 - fiona._env - WARNING - PROJ: proj_identify: P:\corp\central_clones\python_geopandas\Lib\site-packages\fiona\proj_data\proj.db contains DATABASE.LAYOUT.VERSION.MINOR = 2 whereas a number >= 3 is expected. It comes from another PROJ installation.
2025-07-11 13:13:36,673 - fiona._env - DEBUG - GDAL_DATA found in environment.
2025-07-11 13:13:36,675 - fiona._env - DEBUG - PROJ data found in package: path='P:\\corp\\central_clones\\python_geopandas\\Lib\\site-packages\\fiona\\proj_data'.
2025-07-11 13:13:36,676 - fiona.ogrext - DEBUG - Got coordinate system
2025-07-11 13:13:36,688 - fiona.ogrext - DEBUG - Got coordinate system
2025-07-11 13:13:36,708 - fiona._env - WARNING - PROJ: proj_identify: P:\corp\central_clones\python_geopandas\Lib\site-packages\fiona\proj_data\proj.db contains DATABASE.LAYOUT.VERSION.MINOR = 2 whereas a number >= 3 is expected. It comes from another PROJ installation.
2025-07-11 13:13:36,709 - fiona.ogrext - DEBUG - OLC_FASTSETNEXTBYINDEX: 1
2025-07-11 13:13:36,709 - fiona.ogrext - DEBUG - OLC_FASTFEATURECOUNT: 1
2025-07-11 13:13:36,710 - fiona.ogrext - DEBUG - Next index: 0
2025-07-11 13:13:36,749 - fiona.collection - DEBUG - Flushed buffer
2025-07-11 13:13:36,751 - fiona.collection - DEBUG - Stopped session
2025-07-11 13:13:36,771 - fiona._env - DEBUG - GDAL_DATA found in environment.
2025-07-11 13:13:36,772 - fiona._env - DEBUG - PROJ data found in package: path='P:\\corp\\central_clones\\python_geopandas\\Lib\\site-packages\\fiona\\proj_data'.
2025-07-11 13:13:38,262 - fiona._env - WARNING - PROJ: proj_identify: P:\corp\central_clones\python_geopandas\Lib\site-packages\fiona\proj_data\proj.db contains DATABASE.LAYOUT.VERSION.MINOR = 2 whereas a number >= 3 is expected. It comes from another PROJ installation.
2025-07-11 13:13:43,041 - fiona._env - WARNING - PROJ: proj_identify: P:\corp\central_clones\python_geopandas\Lib\site-packages\fiona\proj_data\proj.db contains DATABASE.LAYOUT.VERSION.MINOR = 2 whereas a number >= 3 is expected. It comes from another PROJ installation.
2025-07-11 13:13:43,443 - fiona._env - WARNING - PROJ: proj_identify: P:\corp\central_clones\python_geopandas\Lib\site-packages\fiona\proj_data\proj.db contains DATABASE.LAYOUT.VERSION.MINOR = 2 whereas a number >= 3 is expected. It comes from another PROJ installation.
2025-07-11 13:13:44,520 - fiona._env - DEBUG - GDAL_DATA found in environment.
2025-07-11 13:13:44,522 - fiona._env - DEBUG - PROJ data found in package: path='P:\\corp\\central_clones\\python_geopandas\\Lib\\site-packages\\fiona\\proj_data'.
2025-07-11 13:13:44,523 - fiona.ogrext - DEBUG - Got coordinate system
2025-07-11 13:13:44,536 - fiona.ogrext - DEBUG - Got coordinate system
2025-07-11 13:13:44,563 - fiona._env - WARNING - PROJ: proj_identify: P:\corp\central_clones\python_geopandas\Lib\site-packages\fiona\proj_data\proj.db contains DATABASE.LAYOUT.VERSION.MINOR = 2 whereas a number >= 3 is expected. It comes from another PROJ installation.
2025-07-11 13:13:44,563 - fiona.ogrext - DEBUG - OLC_FASTSETNEXTBYINDEX: 1
2025-07-11 13:13:44,564 - fiona.ogrext - DEBUG - OLC_FASTFEATURECOUNT: 1
2025-07-11 13:13:44,564 - fiona.ogrext - DEBUG - Next index: 0
2025-07-11 13:13:44,602 - fiona.collection - DEBUG - Flushed buffer
2025-07-11 13:13:44,605 - fiona.collection - DEBUG - Stopped session
2025-07-11 13:13:44,629 - fiona._env - DEBUG - GDAL_DATA found in environment.
2025-07-11 13:13:44,631 - fiona._env - DEBUG - PROJ data found in package: path='P:\\corp\\central_clones\\python_geopandas\\Lib\\site-packages\\fiona\\proj_data'.
2025-07-11 13:13:46,299 - fiona._env - WARNING - PROJ: proj_identify: P:\corp\central_clones\python_geopandas\Lib\site-packages\fiona\proj_data\proj.db contains DATABASE.LAYOUT.VERSION.MINOR = 2 whereas a number >= 3 is expected. It comes from another PROJ installation.
2025-07-11 13:13:51,100 - fiona._env - WARNING - PROJ: proj_identify: P:\corp\central_clones\python_geopandas\Lib\site-packages\fiona\proj_data\proj.db contains DATABASE.LAYOUT.VERSION.MINOR = 2 whereas a number >= 3 is expected. It comes from another PROJ installation.
2025-07-11 13:13:51,493 - fiona._env - WARNING - PROJ: proj_identify: P:\corp\central_clones\python_geopandas\Lib\site-packages\fiona\proj_data\proj.db contains DATABASE.LAYOUT.VERSION.MINOR = 2 whereas a number >= 3 is expected. It comes from another PROJ installation.
2025-07-11 13:13:52,412 - fiona._env - DEBUG - GDAL_DATA found in environment.
2025-07-11 13:13:52,413 - fiona._env - DEBUG - PROJ data found in package: path='P:\\corp\\central_clones\\python_geopandas\\Lib\\site-packages\\fiona\\proj_data'.
2025-07-11 13:13:52,414 - fiona.ogrext - DEBUG - Got coordinate system
2025-07-11 13:13:52,425 - fiona.ogrext - DEBUG - Got coordinate system
2025-07-11 13:13:52,447 - fiona._env - WARNING - PROJ: proj_identify: P:\corp\central_clones\python_geopandas\Lib\site-packages\fiona\proj_data\proj.db contains DATABASE.LAYOUT.VERSION.MINOR = 2 whereas a number >= 3 is expected. It comes from another PROJ installation.
2025-07-11 13:13:52,447 - fiona.ogrext - DEBUG - OLC_FASTSETNEXTBYINDEX: 1
2025-07-11 13:13:52,447 - fiona.ogrext - DEBUG - OLC_FASTFEATURECOUNT: 1
2025-07-11 13:13:52,448 - fiona.ogrext - DEBUG - Next index: 0
2025-07-11 13:13:52,481 - fiona.collection - DEBUG - Flushed buffer
2025-07-11 13:13:52,483 - fiona.collection - DEBUG - Stopped session
2025-07-11 13:13:52,503 - fiona._env - DEBUG - GDAL_DATA found in environment.
2025-07-11 13:13:52,504 - fiona._env - DEBUG - PROJ data found in package: path='P:\\corp\\central_clones\\python_geopandas\\Lib\\site-packages\\fiona\\proj_data'.
2025-07-11 13:13:53,980 - fiona._env - WARNING - PROJ: proj_identify: P:\corp\central_clones\python_geopandas\Lib\site-packages\fiona\proj_data\proj.db contains DATABASE.LAYOUT.VERSION.MINOR = 2 whereas a number >= 3 is expected. It comes from another PROJ installation.
2025-07-11 13:13:59,078 - fiona._env - WARNING - PROJ: proj_identify: P:\corp\central_clones\python_geopandas\Lib\site-packages\fiona\proj_data\proj.db contains DATABASE.LAYOUT.VERSION.MINOR = 2 whereas a number >= 3 is expected. It comes from another PROJ installation.
2025-07-11 13:13:59,503 - fiona._env - WARNING - PROJ: proj_identify: P:\corp\central_clones\python_geopandas\Lib\site-packages\fiona\proj_data\proj.db contains DATABASE.LAYOUT.VERSION.MINOR = 2 whereas a number >= 3 is expected. It comes from another PROJ installation.
2025-07-11 13:14:00,736 - fiona._env - DEBUG - GDAL_DATA found in environment.
2025-07-11 13:14:00,738 - fiona._env - DEBUG - PROJ data found in package: path='P:\\corp\\central_clones\\python_geopandas\\Lib\\site-packages\\fiona\\proj_data'.
2025-07-11 13:14:00,739 - fiona.ogrext - DEBUG - Got coordinate system
2025-07-11 13:14:00,751 - fiona.ogrext - DEBUG - Got coordinate system
2025-07-11 13:14:00,780 - fiona._env - WARNING - PROJ: proj_identify: P:\corp\central_clones\python_geopandas\Lib\site-packages\fiona\proj_data\proj.db contains DATABASE.LAYOUT.VERSION.MINOR = 2 whereas a number >= 3 is expected. It comes from another PROJ installation.
2025-07-11 13:14:00,781 - fiona.ogrext - DEBUG - OLC_FASTSETNEXTBYINDEX: 1
2025-07-11 13:14:00,781 - fiona.ogrext - DEBUG - OLC_FASTFEATURECOUNT: 1
2025-07-11 13:14:00,782 - fiona.ogrext - DEBUG - Next index: 0
2025-07-11 13:14:00,824 - fiona.collection - DEBUG - Flushed buffer
2025-07-11 13:14:00,827 - fiona.collection - DEBUG - Stopped session
2025-07-11 13:14:00,850 - fiona._env - DEBUG - GDAL_DATA found in environment.
2025-07-11 13:14:00,853 - fiona._env - DEBUG - PROJ data found in package: path='P:\\corp\\central_clones\\python_geopandas\\Lib\\site-packages\\fiona\\proj_data'.
2025-07-11 13:14:02,693 - fiona._env - WARNING - PROJ: proj_identify: P:\corp\central_clones\python_geopandas\Lib\site-packages\fiona\proj_data\proj.db contains DATABASE.LAYOUT.VERSION.MINOR = 2 whereas a number >= 3 is expected. It comes from another PROJ installation.
2025-07-11 13:14:08,858 - fiona._env - WARNING - PROJ: proj_identify: P:\corp\central_clones\python_geopandas\Lib\site-packages\fiona\proj_data\proj.db contains DATABASE.LAYOUT.VERSION.MINOR = 2 whereas a number >= 3 is expected. It comes from another PROJ installation.
2025-07-11 13:14:09,389 - fiona._env - WARNING - PROJ: proj_identify: P:\corp\central_clones\python_geopandas\Lib\site-packages\fiona\proj_data\proj.db contains DATABASE.LAYOUT.VERSION.MINOR = 2 whereas a number >= 3 is expected. It comes from another PROJ installation.
2025-07-11 13:14:10,605 - fiona._env - DEBUG - GDAL_DATA found in environment.
2025-07-11 13:14:10,607 - fiona._env - DEBUG - PROJ data found in package: path='P:\\corp\\central_clones\\python_geopandas\\Lib\\site-packages\\fiona\\proj_data'.
2025-07-11 13:14:10,608 - fiona.ogrext - DEBUG - Got coordinate system
2025-07-11 13:14:10,621 - fiona.ogrext - DEBUG - Got coordinate system
2025-07-11 13:14:10,648 - fiona._env - WARNING - PROJ: proj_identify: P:\corp\central_clones\python_geopandas\Lib\site-packages\fiona\proj_data\proj.db contains DATABASE.LAYOUT.VERSION.MINOR = 2 whereas a number >= 3 is expected. It comes from another PROJ installation.
2025-07-11 13:14:10,649 - fiona.ogrext - DEBUG - OLC_FASTSETNEXTBYINDEX: 1
2025-07-11 13:14:10,650 - fiona.ogrext - DEBUG - OLC_FASTFEATURECOUNT: 1
2025-07-11 13:14:10,650 - fiona.ogrext - DEBUG - Next index: 0
2025-07-11 13:14:10,692 - fiona.collection - DEBUG - Flushed buffer
2025-07-11 13:14:10,695 - fiona.collection - DEBUG - Stopped session
2025-07-11 13:14:10,717 - fiona._env - DEBUG - GDAL_DATA found in environment.
2025-07-11 13:14:10,719 - fiona._env - DEBUG - PROJ data found in package: path='P:\\corp\\central_clones\\python_geopandas\\Lib\\site-packages\\fiona\\proj_data'.
2025-07-11 13:14:12,361 - fiona._env - WARNING - PROJ: proj_identify: P:\corp\central_clones\python_geopandas\Lib\site-packages\fiona\proj_data\proj.db contains DATABASE.LAYOUT.VERSION.MINOR = 2 whereas a number >= 3 is expected. It comes from another PROJ installation.
2025-07-11 13:14:17,151 - fiona._env - WARNING - PROJ: proj_identify: P:\corp\central_clones\python_geopandas\Lib\site-packages\fiona\proj_data\proj.db contains DATABASE.LAYOUT.VERSION.MINOR = 2 whereas a number >= 3 is expected. It comes from another PROJ installation.
2025-07-11 13:14:17,642 - fiona._env - WARNING - PROJ: proj_identify: P:\corp\central_clones\python_geopandas\Lib\site-packages\fiona\proj_data\proj.db contains DATABASE.LAYOUT.VERSION.MINOR = 2 whereas a number >= 3 is expected. It comes from another PROJ installation.
2025-07-11 13:14:18,857 - fiona._env - DEBUG - GDAL_DATA found in environment.
2025-07-11 13:14:18,859 - fiona._env - DEBUG - PROJ data found in package: path='P:\\corp\\central_clones\\python_geopandas\\Lib\\site-packages\\fiona\\proj_data'.
2025-07-11 13:14:18,860 - fiona.ogrext - DEBUG - Got coordinate system
2025-07-11 13:14:18,874 - fiona.ogrext - DEBUG - Got coordinate system
2025-07-11 13:14:18,900 - fiona._env - WARNING - PROJ: proj_identify: P:\corp\central_clones\python_geopandas\Lib\site-packages\fiona\proj_data\proj.db contains DATABASE.LAYOUT.VERSION.MINOR = 2 whereas a number >= 3 is expected. It comes from another PROJ installation.
2025-07-11 13:14:18,901 - fiona.ogrext - DEBUG - OLC_FASTSETNEXTBYINDEX: 1
2025-07-11 13:14:18,901 - fiona.ogrext - DEBUG - OLC_FASTFEATURECOUNT: 1
2025-07-11 13:14:18,902 - fiona.ogrext - DEBUG - Next index: 0
2025-07-11 13:14:18,944 - fiona.collection - DEBUG - Flushed buffer
2025-07-11 13:14:18,947 - fiona.collection - DEBUG - Stopped session
2025-07-11 13:14:18,970 - fiona._env - DEBUG - GDAL_DATA found in environment.
2025-07-11 13:14:18,972 - fiona._env - DEBUG - PROJ data found in package: path='P:\\corp\\central_clones\\python_geopandas\\Lib\\site-packages\\fiona\\proj_data'.
2025-07-11 13:14:20,765 - fiona._env - WARNING - PROJ: proj_identify: P:\corp\central_clones\python_geopandas\Lib\site-packages\fiona\proj_data\proj.db contains DATABASE.LAYOUT.VERSION.MINOR = 2 whereas a number >= 3 is expected. It comes from another PROJ installation.
2025-07-11 13:14:27,213 - fiona._env - WARNING - PROJ: proj_identify: P:\corp\central_clones\python_geopandas\Lib\site-packages\fiona\proj_data\proj.db contains DATABASE.LAYOUT.VERSION.MINOR = 2 whereas a number >= 3 is expected. It comes from another PROJ installation.
2025-07-11 13:14:27,675 - fiona._env - WARNING - PROJ: proj_identify: P:\corp\central_clones\python_geopandas\Lib\site-packages\fiona\proj_data\proj.db contains DATABASE.LAYOUT.VERSION.MINOR = 2 whereas a number >= 3 is expected. It comes from another PROJ installation.
2025-07-11 13:14:28,791 - fiona._env - DEBUG - GDAL_DATA found in environment.
2025-07-11 13:14:28,793 - fiona._env - DEBUG - PROJ data found in package: path='P:\\corp\\central_clones\\python_geopandas\\Lib\\site-packages\\fiona\\proj_data'.
2025-07-11 13:14:28,794 - fiona.ogrext - DEBUG - Got coordinate system
2025-07-11 13:14:28,809 - fiona.ogrext - DEBUG - Got coordinate system
2025-07-11 13:14:28,838 - fiona._env - WARNING - PROJ: proj_identify: P:\corp\central_clones\python_geopandas\Lib\site-packages\fiona\proj_data\proj.db contains DATABASE.LAYOUT.VERSION.MINOR = 2 whereas a number >= 3 is expected. It comes from another PROJ installation.
2025-07-11 13:14:28,839 - fiona.ogrext - DEBUG - OLC_FASTSETNEXTBYINDEX: 1
2025-07-11 13:14:28,839 - fiona.ogrext - DEBUG - OLC_FASTFEATURECOUNT: 1
2025-07-11 13:14:28,840 - fiona.ogrext - DEBUG - Next index: 0
2025-07-11 13:14:28,840 - fiona.ogrext - DEBUG - Next index: 1
2025-07-11 13:14:28,886 - fiona.collection - DEBUG - Flushed buffer
2025-07-11 13:14:28,889 - fiona.collection - DEBUG - Stopped session
2025-07-11 13:14:29,084 - fiona._env - DEBUG - GDAL_DATA found in environment.
2025-07-11 13:14:29,087 - fiona._env - DEBUG - PROJ data found in package: path='P:\\corp\\central_clones\\python_geopandas\\Lib\\site-packages\\fiona\\proj_data'.
2025-07-11 13:14:30,943 - fiona._env - WARNING - PROJ: proj_identify: P:\corp\central_clones\python_geopandas\Lib\site-packages\fiona\proj_data\proj.db contains DATABASE.LAYOUT.VERSION.MINOR = 2 whereas a number >= 3 is expected. It comes from another PROJ installation.
2025-07-11 13:14:37,525 - fiona._env - WARNING - PROJ: proj_identify: P:\corp\central_clones\python_geopandas\Lib\site-packages\fiona\proj_data\proj.db contains DATABASE.LAYOUT.VERSION.MINOR = 2 whereas a number >= 3 is expected. It comes from another PROJ installation.
2025-07-11 13:14:37,958 - fiona._env - WARNING - PROJ: proj_identify: P:\corp\central_clones\python_geopandas\Lib\site-packages\fiona\proj_data\proj.db contains DATABASE.LAYOUT.VERSION.MINOR = 2 whereas a number >= 3 is expected. It comes from another PROJ installation.
2025-07-11 13:14:38,900 - fiona._env - DEBUG - GDAL_DATA found in environment.
2025-07-11 13:14:38,902 - fiona._env - DEBUG - PROJ data found in package: path='P:\\corp\\central_clones\\python_geopandas\\Lib\\site-packages\\fiona\\proj_data'.
2025-07-11 13:14:38,902 - fiona.ogrext - DEBUG - Got coordinate system
2025-07-11 13:14:38,914 - fiona.ogrext - DEBUG - Got coordinate system
2025-07-11 13:14:38,936 - fiona._env - WARNING - PROJ: proj_identify: P:\corp\central_clones\python_geopandas\Lib\site-packages\fiona\proj_data\proj.db contains DATABASE.LAYOUT.VERSION.MINOR = 2 whereas a number >= 3 is expected. It comes from another PROJ installation.
2025-07-11 13:14:38,937 - fiona.ogrext - DEBUG - OLC_FASTSETNEXTBYINDEX: 1
2025-07-11 13:14:38,937 - fiona.ogrext - DEBUG - OLC_FASTFEATURECOUNT: 1
2025-07-11 13:14:38,937 - fiona.ogrext - DEBUG - Next index: 0
2025-07-11 13:14:38,938 - fiona.ogrext - DEBUG - Next index: 1
2025-07-11 13:14:38,976 - fiona.collection - DEBUG - Flushed buffer
2025-07-11 13:14:38,978 - fiona.collection - DEBUG - Stopped session
2025-07-11 13:14:39,131 - fiona._env - DEBUG - GDAL_DATA found in environment.
2025-07-11 13:14:39,132 - fiona._env - DEBUG - PROJ data found in package: path='P:\\corp\\central_clones\\python_geopandas\\Lib\\site-packages\\fiona\\proj_data'.
2025-07-11 13:14:40,911 - fiona._env - WARNING - PROJ: proj_identify: P:\corp\central_clones\python_geopandas\Lib\site-packages\fiona\proj_data\proj.db contains DATABASE.LAYOUT.VERSION.MINOR = 2 whereas a number >= 3 is expected. It comes from another PROJ installation.
2025-07-11 13:14:46,505 - fiona._env - WARNING - PROJ: proj_identify: P:\corp\central_clones\python_geopandas\Lib\site-packages\fiona\proj_data\proj.db contains DATABASE.LAYOUT.VERSION.MINOR = 2 whereas a number >= 3 is expected. It comes from another PROJ installation.
2025-07-11 13:14:47,046 - fiona._env - WARNING - PROJ: proj_identify: P:\corp\central_clones\python_geopandas\Lib\site-packages\fiona\proj_data\proj.db contains DATABASE.LAYOUT.VERSION.MINOR = 2 whereas a number >= 3 is expected. It comes from another PROJ installation.
2025-07-11 13:14:48,329 - fiona._env - DEBUG - GDAL_DATA found in environment.
2025-07-11 13:14:48,332 - fiona._env - DEBUG - PROJ data found in package: path='P:\\corp\\central_clones\\python_geopandas\\Lib\\site-packages\\fiona\\proj_data'.
2025-07-11 13:14:48,332 - fiona.ogrext - DEBUG - Got coordinate system
2025-07-11 13:14:48,345 - fiona.ogrext - DEBUG - Got coordinate system
2025-07-11 13:14:48,380 - fiona._env - WARNING - PROJ: proj_identify: P:\corp\central_clones\python_geopandas\Lib\site-packages\fiona\proj_data\proj.db contains DATABASE.LAYOUT.VERSION.MINOR = 2 whereas a number >= 3 is expected. It comes from another PROJ installation.
2025-07-11 13:14:48,381 - fiona.ogrext - DEBUG - OLC_FASTSETNEXTBYINDEX: 1
2025-07-11 13:14:48,382 - fiona.ogrext - DEBUG - OLC_FASTFEATURECOUNT: 1
2025-07-11 13:14:48,382 - fiona.ogrext - DEBUG - Next index: 0
2025-07-11 13:14:48,383 - fiona.ogrext - DEBUG - Next index: 1
2025-07-11 13:14:48,384 - fiona.ogrext - DEBUG - Next index: 2
2025-07-11 13:14:48,425 - fiona.collection - DEBUG - Flushed buffer
2025-07-11 13:14:48,428 - fiona.collection - DEBUG - Stopped session
2025-07-11 13:14:48,588 - fiona._env - DEBUG - GDAL_DATA found in environment.
2025-07-11 13:14:48,591 - fiona._env - DEBUG - PROJ data found in package: path='P:\\corp\\central_clones\\python_geopandas\\Lib\\site-packages\\fiona\\proj_data'.
2025-07-11 13:14:50,424 - fiona._env - WARNING - PROJ: proj_identify: P:\corp\central_clones\python_geopandas\Lib\site-packages\fiona\proj_data\proj.db contains DATABASE.LAYOUT.VERSION.MINOR = 2 whereas a number >= 3 is expected. It comes from another PROJ installation.
2025-07-11 13:14:56,650 - fiona._env - WARNING - PROJ: proj_identify: P:\corp\central_clones\python_geopandas\Lib\site-packages\fiona\proj_data\proj.db contains DATABASE.LAYOUT.VERSION.MINOR = 2 whereas a number >= 3 is expected. It comes from another PROJ installation.
2025-07-11 13:14:57,113 - fiona._env - WARNING - PROJ: proj_identify: P:\corp\central_clones\python_geopandas\Lib\site-packages\fiona\proj_data\proj.db contains DATABASE.LAYOUT.VERSION.MINOR = 2 whereas a number >= 3 is expected. It comes from another PROJ installation.
2025-07-11 13:14:58,248 - fiona._env - DEBUG - GDAL_DATA found in environment.
2025-07-11 13:14:58,250 - fiona._env - DEBUG - PROJ data found in package: path='P:\\corp\\central_clones\\python_geopandas\\Lib\\site-packages\\fiona\\proj_data'.
2025-07-11 13:14:58,250 - fiona.ogrext - DEBUG - Got coordinate system
2025-07-11 13:14:58,270 - fiona.ogrext - DEBUG - Got coordinate system
2025-07-11 13:14:58,297 - fiona._env - WARNING - PROJ: proj_identify: P:\corp\central_clones\python_geopandas\Lib\site-packages\fiona\proj_data\proj.db contains DATABASE.LAYOUT.VERSION.MINOR = 2 whereas a number >= 3 is expected. It comes from another PROJ installation.
2025-07-11 13:14:58,298 - fiona.ogrext - DEBUG - OLC_FASTSETNEXTBYINDEX: 1
2025-07-11 13:14:58,298 - fiona.ogrext - DEBUG - OLC_FASTFEATURECOUNT: 1
2025-07-11 13:14:58,299 - fiona.ogrext - DEBUG - Next index: 0
2025-07-11 13:14:58,337 - fiona.collection - DEBUG - Flushed buffer
2025-07-11 13:14:58,340 - fiona.collection - DEBUG - Stopped session
2025-07-11 13:14:58,363 - fiona._env - DEBUG - GDAL_DATA found in environment.
2025-07-11 13:14:58,365 - fiona._env - DEBUG - PROJ data found in package: path='P:\\corp\\central_clones\\python_geopandas\\Lib\\site-packages\\fiona\\proj_data'.
2025-07-11 13:15:00,005 - fiona._env - WARNING - PROJ: proj_identify: P:\corp\central_clones\python_geopandas\Lib\site-packages\fiona\proj_data\proj.db contains DATABASE.LAYOUT.VERSION.MINOR = 2 whereas a number >= 3 is expected. It comes from another PROJ installation.
2025-07-11 13:15:05,087 - fiona._env - WARNING - PROJ: proj_identify: P:\corp\central_clones\python_geopandas\Lib\site-packages\fiona\proj_data\proj.db contains DATABASE.LAYOUT.VERSION.MINOR = 2 whereas a number >= 3 is expected. It comes from another PROJ installation.
2025-07-11 13:15:05,593 - fiona._env - WARNING - PROJ: proj_identify: P:\corp\central_clones\python_geopandas\Lib\site-packages\fiona\proj_data\proj.db contains DATABASE.LAYOUT.VERSION.MINOR = 2 whereas a number >= 3 is expected. It comes from another PROJ installation.
2025-07-11 13:15:06,675 - fiona._env - DEBUG - GDAL_DATA found in environment.
2025-07-11 13:15:06,677 - fiona._env - DEBUG - PROJ data found in package: path='P:\\corp\\central_clones\\python_geopandas\\Lib\\site-packages\\fiona\\proj_data'.
2025-07-11 13:15:06,678 - fiona.ogrext - DEBUG - Got coordinate system
2025-07-11 13:15:06,689 - fiona.ogrext - DEBUG - Got coordinate system
2025-07-11 13:15:06,711 - fiona._env - WARNING - PROJ: proj_identify: P:\corp\central_clones\python_geopandas\Lib\site-packages\fiona\proj_data\proj.db contains DATABASE.LAYOUT.VERSION.MINOR = 2 whereas a number >= 3 is expected. It comes from another PROJ installation.
2025-07-11 13:15:06,712 - fiona.ogrext - DEBUG - OLC_FASTSETNEXTBYINDEX: 1
2025-07-11 13:15:06,712 - fiona.ogrext - DEBUG - OLC_FASTFEATURECOUNT: 1
2025-07-11 13:15:06,712 - fiona.ogrext - DEBUG - Next index: 0
2025-07-11 13:15:06,747 - fiona.collection - DEBUG - Flushed buffer
2025-07-11 13:15:06,749 - fiona.collection - DEBUG - Stopped session
2025-07-11 13:15:06,769 - fiona._env - DEBUG - GDAL_DATA found in environment.
2025-07-11 13:15:06,771 - fiona._env - DEBUG - PROJ data found in package: path='P:\\corp\\central_clones\\python_geopandas\\Lib\\site-packages\\fiona\\proj_data'.
2025-07-11 13:15:08,288 - fiona._env - WARNING - PROJ: proj_identify: P:\corp\central_clones\python_geopandas\Lib\site-packages\fiona\proj_data\proj.db contains DATABASE.LAYOUT.VERSION.MINOR = 2 whereas a number >= 3 is expected. It comes from another PROJ installation.
2025-07-11 13:15:13,178 - fiona._env - WARNING - PROJ: proj_identify: P:\corp\central_clones\python_geopandas\Lib\site-packages\fiona\proj_data\proj.db contains DATABASE.LAYOUT.VERSION.MINOR = 2 whereas a number >= 3 is expected. It comes from another PROJ installation.
2025-07-11 13:15:13,583 - fiona._env - WARNING - PROJ: proj_identify: P:\corp\central_clones\python_geopandas\Lib\site-packages\fiona\proj_data\proj.db contains DATABASE.LAYOUT.VERSION.MINOR = 2 whereas a number >= 3 is expected. It comes from another PROJ installation.
2025-07-11 13:15:14,582 - fiona._env - DEBUG - GDAL_DATA found in environment.
2025-07-11 13:15:14,584 - fiona._env - DEBUG - PROJ data found in package: path='P:\\corp\\central_clones\\python_geopandas\\Lib\\site-packages\\fiona\\proj_data'.
2025-07-11 13:15:14,585 - fiona.ogrext - DEBUG - Got coordinate system
2025-07-11 13:15:14,601 - fiona.ogrext - DEBUG - Got coordinate system
2025-07-11 13:15:14,629 - fiona._env - WARNING - PROJ: proj_identify: P:\corp\central_clones\python_geopandas\Lib\site-packages\fiona\proj_data\proj.db contains DATABASE.LAYOUT.VERSION.MINOR = 2 whereas a number >= 3 is expected. It comes from another PROJ installation.
2025-07-11 13:15:14,630 - fiona.ogrext - DEBUG - OLC_FASTSETNEXTBYINDEX: 1
2025-07-11 13:15:14,630 - fiona.ogrext - DEBUG - OLC_FASTFEATURECOUNT: 1
2025-07-11 13:15:14,631 - fiona.ogrext - DEBUG - Next index: 0
2025-07-11 13:15:14,668 - fiona.collection - DEBUG - Flushed buffer
2025-07-11 13:15:14,671 - fiona.collection - DEBUG - Stopped session
2025-07-11 13:15:14,696 - fiona._env - DEBUG - GDAL_DATA found in environment.
2025-07-11 13:15:14,700 - fiona._env - DEBUG - PROJ data found in package: path='P:\\corp\\central_clones\\python_geopandas\\Lib\\site-packages\\fiona\\proj_data'.
2025-07-11 13:15:16,463 - fiona._env - WARNING - PROJ: proj_identify: P:\corp\central_clones\python_geopandas\Lib\site-packages\fiona\proj_data\proj.db contains DATABASE.LAYOUT.VERSION.MINOR = 2 whereas a number >= 3 is expected. It comes from another PROJ installation.
2025-07-11 13:15:21,260 - fiona._env - WARNING - PROJ: proj_identify: P:\corp\central_clones\python_geopandas\Lib\site-packages\fiona\proj_data\proj.db contains DATABASE.LAYOUT.VERSION.MINOR = 2 whereas a number >= 3 is expected. It comes from another PROJ installation.
2025-07-11 13:15:21,667 - fiona._env - WARNING - PROJ: proj_identify: P:\corp\central_clones\python_geopandas\Lib\site-packages\fiona\proj_data\proj.db contains DATABASE.LAYOUT.VERSION.MINOR = 2 whereas a number >= 3 is expected. It comes from another PROJ installation.
2025-07-11 13:15:22,593 - fiona._env - DEBUG - GDAL_DATA found in environment.
2025-07-11 13:15:22,594 - fiona._env - DEBUG - PROJ data found in package: path='P:\\corp\\central_clones\\python_geopandas\\Lib\\site-packages\\fiona\\proj_data'.
2025-07-11 13:15:22,595 - fiona.ogrext - DEBUG - Got coordinate system
2025-07-11 13:15:22,607 - fiona.ogrext - DEBUG - Got coordinate system
2025-07-11 13:15:22,629 - fiona._env - WARNING - PROJ: proj_identify: P:\corp\central_clones\python_geopandas\Lib\site-packages\fiona\proj_data\proj.db contains DATABASE.LAYOUT.VERSION.MINOR = 2 whereas a number >= 3 is expected. It comes from another PROJ installation.
2025-07-11 13:15:22,629 - fiona.ogrext - DEBUG - OLC_FASTSETNEXTBYINDEX: 1
2025-07-11 13:15:22,630 - fiona.ogrext - DEBUG - OLC_FASTFEATURECOUNT: 1
2025-07-11 13:15:22,630 - fiona.ogrext - DEBUG - Next index: 0
2025-07-11 13:15:22,664 - fiona.collection - DEBUG - Flushed buffer
2025-07-11 13:15:22,666 - fiona.collection - DEBUG - Stopped session
2025-07-11 13:15:22,687 - fiona._env - DEBUG - GDAL_DATA found in environment.
2025-07-11 13:15:22,688 - fiona._env - DEBUG - PROJ data found in package: path='P:\\corp\\central_clones\\python_geopandas\\Lib\\site-packages\\fiona\\proj_data'.
2025-07-11 13:15:24,141 - fiona._env - WARNING - PROJ: proj_identify: P:\corp\central_clones\python_geopandas\Lib\site-packages\fiona\proj_data\proj.db contains DATABASE.LAYOUT.VERSION.MINOR = 2 whereas a number >= 3 is expected. It comes from another PROJ installation.
2025-07-11 13:15:29,210 - fiona._env - WARNING - PROJ: proj_identify: P:\corp\central_clones\python_geopandas\Lib\site-packages\fiona\proj_data\proj.db contains DATABASE.LAYOUT.VERSION.MINOR = 2 whereas a number >= 3 is expected. It comes from another PROJ installation.
2025-07-11 13:15:29,671 - fiona._env - WARNING - PROJ: proj_identify: P:\corp\central_clones\python_geopandas\Lib\site-packages\fiona\proj_data\proj.db contains DATABASE.LAYOUT.VERSION.MINOR = 2 whereas a number >= 3 is expected. It comes from another PROJ installation.
2025-07-11 13:15:30,767 - fiona._env - DEBUG - GDAL_DATA found in environment.
2025-07-11 13:15:30,770 - fiona._env - DEBUG - PROJ data found in package: path='P:\\corp\\central_clones\\python_geopandas\\Lib\\site-packages\\fiona\\proj_data'.
2025-07-11 13:15:30,771 - fiona.ogrext - DEBUG - Got coordinate system
2025-07-11 13:15:30,785 - fiona.ogrext - DEBUG - Got coordinate system
2025-07-11 13:15:30,811 - fiona._env - WARNING - PROJ: proj_identify: P:\corp\central_clones\python_geopandas\Lib\site-packages\fiona\proj_data\proj.db contains DATABASE.LAYOUT.VERSION.MINOR = 2 whereas a number >= 3 is expected. It comes from another PROJ installation.
2025-07-11 13:15:30,812 - fiona.ogrext - DEBUG - OLC_FASTSETNEXTBYINDEX: 1
2025-07-11 13:15:30,813 - fiona.ogrext - DEBUG - OLC_FASTFEATURECOUNT: 1
2025-07-11 13:15:30,813 - fiona.ogrext - DEBUG - Next index: 0
2025-07-11 13:15:30,854 - fiona.collection - DEBUG - Flushed buffer
2025-07-11 13:15:30,856 - fiona.collection - DEBUG - Stopped session
2025-07-11 13:15:30,878 - fiona._env - DEBUG - GDAL_DATA found in environment.
2025-07-11 13:15:30,880 - fiona._env - DEBUG - PROJ data found in package: path='P:\\corp\\central_clones\\python_geopandas\\Lib\\site-packages\\fiona\\proj_data'.
2025-07-11 13:15:32,662 - fiona._env - WARNING - PROJ: proj_identify: P:\corp\central_clones\python_geopandas\Lib\site-packages\fiona\proj_data\proj.db contains DATABASE.LAYOUT.VERSION.MINOR = 2 whereas a number >= 3 is expected. It comes from another PROJ installation.
2025-07-11 13:15:37,662 - fiona._env - WARNING - PROJ: proj_identify: P:\corp\central_clones\python_geopandas\Lib\site-packages\fiona\proj_data\proj.db contains DATABASE.LAYOUT.VERSION.MINOR = 2 whereas a number >= 3 is expected. It comes from another PROJ installation.
2025-07-11 13:15:42,523 - fiona._env - WARNING - PROJ: proj_identify: P:\corp\central_clones\python_geopandas\Lib\site-packages\fiona\proj_data\proj.db contains DATABASE.LAYOUT.VERSION.MINOR = 2 whereas a number >= 3 is expected. It comes from another PROJ installation.
2025-07-11 13:15:43,614 - fiona._env - DEBUG - GDAL_DATA found in environment.
2025-07-11 13:15:43,617 - fiona._env - DEBUG - PROJ data found in package: path='P:\\corp\\central_clones\\python_geopandas\\Lib\\site-packages\\fiona\\proj_data'.
2025-07-11 13:15:43,618 - fiona.ogrext - DEBUG - Got coordinate system
2025-07-11 13:15:43,629 - fiona.ogrext - DEBUG - Got coordinate system
2025-07-11 13:15:43,650 - fiona._env - WARNING - PROJ: proj_identify: P:\corp\central_clones\python_geopandas\Lib\site-packages\fiona\proj_data\proj.db contains DATABASE.LAYOUT.VERSION.MINOR = 2 whereas a number >= 3 is expected. It comes from another PROJ installation.
2025-07-11 13:15:43,651 - fiona.ogrext - DEBUG - OLC_FASTSETNEXTBYINDEX: 1
2025-07-11 13:15:43,651 - fiona.ogrext - DEBUG - OLC_FASTFEATURECOUNT: 1
2025-07-11 13:15:43,652 - fiona.ogrext - DEBUG - Next index: 0
2025-07-11 13:15:43,689 - fiona.collection - DEBUG - Flushed buffer
2025-07-11 13:15:43,692 - fiona.collection - DEBUG - Stopped session
2025-07-11 13:15:43,712 - fiona._env - DEBUG - GDAL_DATA found in environment.
2025-07-11 13:15:43,713 - fiona._env - DEBUG - PROJ data found in package: path='P:\\corp\\central_clones\\python_geopandas\\Lib\\site-packages\\fiona\\proj_data'.
2025-07-11 13:15:45,441 - fiona._env - WARNING - PROJ: proj_identify: P:\corp\central_clones\python_geopandas\Lib\site-packages\fiona\proj_data\proj.db contains DATABASE.LAYOUT.VERSION.MINOR = 2 whereas a number >= 3 is expected. It comes from another PROJ installation.
2025-07-11 13:15:50,157 - fiona._env - WARNING - PROJ: proj_identify: P:\corp\central_clones\python_geopandas\Lib\site-packages\fiona\proj_data\proj.db contains DATABASE.LAYOUT.VERSION.MINOR = 2 whereas a number >= 3 is expected. It comes from another PROJ installation.
2025-07-11 13:15:50,549 - fiona._env - WARNING - PROJ: proj_identify: P:\corp\central_clones\python_geopandas\Lib\site-packages\fiona\proj_data\proj.db contains DATABASE.LAYOUT.VERSION.MINOR = 2 whereas a number >= 3 is expected. It comes from another PROJ installation.
2025-07-11 13:15:51,449 - fiona._env - DEBUG - GDAL_DATA found in environment.
2025-07-11 13:15:51,450 - fiona._env - DEBUG - PROJ data found in package: path='P:\\corp\\central_clones\\python_geopandas\\Lib\\site-packages\\fiona\\proj_data'.
2025-07-11 13:15:51,451 - fiona.ogrext - DEBUG - Got coordinate system
2025-07-11 13:15:51,465 - fiona.ogrext - DEBUG - Got coordinate system
2025-07-11 13:15:51,486 - fiona._env - WARNING - PROJ: proj_identify: P:\corp\central_clones\python_geopandas\Lib\site-packages\fiona\proj_data\proj.db contains DATABASE.LAYOUT.VERSION.MINOR = 2 whereas a number >= 3 is expected. It comes from another PROJ installation.
2025-07-11 13:15:51,486 - fiona.ogrext - DEBUG - OLC_FASTSETNEXTBYINDEX: 1
2025-07-11 13:15:51,487 - fiona.ogrext - DEBUG - OLC_FASTFEATURECOUNT: 1
2025-07-11 13:15:51,487 - fiona.ogrext - DEBUG - Next index: 0
2025-07-11 13:15:51,521 - fiona.collection - DEBUG - Flushed buffer
2025-07-11 13:15:51,524 - fiona.collection - DEBUG - Stopped session
2025-07-11 13:15:51,544 - fiona._env - DEBUG - GDAL_DATA found in environment.
2025-07-11 13:15:51,545 - fiona._env - DEBUG - PROJ data found in package: path='P:\\corp\\central_clones\\python_geopandas\\Lib\\site-packages\\fiona\\proj_data'.
2025-07-11 13:15:53,044 - fiona._env - WARNING - PROJ: proj_identify: P:\corp\central_clones\python_geopandas\Lib\site-packages\fiona\proj_data\proj.db contains DATABASE.LAYOUT.VERSION.MINOR = 2 whereas a number >= 3 is expected. It comes from another PROJ installation.
2025-07-11 13:15:58,308 - fiona._env - WARNING - PROJ: proj_identify: P:\corp\central_clones\python_geopandas\Lib\site-packages\fiona\proj_data\proj.db contains DATABASE.LAYOUT.VERSION.MINOR = 2 whereas a number >= 3 is expected. It comes from another PROJ installation.
2025-07-11 13:15:58,710 - fiona._env - WARNING - PROJ: proj_identify: P:\corp\central_clones\python_geopandas\Lib\site-packages\fiona\proj_data\proj.db contains DATABASE.LAYOUT.VERSION.MINOR = 2 whereas a number >= 3 is expected. It comes from another PROJ installation.
2025-07-11 13:15:59,630 - fiona._env - DEBUG - GDAL_DATA found in environment.
2025-07-11 13:15:59,632 - fiona._env - DEBUG - PROJ data found in package: path='P:\\corp\\central_clones\\python_geopandas\\Lib\\site-packages\\fiona\\proj_data'.
2025-07-11 13:15:59,632 - fiona.ogrext - DEBUG - Got coordinate system
2025-07-11 13:15:59,644 - fiona.ogrext - DEBUG - Got coordinate system
2025-07-11 13:15:59,666 - fiona._env - WARNING - PROJ: proj_identify: P:\corp\central_clones\python_geopandas\Lib\site-packages\fiona\proj_data\proj.db contains DATABASE.LAYOUT.VERSION.MINOR = 2 whereas a number >= 3 is expected. It comes from another PROJ installation.
2025-07-11 13:15:59,666 - fiona.ogrext - DEBUG - OLC_FASTSETNEXTBYINDEX: 1
2025-07-11 13:15:59,667 - fiona.ogrext - DEBUG - OLC_FASTFEATURECOUNT: 1
2025-07-11 13:15:59,667 - fiona.ogrext - DEBUG - Next index: 0
2025-07-11 13:15:59,700 - fiona.collection - DEBUG - Flushed buffer
2025-07-11 13:15:59,703 - fiona.collection - DEBUG - Stopped session
2025-07-11 13:15:59,723 - fiona._env - DEBUG - GDAL_DATA found in environment.
2025-07-11 13:15:59,724 - fiona._env - DEBUG - PROJ data found in package: path='P:\\corp\\central_clones\\python_geopandas\\Lib\\site-packages\\fiona\\proj_data'.
2025-07-11 13:16:01,241 - fiona._env - WARNING - PROJ: proj_identify: P:\corp\central_clones\python_geopandas\Lib\site-packages\fiona\proj_data\proj.db contains DATABASE.LAYOUT.VERSION.MINOR = 2 whereas a number >= 3 is expected. It comes from another PROJ installation.
2025-07-11 13:16:06,413 - fiona._env - WARNING - PROJ: proj_identify: P:\corp\central_clones\python_geopandas\Lib\site-packages\fiona\proj_data\proj.db contains DATABASE.LAYOUT.VERSION.MINOR = 2 whereas a number >= 3 is expected. It comes from another PROJ installation.
2025-07-11 13:16:06,829 - fiona._env - WARNING - PROJ: proj_identify: P:\corp\central_clones\python_geopandas\Lib\site-packages\fiona\proj_data\proj.db contains DATABASE.LAYOUT.VERSION.MINOR = 2 whereas a number >= 3 is expected. It comes from another PROJ installation.
2025-07-11 13:16:07,738 - fiona._env - DEBUG - GDAL_DATA found in environment.
2025-07-11 13:16:07,740 - fiona._env - DEBUG - PROJ data found in package: path='P:\\corp\\central_clones\\python_geopandas\\Lib\\site-packages\\fiona\\proj_data'.
2025-07-11 13:16:07,740 - fiona.ogrext - DEBUG - Got coordinate system
2025-07-11 13:16:07,752 - fiona.ogrext - DEBUG - Got coordinate system
2025-07-11 13:16:07,772 - fiona._env - WARNING - PROJ: proj_identify: P:\corp\central_clones\python_geopandas\Lib\site-packages\fiona\proj_data\proj.db contains DATABASE.LAYOUT.VERSION.MINOR = 2 whereas a number >= 3 is expected. It comes from another PROJ installation.
2025-07-11 13:16:07,773 - fiona.ogrext - DEBUG - OLC_FASTSETNEXTBYINDEX: 1
2025-07-11 13:16:07,773 - fiona.ogrext - DEBUG - OLC_FASTFEATURECOUNT: 1
2025-07-11 13:16:07,774 - fiona.ogrext - DEBUG - Next index: 0
2025-07-11 13:16:07,808 - fiona.collection - DEBUG - Flushed buffer
2025-07-11 13:16:07,810 - fiona.collection - DEBUG - Stopped session
2025-07-11 13:16:07,830 - fiona._env - DEBUG - GDAL_DATA found in environment.
2025-07-11 13:16:07,831 - fiona._env - DEBUG - PROJ data found in package: path='P:\\corp\\central_clones\\python_geopandas\\Lib\\site-packages\\fiona\\proj_data'.
2025-07-11 13:16:09,341 - fiona._env - WARNING - PROJ: proj_identify: P:\corp\central_clones\python_geopandas\Lib\site-packages\fiona\proj_data\proj.db contains DATABASE.LAYOUT.VERSION.MINOR = 2 whereas a number >= 3 is expected. It comes from another PROJ installation.
2025-07-11 13:16:14,245 - fiona._env - WARNING - PROJ: proj_identify: P:\corp\central_clones\python_geopandas\Lib\site-packages\fiona\proj_data\proj.db contains DATABASE.LAYOUT.VERSION.MINOR = 2 whereas a number >= 3 is expected. It comes from another PROJ installation.
2025-07-11 13:16:14,727 - fiona._env - WARNING - PROJ: proj_identify: P:\corp\central_clones\python_geopandas\Lib\site-packages\fiona\proj_data\proj.db contains DATABASE.LAYOUT.VERSION.MINOR = 2 whereas a number >= 3 is expected. It comes from another PROJ installation.
2025-07-11 13:16:15,740 - fiona._env - DEBUG - GDAL_DATA found in environment.
2025-07-11 13:16:15,742 - fiona._env - DEBUG - PROJ data found in package: path='P:\\corp\\central_clones\\python_geopandas\\Lib\\site-packages\\fiona\\proj_data'.
2025-07-11 13:16:15,742 - fiona.ogrext - DEBUG - Got coordinate system
2025-07-11 13:16:15,754 - fiona.ogrext - DEBUG - Got coordinate system
2025-07-11 13:16:15,775 - fiona._env - WARNING - PROJ: proj_identify: P:\corp\central_clones\python_geopandas\Lib\site-packages\fiona\proj_data\proj.db contains DATABASE.LAYOUT.VERSION.MINOR = 2 whereas a number >= 3 is expected. It comes from another PROJ installation.
2025-07-11 13:16:15,776 - fiona.ogrext - DEBUG - OLC_FASTSETNEXTBYINDEX: 1
2025-07-11 13:16:15,776 - fiona.ogrext - DEBUG - OLC_FASTFEATURECOUNT: 1
2025-07-11 13:16:15,776 - fiona.ogrext - DEBUG - Next index: 0
2025-07-11 13:16:15,810 - fiona.collection - DEBUG - Flushed buffer
2025-07-11 13:16:15,812 - fiona.collection - DEBUG - Stopped session
2025-07-11 13:16:15,832 - fiona._env - DEBUG - GDAL_DATA found in environment.
2025-07-11 13:16:15,834 - fiona._env - DEBUG - PROJ data found in package: path='P:\\corp\\central_clones\\python_geopandas\\Lib\\site-packages\\fiona\\proj_data'.
2025-07-11 13:16:17,491 - fiona._env - WARNING - PROJ: proj_identify: P:\corp\central_clones\python_geopandas\Lib\site-packages\fiona\proj_data\proj.db contains DATABASE.LAYOUT.VERSION.MINOR = 2 whereas a number >= 3 is expected. It comes from another PROJ installation.
2025-07-11 13:16:22,426 - fiona._env - WARNING - PROJ: proj_identify: P:\corp\central_clones\python_geopandas\Lib\site-packages\fiona\proj_data\proj.db contains DATABASE.LAYOUT.VERSION.MINOR = 2 whereas a number >= 3 is expected. It comes from another PROJ installation.
2025-07-11 13:16:22,829 - fiona._env - WARNING - PROJ: proj_identify: P:\corp\central_clones\python_geopandas\Lib\site-packages\fiona\proj_data\proj.db contains DATABASE.LAYOUT.VERSION.MINOR = 2 whereas a number >= 3 is expected. It comes from another PROJ installation.
2025-07-11 13:16:23,735 - fiona._env - DEBUG - GDAL_DATA found in environment.
2025-07-11 13:16:23,737 - fiona._env - DEBUG - PROJ data found in package: path='P:\\corp\\central_clones\\python_geopandas\\Lib\\site-packages\\fiona\\proj_data'.
2025-07-11 13:16:23,738 - fiona.ogrext - DEBUG - Got coordinate system
2025-07-11 13:16:23,749 - fiona.ogrext - DEBUG - Got coordinate system
2025-07-11 13:16:23,769 - fiona._env - WARNING - PROJ: proj_identify: P:\corp\central_clones\python_geopandas\Lib\site-packages\fiona\proj_data\proj.db contains DATABASE.LAYOUT.VERSION.MINOR = 2 whereas a number >= 3 is expected. It comes from another PROJ installation.
2025-07-11 13:16:23,770 - fiona.ogrext - DEBUG - OLC_FASTSETNEXTBYINDEX: 1
2025-07-11 13:16:23,770 - fiona.ogrext - DEBUG - OLC_FASTFEATURECOUNT: 1
2025-07-11 13:16:23,771 - fiona.ogrext - DEBUG - Next index: 0
2025-07-11 13:16:23,809 - fiona.collection - DEBUG - Flushed buffer
2025-07-11 13:16:23,811 - fiona.collection - DEBUG - Stopped session
2025-07-11 13:16:23,830 - fiona._env - DEBUG - GDAL_DATA found in environment.
2025-07-11 13:16:23,832 - fiona._env - DEBUG - PROJ data found in package: path='P:\\corp\\central_clones\\python_geopandas\\Lib\\site-packages\\fiona\\proj_data'.
2025-07-11 13:16:25,329 - fiona._env - WARNING - PROJ: proj_identify: P:\corp\central_clones\python_geopandas\Lib\site-packages\fiona\proj_data\proj.db contains DATABASE.LAYOUT.VERSION.MINOR = 2 whereas a number >= 3 is expected. It comes from another PROJ installation.
2025-07-11 13:16:30,008 - fiona._env - WARNING - PROJ: proj_identify: P:\corp\central_clones\python_geopandas\Lib\site-packages\fiona\proj_data\proj.db contains DATABASE.LAYOUT.VERSION.MINOR = 2 whereas a number >= 3 is expected. It comes from another PROJ installation.
2025-07-11 13:16:30,397 - fiona._env - WARNING - PROJ: proj_identify: P:\corp\central_clones\python_geopandas\Lib\site-packages\fiona\proj_data\proj.db contains DATABASE.LAYOUT.VERSION.MINOR = 2 whereas a number >= 3 is expected. It comes from another PROJ installation.
2025-07-11 13:16:31,291 - fiona._env - DEBUG - GDAL_DATA found in environment.
2025-07-11 13:16:31,293 - fiona._env - DEBUG - PROJ data found in package: path='P:\\corp\\central_clones\\python_geopandas\\Lib\\site-packages\\fiona\\proj_data'.
2025-07-11 13:16:31,293 - fiona.ogrext - DEBUG - Got coordinate system
2025-07-11 13:16:31,305 - fiona.ogrext - DEBUG - Got coordinate system
2025-07-11 13:16:31,326 - fiona._env - WARNING - PROJ: proj_identify: P:\corp\central_clones\python_geopandas\Lib\site-packages\fiona\proj_data\proj.db contains DATABASE.LAYOUT.VERSION.MINOR = 2 whereas a number >= 3 is expected. It comes from another PROJ installation.
2025-07-11 13:16:31,327 - fiona.ogrext - DEBUG - OLC_FASTSETNEXTBYINDEX: 1
2025-07-11 13:16:31,327 - fiona.ogrext - DEBUG - OLC_FASTFEATURECOUNT: 1
2025-07-11 13:16:31,327 - fiona.ogrext - DEBUG - Next index: 0
2025-07-11 13:16:31,361 - fiona.collection - DEBUG - Flushed buffer
2025-07-11 13:16:31,363 - fiona.collection - DEBUG - Stopped session
2025-07-11 13:16:31,383 - fiona._env - DEBUG - GDAL_DATA found in environment.
2025-07-11 13:16:31,384 - fiona._env - DEBUG - PROJ data found in package: path='P:\\corp\\central_clones\\python_geopandas\\Lib\\site-packages\\fiona\\proj_data'.
2025-07-11 13:16:33,224 - fiona._env - WARNING - PROJ: proj_identify: P:\corp\central_clones\python_geopandas\Lib\site-packages\fiona\proj_data\proj.db contains DATABASE.LAYOUT.VERSION.MINOR = 2 whereas a number >= 3 is expected. It comes from another PROJ installation.
2025-07-11 13:16:38,460 - fiona._env - WARNING - PROJ: proj_identify: P:\corp\central_clones\python_geopandas\Lib\site-packages\fiona\proj_data\proj.db contains DATABASE.LAYOUT.VERSION.MINOR = 2 whereas a number >= 3 is expected. It comes from another PROJ installation.
2025-07-11 13:16:38,936 - fiona._env - WARNING - PROJ: proj_identify: P:\corp\central_clones\python_geopandas\Lib\site-packages\fiona\proj_data\proj.db contains DATABASE.LAYOUT.VERSION.MINOR = 2 whereas a number >= 3 is expected. It comes from another PROJ installation.
2025-07-11 13:16:40,010 - fiona._env - DEBUG - GDAL_DATA found in environment.
2025-07-11 13:16:40,012 - fiona._env - DEBUG - PROJ data found in package: path='P:\\corp\\central_clones\\python_geopandas\\Lib\\site-packages\\fiona\\proj_data'.
2025-07-11 13:16:40,012 - fiona.ogrext - DEBUG - Got coordinate system
2025-07-11 13:16:40,024 - fiona.ogrext - DEBUG - Got coordinate system
2025-07-11 13:16:40,050 - fiona._env - WARNING - PROJ: proj_identify: P:\corp\central_clones\python_geopandas\Lib\site-packages\fiona\proj_data\proj.db contains DATABASE.LAYOUT.VERSION.MINOR = 2 whereas a number >= 3 is expected. It comes from another PROJ installation.
2025-07-11 13:16:40,051 - fiona.ogrext - DEBUG - OLC_FASTSETNEXTBYINDEX: 1
2025-07-11 13:16:40,052 - fiona.ogrext - DEBUG - OLC_FASTFEATURECOUNT: 1
2025-07-11 13:16:40,052 - fiona.ogrext - DEBUG - Next index: 0
2025-07-11 13:16:40,093 - fiona.collection - DEBUG - Flushed buffer
2025-07-11 13:16:40,096 - fiona.collection - DEBUG - Stopped session
2025-07-11 13:16:40,116 - fiona._env - DEBUG - GDAL_DATA found in environment.
2025-07-11 13:16:40,118 - fiona._env - DEBUG - PROJ data found in package: path='P:\\corp\\central_clones\\python_geopandas\\Lib\\site-packages\\fiona\\proj_data'.
2025-07-11 13:16:41,676 - fiona._env - WARNING - PROJ: proj_identify: P:\corp\central_clones\python_geopandas\Lib\site-packages\fiona\proj_data\proj.db contains DATABASE.LAYOUT.VERSION.MINOR = 2 whereas a number >= 3 is expected. It comes from another PROJ installation.
2025-07-11 13:16:46,890 - fiona._env - WARNING - PROJ: proj_identify: P:\corp\central_clones\python_geopandas\Lib\site-packages\fiona\proj_data\proj.db contains DATABASE.LAYOUT.VERSION.MINOR = 2 whereas a number >= 3 is expected. It comes from another PROJ installation.
2025-07-11 13:16:47,286 - fiona._env - WARNING - PROJ: proj_identify: P:\corp\central_clones\python_geopandas\Lib\site-packages\fiona\proj_data\proj.db contains DATABASE.LAYOUT.VERSION.MINOR = 2 whereas a number >= 3 is expected. It comes from another PROJ installation.
2025-07-11 13:16:48,344 - fiona._env - DEBUG - GDAL_DATA found in environment.
2025-07-11 13:16:48,345 - fiona._env - DEBUG - PROJ data found in package: path='P:\\corp\\central_clones\\python_geopandas\\Lib\\site-packages\\fiona\\proj_data'.
2025-07-11 13:16:48,346 - fiona.ogrext - DEBUG - Got coordinate system
2025-07-11 13:16:48,361 - fiona.ogrext - DEBUG - Got coordinate system
2025-07-11 13:16:48,389 - fiona._env - WARNING - PROJ: proj_identify: P:\corp\central_clones\python_geopandas\Lib\site-packages\fiona\proj_data\proj.db contains DATABASE.LAYOUT.VERSION.MINOR = 2 whereas a number >= 3 is expected. It comes from another PROJ installation.
2025-07-11 13:16:48,390 - fiona.ogrext - DEBUG - OLC_FASTSETNEXTBYINDEX: 1
2025-07-11 13:16:48,391 - fiona.ogrext - DEBUG - OLC_FASTFEATURECOUNT: 1
2025-07-11 13:16:48,391 - fiona.ogrext - DEBUG - Next index: 0
2025-07-11 13:16:48,428 - fiona.collection - DEBUG - Flushed buffer
2025-07-11 13:16:48,431 - fiona.collection - DEBUG - Stopped session
2025-07-11 13:16:48,453 - fiona._env - DEBUG - GDAL_DATA found in environment.
2025-07-11 13:16:48,455 - fiona._env - DEBUG - PROJ data found in package: path='P:\\corp\\central_clones\\python_geopandas\\Lib\\site-packages\\fiona\\proj_data'.
2025-07-11 13:16:50,145 - fiona._env - WARNING - PROJ: proj_identify: P:\corp\central_clones\python_geopandas\Lib\site-packages\fiona\proj_data\proj.db contains DATABASE.LAYOUT.VERSION.MINOR = 2 whereas a number >= 3 is expected. It comes from another PROJ installation.
2025-07-11 13:16:55,884 - fiona._env - WARNING - PROJ: proj_identify: P:\corp\central_clones\python_geopandas\Lib\site-packages\fiona\proj_data\proj.db contains DATABASE.LAYOUT.VERSION.MINOR = 2 whereas a number >= 3 is expected. It comes from another PROJ installation.
2025-07-11 13:16:56,407 - fiona._env - WARNING - PROJ: proj_identify: P:\corp\central_clones\python_geopandas\Lib\site-packages\fiona\proj_data\proj.db contains DATABASE.LAYOUT.VERSION.MINOR = 2 whereas a number >= 3 is expected. It comes from another PROJ installation.
2025-07-11 13:16:57,522 - fiona._env - DEBUG - GDAL_DATA found in environment.
2025-07-11 13:16:57,523 - fiona._env - DEBUG - PROJ data found in package: path='P:\\corp\\central_clones\\python_geopandas\\Lib\\site-packages\\fiona\\proj_data'.
2025-07-11 13:16:57,524 - fiona.ogrext - DEBUG - Got coordinate system
2025-07-11 13:16:57,539 - fiona.ogrext - DEBUG - Got coordinate system
2025-07-11 13:16:57,563 - fiona._env - WARNING - PROJ: proj_identify: P:\corp\central_clones\python_geopandas\Lib\site-packages\fiona\proj_data\proj.db contains DATABASE.LAYOUT.VERSION.MINOR = 2 whereas a number >= 3 is expected. It comes from another PROJ installation.
2025-07-11 13:16:57,563 - fiona.ogrext - DEBUG - OLC_FASTSETNEXTBYINDEX: 1
2025-07-11 13:16:57,564 - fiona.ogrext - DEBUG - OLC_FASTFEATURECOUNT: 1
2025-07-11 13:16:57,564 - fiona.ogrext - DEBUG - Next index: 0
2025-07-11 13:16:57,602 - fiona.collection - DEBUG - Flushed buffer
2025-07-11 13:16:57,605 - fiona.collection - DEBUG - Stopped session
2025-07-11 13:16:57,628 - fiona._env - DEBUG - GDAL_DATA found in environment.
2025-07-11 13:16:57,629 - fiona._env - DEBUG - PROJ data found in package: path='P:\\corp\\central_clones\\python_geopandas\\Lib\\site-packages\\fiona\\proj_data'.
2025-07-11 13:16:59,336 - fiona._env - WARNING - PROJ: proj_identify: P:\corp\central_clones\python_geopandas\Lib\site-packages\fiona\proj_data\proj.db contains DATABASE.LAYOUT.VERSION.MINOR = 2 whereas a number >= 3 is expected. It comes from another PROJ installation.
2025-07-11 13:17:04,437 - fiona._env - WARNING - PROJ: proj_identify: P:\corp\central_clones\python_geopandas\Lib\site-packages\fiona\proj_data\proj.db contains DATABASE.LAYOUT.VERSION.MINOR = 2 whereas a number >= 3 is expected. It comes from another PROJ installation.
2025-07-11 13:17:04,915 - fiona._env - WARNING - PROJ: proj_identify: P:\corp\central_clones\python_geopandas\Lib\site-packages\fiona\proj_data\proj.db contains DATABASE.LAYOUT.VERSION.MINOR = 2 whereas a number >= 3 is expected. It comes from another PROJ installation.
2025-07-11 13:17:05,965 - fiona._env - DEBUG - GDAL_DATA found in environment.
2025-07-11 13:17:05,968 - fiona._env - DEBUG - PROJ data found in package: path='P:\\corp\\central_clones\\python_geopandas\\Lib\\site-packages\\fiona\\proj_data'.
2025-07-11 13:17:05,969 - fiona.ogrext - DEBUG - Got coordinate system
2025-07-11 13:17:05,984 - fiona.ogrext - DEBUG - Got coordinate system
2025-07-11 13:17:06,014 - fiona._env - WARNING - PROJ: proj_identify: P:\corp\central_clones\python_geopandas\Lib\site-packages\fiona\proj_data\proj.db contains DATABASE.LAYOUT.VERSION.MINOR = 2 whereas a number >= 3 is expected. It comes from another PROJ installation.
2025-07-11 13:17:06,015 - fiona.ogrext - DEBUG - OLC_FASTSETNEXTBYINDEX: 1
2025-07-11 13:17:06,015 - fiona.ogrext - DEBUG - OLC_FASTFEATURECOUNT: 1
2025-07-11 13:17:06,016 - fiona.ogrext - DEBUG - Next index: 0
2025-07-11 13:17:06,058 - fiona.collection - DEBUG - Flushed buffer
2025-07-11 13:17:06,061 - fiona.collection - DEBUG - Stopped session
2025-07-11 13:17:06,083 - fiona._env - DEBUG - GDAL_DATA found in environment.
2025-07-11 13:17:06,086 - fiona._env - DEBUG - PROJ data found in package: path='P:\\corp\\central_clones\\python_geopandas\\Lib\\site-packages\\fiona\\proj_data'.
2025-07-11 13:17:07,708 - fiona._env - WARNING - PROJ: proj_identify: P:\corp\central_clones\python_geopandas\Lib\site-packages\fiona\proj_data\proj.db contains DATABASE.LAYOUT.VERSION.MINOR = 2 whereas a number >= 3 is expected. It comes from another PROJ installation.
2025-07-11 13:17:13,304 - fiona._env - WARNING - PROJ: proj_identify: P:\corp\central_clones\python_geopandas\Lib\site-packages\fiona\proj_data\proj.db contains DATABASE.LAYOUT.VERSION.MINOR = 2 whereas a number >= 3 is expected. It comes from another PROJ installation.
2025-07-11 13:17:13,735 - fiona._env - WARNING - PROJ: proj_identify: P:\corp\central_clones\python_geopandas\Lib\site-packages\fiona\proj_data\proj.db contains DATABASE.LAYOUT.VERSION.MINOR = 2 whereas a number >= 3 is expected. It comes from another PROJ installation.
2025-07-11 13:17:14,901 - fiona._env - DEBUG - GDAL_DATA found in environment.
2025-07-11 13:17:14,903 - fiona._env - DEBUG - PROJ data found in package: path='P:\\corp\\central_clones\\python_geopandas\\Lib\\site-packages\\fiona\\proj_data'.
2025-07-11 13:17:14,903 - fiona.ogrext - DEBUG - Got coordinate system
2025-07-11 13:17:14,917 - fiona.ogrext - DEBUG - Got coordinate system
2025-07-11 13:17:14,941 - fiona._env - WARNING - PROJ: proj_identify: P:\corp\central_clones\python_geopandas\Lib\site-packages\fiona\proj_data\proj.db contains DATABASE.LAYOUT.VERSION.MINOR = 2 whereas a number >= 3 is expected. It comes from another PROJ installation.
2025-07-11 13:17:14,942 - fiona.ogrext - DEBUG - OLC_FASTSETNEXTBYINDEX: 1
2025-07-11 13:17:14,943 - fiona.ogrext - DEBUG - OLC_FASTFEATURECOUNT: 1
2025-07-11 13:17:14,943 - fiona.ogrext - DEBUG - Next index: 0
2025-07-11 13:17:14,983 - fiona.collection - DEBUG - Flushed buffer
2025-07-11 13:17:14,985 - fiona.collection - DEBUG - Stopped session
2025-07-11 13:17:15,006 - fiona._env - DEBUG - GDAL_DATA found in environment.
2025-07-11 13:17:15,008 - fiona._env - DEBUG - PROJ data found in package: path='P:\\corp\\central_clones\\python_geopandas\\Lib\\site-packages\\fiona\\proj_data'.
2025-07-11 13:17:16,736 - fiona._env - WARNING - PROJ: proj_identify: P:\corp\central_clones\python_geopandas\Lib\site-packages\fiona\proj_data\proj.db contains DATABASE.LAYOUT.VERSION.MINOR = 2 whereas a number >= 3 is expected. It comes from another PROJ installation.
2025-07-11 13:17:21,557 - fiona._env - WARNING - PROJ: proj_identify: P:\corp\central_clones\python_geopandas\Lib\site-packages\fiona\proj_data\proj.db contains DATABASE.LAYOUT.VERSION.MINOR = 2 whereas a number >= 3 is expected. It comes from another PROJ installation.
2025-07-11 13:17:21,943 - fiona._env - WARNING - PROJ: proj_identify: P:\corp\central_clones\python_geopandas\Lib\site-packages\fiona\proj_data\proj.db contains DATABASE.LAYOUT.VERSION.MINOR = 2 whereas a number >= 3 is expected. It comes from another PROJ installation.
2025-07-11 13:17:22,826 - fiona._env - DEBUG - GDAL_DATA found in environment.
2025-07-11 13:17:22,828 - fiona._env - DEBUG - PROJ data found in package: path='P:\\corp\\central_clones\\python_geopandas\\Lib\\site-packages\\fiona\\proj_data'.
2025-07-11 13:17:22,828 - fiona.ogrext - DEBUG - Got coordinate system
2025-07-11 13:17:22,839 - fiona.ogrext - DEBUG - Got coordinate system
2025-07-11 13:17:22,861 - fiona._env - WARNING - PROJ: proj_identify: P:\corp\central_clones\python_geopandas\Lib\site-packages\fiona\proj_data\proj.db contains DATABASE.LAYOUT.VERSION.MINOR = 2 whereas a number >= 3 is expected. It comes from another PROJ installation.
2025-07-11 13:17:22,861 - fiona.ogrext - DEBUG - OLC_FASTSETNEXTBYINDEX: 1
2025-07-11 13:17:22,862 - fiona.ogrext - DEBUG - OLC_FASTFEATURECOUNT: 1
2025-07-11 13:17:22,862 - fiona.ogrext - DEBUG - Next index: 0
2025-07-11 13:17:22,895 - fiona.collection - DEBUG - Flushed buffer
2025-07-11 13:17:22,898 - fiona.collection - DEBUG - Stopped session
2025-07-11 13:17:22,917 - fiona._env - DEBUG - GDAL_DATA found in environment.
2025-07-11 13:17:22,918 - fiona._env - DEBUG - PROJ data found in package: path='P:\\corp\\central_clones\\python_geopandas\\Lib\\site-packages\\fiona\\proj_data'.
2025-07-11 13:17:24,383 - fiona._env - WARNING - PROJ: proj_identify: P:\corp\central_clones\python_geopandas\Lib\site-packages\fiona\proj_data\proj.db contains DATABASE.LAYOUT.VERSION.MINOR = 2 whereas a number >= 3 is expected. It comes from another PROJ installation.
2025-07-11 13:17:29,157 - fiona._env - WARNING - PROJ: proj_identify: P:\corp\central_clones\python_geopandas\Lib\site-packages\fiona\proj_data\proj.db contains DATABASE.LAYOUT.VERSION.MINOR = 2 whereas a number >= 3 is expected. It comes from another PROJ installation.
2025-07-11 13:17:29,554 - fiona._env - WARNING - PROJ: proj_identify: P:\corp\central_clones\python_geopandas\Lib\site-packages\fiona\proj_data\proj.db contains DATABASE.LAYOUT.VERSION.MINOR = 2 whereas a number >= 3 is expected. It comes from another PROJ installation.
2025-07-11 13:17:30,506 - fiona._env - DEBUG - GDAL_DATA found in environment.
2025-07-11 13:17:30,507 - fiona._env - DEBUG - PROJ data found in package: path='P:\\corp\\central_clones\\python_geopandas\\Lib\\site-packages\\fiona\\proj_data'.
2025-07-11 13:17:30,508 - fiona.ogrext - DEBUG - Got coordinate system
2025-07-11 13:17:30,523 - fiona.ogrext - DEBUG - Got coordinate system
2025-07-11 13:17:30,552 - fiona._env - WARNING - PROJ: proj_identify: P:\corp\central_clones\python_geopandas\Lib\site-packages\fiona\proj_data\proj.db contains DATABASE.LAYOUT.VERSION.MINOR = 2 whereas a number >= 3 is expected. It comes from another PROJ installation.
2025-07-11 13:17:30,553 - fiona.ogrext - DEBUG - OLC_FASTSETNEXTBYINDEX: 1
2025-07-11 13:17:30,553 - fiona.ogrext - DEBUG - OLC_FASTFEATURECOUNT: 1
2025-07-11 13:17:30,553 - fiona.ogrext - DEBUG - Next index: 0
2025-07-11 13:17:30,594 - fiona.collection - DEBUG - Flushed buffer
2025-07-11 13:17:30,596 - fiona.collection - DEBUG - Stopped session
2025-07-11 13:17:30,620 - fiona._env - DEBUG - GDAL_DATA found in environment.
2025-07-11 13:17:30,621 - fiona._env - DEBUG - PROJ data found in package: path='P:\\corp\\central_clones\\python_geopandas\\Lib\\site-packages\\fiona\\proj_data'.
2025-07-11 13:17:32,389 - fiona._env - WARNING - PROJ: proj_identify: P:\corp\central_clones\python_geopandas\Lib\site-packages\fiona\proj_data\proj.db contains DATABASE.LAYOUT.VERSION.MINOR = 2 whereas a number >= 3 is expected. It comes from another PROJ installation.
2025-07-11 13:17:37,653 - fiona._env - WARNING - PROJ: proj_identify: P:\corp\central_clones\python_geopandas\Lib\site-packages\fiona\proj_data\proj.db contains DATABASE.LAYOUT.VERSION.MINOR = 2 whereas a number >= 3 is expected. It comes from another PROJ installation.
2025-07-11 13:17:38,036 - fiona._env - WARNING - PROJ: proj_identify: P:\corp\central_clones\python_geopandas\Lib\site-packages\fiona\proj_data\proj.db contains DATABASE.LAYOUT.VERSION.MINOR = 2 whereas a number >= 3 is expected. It comes from another PROJ installation.
2025-07-11 13:17:38,936 - fiona._env - DEBUG - GDAL_DATA found in environment.
2025-07-11 13:17:38,938 - fiona._env - DEBUG - PROJ data found in package: path='P:\\corp\\central_clones\\python_geopandas\\Lib\\site-packages\\fiona\\proj_data'.
2025-07-11 13:17:38,938 - fiona.ogrext - DEBUG - Got coordinate system
2025-07-11 13:17:38,949 - fiona.ogrext - DEBUG - Got coordinate system
2025-07-11 13:17:38,971 - fiona._env - WARNING - PROJ: proj_identify: P:\corp\central_clones\python_geopandas\Lib\site-packages\fiona\proj_data\proj.db contains DATABASE.LAYOUT.VERSION.MINOR = 2 whereas a number >= 3 is expected. It comes from another PROJ installation.
2025-07-11 13:17:38,971 - fiona.ogrext - DEBUG - OLC_FASTSETNEXTBYINDEX: 1
2025-07-11 13:17:38,972 - fiona.ogrext - DEBUG - OLC_FASTFEATURECOUNT: 1
2025-07-11 13:17:38,972 - fiona.ogrext - DEBUG - Next index: 0
2025-07-11 13:17:39,011 - fiona.collection - DEBUG - Flushed buffer
2025-07-11 13:17:39,014 - fiona.collection - DEBUG - Stopped session
2025-07-11 13:17:39,034 - fiona._env - DEBUG - GDAL_DATA found in environment.
2025-07-11 13:17:39,035 - fiona._env - DEBUG - PROJ data found in package: path='P:\\corp\\central_clones\\python_geopandas\\Lib\\site-packages\\fiona\\proj_data'.
2025-07-11 13:17:40,730 - fiona._env - WARNING - PROJ: proj_identify: P:\corp\central_clones\python_geopandas\Lib\site-packages\fiona\proj_data\proj.db contains DATABASE.LAYOUT.VERSION.MINOR = 2 whereas a number >= 3 is expected. It comes from another PROJ installation.
2025-07-11 13:17:45,986 - fiona._env - WARNING - PROJ: proj_identify: P:\corp\central_clones\python_geopandas\Lib\site-packages\fiona\proj_data\proj.db contains DATABASE.LAYOUT.VERSION.MINOR = 2 whereas a number >= 3 is expected. It comes from another PROJ installation.
2025-07-11 13:17:46,395 - fiona._env - WARNING - PROJ: proj_identify: P:\corp\central_clones\python_geopandas\Lib\site-packages\fiona\proj_data\proj.db contains DATABASE.LAYOUT.VERSION.MINOR = 2 whereas a number >= 3 is expected. It comes from another PROJ installation.
2025-07-11 13:17:47,496 - fiona._env - DEBUG - GDAL_DATA found in environment.
2025-07-11 13:17:47,498 - fiona._env - DEBUG - PROJ data found in package: path='P:\\corp\\central_clones\\python_geopandas\\Lib\\site-packages\\fiona\\proj_data'.
2025-07-11 13:17:47,499 - fiona.ogrext - DEBUG - Got coordinate system
2025-07-11 13:17:47,512 - fiona.ogrext - DEBUG - Got coordinate system
2025-07-11 13:17:47,539 - fiona._env - WARNING - PROJ: proj_identify: P:\corp\central_clones\python_geopandas\Lib\site-packages\fiona\proj_data\proj.db contains DATABASE.LAYOUT.VERSION.MINOR = 2 whereas a number >= 3 is expected. It comes from another PROJ installation.
2025-07-11 13:17:47,540 - fiona.ogrext - DEBUG - OLC_FASTSETNEXTBYINDEX: 1
2025-07-11 13:17:47,540 - fiona.ogrext - DEBUG - OLC_FASTFEATURECOUNT: 1
2025-07-11 13:17:47,541 - fiona.ogrext - DEBUG - Next index: 0
2025-07-11 13:17:47,584 - fiona.collection - DEBUG - Flushed buffer
2025-07-11 13:17:47,587 - fiona.collection - DEBUG - Stopped session
2025-07-11 13:17:47,609 - fiona._env - DEBUG - GDAL_DATA found in environment.
2025-07-11 13:17:47,610 - fiona._env - DEBUG - PROJ data found in package: path='P:\\corp\\central_clones\\python_geopandas\\Lib\\site-packages\\fiona\\proj_data'.
2025-07-11 13:17:49,419 - fiona._env - WARNING - PROJ: proj_identify: P:\corp\central_clones\python_geopandas\Lib\site-packages\fiona\proj_data\proj.db contains DATABASE.LAYOUT.VERSION.MINOR = 2 whereas a number >= 3 is expected. It comes from another PROJ installation.
2025-07-11 13:17:55,329 - fiona._env - WARNING - PROJ: proj_identify: P:\corp\central_clones\python_geopandas\Lib\site-packages\fiona\proj_data\proj.db contains DATABASE.LAYOUT.VERSION.MINOR = 2 whereas a number >= 3 is expected. It comes from another PROJ installation.
2025-07-11 13:17:55,821 - fiona._env - WARNING - PROJ: proj_identify: P:\corp\central_clones\python_geopandas\Lib\site-packages\fiona\proj_data\proj.db contains DATABASE.LAYOUT.VERSION.MINOR = 2 whereas a number >= 3 is expected. It comes from another PROJ installation.
2025-07-11 13:17:56,991 - fiona._env - DEBUG - GDAL_DATA found in environment.
2025-07-11 13:17:56,992 - fiona._env - DEBUG - PROJ data found in package: path='P:\\corp\\central_clones\\python_geopandas\\Lib\\site-packages\\fiona\\proj_data'.
2025-07-11 13:17:56,993 - fiona.ogrext - DEBUG - Got coordinate system
2025-07-11 13:17:57,005 - fiona.ogrext - DEBUG - Got coordinate system
2025-07-11 13:17:57,035 - fiona._env - WARNING - PROJ: proj_identify: P:\corp\central_clones\python_geopandas\Lib\site-packages\fiona\proj_data\proj.db contains DATABASE.LAYOUT.VERSION.MINOR = 2 whereas a number >= 3 is expected. It comes from another PROJ installation.
2025-07-11 13:17:57,036 - fiona.ogrext - DEBUG - OLC_FASTSETNEXTBYINDEX: 1
2025-07-11 13:17:57,037 - fiona.ogrext - DEBUG - OLC_FASTFEATURECOUNT: 1
2025-07-11 13:17:57,038 - fiona.ogrext - DEBUG - Next index: 0
2025-07-11 13:17:57,081 - fiona.collection - DEBUG - Flushed buffer
2025-07-11 13:17:57,084 - fiona.collection - DEBUG - Stopped session
2025-07-11 13:17:57,106 - fiona._env - DEBUG - GDAL_DATA found in environment.
2025-07-11 13:17:57,108 - fiona._env - DEBUG - PROJ data found in package: path='P:\\corp\\central_clones\\python_geopandas\\Lib\\site-packages\\fiona\\proj_data'.
2025-07-11 13:17:58,956 - fiona._env - WARNING - PROJ: proj_identify: P:\corp\central_clones\python_geopandas\Lib\site-packages\fiona\proj_data\proj.db contains DATABASE.LAYOUT.VERSION.MINOR = 2 whereas a number >= 3 is expected. It comes from another PROJ installation.
2025-07-11 13:18:04,339 - fiona._env - WARNING - PROJ: proj_identify: P:\corp\central_clones\python_geopandas\Lib\site-packages\fiona\proj_data\proj.db contains DATABASE.LAYOUT.VERSION.MINOR = 2 whereas a number >= 3 is expected. It comes from another PROJ installation.
2025-07-11 13:18:04,744 - fiona._env - WARNING - PROJ: proj_identify: P:\corp\central_clones\python_geopandas\Lib\site-packages\fiona\proj_data\proj.db contains DATABASE.LAYOUT.VERSION.MINOR = 2 whereas a number >= 3 is expected. It comes from another PROJ installation.
2025-07-11 13:18:05,786 - fiona._env - DEBUG - GDAL_DATA found in environment.
2025-07-11 13:18:05,788 - fiona._env - DEBUG - PROJ data found in package: path='P:\\corp\\central_clones\\python_geopandas\\Lib\\site-packages\\fiona\\proj_data'.
2025-07-11 13:18:05,789 - fiona.ogrext - DEBUG - Got coordinate system
2025-07-11 13:18:05,800 - fiona.ogrext - DEBUG - Got coordinate system
2025-07-11 13:18:05,821 - fiona._env - WARNING - PROJ: proj_identify: P:\corp\central_clones\python_geopandas\Lib\site-packages\fiona\proj_data\proj.db contains DATABASE.LAYOUT.VERSION.MINOR = 2 whereas a number >= 3 is expected. It comes from another PROJ installation.
2025-07-11 13:18:05,821 - fiona.ogrext - DEBUG - OLC_FASTSETNEXTBYINDEX: 1
2025-07-11 13:18:05,822 - fiona.ogrext - DEBUG - OLC_FASTFEATURECOUNT: 1
2025-07-11 13:18:05,822 - fiona.ogrext - DEBUG - Next index: 0
2025-07-11 13:18:05,856 - fiona.collection - DEBUG - Flushed buffer
2025-07-11 13:18:05,858 - fiona.collection - DEBUG - Stopped session
2025-07-11 13:18:05,878 - fiona._env - DEBUG - GDAL_DATA found in environment.
2025-07-11 13:18:05,880 - fiona._env - DEBUG - PROJ data found in package: path='P:\\corp\\central_clones\\python_geopandas\\Lib\\site-packages\\fiona\\proj_data'.
2025-07-11 13:18:07,499 - fiona._env - WARNING - PROJ: proj_identify: P:\corp\central_clones\python_geopandas\Lib\site-packages\fiona\proj_data\proj.db contains DATABASE.LAYOUT.VERSION.MINOR = 2 whereas a number >= 3 is expected. It comes from another PROJ installation.
2025-07-11 13:18:12,234 - fiona._env - WARNING - PROJ: proj_identify: P:\corp\central_clones\python_geopandas\Lib\site-packages\fiona\proj_data\proj.db contains DATABASE.LAYOUT.VERSION.MINOR = 2 whereas a number >= 3 is expected. It comes from another PROJ installation.
2025-07-11 13:18:12,635 - fiona._env - WARNING - PROJ: proj_identify: P:\corp\central_clones\python_geopandas\Lib\site-packages\fiona\proj_data\proj.db contains DATABASE.LAYOUT.VERSION.MINOR = 2 whereas a number >= 3 is expected. It comes from another PROJ installation.
2025-07-11 13:18:13,535 - fiona._env - DEBUG - GDAL_DATA found in environment.
2025-07-11 13:18:13,537 - fiona._env - DEBUG - PROJ data found in package: path='P:\\corp\\central_clones\\python_geopandas\\Lib\\site-packages\\fiona\\proj_data'.
2025-07-11 13:18:13,538 - fiona.ogrext - DEBUG - Got coordinate system
2025-07-11 13:18:13,549 - fiona.ogrext - DEBUG - Got coordinate system
2025-07-11 13:18:13,570 - fiona._env - WARNING - PROJ: proj_identify: P:\corp\central_clones\python_geopandas\Lib\site-packages\fiona\proj_data\proj.db contains DATABASE.LAYOUT.VERSION.MINOR = 2 whereas a number >= 3 is expected. It comes from another PROJ installation.
2025-07-11 13:18:13,571 - fiona.ogrext - DEBUG - OLC_FASTSETNEXTBYINDEX: 1
2025-07-11 13:18:13,571 - fiona.ogrext - DEBUG - OLC_FASTFEATURECOUNT: 1
2025-07-11 13:18:13,572 - fiona.ogrext - DEBUG - Next index: 0
2025-07-11 13:18:13,606 - fiona.collection - DEBUG - Flushed buffer
2025-07-11 13:18:13,609 - fiona.collection - DEBUG - Stopped session
2025-07-11 13:18:13,629 - fiona._env - DEBUG - GDAL_DATA found in environment.
2025-07-11 13:18:13,630 - fiona._env - DEBUG - PROJ data found in package: path='P:\\corp\\central_clones\\python_geopandas\\Lib\\site-packages\\fiona\\proj_data'.
2025-07-11 13:18:15,188 - fiona._env - WARNING - PROJ: proj_identify: P:\corp\central_clones\python_geopandas\Lib\site-packages\fiona\proj_data\proj.db contains DATABASE.LAYOUT.VERSION.MINOR = 2 whereas a number >= 3 is expected. It comes from another PROJ installation.
2025-07-11 13:18:20,146 - fiona._env - WARNING - PROJ: proj_identify: P:\corp\central_clones\python_geopandas\Lib\site-packages\fiona\proj_data\proj.db contains DATABASE.LAYOUT.VERSION.MINOR = 2 whereas a number >= 3 is expected. It comes from another PROJ installation.
2025-07-11 13:18:20,547 - fiona._env - WARNING - PROJ: proj_identify: P:\corp\central_clones\python_geopandas\Lib\site-packages\fiona\proj_data\proj.db contains DATABASE.LAYOUT.VERSION.MINOR = 2 whereas a number >= 3 is expected. It comes from another PROJ installation.
2025-07-11 13:18:21,485 - fiona._env - DEBUG - GDAL_DATA found in environment.
2025-07-11 13:18:21,486 - fiona._env - DEBUG - PROJ data found in package: path='P:\\corp\\central_clones\\python_geopandas\\Lib\\site-packages\\fiona\\proj_data'.
2025-07-11 13:18:21,487 - fiona.ogrext - DEBUG - Got coordinate system
2025-07-11 13:18:21,498 - fiona.ogrext - DEBUG - Got coordinate system
2025-07-11 13:18:21,522 - fiona._env - WARNING - PROJ: proj_identify: P:\corp\central_clones\python_geopandas\Lib\site-packages\fiona\proj_data\proj.db contains DATABASE.LAYOUT.VERSION.MINOR = 2 whereas a number >= 3 is expected. It comes from another PROJ installation.
2025-07-11 13:18:21,522 - fiona.ogrext - DEBUG - OLC_FASTSETNEXTBYINDEX: 1
2025-07-11 13:18:21,523 - fiona.ogrext - DEBUG - OLC_FASTFEATURECOUNT: 1
2025-07-11 13:18:21,523 - fiona.ogrext - DEBUG - Next index: 0
2025-07-11 13:18:21,566 - fiona.collection - DEBUG - Flushed buffer
2025-07-11 13:18:21,570 - fiona.collection - DEBUG - Stopped session
2025-07-11 13:18:21,591 - fiona._env - DEBUG - GDAL_DATA found in environment.
2025-07-11 13:18:21,592 - fiona._env - DEBUG - PROJ data found in package: path='P:\\corp\\central_clones\\python_geopandas\\Lib\\site-packages\\fiona\\proj_data'.
2025-07-11 13:18:23,262 - fiona._env - WARNING - PROJ: proj_identify: P:\corp\central_clones\python_geopandas\Lib\site-packages\fiona\proj_data\proj.db contains DATABASE.LAYOUT.VERSION.MINOR = 2 whereas a number >= 3 is expected. It comes from another PROJ installation.
2025-07-11 13:18:28,119 - fiona._env - WARNING - PROJ: proj_identify: P:\corp\central_clones\python_geopandas\Lib\site-packages\fiona\proj_data\proj.db contains DATABASE.LAYOUT.VERSION.MINOR = 2 whereas a number >= 3 is expected. It comes from another PROJ installation.
2025-07-11 13:18:28,511 - fiona._env - WARNING - PROJ: proj_identify: P:\corp\central_clones\python_geopandas\Lib\site-packages\fiona\proj_data\proj.db contains DATABASE.LAYOUT.VERSION.MINOR = 2 whereas a number >= 3 is expected. It comes from another PROJ installation.
2025-07-11 13:18:29,398 - fiona._env - DEBUG - GDAL_DATA found in environment.
2025-07-11 13:18:29,400 - fiona._env - DEBUG - PROJ data found in package: path='P:\\corp\\central_clones\\python_geopandas\\Lib\\site-packages\\fiona\\proj_data'.
2025-07-11 13:18:29,401 - fiona.ogrext - DEBUG - Got coordinate system
2025-07-11 13:18:29,412 - fiona.ogrext - DEBUG - Got coordinate system
2025-07-11 13:18:29,432 - fiona._env - WARNING - PROJ: proj_identify: P:\corp\central_clones\python_geopandas\Lib\site-packages\fiona\proj_data\proj.db contains DATABASE.LAYOUT.VERSION.MINOR = 2 whereas a number >= 3 is expected. It comes from another PROJ installation.
2025-07-11 13:18:29,433 - fiona.ogrext - DEBUG - OLC_FASTSETNEXTBYINDEX: 1
2025-07-11 13:18:29,433 - fiona.ogrext - DEBUG - OLC_FASTFEATURECOUNT: 1
2025-07-11 13:18:29,434 - fiona.ogrext - DEBUG - Next index: 0
2025-07-11 13:18:29,467 - fiona.collection - DEBUG - Flushed buffer
2025-07-11 13:18:29,469 - fiona.collection - DEBUG - Stopped session
2025-07-11 13:18:29,489 - fiona._env - DEBUG - GDAL_DATA found in environment.
2025-07-11 13:18:29,491 - fiona._env - DEBUG - PROJ data found in package: path='P:\\corp\\central_clones\\python_geopandas\\Lib\\site-packages\\fiona\\proj_data'.
2025-07-11 13:18:30,978 - fiona._env - WARNING - PROJ: proj_identify: P:\corp\central_clones\python_geopandas\Lib\site-packages\fiona\proj_data\proj.db contains DATABASE.LAYOUT.VERSION.MINOR = 2 whereas a number >= 3 is expected. It comes from another PROJ installation.
2025-07-11 13:18:38,688 - fiona._env - WARNING - PROJ: proj_identify: P:\corp\central_clones\python_geopandas\Lib\site-packages\fiona\proj_data\proj.db contains DATABASE.LAYOUT.VERSION.MINOR = 2 whereas a number >= 3 is expected. It comes from another PROJ installation.
2025-07-11 13:18:39,084 - fiona._env - WARNING - PROJ: proj_identify: P:\corp\central_clones\python_geopandas\Lib\site-packages\fiona\proj_data\proj.db contains DATABASE.LAYOUT.VERSION.MINOR = 2 whereas a number >= 3 is expected. It comes from another PROJ installation.
2025-07-11 13:18:39,998 - fiona._env - DEBUG - GDAL_DATA found in environment.
2025-07-11 13:18:40,000 - fiona._env - DEBUG - PROJ data found in package: path='P:\\corp\\central_clones\\python_geopandas\\Lib\\site-packages\\fiona\\proj_data'.
2025-07-11 13:18:40,000 - fiona.ogrext - DEBUG - Got coordinate system
2025-07-11 13:18:40,012 - fiona.ogrext - DEBUG - Got coordinate system
2025-07-11 13:18:40,032 - fiona._env - WARNING - PROJ: proj_identify: P:\corp\central_clones\python_geopandas\Lib\site-packages\fiona\proj_data\proj.db contains DATABASE.LAYOUT.VERSION.MINOR = 2 whereas a number >= 3 is expected. It comes from another PROJ installation.
2025-07-11 13:18:40,033 - fiona.ogrext - DEBUG - OLC_FASTSETNEXTBYINDEX: 1
2025-07-11 13:18:40,033 - fiona.ogrext - DEBUG - OLC_FASTFEATURECOUNT: 1
2025-07-11 13:18:40,034 - fiona.ogrext - DEBUG - Next index: 0
2025-07-11 13:18:40,069 - fiona.collection - DEBUG - Flushed buffer
2025-07-11 13:18:40,071 - fiona.collection - DEBUG - Stopped session
2025-07-11 13:18:40,091 - fiona._env - DEBUG - GDAL_DATA found in environment.
2025-07-11 13:18:40,092 - fiona._env - DEBUG - PROJ data found in package: path='P:\\corp\\central_clones\\python_geopandas\\Lib\\site-packages\\fiona\\proj_data'.
2025-07-11 13:18:41,598 - fiona._env - WARNING - PROJ: proj_identify: P:\corp\central_clones\python_geopandas\Lib\site-packages\fiona\proj_data\proj.db contains DATABASE.LAYOUT.VERSION.MINOR = 2 whereas a number >= 3 is expected. It comes from another PROJ installation.
2025-07-11 13:18:46,229 - fiona._env - WARNING - PROJ: proj_identify: P:\corp\central_clones\python_geopandas\Lib\site-packages\fiona\proj_data\proj.db contains DATABASE.LAYOUT.VERSION.MINOR = 2 whereas a number >= 3 is expected. It comes from another PROJ installation.
2025-07-11 13:18:46,612 - fiona._env - WARNING - PROJ: proj_identify: P:\corp\central_clones\python_geopandas\Lib\site-packages\fiona\proj_data\proj.db contains DATABASE.LAYOUT.VERSION.MINOR = 2 whereas a number >= 3 is expected. It comes from another PROJ installation.
2025-07-11 13:18:47,499 - fiona._env - DEBUG - GDAL_DATA found in environment.
2025-07-11 13:18:47,500 - fiona._env - DEBUG - PROJ data found in package: path='P:\\corp\\central_clones\\python_geopandas\\Lib\\site-packages\\fiona\\proj_data'.
2025-07-11 13:18:47,501 - fiona.ogrext - DEBUG - Got coordinate system
2025-07-11 13:18:47,512 - fiona.ogrext - DEBUG - Got coordinate system
2025-07-11 13:18:47,533 - fiona._env - WARNING - PROJ: proj_identify: P:\corp\central_clones\python_geopandas\Lib\site-packages\fiona\proj_data\proj.db contains DATABASE.LAYOUT.VERSION.MINOR = 2 whereas a number >= 3 is expected. It comes from another PROJ installation.
2025-07-11 13:18:47,533 - fiona.ogrext - DEBUG - OLC_FASTSETNEXTBYINDEX: 1
2025-07-11 13:18:47,534 - fiona.ogrext - DEBUG - OLC_FASTFEATURECOUNT: 1
2025-07-11 13:18:47,534 - fiona.ogrext - DEBUG - Next index: 0
2025-07-11 13:18:47,568 - fiona.collection - DEBUG - Flushed buffer
2025-07-11 13:18:47,570 - fiona.collection - DEBUG - Stopped session
2025-07-11 13:18:47,590 - fiona._env - DEBUG - GDAL_DATA found in environment.
2025-07-11 13:18:47,592 - fiona._env - DEBUG - PROJ data found in package: path='P:\\corp\\central_clones\\python_geopandas\\Lib\\site-packages\\fiona\\proj_data'.
2025-07-11 13:18:49,073 - fiona._env - WARNING - PROJ: proj_identify: P:\corp\central_clones\python_geopandas\Lib\site-packages\fiona\proj_data\proj.db contains DATABASE.LAYOUT.VERSION.MINOR = 2 whereas a number >= 3 is expected. It comes from another PROJ installation.
2025-07-11 13:18:53,754 - fiona._env - WARNING - PROJ: proj_identify: P:\corp\central_clones\python_geopandas\Lib\site-packages\fiona\proj_data\proj.db contains DATABASE.LAYOUT.VERSION.MINOR = 2 whereas a number >= 3 is expected. It comes from another PROJ installation.
2025-07-11 13:18:54,170 - fiona._env - WARNING - PROJ: proj_identify: P:\corp\central_clones\python_geopandas\Lib\site-packages\fiona\proj_data\proj.db contains DATABASE.LAYOUT.VERSION.MINOR = 2 whereas a number >= 3 is expected. It comes from another PROJ installation.
2025-07-11 13:18:55,119 - fiona._env - DEBUG - GDAL_DATA found in environment.
2025-07-11 13:18:55,121 - fiona._env - DEBUG - PROJ data found in package: path='P:\\corp\\central_clones\\python_geopandas\\Lib\\site-packages\\fiona\\proj_data'.
2025-07-11 13:18:55,122 - fiona.ogrext - DEBUG - Got coordinate system
2025-07-11 13:18:55,134 - fiona.ogrext - DEBUG - Got coordinate system
2025-07-11 13:18:55,155 - fiona._env - WARNING - PROJ: proj_identify: P:\corp\central_clones\python_geopandas\Lib\site-packages\fiona\proj_data\proj.db contains DATABASE.LAYOUT.VERSION.MINOR = 2 whereas a number >= 3 is expected. It comes from another PROJ installation.
2025-07-11 13:18:55,156 - fiona.ogrext - DEBUG - OLC_FASTSETNEXTBYINDEX: 1
2025-07-11 13:18:55,156 - fiona.ogrext - DEBUG - OLC_FASTFEATURECOUNT: 1
2025-07-11 13:18:55,157 - fiona.ogrext - DEBUG - Next index: 0
2025-07-11 13:18:55,191 - fiona.collection - DEBUG - Flushed buffer
2025-07-11 13:18:55,193 - fiona.collection - DEBUG - Stopped session
2025-07-11 13:18:55,213 - fiona._env - DEBUG - GDAL_DATA found in environment.
2025-07-11 13:18:55,215 - fiona._env - DEBUG - PROJ data found in package: path='P:\\corp\\central_clones\\python_geopandas\\Lib\\site-packages\\fiona\\proj_data'.
2025-07-11 13:18:56,716 - fiona._env - WARNING - PROJ: proj_identify: P:\corp\central_clones\python_geopandas\Lib\site-packages\fiona\proj_data\proj.db contains DATABASE.LAYOUT.VERSION.MINOR = 2 whereas a number >= 3 is expected. It comes from another PROJ installation.
2025-07-11 13:19:01,451 - fiona._env - WARNING - PROJ: proj_identify: P:\corp\central_clones\python_geopandas\Lib\site-packages\fiona\proj_data\proj.db contains DATABASE.LAYOUT.VERSION.MINOR = 2 whereas a number >= 3 is expected. It comes from another PROJ installation.
2025-07-11 13:19:01,834 - fiona._env - WARNING - PROJ: proj_identify: P:\corp\central_clones\python_geopandas\Lib\site-packages\fiona\proj_data\proj.db contains DATABASE.LAYOUT.VERSION.MINOR = 2 whereas a number >= 3 is expected. It comes from another PROJ installation.
2025-07-11 13:19:02,721 - fiona._env - DEBUG - GDAL_DATA found in environment.
2025-07-11 13:19:02,722 - fiona._env - DEBUG - PROJ data found in package: path='P:\\corp\\central_clones\\python_geopandas\\Lib\\site-packages\\fiona\\proj_data'.
2025-07-11 13:19:02,723 - fiona.ogrext - DEBUG - Got coordinate system
2025-07-11 13:19:02,734 - fiona.ogrext - DEBUG - Got coordinate system
2025-07-11 13:19:02,754 - fiona._env - WARNING - PROJ: proj_identify: P:\corp\central_clones\python_geopandas\Lib\site-packages\fiona\proj_data\proj.db contains DATABASE.LAYOUT.VERSION.MINOR = 2 whereas a number >= 3 is expected. It comes from another PROJ installation.
2025-07-11 13:19:02,755 - fiona.ogrext - DEBUG - OLC_FASTSETNEXTBYINDEX: 1
2025-07-11 13:19:02,755 - fiona.ogrext - DEBUG - OLC_FASTFEATURECOUNT: 1
2025-07-11 13:19:02,756 - fiona.ogrext - DEBUG - Next index: 0
2025-07-11 13:19:02,789 - fiona.collection - DEBUG - Flushed buffer
2025-07-11 13:19:02,791 - fiona.collection - DEBUG - Stopped session
2025-07-11 13:19:02,812 - fiona._env - DEBUG - GDAL_DATA found in environment.
2025-07-11 13:19:02,814 - fiona._env - DEBUG - PROJ data found in package: path='P:\\corp\\central_clones\\python_geopandas\\Lib\\site-packages\\fiona\\proj_data'.
2025-07-11 13:19:04,262 - fiona._env - WARNING - PROJ: proj_identify: P:\corp\central_clones\python_geopandas\Lib\site-packages\fiona\proj_data\proj.db contains DATABASE.LAYOUT.VERSION.MINOR = 2 whereas a number >= 3 is expected. It comes from another PROJ installation.
2025-07-11 13:19:09,226 - fiona._env - WARNING - PROJ: proj_identify: P:\corp\central_clones\python_geopandas\Lib\site-packages\fiona\proj_data\proj.db contains DATABASE.LAYOUT.VERSION.MINOR = 2 whereas a number >= 3 is expected. It comes from another PROJ installation.
2025-07-11 13:19:09,744 - fiona._env - WARNING - PROJ: proj_identify: P:\corp\central_clones\python_geopandas\Lib\site-packages\fiona\proj_data\proj.db contains DATABASE.LAYOUT.VERSION.MINOR = 2 whereas a number >= 3 is expected. It comes from another PROJ installation.
2025-07-11 13:19:10,917 - fiona._env - DEBUG - GDAL_DATA found in environment.
2025-07-11 13:19:10,919 - fiona._env - DEBUG - PROJ data found in package: path='P:\\corp\\central_clones\\python_geopandas\\Lib\\site-packages\\fiona\\proj_data'.
2025-07-11 13:19:10,919 - fiona.ogrext - DEBUG - Got coordinate system
2025-07-11 13:19:10,930 - fiona.ogrext - DEBUG - Got coordinate system
2025-07-11 13:19:10,951 - fiona._env - WARNING - PROJ: proj_identify: P:\corp\central_clones\python_geopandas\Lib\site-packages\fiona\proj_data\proj.db contains DATABASE.LAYOUT.VERSION.MINOR = 2 whereas a number >= 3 is expected. It comes from another PROJ installation.
2025-07-11 13:19:10,952 - fiona.ogrext - DEBUG - OLC_FASTSETNEXTBYINDEX: 1
2025-07-11 13:19:10,952 - fiona.ogrext - DEBUG - OLC_FASTFEATURECOUNT: 1
2025-07-11 13:19:10,952 - fiona.ogrext - DEBUG - Next index: 0
2025-07-11 13:19:10,985 - fiona.collection - DEBUG - Flushed buffer
2025-07-11 13:19:10,988 - fiona.collection - DEBUG - Stopped session
2025-07-11 13:19:11,008 - fiona._env - DEBUG - GDAL_DATA found in environment.
2025-07-11 13:19:11,009 - fiona._env - DEBUG - PROJ data found in package: path='P:\\corp\\central_clones\\python_geopandas\\Lib\\site-packages\\fiona\\proj_data'.
2025-07-11 13:19:12,462 - fiona._env - WARNING - PROJ: proj_identify: P:\corp\central_clones\python_geopandas\Lib\site-packages\fiona\proj_data\proj.db contains DATABASE.LAYOUT.VERSION.MINOR = 2 whereas a number >= 3 is expected. It comes from another PROJ installation.
2025-07-11 13:19:17,398 - fiona._env - WARNING - PROJ: proj_identify: P:\corp\central_clones\python_geopandas\Lib\site-packages\fiona\proj_data\proj.db contains DATABASE.LAYOUT.VERSION.MINOR = 2 whereas a number >= 3 is expected. It comes from another PROJ installation.
2025-07-11 13:19:17,795 - fiona._env - WARNING - PROJ: proj_identify: P:\corp\central_clones\python_geopandas\Lib\site-packages\fiona\proj_data\proj.db contains DATABASE.LAYOUT.VERSION.MINOR = 2 whereas a number >= 3 is expected. It comes from another PROJ installation.
2025-07-11 13:19:19,057 - fiona._env - DEBUG - GDAL_DATA found in environment.
2025-07-11 13:19:19,058 - fiona._env - DEBUG - PROJ data found in package: path='P:\\corp\\central_clones\\python_geopandas\\Lib\\site-packages\\fiona\\proj_data'.
2025-07-11 13:19:19,059 - fiona.ogrext - DEBUG - Got coordinate system
2025-07-11 13:19:19,074 - fiona.ogrext - DEBUG - Got coordinate system
2025-07-11 13:19:19,100 - fiona._env - WARNING - PROJ: proj_identify: P:\corp\central_clones\python_geopandas\Lib\site-packages\fiona\proj_data\proj.db contains DATABASE.LAYOUT.VERSION.MINOR = 2 whereas a number >= 3 is expected. It comes from another PROJ installation.
2025-07-11 13:19:19,101 - fiona.ogrext - DEBUG - OLC_FASTSETNEXTBYINDEX: 1
2025-07-11 13:19:19,102 - fiona.ogrext - DEBUG - OLC_FASTFEATURECOUNT: 1
2025-07-11 13:19:19,102 - fiona.ogrext - DEBUG - Next index: 0
2025-07-11 13:19:19,102 - fiona.ogrext - DEBUG - Next index: 1
2025-07-11 13:19:19,149 - fiona.collection - DEBUG - Flushed buffer
2025-07-11 13:19:19,152 - fiona.collection - DEBUG - Stopped session
2025-07-11 13:19:19,330 - fiona._env - DEBUG - GDAL_DATA found in environment.
2025-07-11 13:19:19,332 - fiona._env - DEBUG - PROJ data found in package: path='P:\\corp\\central_clones\\python_geopandas\\Lib\\site-packages\\fiona\\proj_data'.
2025-07-11 13:19:20,850 - fiona._env - WARNING - PROJ: proj_identify: P:\corp\central_clones\python_geopandas\Lib\site-packages\fiona\proj_data\proj.db contains DATABASE.LAYOUT.VERSION.MINOR = 2 whereas a number >= 3 is expected. It comes from another PROJ installation.
2025-07-11 13:19:26,123 - fiona._env - WARNING - PROJ: proj_identify: P:\corp\central_clones\python_geopandas\Lib\site-packages\fiona\proj_data\proj.db contains DATABASE.LAYOUT.VERSION.MINOR = 2 whereas a number >= 3 is expected. It comes from another PROJ installation.
2025-07-11 13:19:26,522 - fiona._env - WARNING - PROJ: proj_identify: P:\corp\central_clones\python_geopandas\Lib\site-packages\fiona\proj_data\proj.db contains DATABASE.LAYOUT.VERSION.MINOR = 2 whereas a number >= 3 is expected. It comes from another PROJ installation.
2025-07-11 13:19:27,444 - fiona._env - DEBUG - GDAL_DATA found in environment.
2025-07-11 13:19:27,446 - fiona._env - DEBUG - PROJ data found in package: path='P:\\corp\\central_clones\\python_geopandas\\Lib\\site-packages\\fiona\\proj_data'.
2025-07-11 13:19:27,447 - fiona.ogrext - DEBUG - Got coordinate system
2025-07-11 13:19:27,459 - fiona.ogrext - DEBUG - Got coordinate system
2025-07-11 13:19:27,481 - fiona._env - WARNING - PROJ: proj_identify: P:\corp\central_clones\python_geopandas\Lib\site-packages\fiona\proj_data\proj.db contains DATABASE.LAYOUT.VERSION.MINOR = 2 whereas a number >= 3 is expected. It comes from another PROJ installation.
2025-07-11 13:19:27,482 - fiona.ogrext - DEBUG - OLC_FASTSETNEXTBYINDEX: 1
2025-07-11 13:19:27,482 - fiona.ogrext - DEBUG - OLC_FASTFEATURECOUNT: 1
2025-07-11 13:19:27,483 - fiona.ogrext - DEBUG - Next index: 0
2025-07-11 13:19:27,519 - fiona.collection - DEBUG - Flushed buffer
2025-07-11 13:19:27,522 - fiona.collection - DEBUG - Stopped session
2025-07-11 13:19:27,542 - fiona._env - DEBUG - GDAL_DATA found in environment.
2025-07-11 13:19:27,543 - fiona._env - DEBUG - PROJ data found in package: path='P:\\corp\\central_clones\\python_geopandas\\Lib\\site-packages\\fiona\\proj_data'.
2025-07-11 13:19:29,051 - fiona._env - WARNING - PROJ: proj_identify: P:\corp\central_clones\python_geopandas\Lib\site-packages\fiona\proj_data\proj.db contains DATABASE.LAYOUT.VERSION.MINOR = 2 whereas a number >= 3 is expected. It comes from another PROJ installation.
2025-07-11 13:19:34,733 - fiona._env - WARNING - PROJ: proj_identify: P:\corp\central_clones\python_geopandas\Lib\site-packages\fiona\proj_data\proj.db contains DATABASE.LAYOUT.VERSION.MINOR = 2 whereas a number >= 3 is expected. It comes from another PROJ installation.
2025-07-11 13:19:35,180 - fiona._env - WARNING - PROJ: proj_identify: P:\corp\central_clones\python_geopandas\Lib\site-packages\fiona\proj_data\proj.db contains DATABASE.LAYOUT.VERSION.MINOR = 2 whereas a number >= 3 is expected. It comes from another PROJ installation.
2025-07-11 13:19:36,466 - fiona._env - DEBUG - GDAL_DATA found in environment.
2025-07-11 13:19:36,467 - fiona._env - DEBUG - PROJ data found in package: path='P:\\corp\\central_clones\\python_geopandas\\Lib\\site-packages\\fiona\\proj_data'.
2025-07-11 13:19:36,468 - fiona.ogrext - DEBUG - Got coordinate system
2025-07-11 13:19:36,483 - fiona.ogrext - DEBUG - Got coordinate system
2025-07-11 13:19:36,509 - fiona._env - WARNING - PROJ: proj_identify: P:\corp\central_clones\python_geopandas\Lib\site-packages\fiona\proj_data\proj.db contains DATABASE.LAYOUT.VERSION.MINOR = 2 whereas a number >= 3 is expected. It comes from another PROJ installation.
2025-07-11 13:19:36,510 - fiona.ogrext - DEBUG - OLC_FASTSETNEXTBYINDEX: 1
2025-07-11 13:19:36,511 - fiona.ogrext - DEBUG - OLC_FASTFEATURECOUNT: 1
2025-07-11 13:19:36,512 - fiona.ogrext - DEBUG - Next index: 0
2025-07-11 13:19:36,558 - fiona.collection - DEBUG - Flushed buffer
2025-07-11 13:19:36,561 - fiona.collection - DEBUG - Stopped session
2025-07-11 13:19:36,586 - fiona._env - DEBUG - GDAL_DATA found in environment.
2025-07-11 13:19:36,589 - fiona._env - DEBUG - PROJ data found in package: path='P:\\corp\\central_clones\\python_geopandas\\Lib\\site-packages\\fiona\\proj_data'.
2025-07-11 13:19:38,262 - fiona._env - WARNING - PROJ: proj_identify: P:\corp\central_clones\python_geopandas\Lib\site-packages\fiona\proj_data\proj.db contains DATABASE.LAYOUT.VERSION.MINOR = 2 whereas a number >= 3 is expected. It comes from another PROJ installation.
2025-07-11 13:19:43,760 - fiona._env - WARNING - PROJ: proj_identify: P:\corp\central_clones\python_geopandas\Lib\site-packages\fiona\proj_data\proj.db contains DATABASE.LAYOUT.VERSION.MINOR = 2 whereas a number >= 3 is expected. It comes from another PROJ installation.
2025-07-11 13:19:44,189 - fiona._env - WARNING - PROJ: proj_identify: P:\corp\central_clones\python_geopandas\Lib\site-packages\fiona\proj_data\proj.db contains DATABASE.LAYOUT.VERSION.MINOR = 2 whereas a number >= 3 is expected. It comes from another PROJ installation.
2025-07-11 13:19:45,156 - fiona._env - DEBUG - GDAL_DATA found in environment.
2025-07-11 13:19:45,157 - fiona._env - DEBUG - PROJ data found in package: path='P:\\corp\\central_clones\\python_geopandas\\Lib\\site-packages\\fiona\\proj_data'.
2025-07-11 13:19:45,158 - fiona.ogrext - DEBUG - Got coordinate system
2025-07-11 13:19:45,169 - fiona.ogrext - DEBUG - Got coordinate system
2025-07-11 13:19:45,189 - fiona._env - WARNING - PROJ: proj_identify: P:\corp\central_clones\python_geopandas\Lib\site-packages\fiona\proj_data\proj.db contains DATABASE.LAYOUT.VERSION.MINOR = 2 whereas a number >= 3 is expected. It comes from another PROJ installation.
2025-07-11 13:19:45,190 - fiona.ogrext - DEBUG - OLC_FASTSETNEXTBYINDEX: 1
2025-07-11 13:19:45,190 - fiona.ogrext - DEBUG - OLC_FASTFEATURECOUNT: 1
2025-07-11 13:19:45,191 - fiona.ogrext - DEBUG - Next index: 0
2025-07-11 13:19:45,226 - fiona.collection - DEBUG - Flushed buffer
2025-07-11 13:19:45,228 - fiona.collection - DEBUG - Stopped session
2025-07-11 13:19:45,249 - fiona._env - DEBUG - GDAL_DATA found in environment.
2025-07-11 13:19:45,250 - fiona._env - DEBUG - PROJ data found in package: path='P:\\corp\\central_clones\\python_geopandas\\Lib\\site-packages\\fiona\\proj_data'.
2025-07-11 13:19:46,777 - fiona._env - WARNING - PROJ: proj_identify: P:\corp\central_clones\python_geopandas\Lib\site-packages\fiona\proj_data\proj.db contains DATABASE.LAYOUT.VERSION.MINOR = 2 whereas a number >= 3 is expected. It comes from another PROJ installation.
2025-07-11 13:19:51,563 - fiona._env - WARNING - PROJ: proj_identify: P:\corp\central_clones\python_geopandas\Lib\site-packages\fiona\proj_data\proj.db contains DATABASE.LAYOUT.VERSION.MINOR = 2 whereas a number >= 3 is expected. It comes from another PROJ installation.
2025-07-11 13:19:51,959 - fiona._env - WARNING - PROJ: proj_identify: P:\corp\central_clones\python_geopandas\Lib\site-packages\fiona\proj_data\proj.db contains DATABASE.LAYOUT.VERSION.MINOR = 2 whereas a number >= 3 is expected. It comes from another PROJ installation.
2025-07-11 13:19:52,888 - fiona._env - DEBUG - GDAL_DATA found in environment.
2025-07-11 13:19:52,890 - fiona._env - DEBUG - PROJ data found in package: path='P:\\corp\\central_clones\\python_geopandas\\Lib\\site-packages\\fiona\\proj_data'.
2025-07-11 13:19:52,891 - fiona.ogrext - DEBUG - Got coordinate system
2025-07-11 13:19:52,902 - fiona.ogrext - DEBUG - Got coordinate system
2025-07-11 13:19:52,924 - fiona._env - WARNING - PROJ: proj_identify: P:\corp\central_clones\python_geopandas\Lib\site-packages\fiona\proj_data\proj.db contains DATABASE.LAYOUT.VERSION.MINOR = 2 whereas a number >= 3 is expected. It comes from another PROJ installation.
2025-07-11 13:19:52,924 - fiona.ogrext - DEBUG - OLC_FASTSETNEXTBYINDEX: 1
2025-07-11 13:19:52,925 - fiona.ogrext - DEBUG - OLC_FASTFEATURECOUNT: 1
2025-07-11 13:19:52,925 - fiona.ogrext - DEBUG - Next index: 0
2025-07-11 13:19:52,962 - fiona.collection - DEBUG - Flushed buffer
2025-07-11 13:19:52,964 - fiona.collection - DEBUG - Stopped session
2025-07-11 13:19:52,985 - fiona._env - DEBUG - GDAL_DATA found in environment.
2025-07-11 13:19:52,987 - fiona._env - DEBUG - PROJ data found in package: path='P:\\corp\\central_clones\\python_geopandas\\Lib\\site-packages\\fiona\\proj_data'.
2025-07-11 13:19:54,690 - fiona._env - WARNING - PROJ: proj_identify: P:\corp\central_clones\python_geopandas\Lib\site-packages\fiona\proj_data\proj.db contains DATABASE.LAYOUT.VERSION.MINOR = 2 whereas a number >= 3 is expected. It comes from another PROJ installation.
2025-07-11 13:19:59,766 - fiona._env - WARNING - PROJ: proj_identify: P:\corp\central_clones\python_geopandas\Lib\site-packages\fiona\proj_data\proj.db contains DATABASE.LAYOUT.VERSION.MINOR = 2 whereas a number >= 3 is expected. It comes from another PROJ installation.
2025-07-11 13:20:00,154 - fiona._env - WARNING - PROJ: proj_identify: P:\corp\central_clones\python_geopandas\Lib\site-packages\fiona\proj_data\proj.db contains DATABASE.LAYOUT.VERSION.MINOR = 2 whereas a number >= 3 is expected. It comes from another PROJ installation.
2025-07-11 13:20:01,282 - fiona._env - DEBUG - GDAL_DATA found in environment.
2025-07-11 13:20:01,284 - fiona._env - DEBUG - PROJ data found in package: path='P:\\corp\\central_clones\\python_geopandas\\Lib\\site-packages\\fiona\\proj_data'.
2025-07-11 13:20:01,285 - fiona.ogrext - DEBUG - Got coordinate system
2025-07-11 13:20:01,306 - fiona.ogrext - DEBUG - Got coordinate system
2025-07-11 13:20:01,338 - fiona._env - WARNING - PROJ: proj_identify: P:\corp\central_clones\python_geopandas\Lib\site-packages\fiona\proj_data\proj.db contains DATABASE.LAYOUT.VERSION.MINOR = 2 whereas a number >= 3 is expected. It comes from another PROJ installation.
2025-07-11 13:20:01,340 - fiona.ogrext - DEBUG - OLC_FASTSETNEXTBYINDEX: 1
2025-07-11 13:20:01,340 - fiona.ogrext - DEBUG - OLC_FASTFEATURECOUNT: 1
2025-07-11 13:20:01,341 - fiona.ogrext - DEBUG - Next index: 0
2025-07-11 13:20:01,341 - fiona.ogrext - DEBUG - Next index: 1
2025-07-11 13:20:01,344 - fiona.ogrext - DEBUG - Next index: 2
2025-07-11 13:20:01,390 - fiona.collection - DEBUG - Flushed buffer
2025-07-11 13:20:01,392 - fiona.collection - DEBUG - Stopped session
2025-07-11 13:20:01,586 - fiona._env - DEBUG - GDAL_DATA found in environment.
2025-07-11 13:20:01,588 - fiona._env - DEBUG - PROJ data found in package: path='P:\\corp\\central_clones\\python_geopandas\\Lib\\site-packages\\fiona\\proj_data'.
2025-07-11 13:20:03,202 - fiona._env - WARNING - PROJ: proj_identify: P:\corp\central_clones\python_geopandas\Lib\site-packages\fiona\proj_data\proj.db contains DATABASE.LAYOUT.VERSION.MINOR = 2 whereas a number >= 3 is expected. It comes from another PROJ installation.
2025-07-11 13:20:08,692 - fiona._env - WARNING - PROJ: proj_identify: P:\corp\central_clones\python_geopandas\Lib\site-packages\fiona\proj_data\proj.db contains DATABASE.LAYOUT.VERSION.MINOR = 2 whereas a number >= 3 is expected. It comes from another PROJ installation.
2025-07-11 13:20:09,123 - fiona._env - WARNING - PROJ: proj_identify: P:\corp\central_clones\python_geopandas\Lib\site-packages\fiona\proj_data\proj.db contains DATABASE.LAYOUT.VERSION.MINOR = 2 whereas a number >= 3 is expected. It comes from another PROJ installation.
2025-07-11 13:20:10,292 - fiona._env - DEBUG - GDAL_DATA found in environment.
2025-07-11 13:20:10,295 - fiona._env - DEBUG - PROJ data found in package: path='P:\\corp\\central_clones\\python_geopandas\\Lib\\site-packages\\fiona\\proj_data'.
2025-07-11 13:20:10,296 - fiona.ogrext - DEBUG - Got coordinate system
2025-07-11 13:20:10,313 - fiona.ogrext - DEBUG - Got coordinate system
2025-07-11 13:20:10,345 - fiona._env - WARNING - PROJ: proj_identify: P:\corp\central_clones\python_geopandas\Lib\site-packages\fiona\proj_data\proj.db contains DATABASE.LAYOUT.VERSION.MINOR = 2 whereas a number >= 3 is expected. It comes from another PROJ installation.
2025-07-11 13:20:10,347 - fiona.ogrext - DEBUG - OLC_FASTSETNEXTBYINDEX: 1
2025-07-11 13:20:10,347 - fiona.ogrext - DEBUG - OLC_FASTFEATURECOUNT: 1
2025-07-11 13:20:10,348 - fiona.ogrext - DEBUG - Next index: 0
2025-07-11 13:20:10,348 - fiona.ogrext - DEBUG - Next index: 1
2025-07-11 13:20:10,396 - fiona.collection - DEBUG - Flushed buffer
2025-07-11 13:20:10,400 - fiona.collection - DEBUG - Stopped session
2025-07-11 13:20:10,572 - fiona._env - DEBUG - GDAL_DATA found in environment.
2025-07-11 13:20:10,574 - fiona._env - DEBUG - PROJ data found in package: path='P:\\corp\\central_clones\\python_geopandas\\Lib\\site-packages\\fiona\\proj_data'.
2025-07-11 13:20:12,406 - fiona._env - WARNING - PROJ: proj_identify: P:\corp\central_clones\python_geopandas\Lib\site-packages\fiona\proj_data\proj.db contains DATABASE.LAYOUT.VERSION.MINOR = 2 whereas a number >= 3 is expected. It comes from another PROJ installation.
2025-07-11 13:20:18,278 - fiona._env - WARNING - PROJ: proj_identify: P:\corp\central_clones\python_geopandas\Lib\site-packages\fiona\proj_data\proj.db contains DATABASE.LAYOUT.VERSION.MINOR = 2 whereas a number >= 3 is expected. It comes from another PROJ installation.
2025-07-11 13:20:18,672 - fiona._env - WARNING - PROJ: proj_identify: P:\corp\central_clones\python_geopandas\Lib\site-packages\fiona\proj_data\proj.db contains DATABASE.LAYOUT.VERSION.MINOR = 2 whereas a number >= 3 is expected. It comes from another PROJ installation.
2025-07-11 13:20:19,586 - fiona._env - DEBUG - GDAL_DATA found in environment.
2025-07-11 13:20:19,587 - fiona._env - DEBUG - PROJ data found in package: path='P:\\corp\\central_clones\\python_geopandas\\Lib\\site-packages\\fiona\\proj_data'.
2025-07-11 13:20:19,588 - fiona.ogrext - DEBUG - Got coordinate system
2025-07-11 13:20:19,599 - fiona.ogrext - DEBUG - Got coordinate system
2025-07-11 13:20:19,621 - fiona._env - WARNING - PROJ: proj_identify: P:\corp\central_clones\python_geopandas\Lib\site-packages\fiona\proj_data\proj.db contains DATABASE.LAYOUT.VERSION.MINOR = 2 whereas a number >= 3 is expected. It comes from another PROJ installation.
2025-07-11 13:20:19,621 - fiona.ogrext - DEBUG - OLC_FASTSETNEXTBYINDEX: 1
2025-07-11 13:20:19,622 - fiona.ogrext - DEBUG - OLC_FASTFEATURECOUNT: 1
2025-07-11 13:20:19,622 - fiona.ogrext - DEBUG - Next index: 0
2025-07-11 13:20:19,659 - fiona.collection - DEBUG - Flushed buffer
2025-07-11 13:20:19,661 - fiona.collection - DEBUG - Stopped session
2025-07-11 13:20:19,680 - fiona._env - DEBUG - GDAL_DATA found in environment.
2025-07-11 13:20:19,682 - fiona._env - DEBUG - PROJ data found in package: path='P:\\corp\\central_clones\\python_geopandas\\Lib\\site-packages\\fiona\\proj_data'.
2025-07-11 13:20:21,144 - fiona._env - WARNING - PROJ: proj_identify: P:\corp\central_clones\python_geopandas\Lib\site-packages\fiona\proj_data\proj.db contains DATABASE.LAYOUT.VERSION.MINOR = 2 whereas a number >= 3 is expected. It comes from another PROJ installation.
2025-07-11 13:20:25,840 - fiona._env - WARNING - PROJ: proj_identify: P:\corp\central_clones\python_geopandas\Lib\site-packages\fiona\proj_data\proj.db contains DATABASE.LAYOUT.VERSION.MINOR = 2 whereas a number >= 3 is expected. It comes from another PROJ installation.
2025-07-11 13:20:26,229 - fiona._env - WARNING - PROJ: proj_identify: P:\corp\central_clones\python_geopandas\Lib\site-packages\fiona\proj_data\proj.db contains DATABASE.LAYOUT.VERSION.MINOR = 2 whereas a number >= 3 is expected. It comes from another PROJ installation.
2025-07-11 13:20:27,144 - fiona._env - DEBUG - GDAL_DATA found in environment.
2025-07-11 13:20:27,146 - fiona._env - DEBUG - PROJ data found in package: path='P:\\corp\\central_clones\\python_geopandas\\Lib\\site-packages\\fiona\\proj_data'.
2025-07-11 13:20:27,146 - fiona.ogrext - DEBUG - Got coordinate system
2025-07-11 13:20:27,158 - fiona.ogrext - DEBUG - Got coordinate system
2025-07-11 13:20:27,178 - fiona._env - WARNING - PROJ: proj_identify: P:\corp\central_clones\python_geopandas\Lib\site-packages\fiona\proj_data\proj.db contains DATABASE.LAYOUT.VERSION.MINOR = 2 whereas a number >= 3 is expected. It comes from another PROJ installation.
2025-07-11 13:20:27,179 - fiona.ogrext - DEBUG - OLC_FASTSETNEXTBYINDEX: 1
2025-07-11 13:20:27,179 - fiona.ogrext - DEBUG - OLC_FASTFEATURECOUNT: 1
2025-07-11 13:20:27,180 - fiona.ogrext - DEBUG - Next index: 0
2025-07-11 13:20:27,216 - fiona.collection - DEBUG - Flushed buffer
2025-07-11 13:20:27,218 - fiona.collection - DEBUG - Stopped session
2025-07-11 13:20:27,239 - fiona._env - DEBUG - GDAL_DATA found in environment.
2025-07-11 13:20:27,240 - fiona._env - DEBUG - PROJ data found in package: path='P:\\corp\\central_clones\\python_geopandas\\Lib\\site-packages\\fiona\\proj_data'.
2025-07-11 13:20:28,680 - fiona._env - WARNING - PROJ: proj_identify: P:\corp\central_clones\python_geopandas\Lib\site-packages\fiona\proj_data\proj.db contains DATABASE.LAYOUT.VERSION.MINOR = 2 whereas a number >= 3 is expected. It comes from another PROJ installation.
2025-07-11 13:20:33,638 - fiona._env - WARNING - PROJ: proj_identify: P:\corp\central_clones\python_geopandas\Lib\site-packages\fiona\proj_data\proj.db contains DATABASE.LAYOUT.VERSION.MINOR = 2 whereas a number >= 3 is expected. It comes from another PROJ installation.
2025-07-11 13:20:34,051 - fiona._env - WARNING - PROJ: proj_identify: P:\corp\central_clones\python_geopandas\Lib\site-packages\fiona\proj_data\proj.db contains DATABASE.LAYOUT.VERSION.MINOR = 2 whereas a number >= 3 is expected. It comes from another PROJ installation.
2025-07-11 13:20:35,135 - fiona._env - DEBUG - GDAL_DATA found in environment.
2025-07-11 13:20:35,136 - fiona._env - DEBUG - PROJ data found in package: path='P:\\corp\\central_clones\\python_geopandas\\Lib\\site-packages\\fiona\\proj_data'.
2025-07-11 13:20:35,137 - fiona.ogrext - DEBUG - Got coordinate system
2025-07-11 13:20:35,148 - fiona.ogrext - DEBUG - Got coordinate system
2025-07-11 13:20:35,169 - fiona._env - WARNING - PROJ: proj_identify: P:\corp\central_clones\python_geopandas\Lib\site-packages\fiona\proj_data\proj.db contains DATABASE.LAYOUT.VERSION.MINOR = 2 whereas a number >= 3 is expected. It comes from another PROJ installation.
2025-07-11 13:20:35,170 - fiona.ogrext - DEBUG - OLC_FASTSETNEXTBYINDEX: 1
2025-07-11 13:20:35,170 - fiona.ogrext - DEBUG - OLC_FASTFEATURECOUNT: 1
2025-07-11 13:20:35,170 - fiona.ogrext - DEBUG - Next index: 0
2025-07-11 13:20:35,208 - fiona.collection - DEBUG - Flushed buffer
2025-07-11 13:20:35,212 - fiona.collection - DEBUG - Stopped session
2025-07-11 13:20:35,233 - fiona._env - DEBUG - GDAL_DATA found in environment.
2025-07-11 13:20:35,235 - fiona._env - DEBUG - PROJ data found in package: path='P:\\corp\\central_clones\\python_geopandas\\Lib\\site-packages\\fiona\\proj_data'.
2025-07-11 13:20:36,871 - fiona._env - WARNING - PROJ: proj_identify: P:\corp\central_clones\python_geopandas\Lib\site-packages\fiona\proj_data\proj.db contains DATABASE.LAYOUT.VERSION.MINOR = 2 whereas a number >= 3 is expected. It comes from another PROJ installation.
2025-07-11 13:20:43,496 - fiona._env - WARNING - PROJ: proj_identify: P:\corp\central_clones\python_geopandas\Lib\site-packages\fiona\proj_data\proj.db contains DATABASE.LAYOUT.VERSION.MINOR = 2 whereas a number >= 3 is expected. It comes from another PROJ installation.
2025-07-11 13:20:44,175 - fiona._env - WARNING - PROJ: proj_identify: P:\corp\central_clones\python_geopandas\Lib\site-packages\fiona\proj_data\proj.db contains DATABASE.LAYOUT.VERSION.MINOR = 2 whereas a number >= 3 is expected. It comes from another PROJ installation.
2025-07-11 13:20:45,788 - fiona._env - DEBUG - GDAL_DATA found in environment.
2025-07-11 13:20:45,794 - fiona._env - DEBUG - PROJ data found in package: path='P:\\corp\\central_clones\\python_geopandas\\Lib\\site-packages\\fiona\\proj_data'.
2025-07-11 13:20:45,794 - fiona.ogrext - DEBUG - Got coordinate system
2025-07-11 13:20:45,811 - fiona.ogrext - DEBUG - Got coordinate system
2025-07-11 13:20:45,842 - fiona._env - WARNING - PROJ: proj_identify: P:\corp\central_clones\python_geopandas\Lib\site-packages\fiona\proj_data\proj.db contains DATABASE.LAYOUT.VERSION.MINOR = 2 whereas a number >= 3 is expected. It comes from another PROJ installation.
2025-07-11 13:20:45,843 - fiona.ogrext - DEBUG - OLC_FASTSETNEXTBYINDEX: 1
2025-07-11 13:20:45,845 - fiona.ogrext - DEBUG - OLC_FASTFEATURECOUNT: 1
2025-07-11 13:20:45,846 - fiona.ogrext - DEBUG - Next index: 0
2025-07-11 13:20:45,897 - fiona.collection - DEBUG - Flushed buffer
2025-07-11 13:20:45,901 - fiona.collection - DEBUG - Stopped session
2025-07-11 13:20:45,929 - fiona._env - DEBUG - GDAL_DATA found in environment.
2025-07-11 13:20:45,932 - fiona._env - DEBUG - PROJ data found in package: path='P:\\corp\\central_clones\\python_geopandas\\Lib\\site-packages\\fiona\\proj_data'.
2025-07-11 13:20:48,704 - fiona._env - WARNING - PROJ: proj_identify: P:\corp\central_clones\python_geopandas\Lib\site-packages\fiona\proj_data\proj.db contains DATABASE.LAYOUT.VERSION.MINOR = 2 whereas a number >= 3 is expected. It comes from another PROJ installation.
2025-07-11 13:20:56,359 - fiona._env - WARNING - PROJ: proj_identify: P:\corp\central_clones\python_geopandas\Lib\site-packages\fiona\proj_data\proj.db contains DATABASE.LAYOUT.VERSION.MINOR = 2 whereas a number >= 3 is expected. It comes from another PROJ installation.
2025-07-11 13:20:57,146 - fiona._env - WARNING - PROJ: proj_identify: P:\corp\central_clones\python_geopandas\Lib\site-packages\fiona\proj_data\proj.db contains DATABASE.LAYOUT.VERSION.MINOR = 2 whereas a number >= 3 is expected. It comes from another PROJ installation.
2025-07-11 13:20:58,350 - fiona._env - DEBUG - GDAL_DATA found in environment.
2025-07-11 13:20:58,352 - fiona._env - DEBUG - PROJ data found in package: path='P:\\corp\\central_clones\\python_geopandas\\Lib\\site-packages\\fiona\\proj_data'.
2025-07-11 13:20:58,353 - fiona.ogrext - DEBUG - Got coordinate system
2025-07-11 13:20:58,371 - fiona.ogrext - DEBUG - Got coordinate system
2025-07-11 13:20:58,405 - fiona._env - WARNING - PROJ: proj_identify: P:\corp\central_clones\python_geopandas\Lib\site-packages\fiona\proj_data\proj.db contains DATABASE.LAYOUT.VERSION.MINOR = 2 whereas a number >= 3 is expected. It comes from another PROJ installation.
2025-07-11 13:20:58,406 - fiona.ogrext - DEBUG - OLC_FASTSETNEXTBYINDEX: 1
2025-07-11 13:20:58,407 - fiona.ogrext - DEBUG - OLC_FASTFEATURECOUNT: 1
2025-07-11 13:20:58,407 - fiona.ogrext - DEBUG - Next index: 0
2025-07-11 13:20:58,449 - fiona.collection - DEBUG - Flushed buffer
2025-07-11 13:20:58,452 - fiona.collection - DEBUG - Stopped session
2025-07-11 13:20:58,480 - fiona._env - DEBUG - GDAL_DATA found in environment.
2025-07-11 13:20:58,482 - fiona._env - DEBUG - PROJ data found in package: path='P:\\corp\\central_clones\\python_geopandas\\Lib\\site-packages\\fiona\\proj_data'.
2025-07-11 13:21:00,373 - fiona._env - WARNING - PROJ: proj_identify: P:\corp\central_clones\python_geopandas\Lib\site-packages\fiona\proj_data\proj.db contains DATABASE.LAYOUT.VERSION.MINOR = 2 whereas a number >= 3 is expected. It comes from another PROJ installation.
2025-07-11 13:21:06,880 - fiona._env - WARNING - PROJ: proj_identify: P:\corp\central_clones\python_geopandas\Lib\site-packages\fiona\proj_data\proj.db contains DATABASE.LAYOUT.VERSION.MINOR = 2 whereas a number >= 3 is expected. It comes from another PROJ installation.
2025-07-11 13:21:07,334 - fiona._env - WARNING - PROJ: proj_identify: P:\corp\central_clones\python_geopandas\Lib\site-packages\fiona\proj_data\proj.db contains DATABASE.LAYOUT.VERSION.MINOR = 2 whereas a number >= 3 is expected. It comes from another PROJ installation.
2025-07-11 13:21:08,486 - fiona._env - DEBUG - GDAL_DATA found in environment.
2025-07-11 13:21:08,489 - fiona._env - DEBUG - PROJ data found in package: path='P:\\corp\\central_clones\\python_geopandas\\Lib\\site-packages\\fiona\\proj_data'.
2025-07-11 13:21:08,490 - fiona.ogrext - DEBUG - Got coordinate system
2025-07-11 13:21:08,502 - fiona.ogrext - DEBUG - Got coordinate system
2025-07-11 13:21:08,532 - fiona._env - WARNING - PROJ: proj_identify: P:\corp\central_clones\python_geopandas\Lib\site-packages\fiona\proj_data\proj.db contains DATABASE.LAYOUT.VERSION.MINOR = 2 whereas a number >= 3 is expected. It comes from another PROJ installation.
2025-07-11 13:21:08,533 - fiona.ogrext - DEBUG - OLC_FASTSETNEXTBYINDEX: 1
2025-07-11 13:21:08,534 - fiona.ogrext - DEBUG - OLC_FASTFEATURECOUNT: 1
2025-07-11 13:21:08,534 - fiona.ogrext - DEBUG - Next index: 0
2025-07-11 13:21:08,581 - fiona.collection - DEBUG - Flushed buffer
2025-07-11 13:21:08,584 - fiona.collection - DEBUG - Stopped session
2025-07-11 13:21:08,608 - fiona._env - DEBUG - GDAL_DATA found in environment.
2025-07-11 13:21:08,610 - fiona._env - DEBUG - PROJ data found in package: path='P:\\corp\\central_clones\\python_geopandas\\Lib\\site-packages\\fiona\\proj_data'.
2025-07-11 13:21:10,446 - fiona._env - WARNING - PROJ: proj_identify: P:\corp\central_clones\python_geopandas\Lib\site-packages\fiona\proj_data\proj.db contains DATABASE.LAYOUT.VERSION.MINOR = 2 whereas a number >= 3 is expected. It comes from another PROJ installation.
2025-07-11 13:21:16,532 - fiona._env - WARNING - PROJ: proj_identify: P:\corp\central_clones\python_geopandas\Lib\site-packages\fiona\proj_data\proj.db contains DATABASE.LAYOUT.VERSION.MINOR = 2 whereas a number >= 3 is expected. It comes from another PROJ installation.
2025-07-11 13:21:17,071 - fiona._env - WARNING - PROJ: proj_identify: P:\corp\central_clones\python_geopandas\Lib\site-packages\fiona\proj_data\proj.db contains DATABASE.LAYOUT.VERSION.MINOR = 2 whereas a number >= 3 is expected. It comes from another PROJ installation.
2025-07-11 13:21:18,206 - fiona._env - DEBUG - GDAL_DATA found in environment.
2025-07-11 13:21:18,208 - fiona._env - DEBUG - PROJ data found in package: path='P:\\corp\\central_clones\\python_geopandas\\Lib\\site-packages\\fiona\\proj_data'.
2025-07-11 13:21:18,208 - fiona.ogrext - DEBUG - Got coordinate system
2025-07-11 13:21:18,226 - fiona.ogrext - DEBUG - Got coordinate system
2025-07-11 13:21:18,254 - fiona._env - WARNING - PROJ: proj_identify: P:\corp\central_clones\python_geopandas\Lib\site-packages\fiona\proj_data\proj.db contains DATABASE.LAYOUT.VERSION.MINOR = 2 whereas a number >= 3 is expected. It comes from another PROJ installation.
2025-07-11 13:21:18,255 - fiona.ogrext - DEBUG - OLC_FASTSETNEXTBYINDEX: 1
2025-07-11 13:21:18,255 - fiona.ogrext - DEBUG - OLC_FASTFEATURECOUNT: 1
2025-07-11 13:21:18,256 - fiona.ogrext - DEBUG - Next index: 0
2025-07-11 13:21:18,298 - fiona.collection - DEBUG - Flushed buffer
2025-07-11 13:21:18,300 - fiona.collection - DEBUG - Stopped session
2025-07-11 13:21:18,326 - fiona._env - DEBUG - GDAL_DATA found in environment.
2025-07-11 13:21:18,327 - fiona._env - DEBUG - PROJ data found in package: path='P:\\corp\\central_clones\\python_geopandas\\Lib\\site-packages\\fiona\\proj_data'.
2025-07-11 13:21:20,177 - fiona._env - WARNING - PROJ: proj_identify: P:\corp\central_clones\python_geopandas\Lib\site-packages\fiona\proj_data\proj.db contains DATABASE.LAYOUT.VERSION.MINOR = 2 whereas a number >= 3 is expected. It comes from another PROJ installation.
2025-07-11 13:21:26,514 - fiona._env - WARNING - PROJ: proj_identify: P:\corp\central_clones\python_geopandas\Lib\site-packages\fiona\proj_data\proj.db contains DATABASE.LAYOUT.VERSION.MINOR = 2 whereas a number >= 3 is expected. It comes from another PROJ installation.
2025-07-11 13:21:26,909 - fiona._env - WARNING - PROJ: proj_identify: P:\corp\central_clones\python_geopandas\Lib\site-packages\fiona\proj_data\proj.db contains DATABASE.LAYOUT.VERSION.MINOR = 2 whereas a number >= 3 is expected. It comes from another PROJ installation.
2025-07-11 13:21:27,836 - fiona._env - DEBUG - GDAL_DATA found in environment.
2025-07-11 13:21:27,839 - fiona._env - DEBUG - PROJ data found in package: path='P:\\corp\\central_clones\\python_geopandas\\Lib\\site-packages\\fiona\\proj_data'.
2025-07-11 13:21:27,840 - fiona.ogrext - DEBUG - Got coordinate system
2025-07-11 13:21:27,852 - fiona.ogrext - DEBUG - Got coordinate system
2025-07-11 13:21:27,875 - fiona._env - WARNING - PROJ: proj_identify: P:\corp\central_clones\python_geopandas\Lib\site-packages\fiona\proj_data\proj.db contains DATABASE.LAYOUT.VERSION.MINOR = 2 whereas a number >= 3 is expected. It comes from another PROJ installation.
2025-07-11 13:21:27,875 - fiona.ogrext - DEBUG - OLC_FASTSETNEXTBYINDEX: 1
2025-07-11 13:21:27,876 - fiona.ogrext - DEBUG - OLC_FASTFEATURECOUNT: 1
2025-07-11 13:21:27,876 - fiona.ogrext - DEBUG - Next index: 0
2025-07-11 13:21:27,912 - fiona.collection - DEBUG - Flushed buffer
2025-07-11 13:21:27,914 - fiona.collection - DEBUG - Stopped session
2025-07-11 13:21:27,935 - fiona._env - DEBUG - GDAL_DATA found in environment.
2025-07-11 13:21:27,937 - fiona._env - DEBUG - PROJ data found in package: path='P:\\corp\\central_clones\\python_geopandas\\Lib\\site-packages\\fiona\\proj_data'.
2025-07-11 13:21:29,377 - fiona._env - WARNING - PROJ: proj_identify: P:\corp\central_clones\python_geopandas\Lib\site-packages\fiona\proj_data\proj.db contains DATABASE.LAYOUT.VERSION.MINOR = 2 whereas a number >= 3 is expected. It comes from another PROJ installation.
2025-07-11 13:21:34,130 - fiona._env - WARNING - PROJ: proj_identify: P:\corp\central_clones\python_geopandas\Lib\site-packages\fiona\proj_data\proj.db contains DATABASE.LAYOUT.VERSION.MINOR = 2 whereas a number >= 3 is expected. It comes from another PROJ installation.
2025-07-11 13:21:34,527 - fiona._env - WARNING - PROJ: proj_identify: P:\corp\central_clones\python_geopandas\Lib\site-packages\fiona\proj_data\proj.db contains DATABASE.LAYOUT.VERSION.MINOR = 2 whereas a number >= 3 is expected. It comes from another PROJ installation.
2025-07-11 13:21:35,450 - fiona._env - DEBUG - GDAL_DATA found in environment.
2025-07-11 13:21:35,451 - fiona._env - DEBUG - PROJ data found in package: path='P:\\corp\\central_clones\\python_geopandas\\Lib\\site-packages\\fiona\\proj_data'.
2025-07-11 13:21:35,452 - fiona.ogrext - DEBUG - Got coordinate system
2025-07-11 13:21:35,463 - fiona.ogrext - DEBUG - Got coordinate system
2025-07-11 13:21:35,484 - fiona._env - WARNING - PROJ: proj_identify: P:\corp\central_clones\python_geopandas\Lib\site-packages\fiona\proj_data\proj.db contains DATABASE.LAYOUT.VERSION.MINOR = 2 whereas a number >= 3 is expected. It comes from another PROJ installation.
2025-07-11 13:21:35,485 - fiona.ogrext - DEBUG - OLC_FASTSETNEXTBYINDEX: 1
2025-07-11 13:21:35,485 - fiona.ogrext - DEBUG - OLC_FASTFEATURECOUNT: 1
2025-07-11 13:21:35,485 - fiona.ogrext - DEBUG - Next index: 0
2025-07-11 13:21:35,522 - fiona.collection - DEBUG - Flushed buffer
2025-07-11 13:21:35,524 - fiona.collection - DEBUG - Stopped session
2025-07-11 13:21:35,544 - fiona._env - DEBUG - GDAL_DATA found in environment.
2025-07-11 13:21:35,546 - fiona._env - DEBUG - PROJ data found in package: path='P:\\corp\\central_clones\\python_geopandas\\Lib\\site-packages\\fiona\\proj_data'.
2025-07-11 13:21:37,095 - fiona._env - WARNING - PROJ: proj_identify: P:\corp\central_clones\python_geopandas\Lib\site-packages\fiona\proj_data\proj.db contains DATABASE.LAYOUT.VERSION.MINOR = 2 whereas a number >= 3 is expected. It comes from another PROJ installation.
2025-07-11 13:21:42,736 - fiona._env - WARNING - PROJ: proj_identify: P:\corp\central_clones\python_geopandas\Lib\site-packages\fiona\proj_data\proj.db contains DATABASE.LAYOUT.VERSION.MINOR = 2 whereas a number >= 3 is expected. It comes from another PROJ installation.
2025-07-11 13:21:43,186 - fiona._env - WARNING - PROJ: proj_identify: P:\corp\central_clones\python_geopandas\Lib\site-packages\fiona\proj_data\proj.db contains DATABASE.LAYOUT.VERSION.MINOR = 2 whereas a number >= 3 is expected. It comes from another PROJ installation.
2025-07-11 13:21:44,308 - fiona._env - DEBUG - GDAL_DATA found in environment.
2025-07-11 13:21:44,310 - fiona._env - DEBUG - PROJ data found in package: path='P:\\corp\\central_clones\\python_geopandas\\Lib\\site-packages\\fiona\\proj_data'.
2025-07-11 13:21:44,311 - fiona.ogrext - DEBUG - Got coordinate system
2025-07-11 13:21:44,324 - fiona.ogrext - DEBUG - Got coordinate system
2025-07-11 13:21:44,350 - fiona._env - WARNING - PROJ: proj_identify: P:\corp\central_clones\python_geopandas\Lib\site-packages\fiona\proj_data\proj.db contains DATABASE.LAYOUT.VERSION.MINOR = 2 whereas a number >= 3 is expected. It comes from another PROJ installation.
2025-07-11 13:21:44,351 - fiona.ogrext - DEBUG - OLC_FASTSETNEXTBYINDEX: 1
2025-07-11 13:21:44,352 - fiona.ogrext - DEBUG - OLC_FASTFEATURECOUNT: 1
2025-07-11 13:21:44,352 - fiona.ogrext - DEBUG - Next index: 0
2025-07-11 13:21:44,390 - fiona.collection - DEBUG - Flushed buffer
2025-07-11 13:21:44,392 - fiona.collection - DEBUG - Stopped session
2025-07-11 13:21:44,414 - fiona._env - DEBUG - GDAL_DATA found in environment.
2025-07-11 13:21:44,416 - fiona._env - DEBUG - PROJ data found in package: path='P:\\corp\\central_clones\\python_geopandas\\Lib\\site-packages\\fiona\\proj_data'.
2025-07-11 13:21:46,039 - fiona._env - WARNING - PROJ: proj_identify: P:\corp\central_clones\python_geopandas\Lib\site-packages\fiona\proj_data\proj.db contains DATABASE.LAYOUT.VERSION.MINOR = 2 whereas a number >= 3 is expected. It comes from another PROJ installation.
2025-07-11 13:21:52,329 - fiona._env - WARNING - PROJ: proj_identify: P:\corp\central_clones\python_geopandas\Lib\site-packages\fiona\proj_data\proj.db contains DATABASE.LAYOUT.VERSION.MINOR = 2 whereas a number >= 3 is expected. It comes from another PROJ installation.
2025-07-11 13:21:52,840 - fiona._env - WARNING - PROJ: proj_identify: P:\corp\central_clones\python_geopandas\Lib\site-packages\fiona\proj_data\proj.db contains DATABASE.LAYOUT.VERSION.MINOR = 2 whereas a number >= 3 is expected. It comes from another PROJ installation.
2025-07-11 13:21:54,056 - fiona._env - DEBUG - GDAL_DATA found in environment.
2025-07-11 13:21:54,058 - fiona._env - DEBUG - PROJ data found in package: path='P:\\corp\\central_clones\\python_geopandas\\Lib\\site-packages\\fiona\\proj_data'.
2025-07-11 13:21:54,059 - fiona.ogrext - DEBUG - Got coordinate system
2025-07-11 13:21:54,071 - fiona.ogrext - DEBUG - Got coordinate system
2025-07-11 13:21:54,097 - fiona._env - WARNING - PROJ: proj_identify: P:\corp\central_clones\python_geopandas\Lib\site-packages\fiona\proj_data\proj.db contains DATABASE.LAYOUT.VERSION.MINOR = 2 whereas a number >= 3 is expected. It comes from another PROJ installation.
2025-07-11 13:21:54,098 - fiona.ogrext - DEBUG - OLC_FASTSETNEXTBYINDEX: 1
2025-07-11 13:21:54,098 - fiona.ogrext - DEBUG - OLC_FASTFEATURECOUNT: 1
2025-07-11 13:21:54,098 - fiona.ogrext - DEBUG - Next index: 0
2025-07-11 13:21:54,133 - fiona.collection - DEBUG - Flushed buffer
2025-07-11 13:21:54,136 - fiona.collection - DEBUG - Stopped session
2025-07-11 13:21:54,158 - fiona._env - DEBUG - GDAL_DATA found in environment.
2025-07-11 13:21:54,160 - fiona._env - DEBUG - PROJ data found in package: path='P:\\corp\\central_clones\\python_geopandas\\Lib\\site-packages\\fiona\\proj_data'.
2025-07-11 13:21:55,945 - fiona._env - WARNING - PROJ: proj_identify: P:\corp\central_clones\python_geopandas\Lib\site-packages\fiona\proj_data\proj.db contains DATABASE.LAYOUT.VERSION.MINOR = 2 whereas a number >= 3 is expected. It comes from another PROJ installation.
2025-07-11 13:22:02,420 - fiona._env - WARNING - PROJ: proj_identify: P:\corp\central_clones\python_geopandas\Lib\site-packages\fiona\proj_data\proj.db contains DATABASE.LAYOUT.VERSION.MINOR = 2 whereas a number >= 3 is expected. It comes from another PROJ installation.
2025-07-11 13:22:02,893 - fiona._env - WARNING - PROJ: proj_identify: P:\corp\central_clones\python_geopandas\Lib\site-packages\fiona\proj_data\proj.db contains DATABASE.LAYOUT.VERSION.MINOR = 2 whereas a number >= 3 is expected. It comes from another PROJ installation.
2025-07-11 13:22:04,116 - fiona._env - DEBUG - GDAL_DATA found in environment.
2025-07-11 13:22:04,118 - fiona._env - DEBUG - PROJ data found in package: path='P:\\corp\\central_clones\\python_geopandas\\Lib\\site-packages\\fiona\\proj_data'.
2025-07-11 13:22:04,118 - fiona.ogrext - DEBUG - Got coordinate system
2025-07-11 13:22:04,130 - fiona.ogrext - DEBUG - Got coordinate system
2025-07-11 13:22:04,150 - fiona._env - WARNING - PROJ: proj_identify: P:\corp\central_clones\python_geopandas\Lib\site-packages\fiona\proj_data\proj.db contains DATABASE.LAYOUT.VERSION.MINOR = 2 whereas a number >= 3 is expected. It comes from another PROJ installation.
2025-07-11 13:22:04,151 - fiona.ogrext - DEBUG - OLC_FASTSETNEXTBYINDEX: 1
2025-07-11 13:22:04,151 - fiona.ogrext - DEBUG - OLC_FASTFEATURECOUNT: 1
2025-07-11 13:22:04,151 - fiona.ogrext - DEBUG - Next index: 0
2025-07-11 13:22:04,186 - fiona.collection - DEBUG - Flushed buffer
2025-07-11 13:22:04,188 - fiona.collection - DEBUG - Stopped session
2025-07-11 13:22:04,208 - fiona._env - DEBUG - GDAL_DATA found in environment.
2025-07-11 13:22:04,209 - fiona._env - DEBUG - PROJ data found in package: path='P:\\corp\\central_clones\\python_geopandas\\Lib\\site-packages\\fiona\\proj_data'.
2025-07-11 13:22:05,711 - fiona._env - WARNING - PROJ: proj_identify: P:\corp\central_clones\python_geopandas\Lib\site-packages\fiona\proj_data\proj.db contains DATABASE.LAYOUT.VERSION.MINOR = 2 whereas a number >= 3 is expected. It comes from another PROJ installation.
2025-07-11 13:22:10,459 - fiona._env - WARNING - PROJ: proj_identify: P:\corp\central_clones\python_geopandas\Lib\site-packages\fiona\proj_data\proj.db contains DATABASE.LAYOUT.VERSION.MINOR = 2 whereas a number >= 3 is expected. It comes from another PROJ installation.
2025-07-11 13:22:10,857 - fiona._env - WARNING - PROJ: proj_identify: P:\corp\central_clones\python_geopandas\Lib\site-packages\fiona\proj_data\proj.db contains DATABASE.LAYOUT.VERSION.MINOR = 2 whereas a number >= 3 is expected. It comes from another PROJ installation.
2025-07-11 13:22:11,869 - fiona._env - DEBUG - GDAL_DATA found in environment.
2025-07-11 13:22:11,870 - fiona._env - DEBUG - PROJ data found in package: path='P:\\corp\\central_clones\\python_geopandas\\Lib\\site-packages\\fiona\\proj_data'.
2025-07-11 13:22:11,871 - fiona.ogrext - DEBUG - Got coordinate system
2025-07-11 13:22:11,883 - fiona.ogrext - DEBUG - Got coordinate system
2025-07-11 13:22:11,905 - fiona._env - WARNING - PROJ: proj_identify: P:\corp\central_clones\python_geopandas\Lib\site-packages\fiona\proj_data\proj.db contains DATABASE.LAYOUT.VERSION.MINOR = 2 whereas a number >= 3 is expected. It comes from another PROJ installation.
2025-07-11 13:22:11,906 - fiona.ogrext - DEBUG - OLC_FASTSETNEXTBYINDEX: 1
2025-07-11 13:22:11,906 - fiona.ogrext - DEBUG - OLC_FASTFEATURECOUNT: 1
2025-07-11 13:22:11,907 - fiona.ogrext - DEBUG - Next index: 0
2025-07-11 13:22:11,941 - fiona.collection - DEBUG - Flushed buffer
2025-07-11 13:22:11,943 - fiona.collection - DEBUG - Stopped session
2025-07-11 13:22:11,964 - fiona._env - DEBUG - GDAL_DATA found in environment.
2025-07-11 13:22:11,965 - fiona._env - DEBUG - PROJ data found in package: path='P:\\corp\\central_clones\\python_geopandas\\Lib\\site-packages\\fiona\\proj_data'.
2025-07-11 13:22:13,913 - fiona._env - WARNING - PROJ: proj_identify: P:\corp\central_clones\python_geopandas\Lib\site-packages\fiona\proj_data\proj.db contains DATABASE.LAYOUT.VERSION.MINOR = 2 whereas a number >= 3 is expected. It comes from another PROJ installation.
2025-07-11 13:22:19,120 - fiona._env - WARNING - PROJ: proj_identify: P:\corp\central_clones\python_geopandas\Lib\site-packages\fiona\proj_data\proj.db contains DATABASE.LAYOUT.VERSION.MINOR = 2 whereas a number >= 3 is expected. It comes from another PROJ installation.
2025-07-11 13:22:19,519 - fiona._env - WARNING - PROJ: proj_identify: P:\corp\central_clones\python_geopandas\Lib\site-packages\fiona\proj_data\proj.db contains DATABASE.LAYOUT.VERSION.MINOR = 2 whereas a number >= 3 is expected. It comes from another PROJ installation.
2025-07-11 13:22:20,455 - fiona._env - DEBUG - GDAL_DATA found in environment.
2025-07-11 13:22:20,457 - fiona._env - DEBUG - PROJ data found in package: path='P:\\corp\\central_clones\\python_geopandas\\Lib\\site-packages\\fiona\\proj_data'.
2025-07-11 13:22:20,458 - fiona.ogrext - DEBUG - Got coordinate system
2025-07-11 13:22:20,471 - fiona.ogrext - DEBUG - Got coordinate system
2025-07-11 13:22:20,493 - fiona._env - WARNING - PROJ: proj_identify: P:\corp\central_clones\python_geopandas\Lib\site-packages\fiona\proj_data\proj.db contains DATABASE.LAYOUT.VERSION.MINOR = 2 whereas a number >= 3 is expected. It comes from another PROJ installation.
2025-07-11 13:22:20,494 - fiona.ogrext - DEBUG - OLC_FASTSETNEXTBYINDEX: 1
2025-07-11 13:22:20,494 - fiona.ogrext - DEBUG - OLC_FASTFEATURECOUNT: 1
2025-07-11 13:22:20,494 - fiona.ogrext - DEBUG - Next index: 0
2025-07-11 13:22:20,495 - fiona.ogrext - DEBUG - Next index: 1
2025-07-11 13:22:20,496 - fiona.ogrext - DEBUG - Next index: 2
2025-07-11 13:22:20,497 - fiona.ogrext - DEBUG - Next index: 3
2025-07-11 13:22:20,498 - fiona.ogrext - DEBUG - Next index: 4
2025-07-11 13:22:20,500 - fiona.ogrext - DEBUG - Next index: 5
2025-07-11 13:22:20,501 - fiona.ogrext - DEBUG - Next index: 6
2025-07-11 13:22:20,502 - fiona.ogrext - DEBUG - Next index: 7
2025-07-11 13:22:20,503 - fiona.ogrext - DEBUG - Next index: 8
2025-07-11 13:22:20,504 - fiona.ogrext - DEBUG - Next index: 9
2025-07-11 13:22:20,505 - fiona.ogrext - DEBUG - Next index: 10
2025-07-11 13:22:20,506 - fiona.ogrext - DEBUG - Next index: 11
2025-07-11 13:22:20,507 - fiona.ogrext - DEBUG - Next index: 12
2025-07-11 13:22:20,508 - fiona.ogrext - DEBUG - Next index: 13
2025-07-11 13:22:20,510 - fiona.ogrext - DEBUG - Next index: 14
2025-07-11 13:22:20,511 - fiona.ogrext - DEBUG - Next index: 15
2025-07-11 13:22:20,512 - fiona.ogrext - DEBUG - Next index: 16
2025-07-11 13:22:20,513 - fiona.ogrext - DEBUG - Next index: 17
2025-07-11 13:22:20,514 - fiona.ogrext - DEBUG - Next index: 18
2025-07-11 13:22:20,515 - fiona.ogrext - DEBUG - Next index: 19
2025-07-11 13:22:20,516 - fiona.ogrext - DEBUG - Next index: 20
2025-07-11 13:22:20,517 - fiona.ogrext - DEBUG - Next index: 21
2025-07-11 13:22:20,518 - fiona.ogrext - DEBUG - Next index: 22
2025-07-11 13:22:20,519 - fiona.ogrext - DEBUG - Next index: 23
2025-07-11 13:22:20,520 - fiona.ogrext - DEBUG - Next index: 24
2025-07-11 13:22:20,521 - fiona.ogrext - DEBUG - Next index: 25
2025-07-11 13:22:20,522 - fiona.ogrext - DEBUG - Next index: 26
2025-07-11 13:22:20,523 - fiona.ogrext - DEBUG - Next index: 27
2025-07-11 13:22:20,524 - fiona.ogrext - DEBUG - Next index: 28
2025-07-11 13:22:20,525 - fiona.ogrext - DEBUG - Next index: 29
2025-07-11 13:22:20,526 - fiona.ogrext - DEBUG - Next index: 30
2025-07-11 13:22:20,527 - fiona.ogrext - DEBUG - Next index: 31
2025-07-11 13:22:20,528 - fiona.ogrext - DEBUG - Next index: 32
2025-07-11 13:22:20,529 - fiona.ogrext - DEBUG - Next index: 33
2025-07-11 13:22:20,530 - fiona.ogrext - DEBUG - Next index: 34
2025-07-11 13:22:20,531 - fiona.ogrext - DEBUG - Next index: 35
2025-07-11 13:22:20,533 - fiona.ogrext - DEBUG - Next index: 36
2025-07-11 13:22:20,534 - fiona.ogrext - DEBUG - Next index: 37
2025-07-11 13:22:20,535 - fiona.ogrext - DEBUG - Next index: 38
2025-07-11 13:22:20,536 - fiona.ogrext - DEBUG - Next index: 39
2025-07-11 13:22:20,537 - fiona.ogrext - DEBUG - Next index: 40
2025-07-11 13:22:20,538 - fiona.ogrext - DEBUG - Next index: 41
2025-07-11 13:22:20,539 - fiona.ogrext - DEBUG - Next index: 42
2025-07-11 13:22:20,540 - fiona.ogrext - DEBUG - Next index: 43
2025-07-11 13:22:20,542 - fiona.ogrext - DEBUG - Next index: 44
2025-07-11 13:22:20,543 - fiona.ogrext - DEBUG - Next index: 45
2025-07-11 13:22:20,544 - fiona.ogrext - DEBUG - Next index: 46
2025-07-11 13:22:20,545 - fiona.ogrext - DEBUG - Next index: 47
2025-07-11 13:22:20,546 - fiona.ogrext - DEBUG - Next index: 48
2025-07-11 13:22:20,547 - fiona.ogrext - DEBUG - Next index: 49
2025-07-11 13:22:20,548 - fiona.ogrext - DEBUG - Next index: 50
2025-07-11 13:22:20,549 - fiona.ogrext - DEBUG - Next index: 51
2025-07-11 13:22:20,550 - fiona.ogrext - DEBUG - Next index: 52
2025-07-11 13:22:20,551 - fiona.ogrext - DEBUG - Next index: 53
2025-07-11 13:22:20,552 - fiona.ogrext - DEBUG - Next index: 54
2025-07-11 13:22:20,553 - fiona.ogrext - DEBUG - Next index: 55
2025-07-11 13:22:20,554 - fiona.ogrext - DEBUG - Next index: 56
2025-07-11 13:22:20,555 - fiona.ogrext - DEBUG - Next index: 57
2025-07-11 13:22:20,556 - fiona.ogrext - DEBUG - Next index: 58
2025-07-11 13:22:20,558 - fiona.ogrext - DEBUG - Next index: 59
2025-07-11 13:22:20,559 - fiona.ogrext - DEBUG - Next index: 60
2025-07-11 13:22:20,560 - fiona.ogrext - DEBUG - Next index: 61
2025-07-11 13:22:20,561 - fiona.ogrext - DEBUG - Next index: 62
2025-07-11 13:22:20,562 - fiona.ogrext - DEBUG - Next index: 63
2025-07-11 13:22:20,563 - fiona.ogrext - DEBUG - Next index: 64
2025-07-11 13:22:20,564 - fiona.ogrext - DEBUG - Next index: 65
2025-07-11 13:22:20,565 - fiona.ogrext - DEBUG - Next index: 66
2025-07-11 13:22:20,566 - fiona.ogrext - DEBUG - Next index: 67
2025-07-11 13:22:20,567 - fiona.ogrext - DEBUG - Next index: 68
2025-07-11 13:22:20,568 - fiona.ogrext - DEBUG - Next index: 69
2025-07-11 13:22:20,569 - fiona.ogrext - DEBUG - Next index: 70
2025-07-11 13:22:20,570 - fiona.ogrext - DEBUG - Next index: 71
2025-07-11 13:22:20,571 - fiona.ogrext - DEBUG - Next index: 72
2025-07-11 13:22:20,572 - fiona.ogrext - DEBUG - Next index: 73
2025-07-11 13:22:20,573 - fiona.ogrext - DEBUG - Next index: 74
2025-07-11 13:22:20,574 - fiona.ogrext - DEBUG - Next index: 75
2025-07-11 13:22:20,575 - fiona.ogrext - DEBUG - Next index: 76
2025-07-11 13:22:20,576 - fiona.ogrext - DEBUG - Next index: 77
2025-07-11 13:22:20,577 - fiona.ogrext - DEBUG - Next index: 78
2025-07-11 13:22:20,578 - fiona.ogrext - DEBUG - Next index: 79
2025-07-11 13:22:20,579 - fiona.ogrext - DEBUG - Next index: 80
2025-07-11 13:22:20,580 - fiona.ogrext - DEBUG - Next index: 81
2025-07-11 13:22:20,581 - fiona.ogrext - DEBUG - Next index: 82
2025-07-11 13:22:20,583 - fiona.ogrext - DEBUG - Next index: 83
2025-07-11 13:22:20,584 - fiona.ogrext - DEBUG - Next index: 84
2025-07-11 13:22:20,585 - fiona.ogrext - DEBUG - Next index: 85
2025-07-11 13:22:20,586 - fiona.ogrext - DEBUG - Next index: 86
2025-07-11 13:22:20,587 - fiona.ogrext - DEBUG - Next index: 87
2025-07-11 13:22:20,588 - fiona.ogrext - DEBUG - Next index: 88
2025-07-11 13:22:20,589 - fiona.ogrext - DEBUG - Next index: 89
2025-07-11 13:22:20,590 - fiona.ogrext - DEBUG - Next index: 90
2025-07-11 13:22:20,591 - fiona.ogrext - DEBUG - Next index: 91
2025-07-11 13:22:20,592 - fiona.ogrext - DEBUG - Next index: 92
2025-07-11 13:22:20,593 - fiona.ogrext - DEBUG - Next index: 93
2025-07-11 13:22:20,594 - fiona.ogrext - DEBUG - Next index: 94
2025-07-11 13:22:20,595 - fiona.ogrext - DEBUG - Next index: 95
2025-07-11 13:22:20,596 - fiona.ogrext - DEBUG - Next index: 96
2025-07-11 13:22:20,597 - fiona.ogrext - DEBUG - Next index: 97
2025-07-11 13:22:20,598 - fiona.ogrext - DEBUG - Next index: 98
2025-07-11 13:22:20,599 - fiona.ogrext - DEBUG - Next index: 99
2025-07-11 13:22:20,601 - fiona.ogrext - DEBUG - Next index: 100
2025-07-11 13:22:20,602 - fiona.ogrext - DEBUG - Next index: 101
2025-07-11 13:22:20,603 - fiona.ogrext - DEBUG - Next index: 102
2025-07-11 13:22:20,604 - fiona.ogrext - DEBUG - Next index: 103
2025-07-11 13:22:20,605 - fiona.ogrext - DEBUG - Next index: 104
2025-07-11 13:22:20,606 - fiona.ogrext - DEBUG - Next index: 105
2025-07-11 13:22:20,607 - fiona.ogrext - DEBUG - Next index: 106
2025-07-11 13:22:20,608 - fiona.ogrext - DEBUG - Next index: 107
2025-07-11 13:22:20,609 - fiona.ogrext - DEBUG - Next index: 108
2025-07-11 13:22:20,610 - fiona.ogrext - DEBUG - Next index: 109
2025-07-11 13:22:20,611 - fiona.ogrext - DEBUG - Next index: 110
2025-07-11 13:22:20,612 - fiona.ogrext - DEBUG - Next index: 111
2025-07-11 13:22:20,613 - fiona.ogrext - DEBUG - Next index: 112
2025-07-11 13:22:20,614 - fiona.ogrext - DEBUG - Next index: 113
2025-07-11 13:22:20,615 - fiona.ogrext - DEBUG - Next index: 114
2025-07-11 13:22:20,616 - fiona.ogrext - DEBUG - Next index: 115
2025-07-11 13:22:20,617 - fiona.ogrext - DEBUG - Next index: 116
2025-07-11 13:22:20,618 - fiona.ogrext - DEBUG - Next index: 117
2025-07-11 13:22:20,619 - fiona.ogrext - DEBUG - Next index: 118
2025-07-11 13:22:20,620 - fiona.ogrext - DEBUG - Next index: 119
2025-07-11 13:22:20,622 - fiona.ogrext - DEBUG - Next index: 120
2025-07-11 13:22:20,662 - fiona.collection - DEBUG - Flushed buffer
2025-07-11 13:22:20,664 - fiona.collection - DEBUG - Stopped session
2025-07-11 13:22:20,908 - fiona._env - DEBUG - GDAL_DATA found in environment.
2025-07-11 13:22:20,910 - fiona._env - DEBUG - PROJ data found in package: path='P:\\corp\\central_clones\\python_geopandas\\Lib\\site-packages\\fiona\\proj_data'.
2025-07-11 13:22:22,723 - fiona._env - WARNING - PROJ: proj_identify: P:\corp\central_clones\python_geopandas\Lib\site-packages\fiona\proj_data\proj.db contains DATABASE.LAYOUT.VERSION.MINOR = 2 whereas a number >= 3 is expected. It comes from another PROJ installation.
2025-07-11 13:22:28,923 - fiona._env - WARNING - PROJ: proj_identify: P:\corp\central_clones\python_geopandas\Lib\site-packages\fiona\proj_data\proj.db contains DATABASE.LAYOUT.VERSION.MINOR = 2 whereas a number >= 3 is expected. It comes from another PROJ installation.
2025-07-11 13:22:29,427 - fiona._env - WARNING - PROJ: proj_identify: P:\corp\central_clones\python_geopandas\Lib\site-packages\fiona\proj_data\proj.db contains DATABASE.LAYOUT.VERSION.MINOR = 2 whereas a number >= 3 is expected. It comes from another PROJ installation.
2025-07-11 13:22:30,362 - fiona._env - DEBUG - GDAL_DATA found in environment.
2025-07-11 13:22:30,364 - fiona._env - DEBUG - PROJ data found in package: path='P:\\corp\\central_clones\\python_geopandas\\Lib\\site-packages\\fiona\\proj_data'.
2025-07-11 13:22:30,365 - fiona.ogrext - DEBUG - Got coordinate system
2025-07-11 13:22:30,376 - fiona.ogrext - DEBUG - Got coordinate system
2025-07-11 13:22:30,398 - fiona._env - WARNING - PROJ: proj_identify: P:\corp\central_clones\python_geopandas\Lib\site-packages\fiona\proj_data\proj.db contains DATABASE.LAYOUT.VERSION.MINOR = 2 whereas a number >= 3 is expected. It comes from another PROJ installation.
2025-07-11 13:22:30,398 - fiona.ogrext - DEBUG - OLC_FASTSETNEXTBYINDEX: 1
2025-07-11 13:22:30,399 - fiona.ogrext - DEBUG - OLC_FASTFEATURECOUNT: 1
2025-07-11 13:22:30,399 - fiona.ogrext - DEBUG - Next index: 0
2025-07-11 13:22:30,433 - fiona.collection - DEBUG - Flushed buffer
2025-07-11 13:22:30,435 - fiona.collection - DEBUG - Stopped session
2025-07-11 13:22:30,456 - fiona._env - DEBUG - GDAL_DATA found in environment.
2025-07-11 13:22:30,457 - fiona._env - DEBUG - PROJ data found in package: path='P:\\corp\\central_clones\\python_geopandas\\Lib\\site-packages\\fiona\\proj_data'.
2025-07-11 13:22:31,976 - fiona._env - WARNING - PROJ: proj_identify: P:\corp\central_clones\python_geopandas\Lib\site-packages\fiona\proj_data\proj.db contains DATABASE.LAYOUT.VERSION.MINOR = 2 whereas a number >= 3 is expected. It comes from another PROJ installation.
2025-07-11 13:22:36,825 - fiona._env - WARNING - PROJ: proj_identify: P:\corp\central_clones\python_geopandas\Lib\site-packages\fiona\proj_data\proj.db contains DATABASE.LAYOUT.VERSION.MINOR = 2 whereas a number >= 3 is expected. It comes from another PROJ installation.
2025-07-11 13:22:37,355 - fiona._env - WARNING - PROJ: proj_identify: P:\corp\central_clones\python_geopandas\Lib\site-packages\fiona\proj_data\proj.db contains DATABASE.LAYOUT.VERSION.MINOR = 2 whereas a number >= 3 is expected. It comes from another PROJ installation.
2025-07-11 13:22:38,622 - fiona._env - DEBUG - GDAL_DATA found in environment.
2025-07-11 13:22:38,624 - fiona._env - DEBUG - PROJ data found in package: path='P:\\corp\\central_clones\\python_geopandas\\Lib\\site-packages\\fiona\\proj_data'.
2025-07-11 13:22:38,625 - fiona.ogrext - DEBUG - Got coordinate system
2025-07-11 13:22:38,637 - fiona.ogrext - DEBUG - Got coordinate system
2025-07-11 13:22:38,668 - fiona._env - WARNING - PROJ: proj_identify: P:\corp\central_clones\python_geopandas\Lib\site-packages\fiona\proj_data\proj.db contains DATABASE.LAYOUT.VERSION.MINOR = 2 whereas a number >= 3 is expected. It comes from another PROJ installation.
2025-07-11 13:22:38,669 - fiona.ogrext - DEBUG - OLC_FASTSETNEXTBYINDEX: 1
2025-07-11 13:22:38,669 - fiona.ogrext - DEBUG - OLC_FASTFEATURECOUNT: 1
2025-07-11 13:22:38,670 - fiona.ogrext - DEBUG - Next index: 0
2025-07-11 13:22:38,670 - fiona.ogrext - DEBUG - Next index: 1
2025-07-11 13:22:38,672 - fiona.ogrext - DEBUG - Next index: 2
2025-07-11 13:22:38,674 - fiona.ogrext - DEBUG - Next index: 3
2025-07-11 13:22:38,676 - fiona.ogrext - DEBUG - Next index: 4
2025-07-11 13:22:38,677 - fiona.ogrext - DEBUG - Next index: 5
2025-07-11 13:22:38,679 - fiona.ogrext - DEBUG - Next index: 6
2025-07-11 13:22:38,680 - fiona.ogrext - DEBUG - Next index: 7
2025-07-11 13:22:38,681 - fiona.ogrext - DEBUG - Next index: 8
2025-07-11 13:22:38,725 - fiona.collection - DEBUG - Flushed buffer
2025-07-11 13:22:38,728 - fiona.collection - DEBUG - Stopped session
2025-07-11 13:22:38,920 - fiona._env - DEBUG - GDAL_DATA found in environment.
2025-07-11 13:22:38,923 - fiona._env - DEBUG - PROJ data found in package: path='P:\\corp\\central_clones\\python_geopandas\\Lib\\site-packages\\fiona\\proj_data'.
2025-07-11 13:22:40,515 - fiona._env - WARNING - PROJ: proj_identify: P:\corp\central_clones\python_geopandas\Lib\site-packages\fiona\proj_data\proj.db contains DATABASE.LAYOUT.VERSION.MINOR = 2 whereas a number >= 3 is expected. It comes from another PROJ installation.
2025-07-11 13:22:45,340 - fiona._env - WARNING - PROJ: proj_identify: P:\corp\central_clones\python_geopandas\Lib\site-packages\fiona\proj_data\proj.db contains DATABASE.LAYOUT.VERSION.MINOR = 2 whereas a number >= 3 is expected. It comes from another PROJ installation.
2025-07-11 13:22:45,738 - fiona._env - WARNING - PROJ: proj_identify: P:\corp\central_clones\python_geopandas\Lib\site-packages\fiona\proj_data\proj.db contains DATABASE.LAYOUT.VERSION.MINOR = 2 whereas a number >= 3 is expected. It comes from another PROJ installation.
2025-07-11 13:22:46,665 - fiona._env - DEBUG - GDAL_DATA found in environment.
2025-07-11 13:22:46,666 - fiona._env - DEBUG - PROJ data found in package: path='P:\\corp\\central_clones\\python_geopandas\\Lib\\site-packages\\fiona\\proj_data'.
2025-07-11 13:22:46,667 - fiona.ogrext - DEBUG - Got coordinate system
2025-07-11 13:22:46,679 - fiona.ogrext - DEBUG - Got coordinate system
2025-07-11 13:22:46,701 - fiona._env - WARNING - PROJ: proj_identify: P:\corp\central_clones\python_geopandas\Lib\site-packages\fiona\proj_data\proj.db contains DATABASE.LAYOUT.VERSION.MINOR = 2 whereas a number >= 3 is expected. It comes from another PROJ installation.
2025-07-11 13:22:46,702 - fiona.ogrext - DEBUG - OLC_FASTSETNEXTBYINDEX: 1
2025-07-11 13:22:46,702 - fiona.ogrext - DEBUG - OLC_FASTFEATURECOUNT: 1
2025-07-11 13:22:46,702 - fiona.ogrext - DEBUG - Next index: 0
2025-07-11 13:22:46,703 - fiona.ogrext - DEBUG - Next index: 1
2025-07-11 13:22:46,737 - fiona.collection - DEBUG - Flushed buffer
2025-07-11 13:22:46,739 - fiona.collection - DEBUG - Stopped session
2025-07-11 13:22:46,886 - fiona._env - DEBUG - GDAL_DATA found in environment.
2025-07-11 13:22:46,888 - fiona._env - DEBUG - PROJ data found in package: path='P:\\corp\\central_clones\\python_geopandas\\Lib\\site-packages\\fiona\\proj_data'.
2025-07-11 13:22:48,392 - fiona._env - WARNING - PROJ: proj_identify: P:\corp\central_clones\python_geopandas\Lib\site-packages\fiona\proj_data\proj.db contains DATABASE.LAYOUT.VERSION.MINOR = 2 whereas a number >= 3 is expected. It comes from another PROJ installation.
2025-07-11 13:22:54,209 - fiona._env - WARNING - PROJ: proj_identify: P:\corp\central_clones\python_geopandas\Lib\site-packages\fiona\proj_data\proj.db contains DATABASE.LAYOUT.VERSION.MINOR = 2 whereas a number >= 3 is expected. It comes from another PROJ installation.
2025-07-11 13:22:54,744 - fiona._env - WARNING - PROJ: proj_identify: P:\corp\central_clones\python_geopandas\Lib\site-packages\fiona\proj_data\proj.db contains DATABASE.LAYOUT.VERSION.MINOR = 2 whereas a number >= 3 is expected. It comes from another PROJ installation.
2025-07-11 13:22:55,892 - fiona._env - DEBUG - GDAL_DATA found in environment.
2025-07-11 13:22:55,894 - fiona._env - DEBUG - PROJ data found in package: path='P:\\corp\\central_clones\\python_geopandas\\Lib\\site-packages\\fiona\\proj_data'.
2025-07-11 13:22:55,895 - fiona.ogrext - DEBUG - Got coordinate system
2025-07-11 13:22:55,910 - fiona.ogrext - DEBUG - Got coordinate system
2025-07-11 13:22:55,936 - fiona._env - WARNING - PROJ: proj_identify: P:\corp\central_clones\python_geopandas\Lib\site-packages\fiona\proj_data\proj.db contains DATABASE.LAYOUT.VERSION.MINOR = 2 whereas a number >= 3 is expected. It comes from another PROJ installation.
2025-07-11 13:22:55,936 - fiona.ogrext - DEBUG - OLC_FASTSETNEXTBYINDEX: 1
2025-07-11 13:22:55,937 - fiona.ogrext - DEBUG - OLC_FASTFEATURECOUNT: 1
2025-07-11 13:22:55,937 - fiona.ogrext - DEBUG - Next index: 0
2025-07-11 13:22:55,974 - fiona.collection - DEBUG - Flushed buffer
2025-07-11 13:22:55,976 - fiona.collection - DEBUG - Stopped session
2025-07-11 13:22:55,997 - fiona._env - DEBUG - GDAL_DATA found in environment.
2025-07-11 13:22:55,999 - fiona._env - DEBUG - PROJ data found in package: path='P:\\corp\\central_clones\\python_geopandas\\Lib\\site-packages\\fiona\\proj_data'.
2025-07-11 13:22:57,648 - fiona._env - WARNING - PROJ: proj_identify: P:\corp\central_clones\python_geopandas\Lib\site-packages\fiona\proj_data\proj.db contains DATABASE.LAYOUT.VERSION.MINOR = 2 whereas a number >= 3 is expected. It comes from another PROJ installation.
2025-07-11 13:23:03,413 - fiona._env - WARNING - PROJ: proj_identify: P:\corp\central_clones\python_geopandas\Lib\site-packages\fiona\proj_data\proj.db contains DATABASE.LAYOUT.VERSION.MINOR = 2 whereas a number >= 3 is expected. It comes from another PROJ installation.
2025-07-11 13:23:03,863 - fiona._env - WARNING - PROJ: proj_identify: P:\corp\central_clones\python_geopandas\Lib\site-packages\fiona\proj_data\proj.db contains DATABASE.LAYOUT.VERSION.MINOR = 2 whereas a number >= 3 is expected. It comes from another PROJ installation.
2025-07-11 13:23:04,882 - fiona._env - DEBUG - GDAL_DATA found in environment.
2025-07-11 13:23:04,885 - fiona._env - DEBUG - PROJ data found in package: path='P:\\corp\\central_clones\\python_geopandas\\Lib\\site-packages\\fiona\\proj_data'.
2025-07-11 13:23:04,885 - fiona.ogrext - DEBUG - Got coordinate system
2025-07-11 13:23:04,901 - fiona.ogrext - DEBUG - Got coordinate system
2025-07-11 13:23:04,927 - fiona._env - WARNING - PROJ: proj_identify: P:\corp\central_clones\python_geopandas\Lib\site-packages\fiona\proj_data\proj.db contains DATABASE.LAYOUT.VERSION.MINOR = 2 whereas a number >= 3 is expected. It comes from another PROJ installation.
2025-07-11 13:23:04,928 - fiona.ogrext - DEBUG - OLC_FASTSETNEXTBYINDEX: 1
2025-07-11 13:23:04,928 - fiona.ogrext - DEBUG - OLC_FASTFEATURECOUNT: 1
2025-07-11 13:23:04,929 - fiona.ogrext - DEBUG - Next index: 0
2025-07-11 13:23:04,964 - fiona.collection - DEBUG - Flushed buffer
2025-07-11 13:23:04,966 - fiona.collection - DEBUG - Stopped session
2025-07-11 13:23:04,987 - fiona._env - DEBUG - GDAL_DATA found in environment.
2025-07-11 13:23:04,989 - fiona._env - DEBUG - PROJ data found in package: path='P:\\corp\\central_clones\\python_geopandas\\Lib\\site-packages\\fiona\\proj_data'.
2025-07-11 13:23:06,607 - fiona._env - WARNING - PROJ: proj_identify: P:\corp\central_clones\python_geopandas\Lib\site-packages\fiona\proj_data\proj.db contains DATABASE.LAYOUT.VERSION.MINOR = 2 whereas a number >= 3 is expected. It comes from another PROJ installation.
2025-07-11 13:23:11,562 - fiona._env - WARNING - PROJ: proj_identify: P:\corp\central_clones\python_geopandas\Lib\site-packages\fiona\proj_data\proj.db contains DATABASE.LAYOUT.VERSION.MINOR = 2 whereas a number >= 3 is expected. It comes from another PROJ installation.
2025-07-11 13:23:11,957 - fiona._env - WARNING - PROJ: proj_identify: P:\corp\central_clones\python_geopandas\Lib\site-packages\fiona\proj_data\proj.db contains DATABASE.LAYOUT.VERSION.MINOR = 2 whereas a number >= 3 is expected. It comes from another PROJ installation.
2025-07-11 13:23:12,891 - fiona._env - DEBUG - GDAL_DATA found in environment.
2025-07-11 13:23:12,892 - fiona._env - DEBUG - PROJ data found in package: path='P:\\corp\\central_clones\\python_geopandas\\Lib\\site-packages\\fiona\\proj_data'.
2025-07-11 13:23:12,893 - fiona.ogrext - DEBUG - Got coordinate system
2025-07-11 13:23:12,904 - fiona.ogrext - DEBUG - Got coordinate system
2025-07-11 13:23:12,926 - fiona._env - WARNING - PROJ: proj_identify: P:\corp\central_clones\python_geopandas\Lib\site-packages\fiona\proj_data\proj.db contains DATABASE.LAYOUT.VERSION.MINOR = 2 whereas a number >= 3 is expected. It comes from another PROJ installation.
2025-07-11 13:23:12,927 - fiona.ogrext - DEBUG - OLC_FASTSETNEXTBYINDEX: 1
2025-07-11 13:23:12,927 - fiona.ogrext - DEBUG - OLC_FASTFEATURECOUNT: 1
2025-07-11 13:23:12,928 - fiona.ogrext - DEBUG - Next index: 0
2025-07-11 13:23:12,963 - fiona.collection - DEBUG - Flushed buffer
2025-07-11 13:23:12,966 - fiona.collection - DEBUG - Stopped session
2025-07-11 13:23:12,986 - fiona._env - DEBUG - GDAL_DATA found in environment.
2025-07-11 13:23:12,988 - fiona._env - DEBUG - PROJ data found in package: path='P:\\corp\\central_clones\\python_geopandas\\Lib\\site-packages\\fiona\\proj_data'.
2025-07-11 13:23:14,653 - fiona._env - WARNING - PROJ: proj_identify: P:\corp\central_clones\python_geopandas\Lib\site-packages\fiona\proj_data\proj.db contains DATABASE.LAYOUT.VERSION.MINOR = 2 whereas a number >= 3 is expected. It comes from another PROJ installation.
2025-07-11 13:23:19,590 - fiona._env - WARNING - PROJ: proj_identify: P:\corp\central_clones\python_geopandas\Lib\site-packages\fiona\proj_data\proj.db contains DATABASE.LAYOUT.VERSION.MINOR = 2 whereas a number >= 3 is expected. It comes from another PROJ installation.
2025-07-11 13:23:19,999 - fiona._env - WARNING - PROJ: proj_identify: P:\corp\central_clones\python_geopandas\Lib\site-packages\fiona\proj_data\proj.db contains DATABASE.LAYOUT.VERSION.MINOR = 2 whereas a number >= 3 is expected. It comes from another PROJ installation.
2025-07-11 13:23:21,078 - fiona._env - DEBUG - GDAL_DATA found in environment.
2025-07-11 13:23:21,081 - fiona._env - DEBUG - PROJ data found in package: path='P:\\corp\\central_clones\\python_geopandas\\Lib\\site-packages\\fiona\\proj_data'.
2025-07-11 13:23:21,082 - fiona.ogrext - DEBUG - Got coordinate system
2025-07-11 13:23:21,094 - fiona.ogrext - DEBUG - Got coordinate system
2025-07-11 13:23:21,122 - fiona._env - WARNING - PROJ: proj_identify: P:\corp\central_clones\python_geopandas\Lib\site-packages\fiona\proj_data\proj.db contains DATABASE.LAYOUT.VERSION.MINOR = 2 whereas a number >= 3 is expected. It comes from another PROJ installation.
2025-07-11 13:23:21,123 - fiona.ogrext - DEBUG - OLC_FASTSETNEXTBYINDEX: 1
2025-07-11 13:23:21,123 - fiona.ogrext - DEBUG - OLC_FASTFEATURECOUNT: 1
2025-07-11 13:23:21,123 - fiona.ogrext - DEBUG - Next index: 0
2025-07-11 13:23:21,166 - fiona.collection - DEBUG - Flushed buffer
2025-07-11 13:23:21,168 - fiona.collection - DEBUG - Stopped session
2025-07-11 13:23:21,191 - fiona._env - DEBUG - GDAL_DATA found in environment.
2025-07-11 13:23:21,193 - fiona._env - DEBUG - PROJ data found in package: path='P:\\corp\\central_clones\\python_geopandas\\Lib\\site-packages\\fiona\\proj_data'.
2025-07-11 13:23:23,118 - fiona._env - WARNING - PROJ: proj_identify: P:\corp\central_clones\python_geopandas\Lib\site-packages\fiona\proj_data\proj.db contains DATABASE.LAYOUT.VERSION.MINOR = 2 whereas a number >= 3 is expected. It comes from another PROJ installation.
2025-07-11 13:23:29,304 - fiona._env - WARNING - PROJ: proj_identify: P:\corp\central_clones\python_geopandas\Lib\site-packages\fiona\proj_data\proj.db contains DATABASE.LAYOUT.VERSION.MINOR = 2 whereas a number >= 3 is expected. It comes from another PROJ installation.
2025-07-11 13:23:29,849 - fiona._env - WARNING - PROJ: proj_identify: P:\corp\central_clones\python_geopandas\Lib\site-packages\fiona\proj_data\proj.db contains DATABASE.LAYOUT.VERSION.MINOR = 2 whereas a number >= 3 is expected. It comes from another PROJ installation.
2025-07-11 13:23:31,191 - fiona._env - DEBUG - GDAL_DATA found in environment.
2025-07-11 13:23:31,194 - fiona._env - DEBUG - PROJ data found in package: path='P:\\corp\\central_clones\\python_geopandas\\Lib\\site-packages\\fiona\\proj_data'.
2025-07-11 13:23:31,196 - fiona.ogrext - DEBUG - Got coordinate system
2025-07-11 13:23:31,214 - fiona.ogrext - DEBUG - Got coordinate system
2025-07-11 13:23:31,249 - fiona._env - WARNING - PROJ: proj_identify: P:\corp\central_clones\python_geopandas\Lib\site-packages\fiona\proj_data\proj.db contains DATABASE.LAYOUT.VERSION.MINOR = 2 whereas a number >= 3 is expected. It comes from another PROJ installation.
2025-07-11 13:23:31,250 - fiona.ogrext - DEBUG - OLC_FASTSETNEXTBYINDEX: 1
2025-07-11 13:23:31,251 - fiona.ogrext - DEBUG - OLC_FASTFEATURECOUNT: 1
2025-07-11 13:23:31,251 - fiona.ogrext - DEBUG - Next index: 0
2025-07-11 13:23:31,298 - fiona.collection - DEBUG - Flushed buffer
2025-07-11 13:23:31,301 - fiona.collection - DEBUG - Stopped session
2025-07-11 13:23:31,325 - fiona._env - DEBUG - GDAL_DATA found in environment.
2025-07-11 13:23:31,327 - fiona._env - DEBUG - PROJ data found in package: path='P:\\corp\\central_clones\\python_geopandas\\Lib\\site-packages\\fiona\\proj_data'.
2025-07-11 13:23:33,055 - fiona._env - WARNING - PROJ: proj_identify: P:\corp\central_clones\python_geopandas\Lib\site-packages\fiona\proj_data\proj.db contains DATABASE.LAYOUT.VERSION.MINOR = 2 whereas a number >= 3 is expected. It comes from another PROJ installation.
2025-07-11 13:23:40,267 - fiona._env - WARNING - PROJ: proj_identify: P:\corp\central_clones\python_geopandas\Lib\site-packages\fiona\proj_data\proj.db contains DATABASE.LAYOUT.VERSION.MINOR = 2 whereas a number >= 3 is expected. It comes from another PROJ installation.
2025-07-11 13:23:40,698 - fiona._env - WARNING - PROJ: proj_identify: P:\corp\central_clones\python_geopandas\Lib\site-packages\fiona\proj_data\proj.db contains DATABASE.LAYOUT.VERSION.MINOR = 2 whereas a number >= 3 is expected. It comes from another PROJ installation.
2025-07-11 13:23:41,648 - fiona._env - DEBUG - GDAL_DATA found in environment.
2025-07-11 13:23:41,650 - fiona._env - DEBUG - PROJ data found in package: path='P:\\corp\\central_clones\\python_geopandas\\Lib\\site-packages\\fiona\\proj_data'.
2025-07-11 13:23:41,650 - fiona.ogrext - DEBUG - Got coordinate system
2025-07-11 13:23:41,662 - fiona.ogrext - DEBUG - Got coordinate system
2025-07-11 13:23:41,685 - fiona._env - WARNING - PROJ: proj_identify: P:\corp\central_clones\python_geopandas\Lib\site-packages\fiona\proj_data\proj.db contains DATABASE.LAYOUT.VERSION.MINOR = 2 whereas a number >= 3 is expected. It comes from another PROJ installation.
2025-07-11 13:23:41,686 - fiona.ogrext - DEBUG - OLC_FASTSETNEXTBYINDEX: 1
2025-07-11 13:23:41,686 - fiona.ogrext - DEBUG - OLC_FASTFEATURECOUNT: 1
2025-07-11 13:23:41,686 - fiona.ogrext - DEBUG - Next index: 0
2025-07-11 13:23:41,722 - fiona.collection - DEBUG - Flushed buffer
2025-07-11 13:23:41,724 - fiona.collection - DEBUG - Stopped session
2025-07-11 13:23:41,744 - fiona._env - DEBUG - GDAL_DATA found in environment.
2025-07-11 13:23:41,746 - fiona._env - DEBUG - PROJ data found in package: path='P:\\corp\\central_clones\\python_geopandas\\Lib\\site-packages\\fiona\\proj_data'.
2025-07-11 13:23:43,319 - fiona._env - WARNING - PROJ: proj_identify: P:\corp\central_clones\python_geopandas\Lib\site-packages\fiona\proj_data\proj.db contains DATABASE.LAYOUT.VERSION.MINOR = 2 whereas a number >= 3 is expected. It comes from another PROJ installation.
2025-07-11 13:23:48,209 - fiona._env - WARNING - PROJ: proj_identify: P:\corp\central_clones\python_geopandas\Lib\site-packages\fiona\proj_data\proj.db contains DATABASE.LAYOUT.VERSION.MINOR = 2 whereas a number >= 3 is expected. It comes from another PROJ installation.
2025-07-11 13:23:48,647 - fiona._env - WARNING - PROJ: proj_identify: P:\corp\central_clones\python_geopandas\Lib\site-packages\fiona\proj_data\proj.db contains DATABASE.LAYOUT.VERSION.MINOR = 2 whereas a number >= 3 is expected. It comes from another PROJ installation.
2025-07-11 13:23:49,629 - fiona._env - DEBUG - GDAL_DATA found in environment.
2025-07-11 13:23:49,630 - fiona._env - DEBUG - PROJ data found in package: path='P:\\corp\\central_clones\\python_geopandas\\Lib\\site-packages\\fiona\\proj_data'.
2025-07-11 13:23:49,631 - fiona.ogrext - DEBUG - Got coordinate system
2025-07-11 13:23:49,642 - fiona.ogrext - DEBUG - Got coordinate system
2025-07-11 13:23:49,663 - fiona._env - WARNING - PROJ: proj_identify: P:\corp\central_clones\python_geopandas\Lib\site-packages\fiona\proj_data\proj.db contains DATABASE.LAYOUT.VERSION.MINOR = 2 whereas a number >= 3 is expected. It comes from another PROJ installation.
2025-07-11 13:23:49,664 - fiona.ogrext - DEBUG - OLC_FASTSETNEXTBYINDEX: 1
2025-07-11 13:23:49,664 - fiona.ogrext - DEBUG - OLC_FASTFEATURECOUNT: 1
2025-07-11 13:23:49,664 - fiona.ogrext - DEBUG - Next index: 0
2025-07-11 13:23:49,699 - fiona.collection - DEBUG - Flushed buffer
2025-07-11 13:23:49,701 - fiona.collection - DEBUG - Stopped session
2025-07-11 13:23:49,721 - fiona._env - DEBUG - GDAL_DATA found in environment.
2025-07-11 13:23:49,722 - fiona._env - DEBUG - PROJ data found in package: path='P:\\corp\\central_clones\\python_geopandas\\Lib\\site-packages\\fiona\\proj_data'.
2025-07-11 13:23:51,225 - fiona._env - WARNING - PROJ: proj_identify: P:\corp\central_clones\python_geopandas\Lib\site-packages\fiona\proj_data\proj.db contains DATABASE.LAYOUT.VERSION.MINOR = 2 whereas a number >= 3 is expected. It comes from another PROJ installation.
2025-07-11 13:23:56,941 - fiona._env - WARNING - PROJ: proj_identify: P:\corp\central_clones\python_geopandas\Lib\site-packages\fiona\proj_data\proj.db contains DATABASE.LAYOUT.VERSION.MINOR = 2 whereas a number >= 3 is expected. It comes from another PROJ installation.
2025-07-11 13:23:57,384 - fiona._env - WARNING - PROJ: proj_identify: P:\corp\central_clones\python_geopandas\Lib\site-packages\fiona\proj_data\proj.db contains DATABASE.LAYOUT.VERSION.MINOR = 2 whereas a number >= 3 is expected. It comes from another PROJ installation.
2025-07-11 13:23:58,559 - fiona._env - DEBUG - GDAL_DATA found in environment.
2025-07-11 13:23:58,561 - fiona._env - DEBUG - PROJ data found in package: path='P:\\corp\\central_clones\\python_geopandas\\Lib\\site-packages\\fiona\\proj_data'.
2025-07-11 13:23:58,562 - fiona.ogrext - DEBUG - Got coordinate system
2025-07-11 13:23:58,576 - fiona.ogrext - DEBUG - Got coordinate system
2025-07-11 13:23:58,614 - fiona._env - WARNING - PROJ: proj_identify: P:\corp\central_clones\python_geopandas\Lib\site-packages\fiona\proj_data\proj.db contains DATABASE.LAYOUT.VERSION.MINOR = 2 whereas a number >= 3 is expected. It comes from another PROJ installation.
2025-07-11 13:23:58,615 - fiona.ogrext - DEBUG - OLC_FASTSETNEXTBYINDEX: 1
2025-07-11 13:23:58,615 - fiona.ogrext - DEBUG - OLC_FASTFEATURECOUNT: 1
2025-07-11 13:23:58,616 - fiona.ogrext - DEBUG - Next index: 0
2025-07-11 13:23:58,655 - fiona.collection - DEBUG - Flushed buffer
2025-07-11 13:23:58,657 - fiona.collection - DEBUG - Stopped session
2025-07-11 13:23:58,682 - fiona._env - DEBUG - GDAL_DATA found in environment.
2025-07-11 13:23:58,684 - fiona._env - DEBUG - PROJ data found in package: path='P:\\corp\\central_clones\\python_geopandas\\Lib\\site-packages\\fiona\\proj_data'.
2025-07-11 13:24:00,513 - fiona._env - WARNING - PROJ: proj_identify: P:\corp\central_clones\python_geopandas\Lib\site-packages\fiona\proj_data\proj.db contains DATABASE.LAYOUT.VERSION.MINOR = 2 whereas a number >= 3 is expected. It comes from another PROJ installation.
2025-07-11 13:24:05,900 - fiona._env - WARNING - PROJ: proj_identify: P:\corp\central_clones\python_geopandas\Lib\site-packages\fiona\proj_data\proj.db contains DATABASE.LAYOUT.VERSION.MINOR = 2 whereas a number >= 3 is expected. It comes from another PROJ installation.
2025-07-11 13:24:06,488 - fiona._env - WARNING - PROJ: proj_identify: P:\corp\central_clones\python_geopandas\Lib\site-packages\fiona\proj_data\proj.db contains DATABASE.LAYOUT.VERSION.MINOR = 2 whereas a number >= 3 is expected. It comes from another PROJ installation.
2025-07-11 13:24:07,743 - fiona._env - DEBUG - GDAL_DATA found in environment.
2025-07-11 13:24:07,745 - fiona._env - DEBUG - PROJ data found in package: path='P:\\corp\\central_clones\\python_geopandas\\Lib\\site-packages\\fiona\\proj_data'.
2025-07-11 13:24:07,746 - fiona.ogrext - DEBUG - Got coordinate system
2025-07-11 13:24:07,760 - fiona.ogrext - DEBUG - Got coordinate system
2025-07-11 13:24:07,783 - fiona._env - WARNING - PROJ: proj_identify: P:\corp\central_clones\python_geopandas\Lib\site-packages\fiona\proj_data\proj.db contains DATABASE.LAYOUT.VERSION.MINOR = 2 whereas a number >= 3 is expected. It comes from another PROJ installation.
2025-07-11 13:24:07,784 - fiona.ogrext - DEBUG - OLC_FASTSETNEXTBYINDEX: 1
2025-07-11 13:24:07,784 - fiona.ogrext - DEBUG - OLC_FASTFEATURECOUNT: 1
2025-07-11 13:24:07,785 - fiona.ogrext - DEBUG - Next index: 0
2025-07-11 13:24:07,822 - fiona.collection - DEBUG - Flushed buffer
2025-07-11 13:24:07,825 - fiona.collection - DEBUG - Stopped session
2025-07-11 13:24:07,847 - fiona._env - DEBUG - GDAL_DATA found in environment.
2025-07-11 13:24:07,848 - fiona._env - DEBUG - PROJ data found in package: path='P:\\corp\\central_clones\\python_geopandas\\Lib\\site-packages\\fiona\\proj_data'.
2025-07-11 13:24:09,340 - fiona._env - WARNING - PROJ: proj_identify: P:\corp\central_clones\python_geopandas\Lib\site-packages\fiona\proj_data\proj.db contains DATABASE.LAYOUT.VERSION.MINOR = 2 whereas a number >= 3 is expected. It comes from another PROJ installation.
2025-07-11 13:24:14,238 - fiona._env - WARNING - PROJ: proj_identify: P:\corp\central_clones\python_geopandas\Lib\site-packages\fiona\proj_data\proj.db contains DATABASE.LAYOUT.VERSION.MINOR = 2 whereas a number >= 3 is expected. It comes from another PROJ installation.
2025-07-11 13:24:14,748 - fiona._env - WARNING - PROJ: proj_identify: P:\corp\central_clones\python_geopandas\Lib\site-packages\fiona\proj_data\proj.db contains DATABASE.LAYOUT.VERSION.MINOR = 2 whereas a number >= 3 is expected. It comes from another PROJ installation.
2025-07-11 13:24:15,823 - fiona._env - DEBUG - GDAL_DATA found in environment.
2025-07-11 13:24:15,825 - fiona._env - DEBUG - PROJ data found in package: path='P:\\corp\\central_clones\\python_geopandas\\Lib\\site-packages\\fiona\\proj_data'.
2025-07-11 13:24:15,826 - fiona.ogrext - DEBUG - Got coordinate system
2025-07-11 13:24:15,838 - fiona.ogrext - DEBUG - Got coordinate system
2025-07-11 13:24:15,861 - fiona._env - WARNING - PROJ: proj_identify: P:\corp\central_clones\python_geopandas\Lib\site-packages\fiona\proj_data\proj.db contains DATABASE.LAYOUT.VERSION.MINOR = 2 whereas a number >= 3 is expected. It comes from another PROJ installation.
2025-07-11 13:24:15,862 - fiona.ogrext - DEBUG - OLC_FASTSETNEXTBYINDEX: 1
2025-07-11 13:24:15,862 - fiona.ogrext - DEBUG - OLC_FASTFEATURECOUNT: 1
2025-07-11 13:24:15,862 - fiona.ogrext - DEBUG - Next index: 0
2025-07-11 13:24:15,898 - fiona.collection - DEBUG - Flushed buffer
2025-07-11 13:24:15,900 - fiona.collection - DEBUG - Stopped session
2025-07-11 13:24:15,921 - fiona._env - DEBUG - GDAL_DATA found in environment.
2025-07-11 13:24:15,922 - fiona._env - DEBUG - PROJ data found in package: path='P:\\corp\\central_clones\\python_geopandas\\Lib\\site-packages\\fiona\\proj_data'.
2025-07-11 13:24:17,473 - fiona._env - WARNING - PROJ: proj_identify: P:\corp\central_clones\python_geopandas\Lib\site-packages\fiona\proj_data\proj.db contains DATABASE.LAYOUT.VERSION.MINOR = 2 whereas a number >= 3 is expected. It comes from another PROJ installation.
2025-07-11 13:24:23,062 - fiona._env - WARNING - PROJ: proj_identify: P:\corp\central_clones\python_geopandas\Lib\site-packages\fiona\proj_data\proj.db contains DATABASE.LAYOUT.VERSION.MINOR = 2 whereas a number >= 3 is expected. It comes from another PROJ installation.
2025-07-11 13:24:23,494 - fiona._env - WARNING - PROJ: proj_identify: P:\corp\central_clones\python_geopandas\Lib\site-packages\fiona\proj_data\proj.db contains DATABASE.LAYOUT.VERSION.MINOR = 2 whereas a number >= 3 is expected. It comes from another PROJ installation.
2025-07-11 13:24:24,410 - fiona._env - DEBUG - GDAL_DATA found in environment.
2025-07-11 13:24:24,412 - fiona._env - DEBUG - PROJ data found in package: path='P:\\corp\\central_clones\\python_geopandas\\Lib\\site-packages\\fiona\\proj_data'.
2025-07-11 13:24:24,412 - fiona.ogrext - DEBUG - Got coordinate system
2025-07-11 13:24:24,423 - fiona.ogrext - DEBUG - Got coordinate system
2025-07-11 13:24:24,445 - fiona._env - WARNING - PROJ: proj_identify: P:\corp\central_clones\python_geopandas\Lib\site-packages\fiona\proj_data\proj.db contains DATABASE.LAYOUT.VERSION.MINOR = 2 whereas a number >= 3 is expected. It comes from another PROJ installation.
2025-07-11 13:24:24,445 - fiona.ogrext - DEBUG - OLC_FASTSETNEXTBYINDEX: 1
2025-07-11 13:24:24,446 - fiona.ogrext - DEBUG - OLC_FASTFEATURECOUNT: 1
2025-07-11 13:24:24,446 - fiona.ogrext - DEBUG - Next index: 0
2025-07-11 13:24:24,482 - fiona.collection - DEBUG - Flushed buffer
2025-07-11 13:24:24,484 - fiona.collection - DEBUG - Stopped session
2025-07-11 13:24:24,504 - fiona._env - DEBUG - GDAL_DATA found in environment.
2025-07-11 13:24:24,505 - fiona._env - DEBUG - PROJ data found in package: path='P:\\corp\\central_clones\\python_geopandas\\Lib\\site-packages\\fiona\\proj_data'.
2025-07-11 13:24:25,994 - fiona._env - WARNING - PROJ: proj_identify: P:\corp\central_clones\python_geopandas\Lib\site-packages\fiona\proj_data\proj.db contains DATABASE.LAYOUT.VERSION.MINOR = 2 whereas a number >= 3 is expected. It comes from another PROJ installation.
2025-07-11 13:24:31,228 - fiona._env - WARNING - PROJ: proj_identify: P:\corp\central_clones\python_geopandas\Lib\site-packages\fiona\proj_data\proj.db contains DATABASE.LAYOUT.VERSION.MINOR = 2 whereas a number >= 3 is expected. It comes from another PROJ installation.
2025-07-11 13:24:31,635 - fiona._env - WARNING - PROJ: proj_identify: P:\corp\central_clones\python_geopandas\Lib\site-packages\fiona\proj_data\proj.db contains DATABASE.LAYOUT.VERSION.MINOR = 2 whereas a number >= 3 is expected. It comes from another PROJ installation.
2025-07-11 13:24:32,609 - fiona._env - DEBUG - GDAL_DATA found in environment.
2025-07-11 13:24:32,611 - fiona._env - DEBUG - PROJ data found in package: path='P:\\corp\\central_clones\\python_geopandas\\Lib\\site-packages\\fiona\\proj_data'.
2025-07-11 13:24:32,612 - fiona.ogrext - DEBUG - Got coordinate system
2025-07-11 13:24:32,626 - fiona.ogrext - DEBUG - Got coordinate system
2025-07-11 13:24:32,655 - fiona._env - WARNING - PROJ: proj_identify: P:\corp\central_clones\python_geopandas\Lib\site-packages\fiona\proj_data\proj.db contains DATABASE.LAYOUT.VERSION.MINOR = 2 whereas a number >= 3 is expected. It comes from another PROJ installation.
2025-07-11 13:24:32,655 - fiona.ogrext - DEBUG - OLC_FASTSETNEXTBYINDEX: 1
2025-07-11 13:24:32,656 - fiona.ogrext - DEBUG - OLC_FASTFEATURECOUNT: 1
2025-07-11 13:24:32,656 - fiona.ogrext - DEBUG - Next index: 0
2025-07-11 13:24:32,695 - fiona.collection - DEBUG - Flushed buffer
2025-07-11 13:24:32,697 - fiona.collection - DEBUG - Stopped session
2025-07-11 13:24:32,723 - fiona._env - DEBUG - GDAL_DATA found in environment.
2025-07-11 13:24:32,725 - fiona._env - DEBUG - PROJ data found in package: path='P:\\corp\\central_clones\\python_geopandas\\Lib\\site-packages\\fiona\\proj_data'.
2025-07-11 13:24:34,305 - fiona._env - WARNING - PROJ: proj_identify: P:\corp\central_clones\python_geopandas\Lib\site-packages\fiona\proj_data\proj.db contains DATABASE.LAYOUT.VERSION.MINOR = 2 whereas a number >= 3 is expected. It comes from another PROJ installation.
2025-07-11 13:24:39,136 - fiona._env - WARNING - PROJ: proj_identify: P:\corp\central_clones\python_geopandas\Lib\site-packages\fiona\proj_data\proj.db contains DATABASE.LAYOUT.VERSION.MINOR = 2 whereas a number >= 3 is expected. It comes from another PROJ installation.
2025-07-11 13:24:39,534 - fiona._env - WARNING - PROJ: proj_identify: P:\corp\central_clones\python_geopandas\Lib\site-packages\fiona\proj_data\proj.db contains DATABASE.LAYOUT.VERSION.MINOR = 2 whereas a number >= 3 is expected. It comes from another PROJ installation.
2025-07-11 13:24:40,441 - fiona._env - DEBUG - GDAL_DATA found in environment.
2025-07-11 13:24:40,443 - fiona._env - DEBUG - PROJ data found in package: path='P:\\corp\\central_clones\\python_geopandas\\Lib\\site-packages\\fiona\\proj_data'.
2025-07-11 13:24:40,443 - fiona.ogrext - DEBUG - Got coordinate system
2025-07-11 13:24:40,455 - fiona.ogrext - DEBUG - Got coordinate system
2025-07-11 13:24:40,477 - fiona._env - WARNING - PROJ: proj_identify: P:\corp\central_clones\python_geopandas\Lib\site-packages\fiona\proj_data\proj.db contains DATABASE.LAYOUT.VERSION.MINOR = 2 whereas a number >= 3 is expected. It comes from another PROJ installation.
2025-07-11 13:24:40,477 - fiona.ogrext - DEBUG - OLC_FASTSETNEXTBYINDEX: 1
2025-07-11 13:24:40,478 - fiona.ogrext - DEBUG - OLC_FASTFEATURECOUNT: 1
2025-07-11 13:24:40,478 - fiona.ogrext - DEBUG - Next index: 0
2025-07-11 13:24:40,513 - fiona.collection - DEBUG - Flushed buffer
2025-07-11 13:24:40,515 - fiona.collection - DEBUG - Stopped session
2025-07-11 13:24:40,535 - fiona._env - DEBUG - GDAL_DATA found in environment.
2025-07-11 13:24:40,537 - fiona._env - DEBUG - PROJ data found in package: path='P:\\corp\\central_clones\\python_geopandas\\Lib\\site-packages\\fiona\\proj_data'.
2025-07-11 13:24:42,159 - fiona._env - WARNING - PROJ: proj_identify: P:\corp\central_clones\python_geopandas\Lib\site-packages\fiona\proj_data\proj.db contains DATABASE.LAYOUT.VERSION.MINOR = 2 whereas a number >= 3 is expected. It comes from another PROJ installation.
2025-07-11 13:24:47,191 - fiona._env - WARNING - PROJ: proj_identify: P:\corp\central_clones\python_geopandas\Lib\site-packages\fiona\proj_data\proj.db contains DATABASE.LAYOUT.VERSION.MINOR = 2 whereas a number >= 3 is expected. It comes from another PROJ installation.
2025-07-11 13:24:47,610 - fiona._env - WARNING - PROJ: proj_identify: P:\corp\central_clones\python_geopandas\Lib\site-packages\fiona\proj_data\proj.db contains DATABASE.LAYOUT.VERSION.MINOR = 2 whereas a number >= 3 is expected. It comes from another PROJ installation.
2025-07-11 13:24:48,526 - fiona._env - DEBUG - GDAL_DATA found in environment.
2025-07-11 13:24:48,527 - fiona._env - DEBUG - PROJ data found in package: path='P:\\corp\\central_clones\\python_geopandas\\Lib\\site-packages\\fiona\\proj_data'.
2025-07-11 13:24:48,528 - fiona.ogrext - DEBUG - Got coordinate system
2025-07-11 13:24:48,540 - fiona.ogrext - DEBUG - Got coordinate system
2025-07-11 13:24:48,561 - fiona._env - WARNING - PROJ: proj_identify: P:\corp\central_clones\python_geopandas\Lib\site-packages\fiona\proj_data\proj.db contains DATABASE.LAYOUT.VERSION.MINOR = 2 whereas a number >= 3 is expected. It comes from another PROJ installation.
2025-07-11 13:24:48,561 - fiona.ogrext - DEBUG - OLC_FASTSETNEXTBYINDEX: 1
2025-07-11 13:24:48,562 - fiona.ogrext - DEBUG - OLC_FASTFEATURECOUNT: 1
2025-07-11 13:24:48,562 - fiona.ogrext - DEBUG - Next index: 0
2025-07-11 13:24:48,598 - fiona.collection - DEBUG - Flushed buffer
2025-07-11 13:24:48,600 - fiona.collection - DEBUG - Stopped session
2025-07-11 13:24:48,620 - fiona._env - DEBUG - GDAL_DATA found in environment.
2025-07-11 13:24:48,621 - fiona._env - DEBUG - PROJ data found in package: path='P:\\corp\\central_clones\\python_geopandas\\Lib\\site-packages\\fiona\\proj_data'.
2025-07-11 13:24:50,090 - fiona._env - WARNING - PROJ: proj_identify: P:\corp\central_clones\python_geopandas\Lib\site-packages\fiona\proj_data\proj.db contains DATABASE.LAYOUT.VERSION.MINOR = 2 whereas a number >= 3 is expected. It comes from another PROJ installation.
2025-07-11 13:24:54,958 - fiona._env - WARNING - PROJ: proj_identify: P:\corp\central_clones\python_geopandas\Lib\site-packages\fiona\proj_data\proj.db contains DATABASE.LAYOUT.VERSION.MINOR = 2 whereas a number >= 3 is expected. It comes from another PROJ installation.
2025-07-11 13:24:55,372 - fiona._env - WARNING - PROJ: proj_identify: P:\corp\central_clones\python_geopandas\Lib\site-packages\fiona\proj_data\proj.db contains DATABASE.LAYOUT.VERSION.MINOR = 2 whereas a number >= 3 is expected. It comes from another PROJ installation.
2025-07-11 13:24:56,319 - fiona._env - DEBUG - GDAL_DATA found in environment.
2025-07-11 13:24:56,320 - fiona._env - DEBUG - PROJ data found in package: path='P:\\corp\\central_clones\\python_geopandas\\Lib\\site-packages\\fiona\\proj_data'.
2025-07-11 13:24:56,321 - fiona.ogrext - DEBUG - Got coordinate system
2025-07-11 13:24:56,332 - fiona.ogrext - DEBUG - Got coordinate system
2025-07-11 13:24:56,354 - fiona._env - WARNING - PROJ: proj_identify: P:\corp\central_clones\python_geopandas\Lib\site-packages\fiona\proj_data\proj.db contains DATABASE.LAYOUT.VERSION.MINOR = 2 whereas a number >= 3 is expected. It comes from another PROJ installation.
2025-07-11 13:24:56,355 - fiona.ogrext - DEBUG - OLC_FASTSETNEXTBYINDEX: 1
2025-07-11 13:24:56,355 - fiona.ogrext - DEBUG - OLC_FASTFEATURECOUNT: 1
2025-07-11 13:24:56,356 - fiona.ogrext - DEBUG - Next index: 0
2025-07-11 13:24:56,391 - fiona.collection - DEBUG - Flushed buffer
2025-07-11 13:24:56,393 - fiona.collection - DEBUG - Stopped session
2025-07-11 13:24:56,413 - fiona._env - DEBUG - GDAL_DATA found in environment.
2025-07-11 13:24:56,415 - fiona._env - DEBUG - PROJ data found in package: path='P:\\corp\\central_clones\\python_geopandas\\Lib\\site-packages\\fiona\\proj_data'.
2025-07-11 13:24:57,884 - fiona._env - WARNING - PROJ: proj_identify: P:\corp\central_clones\python_geopandas\Lib\site-packages\fiona\proj_data\proj.db contains DATABASE.LAYOUT.VERSION.MINOR = 2 whereas a number >= 3 is expected. It comes from another PROJ installation.
2025-07-11 13:25:02,714 - fiona._env - WARNING - PROJ: proj_identify: P:\corp\central_clones\python_geopandas\Lib\site-packages\fiona\proj_data\proj.db contains DATABASE.LAYOUT.VERSION.MINOR = 2 whereas a number >= 3 is expected. It comes from another PROJ installation.
2025-07-11 13:25:03,227 - fiona._env - WARNING - PROJ: proj_identify: P:\corp\central_clones\python_geopandas\Lib\site-packages\fiona\proj_data\proj.db contains DATABASE.LAYOUT.VERSION.MINOR = 2 whereas a number >= 3 is expected. It comes from another PROJ installation.
2025-07-11 13:25:04,269 - fiona._env - DEBUG - GDAL_DATA found in environment.
2025-07-11 13:25:04,271 - fiona._env - DEBUG - PROJ data found in package: path='P:\\corp\\central_clones\\python_geopandas\\Lib\\site-packages\\fiona\\proj_data'.
2025-07-11 13:25:04,272 - fiona.ogrext - DEBUG - Got coordinate system
2025-07-11 13:25:04,283 - fiona.ogrext - DEBUG - Got coordinate system
2025-07-11 13:25:04,303 - fiona._env - WARNING - PROJ: proj_identify: P:\corp\central_clones\python_geopandas\Lib\site-packages\fiona\proj_data\proj.db contains DATABASE.LAYOUT.VERSION.MINOR = 2 whereas a number >= 3 is expected. It comes from another PROJ installation.
2025-07-11 13:25:04,304 - fiona.ogrext - DEBUG - OLC_FASTSETNEXTBYINDEX: 1
2025-07-11 13:25:04,304 - fiona.ogrext - DEBUG - OLC_FASTFEATURECOUNT: 1
2025-07-11 13:25:04,305 - fiona.ogrext - DEBUG - Next index: 0
2025-07-11 13:25:04,339 - fiona.collection - DEBUG - Flushed buffer
2025-07-11 13:25:04,341 - fiona.collection - DEBUG - Stopped session
2025-07-11 13:25:04,361 - fiona._env - DEBUG - GDAL_DATA found in environment.
2025-07-11 13:25:04,363 - fiona._env - DEBUG - PROJ data found in package: path='P:\\corp\\central_clones\\python_geopandas\\Lib\\site-packages\\fiona\\proj_data'.
2025-07-11 13:25:05,827 - fiona._env - WARNING - PROJ: proj_identify: P:\corp\central_clones\python_geopandas\Lib\site-packages\fiona\proj_data\proj.db contains DATABASE.LAYOUT.VERSION.MINOR = 2 whereas a number >= 3 is expected. It comes from another PROJ installation.
2025-07-11 13:25:10,560 - fiona._env - WARNING - PROJ: proj_identify: P:\corp\central_clones\python_geopandas\Lib\site-packages\fiona\proj_data\proj.db contains DATABASE.LAYOUT.VERSION.MINOR = 2 whereas a number >= 3 is expected. It comes from another PROJ installation.
2025-07-11 13:25:10,952 - fiona._env - WARNING - PROJ: proj_identify: P:\corp\central_clones\python_geopandas\Lib\site-packages\fiona\proj_data\proj.db contains DATABASE.LAYOUT.VERSION.MINOR = 2 whereas a number >= 3 is expected. It comes from another PROJ installation.
2025-07-11 13:25:11,898 - fiona._env - DEBUG - GDAL_DATA found in environment.
2025-07-11 13:25:11,899 - fiona._env - DEBUG - PROJ data found in package: path='P:\\corp\\central_clones\\python_geopandas\\Lib\\site-packages\\fiona\\proj_data'.
2025-07-11 13:25:11,900 - fiona.ogrext - DEBUG - Got coordinate system
2025-07-11 13:25:11,915 - fiona.ogrext - DEBUG - Got coordinate system
2025-07-11 13:25:11,940 - fiona._env - WARNING - PROJ: proj_identify: P:\corp\central_clones\python_geopandas\Lib\site-packages\fiona\proj_data\proj.db contains DATABASE.LAYOUT.VERSION.MINOR = 2 whereas a number >= 3 is expected. It comes from another PROJ installation.
2025-07-11 13:25:11,941 - fiona.ogrext - DEBUG - OLC_FASTSETNEXTBYINDEX: 1
2025-07-11 13:25:11,942 - fiona.ogrext - DEBUG - OLC_FASTFEATURECOUNT: 1
2025-07-11 13:25:11,942 - fiona.ogrext - DEBUG - Next index: 0
2025-07-11 13:25:11,981 - fiona.collection - DEBUG - Flushed buffer
2025-07-11 13:25:11,983 - fiona.collection - DEBUG - Stopped session
2025-07-11 13:25:12,007 - fiona._env - DEBUG - GDAL_DATA found in environment.
2025-07-11 13:25:12,009 - fiona._env - DEBUG - PROJ data found in package: path='P:\\corp\\central_clones\\python_geopandas\\Lib\\site-packages\\fiona\\proj_data'.
2025-07-11 13:25:13,488 - fiona._env - WARNING - PROJ: proj_identify: P:\corp\central_clones\python_geopandas\Lib\site-packages\fiona\proj_data\proj.db contains DATABASE.LAYOUT.VERSION.MINOR = 2 whereas a number >= 3 is expected. It comes from another PROJ installation.
2025-07-11 13:25:18,376 - fiona._env - WARNING - PROJ: proj_identify: P:\corp\central_clones\python_geopandas\Lib\site-packages\fiona\proj_data\proj.db contains DATABASE.LAYOUT.VERSION.MINOR = 2 whereas a number >= 3 is expected. It comes from another PROJ installation.
2025-07-11 13:25:18,966 - fiona._env - WARNING - PROJ: proj_identify: P:\corp\central_clones\python_geopandas\Lib\site-packages\fiona\proj_data\proj.db contains DATABASE.LAYOUT.VERSION.MINOR = 2 whereas a number >= 3 is expected. It comes from another PROJ installation.
2025-07-11 13:25:20,109 - fiona._env - DEBUG - GDAL_DATA found in environment.
2025-07-11 13:25:20,111 - fiona._env - DEBUG - PROJ data found in package: path='P:\\corp\\central_clones\\python_geopandas\\Lib\\site-packages\\fiona\\proj_data'.
2025-07-11 13:25:20,112 - fiona.ogrext - DEBUG - Got coordinate system
2025-07-11 13:25:20,123 - fiona.ogrext - DEBUG - Got coordinate system
2025-07-11 13:25:20,144 - fiona._env - WARNING - PROJ: proj_identify: P:\corp\central_clones\python_geopandas\Lib\site-packages\fiona\proj_data\proj.db contains DATABASE.LAYOUT.VERSION.MINOR = 2 whereas a number >= 3 is expected. It comes from another PROJ installation.
2025-07-11 13:25:20,145 - fiona.ogrext - DEBUG - OLC_FASTSETNEXTBYINDEX: 1
2025-07-11 13:25:20,145 - fiona.ogrext - DEBUG - OLC_FASTFEATURECOUNT: 1
2025-07-11 13:25:20,145 - fiona.ogrext - DEBUG - Next index: 0
2025-07-11 13:25:20,183 - fiona.collection - DEBUG - Flushed buffer
2025-07-11 13:25:20,185 - fiona.collection - DEBUG - Stopped session
2025-07-11 13:25:20,210 - fiona._env - DEBUG - GDAL_DATA found in environment.
2025-07-11 13:25:20,211 - fiona._env - DEBUG - PROJ data found in package: path='P:\\corp\\central_clones\\python_geopandas\\Lib\\site-packages\\fiona\\proj_data'.
2025-07-11 13:25:21,728 - fiona._env - WARNING - PROJ: proj_identify: P:\corp\central_clones\python_geopandas\Lib\site-packages\fiona\proj_data\proj.db contains DATABASE.LAYOUT.VERSION.MINOR = 2 whereas a number >= 3 is expected. It comes from another PROJ installation.
2025-07-11 13:25:26,536 - fiona._env - WARNING - PROJ: proj_identify: P:\corp\central_clones\python_geopandas\Lib\site-packages\fiona\proj_data\proj.db contains DATABASE.LAYOUT.VERSION.MINOR = 2 whereas a number >= 3 is expected. It comes from another PROJ installation.
2025-07-11 13:25:26,967 - fiona._env - WARNING - PROJ: proj_identify: P:\corp\central_clones\python_geopandas\Lib\site-packages\fiona\proj_data\proj.db contains DATABASE.LAYOUT.VERSION.MINOR = 2 whereas a number >= 3 is expected. It comes from another PROJ installation.
2025-07-11 13:25:27,971 - fiona._env - DEBUG - GDAL_DATA found in environment.
2025-07-11 13:25:27,973 - fiona._env - DEBUG - PROJ data found in package: path='P:\\corp\\central_clones\\python_geopandas\\Lib\\site-packages\\fiona\\proj_data'.
2025-07-11 13:25:27,974 - fiona.ogrext - DEBUG - Got coordinate system
2025-07-11 13:25:27,986 - fiona.ogrext - DEBUG - Got coordinate system
2025-07-11 13:25:28,007 - fiona._env - WARNING - PROJ: proj_identify: P:\corp\central_clones\python_geopandas\Lib\site-packages\fiona\proj_data\proj.db contains DATABASE.LAYOUT.VERSION.MINOR = 2 whereas a number >= 3 is expected. It comes from another PROJ installation.
2025-07-11 13:25:28,007 - fiona.ogrext - DEBUG - OLC_FASTSETNEXTBYINDEX: 1
2025-07-11 13:25:28,007 - fiona.ogrext - DEBUG - OLC_FASTFEATURECOUNT: 1
2025-07-11 13:25:28,008 - fiona.ogrext - DEBUG - Next index: 0
2025-07-11 13:25:28,042 - fiona.collection - DEBUG - Flushed buffer
2025-07-11 13:25:28,044 - fiona.collection - DEBUG - Stopped session
2025-07-11 13:25:28,065 - fiona._env - DEBUG - GDAL_DATA found in environment.
2025-07-11 13:25:28,066 - fiona._env - DEBUG - PROJ data found in package: path='P:\\corp\\central_clones\\python_geopandas\\Lib\\site-packages\\fiona\\proj_data'.
2025-07-11 13:25:29,609 - fiona._env - WARNING - PROJ: proj_identify: P:\corp\central_clones\python_geopandas\Lib\site-packages\fiona\proj_data\proj.db contains DATABASE.LAYOUT.VERSION.MINOR = 2 whereas a number >= 3 is expected. It comes from another PROJ installation.
2025-07-11 13:25:34,661 - fiona._env - WARNING - PROJ: proj_identify: P:\corp\central_clones\python_geopandas\Lib\site-packages\fiona\proj_data\proj.db contains DATABASE.LAYOUT.VERSION.MINOR = 2 whereas a number >= 3 is expected. It comes from another PROJ installation.
2025-07-11 13:25:35,060 - fiona._env - WARNING - PROJ: proj_identify: P:\corp\central_clones\python_geopandas\Lib\site-packages\fiona\proj_data\proj.db contains DATABASE.LAYOUT.VERSION.MINOR = 2 whereas a number >= 3 is expected. It comes from another PROJ installation.
2025-07-11 13:25:35,963 - fiona._env - DEBUG - GDAL_DATA found in environment.
2025-07-11 13:25:35,966 - fiona._env - DEBUG - PROJ data found in package: path='P:\\corp\\central_clones\\python_geopandas\\Lib\\site-packages\\fiona\\proj_data'.
2025-07-11 13:25:35,967 - fiona.ogrext - DEBUG - Got coordinate system
2025-07-11 13:25:35,979 - fiona.ogrext - DEBUG - Got coordinate system
2025-07-11 13:25:36,000 - fiona._env - WARNING - PROJ: proj_identify: P:\corp\central_clones\python_geopandas\Lib\site-packages\fiona\proj_data\proj.db contains DATABASE.LAYOUT.VERSION.MINOR = 2 whereas a number >= 3 is expected. It comes from another PROJ installation.
2025-07-11 13:25:36,000 - fiona.ogrext - DEBUG - OLC_FASTSETNEXTBYINDEX: 1
2025-07-11 13:25:36,000 - fiona.ogrext - DEBUG - OLC_FASTFEATURECOUNT: 1
2025-07-11 13:25:36,001 - fiona.ogrext - DEBUG - Next index: 0
2025-07-11 13:25:36,035 - fiona.collection - DEBUG - Flushed buffer
2025-07-11 13:25:36,037 - fiona.collection - DEBUG - Stopped session
2025-07-11 13:25:36,057 - fiona._env - DEBUG - GDAL_DATA found in environment.
2025-07-11 13:25:36,059 - fiona._env - DEBUG - PROJ data found in package: path='P:\\corp\\central_clones\\python_geopandas\\Lib\\site-packages\\fiona\\proj_data'.
2025-07-11 13:25:37,710 - fiona._env - WARNING - PROJ: proj_identify: P:\corp\central_clones\python_geopandas\Lib\site-packages\fiona\proj_data\proj.db contains DATABASE.LAYOUT.VERSION.MINOR = 2 whereas a number >= 3 is expected. It comes from another PROJ installation.
2025-07-11 13:25:42,952 - fiona._env - WARNING - PROJ: proj_identify: P:\corp\central_clones\python_geopandas\Lib\site-packages\fiona\proj_data\proj.db contains DATABASE.LAYOUT.VERSION.MINOR = 2 whereas a number >= 3 is expected. It comes from another PROJ installation.
2025-07-11 13:25:43,375 - fiona._env - WARNING - PROJ: proj_identify: P:\corp\central_clones\python_geopandas\Lib\site-packages\fiona\proj_data\proj.db contains DATABASE.LAYOUT.VERSION.MINOR = 2 whereas a number >= 3 is expected. It comes from another PROJ installation.
2025-07-11 13:25:44,306 - fiona._env - DEBUG - GDAL_DATA found in environment.
2025-07-11 13:25:44,308 - fiona._env - DEBUG - PROJ data found in package: path='P:\\corp\\central_clones\\python_geopandas\\Lib\\site-packages\\fiona\\proj_data'.
2025-07-11 13:25:44,308 - fiona.ogrext - DEBUG - Got coordinate system
2025-07-11 13:25:44,320 - fiona.ogrext - DEBUG - Got coordinate system
2025-07-11 13:25:44,342 - fiona._env - WARNING - PROJ: proj_identify: P:\corp\central_clones\python_geopandas\Lib\site-packages\fiona\proj_data\proj.db contains DATABASE.LAYOUT.VERSION.MINOR = 2 whereas a number >= 3 is expected. It comes from another PROJ installation.
2025-07-11 13:25:44,343 - fiona.ogrext - DEBUG - OLC_FASTSETNEXTBYINDEX: 1
2025-07-11 13:25:44,343 - fiona.ogrext - DEBUG - OLC_FASTFEATURECOUNT: 1
2025-07-11 13:25:44,343 - fiona.ogrext - DEBUG - Next index: 0
2025-07-11 13:25:44,383 - fiona.collection - DEBUG - Flushed buffer
2025-07-11 13:25:44,385 - fiona.collection - DEBUG - Stopped session
2025-07-11 13:25:44,405 - fiona._env - DEBUG - GDAL_DATA found in environment.
2025-07-11 13:25:44,407 - fiona._env - DEBUG - PROJ data found in package: path='P:\\corp\\central_clones\\python_geopandas\\Lib\\site-packages\\fiona\\proj_data'.
2025-07-11 13:25:46,725 - fiona._env - WARNING - PROJ: proj_identify: P:\corp\central_clones\python_geopandas\Lib\site-packages\fiona\proj_data\proj.db contains DATABASE.LAYOUT.VERSION.MINOR = 2 whereas a number >= 3 is expected. It comes from another PROJ installation.
2025-07-11 13:25:52,000 - fiona._env - WARNING - PROJ: proj_identify: P:\corp\central_clones\python_geopandas\Lib\site-packages\fiona\proj_data\proj.db contains DATABASE.LAYOUT.VERSION.MINOR = 2 whereas a number >= 3 is expected. It comes from another PROJ installation.
2025-07-11 13:25:52,412 - fiona._env - WARNING - PROJ: proj_identify: P:\corp\central_clones\python_geopandas\Lib\site-packages\fiona\proj_data\proj.db contains DATABASE.LAYOUT.VERSION.MINOR = 2 whereas a number >= 3 is expected. It comes from another PROJ installation.
2025-07-11 13:25:53,329 - fiona._env - DEBUG - GDAL_DATA found in environment.
2025-07-11 13:25:53,330 - fiona._env - DEBUG - PROJ data found in package: path='P:\\corp\\central_clones\\python_geopandas\\Lib\\site-packages\\fiona\\proj_data'.
2025-07-11 13:25:53,331 - fiona.ogrext - DEBUG - Got coordinate system
2025-07-11 13:25:53,344 - fiona.ogrext - DEBUG - Got coordinate system
2025-07-11 13:25:53,367 - fiona._env - WARNING - PROJ: proj_identify: P:\corp\central_clones\python_geopandas\Lib\site-packages\fiona\proj_data\proj.db contains DATABASE.LAYOUT.VERSION.MINOR = 2 whereas a number >= 3 is expected. It comes from another PROJ installation.
2025-07-11 13:25:53,367 - fiona.ogrext - DEBUG - OLC_FASTSETNEXTBYINDEX: 1
2025-07-11 13:25:53,368 - fiona.ogrext - DEBUG - OLC_FASTFEATURECOUNT: 1
2025-07-11 13:25:53,368 - fiona.ogrext - DEBUG - Next index: 0
2025-07-11 13:25:53,402 - fiona.collection - DEBUG - Flushed buffer
2025-07-11 13:25:53,405 - fiona.collection - DEBUG - Stopped session
2025-07-11 13:25:53,429 - fiona._env - DEBUG - GDAL_DATA found in environment.
2025-07-11 13:25:53,431 - fiona._env - DEBUG - PROJ data found in package: path='P:\\corp\\central_clones\\python_geopandas\\Lib\\site-packages\\fiona\\proj_data'.
2025-07-11 13:25:55,245 - fiona._env - WARNING - PROJ: proj_identify: P:\corp\central_clones\python_geopandas\Lib\site-packages\fiona\proj_data\proj.db contains DATABASE.LAYOUT.VERSION.MINOR = 2 whereas a number >= 3 is expected. It comes from another PROJ installation.
2025-07-11 13:26:00,796 - fiona._env - WARNING - PROJ: proj_identify: P:\corp\central_clones\python_geopandas\Lib\site-packages\fiona\proj_data\proj.db contains DATABASE.LAYOUT.VERSION.MINOR = 2 whereas a number >= 3 is expected. It comes from another PROJ installation.
2025-07-11 13:26:01,297 - fiona._env - WARNING - PROJ: proj_identify: P:\corp\central_clones\python_geopandas\Lib\site-packages\fiona\proj_data\proj.db contains DATABASE.LAYOUT.VERSION.MINOR = 2 whereas a number >= 3 is expected. It comes from another PROJ installation.
2025-07-11 13:26:02,410 - fiona._env - DEBUG - GDAL_DATA found in environment.
2025-07-11 13:26:02,414 - fiona._env - DEBUG - PROJ data found in package: path='P:\\corp\\central_clones\\python_geopandas\\Lib\\site-packages\\fiona\\proj_data'.
2025-07-11 13:26:02,415 - fiona.ogrext - DEBUG - Got coordinate system
2025-07-11 13:26:02,429 - fiona.ogrext - DEBUG - Got coordinate system
2025-07-11 13:26:02,458 - fiona._env - WARNING - PROJ: proj_identify: P:\corp\central_clones\python_geopandas\Lib\site-packages\fiona\proj_data\proj.db contains DATABASE.LAYOUT.VERSION.MINOR = 2 whereas a number >= 3 is expected. It comes from another PROJ installation.
2025-07-11 13:26:02,459 - fiona.ogrext - DEBUG - OLC_FASTSETNEXTBYINDEX: 1
2025-07-11 13:26:02,459 - fiona.ogrext - DEBUG - OLC_FASTFEATURECOUNT: 1
2025-07-11 13:26:02,460 - fiona.ogrext - DEBUG - Next index: 0
2025-07-11 13:26:02,460 - fiona.ogrext - DEBUG - Next index: 1
2025-07-11 13:26:02,498 - fiona.collection - DEBUG - Flushed buffer
2025-07-11 13:26:02,501 - fiona.collection - DEBUG - Stopped session
2025-07-11 13:26:02,667 - fiona._env - DEBUG - GDAL_DATA found in environment.
2025-07-11 13:26:02,668 - fiona._env - DEBUG - PROJ data found in package: path='P:\\corp\\central_clones\\python_geopandas\\Lib\\site-packages\\fiona\\proj_data'.
2025-07-11 13:26:04,461 - fiona._env - WARNING - PROJ: proj_identify: P:\corp\central_clones\python_geopandas\Lib\site-packages\fiona\proj_data\proj.db contains DATABASE.LAYOUT.VERSION.MINOR = 2 whereas a number >= 3 is expected. It comes from another PROJ installation.
2025-07-11 13:26:10,211 - fiona._env - WARNING - PROJ: proj_identify: P:\corp\central_clones\python_geopandas\Lib\site-packages\fiona\proj_data\proj.db contains DATABASE.LAYOUT.VERSION.MINOR = 2 whereas a number >= 3 is expected. It comes from another PROJ installation.
2025-07-11 13:26:10,691 - fiona._env - WARNING - PROJ: proj_identify: P:\corp\central_clones\python_geopandas\Lib\site-packages\fiona\proj_data\proj.db contains DATABASE.LAYOUT.VERSION.MINOR = 2 whereas a number >= 3 is expected. It comes from another PROJ installation.
2025-07-11 13:26:11,841 - fiona._env - DEBUG - GDAL_DATA found in environment.
2025-07-11 13:26:11,843 - fiona._env - DEBUG - PROJ data found in package: path='P:\\corp\\central_clones\\python_geopandas\\Lib\\site-packages\\fiona\\proj_data'.
2025-07-11 13:26:11,844 - fiona.ogrext - DEBUG - Got coordinate system
2025-07-11 13:26:11,858 - fiona.ogrext - DEBUG - Got coordinate system
2025-07-11 13:26:11,883 - fiona._env - WARNING - PROJ: proj_identify: P:\corp\central_clones\python_geopandas\Lib\site-packages\fiona\proj_data\proj.db contains DATABASE.LAYOUT.VERSION.MINOR = 2 whereas a number >= 3 is expected. It comes from another PROJ installation.
2025-07-11 13:26:11,884 - fiona.ogrext - DEBUG - OLC_FASTSETNEXTBYINDEX: 1
2025-07-11 13:26:11,885 - fiona.ogrext - DEBUG - OLC_FASTFEATURECOUNT: 1
2025-07-11 13:26:11,886 - fiona.ogrext - DEBUG - Next index: 0
2025-07-11 13:26:11,886 - fiona.ogrext - DEBUG - Next index: 1
2025-07-11 13:26:11,924 - fiona.collection - DEBUG - Flushed buffer
2025-07-11 13:26:11,926 - fiona.collection - DEBUG - Stopped session
2025-07-11 13:26:12,064 - fiona._env - DEBUG - GDAL_DATA found in environment.
2025-07-11 13:26:12,066 - fiona._env - DEBUG - PROJ data found in package: path='P:\\corp\\central_clones\\python_geopandas\\Lib\\site-packages\\fiona\\proj_data'.
2025-07-11 13:26:15,191 - fiona._env - WARNING - PROJ: proj_identify: P:\corp\central_clones\python_geopandas\Lib\site-packages\fiona\proj_data\proj.db contains DATABASE.LAYOUT.VERSION.MINOR = 2 whereas a number >= 3 is expected. It comes from another PROJ installation.
2025-07-11 13:26:21,055 - fiona._env - WARNING - PROJ: proj_identify: P:\corp\central_clones\python_geopandas\Lib\site-packages\fiona\proj_data\proj.db contains DATABASE.LAYOUT.VERSION.MINOR = 2 whereas a number >= 3 is expected. It comes from another PROJ installation.
2025-07-11 13:26:21,593 - fiona._env - WARNING - PROJ: proj_identify: P:\corp\central_clones\python_geopandas\Lib\site-packages\fiona\proj_data\proj.db contains DATABASE.LAYOUT.VERSION.MINOR = 2 whereas a number >= 3 is expected. It comes from another PROJ installation.
2025-07-11 13:26:22,603 - fiona._env - DEBUG - GDAL_DATA found in environment.
2025-07-11 13:26:22,604 - fiona._env - DEBUG - PROJ data found in package: path='P:\\corp\\central_clones\\python_geopandas\\Lib\\site-packages\\fiona\\proj_data'.
2025-07-11 13:26:22,605 - fiona.ogrext - DEBUG - Got coordinate system
2025-07-11 13:26:22,616 - fiona.ogrext - DEBUG - Got coordinate system
2025-07-11 13:26:22,637 - fiona._env - WARNING - PROJ: proj_identify: P:\corp\central_clones\python_geopandas\Lib\site-packages\fiona\proj_data\proj.db contains DATABASE.LAYOUT.VERSION.MINOR = 2 whereas a number >= 3 is expected. It comes from another PROJ installation.
2025-07-11 13:26:22,637 - fiona.ogrext - DEBUG - OLC_FASTSETNEXTBYINDEX: 1
2025-07-11 13:26:22,638 - fiona.ogrext - DEBUG - OLC_FASTFEATURECOUNT: 1
2025-07-11 13:26:22,638 - fiona.ogrext - DEBUG - Next index: 0
2025-07-11 13:26:22,638 - fiona.ogrext - DEBUG - Next index: 1
2025-07-11 13:26:22,672 - fiona.collection - DEBUG - Flushed buffer
2025-07-11 13:26:22,675 - fiona.collection - DEBUG - Stopped session
2025-07-11 13:26:22,814 - fiona._env - DEBUG - GDAL_DATA found in environment.
2025-07-11 13:26:22,816 - fiona._env - DEBUG - PROJ data found in package: path='P:\\corp\\central_clones\\python_geopandas\\Lib\\site-packages\\fiona\\proj_data'.
2025-07-11 13:26:24,330 - fiona._env - WARNING - PROJ: proj_identify: P:\corp\central_clones\python_geopandas\Lib\site-packages\fiona\proj_data\proj.db contains DATABASE.LAYOUT.VERSION.MINOR = 2 whereas a number >= 3 is expected. It comes from another PROJ installation.
2025-07-11 13:26:29,310 - fiona._env - WARNING - PROJ: proj_identify: P:\corp\central_clones\python_geopandas\Lib\site-packages\fiona\proj_data\proj.db contains DATABASE.LAYOUT.VERSION.MINOR = 2 whereas a number >= 3 is expected. It comes from another PROJ installation.
2025-07-11 13:26:29,713 - fiona._env - WARNING - PROJ: proj_identify: P:\corp\central_clones\python_geopandas\Lib\site-packages\fiona\proj_data\proj.db contains DATABASE.LAYOUT.VERSION.MINOR = 2 whereas a number >= 3 is expected. It comes from another PROJ installation.
2025-07-11 13:26:30,787 - fiona._env - DEBUG - GDAL_DATA found in environment.
2025-07-11 13:26:30,788 - fiona._env - DEBUG - PROJ data found in package: path='P:\\corp\\central_clones\\python_geopandas\\Lib\\site-packages\\fiona\\proj_data'.
2025-07-11 13:26:30,789 - fiona.ogrext - DEBUG - Got coordinate system
2025-07-11 13:26:30,801 - fiona.ogrext - DEBUG - Got coordinate system
2025-07-11 13:26:30,831 - fiona._env - WARNING - PROJ: proj_identify: P:\corp\central_clones\python_geopandas\Lib\site-packages\fiona\proj_data\proj.db contains DATABASE.LAYOUT.VERSION.MINOR = 2 whereas a number >= 3 is expected. It comes from another PROJ installation.
2025-07-11 13:26:30,832 - fiona.ogrext - DEBUG - OLC_FASTSETNEXTBYINDEX: 1
2025-07-11 13:26:30,833 - fiona.ogrext - DEBUG - OLC_FASTFEATURECOUNT: 1
2025-07-11 13:26:30,833 - fiona.ogrext - DEBUG - Next index: 0
2025-07-11 13:26:30,833 - fiona.ogrext - DEBUG - Next index: 1
2025-07-11 13:26:30,872 - fiona.collection - DEBUG - Flushed buffer
2025-07-11 13:26:30,875 - fiona.collection - DEBUG - Stopped session
2025-07-11 13:26:31,012 - fiona._env - DEBUG - GDAL_DATA found in environment.
2025-07-11 13:26:31,014 - fiona._env - DEBUG - PROJ data found in package: path='P:\\corp\\central_clones\\python_geopandas\\Lib\\site-packages\\fiona\\proj_data'.
2025-07-11 13:26:32,739 - fiona._env - WARNING - PROJ: proj_identify: P:\corp\central_clones\python_geopandas\Lib\site-packages\fiona\proj_data\proj.db contains DATABASE.LAYOUT.VERSION.MINOR = 2 whereas a number >= 3 is expected. It comes from another PROJ installation.
2025-07-11 13:26:37,945 - fiona._env - WARNING - PROJ: proj_identify: P:\corp\central_clones\python_geopandas\Lib\site-packages\fiona\proj_data\proj.db contains DATABASE.LAYOUT.VERSION.MINOR = 2 whereas a number >= 3 is expected. It comes from another PROJ installation.
2025-07-11 13:26:38,356 - fiona._env - WARNING - PROJ: proj_identify: P:\corp\central_clones\python_geopandas\Lib\site-packages\fiona\proj_data\proj.db contains DATABASE.LAYOUT.VERSION.MINOR = 2 whereas a number >= 3 is expected. It comes from another PROJ installation.
2025-07-11 13:26:39,275 - fiona._env - DEBUG - GDAL_DATA found in environment.
2025-07-11 13:26:39,277 - fiona._env - DEBUG - PROJ data found in package: path='P:\\corp\\central_clones\\python_geopandas\\Lib\\site-packages\\fiona\\proj_data'.
2025-07-11 13:26:39,277 - fiona.ogrext - DEBUG - Got coordinate system
2025-07-11 13:26:39,288 - fiona.ogrext - DEBUG - Got coordinate system
2025-07-11 13:26:39,309 - fiona._env - WARNING - PROJ: proj_identify: P:\corp\central_clones\python_geopandas\Lib\site-packages\fiona\proj_data\proj.db contains DATABASE.LAYOUT.VERSION.MINOR = 2 whereas a number >= 3 is expected. It comes from another PROJ installation.
2025-07-11 13:26:39,310 - fiona.ogrext - DEBUG - OLC_FASTSETNEXTBYINDEX: 1
2025-07-11 13:26:39,310 - fiona.ogrext - DEBUG - OLC_FASTFEATURECOUNT: 1
2025-07-11 13:26:39,310 - fiona.ogrext - DEBUG - Next index: 0
2025-07-11 13:26:39,310 - fiona.ogrext - DEBUG - Next index: 1
2025-07-11 13:26:39,347 - fiona.collection - DEBUG - Flushed buffer
2025-07-11 13:26:39,349 - fiona.collection - DEBUG - Stopped session
2025-07-11 13:26:39,487 - fiona._env - DEBUG - GDAL_DATA found in environment.
2025-07-11 13:26:39,490 - fiona._env - DEBUG - PROJ data found in package: path='P:\\corp\\central_clones\\python_geopandas\\Lib\\site-packages\\fiona\\proj_data'.
2025-07-11 13:26:40,952 - fiona._env - WARNING - PROJ: proj_identify: P:\corp\central_clones\python_geopandas\Lib\site-packages\fiona\proj_data\proj.db contains DATABASE.LAYOUT.VERSION.MINOR = 2 whereas a number >= 3 is expected. It comes from another PROJ installation.
2025-07-11 13:26:45,604 - fiona._env - WARNING - PROJ: proj_identify: P:\corp\central_clones\python_geopandas\Lib\site-packages\fiona\proj_data\proj.db contains DATABASE.LAYOUT.VERSION.MINOR = 2 whereas a number >= 3 is expected. It comes from another PROJ installation.
2025-07-11 13:26:45,995 - fiona._env - WARNING - PROJ: proj_identify: P:\corp\central_clones\python_geopandas\Lib\site-packages\fiona\proj_data\proj.db contains DATABASE.LAYOUT.VERSION.MINOR = 2 whereas a number >= 3 is expected. It comes from another PROJ installation.
2025-07-11 13:26:46,928 - fiona._env - DEBUG - GDAL_DATA found in environment.
2025-07-11 13:26:46,929 - fiona._env - DEBUG - PROJ data found in package: path='P:\\corp\\central_clones\\python_geopandas\\Lib\\site-packages\\fiona\\proj_data'.
2025-07-11 13:26:46,930 - fiona.ogrext - DEBUG - Got coordinate system
2025-07-11 13:26:46,942 - fiona.ogrext - DEBUG - Got coordinate system
2025-07-11 13:26:46,964 - fiona._env - WARNING - PROJ: proj_identify: P:\corp\central_clones\python_geopandas\Lib\site-packages\fiona\proj_data\proj.db contains DATABASE.LAYOUT.VERSION.MINOR = 2 whereas a number >= 3 is expected. It comes from another PROJ installation.
2025-07-11 13:26:46,965 - fiona.ogrext - DEBUG - OLC_FASTSETNEXTBYINDEX: 1
2025-07-11 13:26:46,965 - fiona.ogrext - DEBUG - OLC_FASTFEATURECOUNT: 1
2025-07-11 13:26:46,965 - fiona.ogrext - DEBUG - Next index: 0
2025-07-11 13:26:46,999 - fiona.collection - DEBUG - Flushed buffer
2025-07-11 13:26:47,001 - fiona.collection - DEBUG - Stopped session
2025-07-11 13:26:47,022 - fiona._env - DEBUG - GDAL_DATA found in environment.
2025-07-11 13:26:47,023 - fiona._env - DEBUG - PROJ data found in package: path='P:\\corp\\central_clones\\python_geopandas\\Lib\\site-packages\\fiona\\proj_data'.
2025-07-11 13:26:48,569 - fiona._env - WARNING - PROJ: proj_identify: P:\corp\central_clones\python_geopandas\Lib\site-packages\fiona\proj_data\proj.db contains DATABASE.LAYOUT.VERSION.MINOR = 2 whereas a number >= 3 is expected. It comes from another PROJ installation.
2025-07-11 13:26:53,331 - fiona._env - WARNING - PROJ: proj_identify: P:\corp\central_clones\python_geopandas\Lib\site-packages\fiona\proj_data\proj.db contains DATABASE.LAYOUT.VERSION.MINOR = 2 whereas a number >= 3 is expected. It comes from another PROJ installation.
2025-07-11 13:26:53,725 - fiona._env - WARNING - PROJ: proj_identify: P:\corp\central_clones\python_geopandas\Lib\site-packages\fiona\proj_data\proj.db contains DATABASE.LAYOUT.VERSION.MINOR = 2 whereas a number >= 3 is expected. It comes from another PROJ installation.
2025-07-11 13:26:54,675 - fiona._env - DEBUG - GDAL_DATA found in environment.
2025-07-11 13:26:54,676 - fiona._env - DEBUG - PROJ data found in package: path='P:\\corp\\central_clones\\python_geopandas\\Lib\\site-packages\\fiona\\proj_data'.
2025-07-11 13:26:54,677 - fiona.ogrext - DEBUG - Got coordinate system
2025-07-11 13:26:54,688 - fiona.ogrext - DEBUG - Got coordinate system
2025-07-11 13:26:54,710 - fiona._env - WARNING - PROJ: proj_identify: P:\corp\central_clones\python_geopandas\Lib\site-packages\fiona\proj_data\proj.db contains DATABASE.LAYOUT.VERSION.MINOR = 2 whereas a number >= 3 is expected. It comes from another PROJ installation.
2025-07-11 13:26:54,711 - fiona.ogrext - DEBUG - OLC_FASTSETNEXTBYINDEX: 1
2025-07-11 13:26:54,711 - fiona.ogrext - DEBUG - OLC_FASTFEATURECOUNT: 1
2025-07-11 13:26:54,711 - fiona.ogrext - DEBUG - Next index: 0
2025-07-11 13:26:54,712 - fiona.ogrext - DEBUG - Next index: 1
2025-07-11 13:26:54,745 - fiona.collection - DEBUG - Flushed buffer
2025-07-11 13:26:54,748 - fiona.collection - DEBUG - Stopped session
2025-07-11 13:26:54,882 - fiona._env - DEBUG - GDAL_DATA found in environment.
2025-07-11 13:26:54,883 - fiona._env - DEBUG - PROJ data found in package: path='P:\\corp\\central_clones\\python_geopandas\\Lib\\site-packages\\fiona\\proj_data'.
2025-07-11 13:26:56,409 - fiona._env - WARNING - PROJ: proj_identify: P:\corp\central_clones\python_geopandas\Lib\site-packages\fiona\proj_data\proj.db contains DATABASE.LAYOUT.VERSION.MINOR = 2 whereas a number >= 3 is expected. It comes from another PROJ installation.
2025-07-11 13:27:01,356 - fiona._env - WARNING - PROJ: proj_identify: P:\corp\central_clones\python_geopandas\Lib\site-packages\fiona\proj_data\proj.db contains DATABASE.LAYOUT.VERSION.MINOR = 2 whereas a number >= 3 is expected. It comes from another PROJ installation.
2025-07-11 13:27:01,750 - fiona._env - WARNING - PROJ: proj_identify: P:\corp\central_clones\python_geopandas\Lib\site-packages\fiona\proj_data\proj.db contains DATABASE.LAYOUT.VERSION.MINOR = 2 whereas a number >= 3 is expected. It comes from another PROJ installation.
2025-07-11 13:27:02,655 - fiona._env - DEBUG - GDAL_DATA found in environment.
2025-07-11 13:27:02,657 - fiona._env - DEBUG - PROJ data found in package: path='P:\\corp\\central_clones\\python_geopandas\\Lib\\site-packages\\fiona\\proj_data'.
2025-07-11 13:27:02,657 - fiona.ogrext - DEBUG - Got coordinate system
2025-07-11 13:27:02,668 - fiona.ogrext - DEBUG - Got coordinate system
2025-07-11 13:27:02,689 - fiona._env - WARNING - PROJ: proj_identify: P:\corp\central_clones\python_geopandas\Lib\site-packages\fiona\proj_data\proj.db contains DATABASE.LAYOUT.VERSION.MINOR = 2 whereas a number >= 3 is expected. It comes from another PROJ installation.
2025-07-11 13:27:02,689 - fiona.ogrext - DEBUG - OLC_FASTSETNEXTBYINDEX: 1
2025-07-11 13:27:02,690 - fiona.ogrext - DEBUG - OLC_FASTFEATURECOUNT: 1
2025-07-11 13:27:02,690 - fiona.ogrext - DEBUG - Next index: 0
2025-07-11 13:27:02,690 - fiona.ogrext - DEBUG - Next index: 1
2025-07-11 13:27:02,724 - fiona.collection - DEBUG - Flushed buffer
2025-07-11 13:27:02,726 - fiona.collection - DEBUG - Stopped session
2025-07-11 13:27:02,853 - fiona._env - DEBUG - GDAL_DATA found in environment.
2025-07-11 13:27:02,855 - fiona._env - DEBUG - PROJ data found in package: path='P:\\corp\\central_clones\\python_geopandas\\Lib\\site-packages\\fiona\\proj_data'.
2025-07-11 13:27:04,358 - fiona._env - WARNING - PROJ: proj_identify: P:\corp\central_clones\python_geopandas\Lib\site-packages\fiona\proj_data\proj.db contains DATABASE.LAYOUT.VERSION.MINOR = 2 whereas a number >= 3 is expected. It comes from another PROJ installation.
2025-07-11 13:27:09,614 - fiona._env - WARNING - PROJ: proj_identify: P:\corp\central_clones\python_geopandas\Lib\site-packages\fiona\proj_data\proj.db contains DATABASE.LAYOUT.VERSION.MINOR = 2 whereas a number >= 3 is expected. It comes from another PROJ installation.
2025-07-11 13:27:10,009 - fiona._env - WARNING - PROJ: proj_identify: P:\corp\central_clones\python_geopandas\Lib\site-packages\fiona\proj_data\proj.db contains DATABASE.LAYOUT.VERSION.MINOR = 2 whereas a number >= 3 is expected. It comes from another PROJ installation.
2025-07-11 13:27:10,904 - fiona._env - DEBUG - GDAL_DATA found in environment.
2025-07-11 13:27:10,905 - fiona._env - DEBUG - PROJ data found in package: path='P:\\corp\\central_clones\\python_geopandas\\Lib\\site-packages\\fiona\\proj_data'.
2025-07-11 13:27:10,906 - fiona.ogrext - DEBUG - Got coordinate system
2025-07-11 13:27:10,917 - fiona.ogrext - DEBUG - Got coordinate system
2025-07-11 13:27:10,938 - fiona._env - WARNING - PROJ: proj_identify: P:\corp\central_clones\python_geopandas\Lib\site-packages\fiona\proj_data\proj.db contains DATABASE.LAYOUT.VERSION.MINOR = 2 whereas a number >= 3 is expected. It comes from another PROJ installation.
2025-07-11 13:27:10,938 - fiona.ogrext - DEBUG - OLC_FASTSETNEXTBYINDEX: 1
2025-07-11 13:27:10,939 - fiona.ogrext - DEBUG - OLC_FASTFEATURECOUNT: 1
2025-07-11 13:27:10,939 - fiona.ogrext - DEBUG - Next index: 0
2025-07-11 13:27:10,939 - fiona.ogrext - DEBUG - Next index: 1
2025-07-11 13:27:10,974 - fiona.collection - DEBUG - Flushed buffer
2025-07-11 13:27:10,976 - fiona.collection - DEBUG - Stopped session
2025-07-11 13:27:11,109 - fiona._env - DEBUG - GDAL_DATA found in environment.
2025-07-11 13:27:11,111 - fiona._env - DEBUG - PROJ data found in package: path='P:\\corp\\central_clones\\python_geopandas\\Lib\\site-packages\\fiona\\proj_data'.
2025-07-11 13:27:12,894 - fiona._env - WARNING - PROJ: proj_identify: P:\corp\central_clones\python_geopandas\Lib\site-packages\fiona\proj_data\proj.db contains DATABASE.LAYOUT.VERSION.MINOR = 2 whereas a number >= 3 is expected. It comes from another PROJ installation.
2025-07-11 13:27:21,579 - fiona._env - WARNING - PROJ: proj_identify: P:\corp\central_clones\python_geopandas\Lib\site-packages\fiona\proj_data\proj.db contains DATABASE.LAYOUT.VERSION.MINOR = 2 whereas a number >= 3 is expected. It comes from another PROJ installation.
2025-07-11 13:27:21,975 - fiona._env - WARNING - PROJ: proj_identify: P:\corp\central_clones\python_geopandas\Lib\site-packages\fiona\proj_data\proj.db contains DATABASE.LAYOUT.VERSION.MINOR = 2 whereas a number >= 3 is expected. It comes from another PROJ installation.
2025-07-11 13:27:22,999 - fiona._env - DEBUG - GDAL_DATA found in environment.
2025-07-11 13:27:23,001 - fiona._env - DEBUG - PROJ data found in package: path='P:\\corp\\central_clones\\python_geopandas\\Lib\\site-packages\\fiona\\proj_data'.
2025-07-11 13:27:23,002 - fiona.ogrext - DEBUG - Got coordinate system
2025-07-11 13:27:23,014 - fiona.ogrext - DEBUG - Got coordinate system
2025-07-11 13:27:23,037 - fiona._env - WARNING - PROJ: proj_identify: P:\corp\central_clones\python_geopandas\Lib\site-packages\fiona\proj_data\proj.db contains DATABASE.LAYOUT.VERSION.MINOR = 2 whereas a number >= 3 is expected. It comes from another PROJ installation.
2025-07-11 13:27:23,038 - fiona.ogrext - DEBUG - OLC_FASTSETNEXTBYINDEX: 1
2025-07-11 13:27:23,038 - fiona.ogrext - DEBUG - OLC_FASTFEATURECOUNT: 1
2025-07-11 13:27:23,038 - fiona.ogrext - DEBUG - Next index: 0
2025-07-11 13:27:23,039 - fiona.ogrext - DEBUG - Next index: 1
2025-07-11 13:27:23,072 - fiona.collection - DEBUG - Flushed buffer
2025-07-11 13:27:23,075 - fiona.collection - DEBUG - Stopped session
2025-07-11 13:27:23,212 - fiona._env - DEBUG - GDAL_DATA found in environment.
2025-07-11 13:27:23,213 - fiona._env - DEBUG - PROJ data found in package: path='P:\\corp\\central_clones\\python_geopandas\\Lib\\site-packages\\fiona\\proj_data'.
2025-07-11 13:27:24,750 - fiona._env - WARNING - PROJ: proj_identify: P:\corp\central_clones\python_geopandas\Lib\site-packages\fiona\proj_data\proj.db contains DATABASE.LAYOUT.VERSION.MINOR = 2 whereas a number >= 3 is expected. It comes from another PROJ installation.
2025-07-11 13:27:30,207 - fiona._env - WARNING - PROJ: proj_identify: P:\corp\central_clones\python_geopandas\Lib\site-packages\fiona\proj_data\proj.db contains DATABASE.LAYOUT.VERSION.MINOR = 2 whereas a number >= 3 is expected. It comes from another PROJ installation.
2025-07-11 13:27:30,674 - fiona._env - WARNING - PROJ: proj_identify: P:\corp\central_clones\python_geopandas\Lib\site-packages\fiona\proj_data\proj.db contains DATABASE.LAYOUT.VERSION.MINOR = 2 whereas a number >= 3 is expected. It comes from another PROJ installation.
2025-07-11 13:27:31,812 - fiona._env - DEBUG - GDAL_DATA found in environment.
2025-07-11 13:27:31,814 - fiona._env - DEBUG - PROJ data found in package: path='P:\\corp\\central_clones\\python_geopandas\\Lib\\site-packages\\fiona\\proj_data'.
2025-07-11 13:27:31,815 - fiona.ogrext - DEBUG - Got coordinate system
2025-07-11 13:27:31,828 - fiona.ogrext - DEBUG - Got coordinate system
2025-07-11 13:27:31,855 - fiona._env - WARNING - PROJ: proj_identify: P:\corp\central_clones\python_geopandas\Lib\site-packages\fiona\proj_data\proj.db contains DATABASE.LAYOUT.VERSION.MINOR = 2 whereas a number >= 3 is expected. It comes from another PROJ installation.
2025-07-11 13:27:31,855 - fiona.ogrext - DEBUG - OLC_FASTSETNEXTBYINDEX: 1
2025-07-11 13:27:31,855 - fiona.ogrext - DEBUG - OLC_FASTFEATURECOUNT: 1
2025-07-11 13:27:31,856 - fiona.ogrext - DEBUG - Next index: 0
2025-07-11 13:27:31,856 - fiona.ogrext - DEBUG - Next index: 1
2025-07-11 13:27:31,890 - fiona.collection - DEBUG - Flushed buffer
2025-07-11 13:27:31,892 - fiona.collection - DEBUG - Stopped session
2025-07-11 13:27:32,028 - fiona._env - DEBUG - GDAL_DATA found in environment.
2025-07-11 13:27:32,030 - fiona._env - DEBUG - PROJ data found in package: path='P:\\corp\\central_clones\\python_geopandas\\Lib\\site-packages\\fiona\\proj_data'.
2025-07-11 13:27:33,583 - fiona._env - WARNING - PROJ: proj_identify: P:\corp\central_clones\python_geopandas\Lib\site-packages\fiona\proj_data\proj.db contains DATABASE.LAYOUT.VERSION.MINOR = 2 whereas a number >= 3 is expected. It comes from another PROJ installation.
2025-07-11 13:27:39,355 - fiona._env - WARNING - PROJ: proj_identify: P:\corp\central_clones\python_geopandas\Lib\site-packages\fiona\proj_data\proj.db contains DATABASE.LAYOUT.VERSION.MINOR = 2 whereas a number >= 3 is expected. It comes from another PROJ installation.
2025-07-11 13:27:39,892 - fiona._env - WARNING - PROJ: proj_identify: P:\corp\central_clones\python_geopandas\Lib\site-packages\fiona\proj_data\proj.db contains DATABASE.LAYOUT.VERSION.MINOR = 2 whereas a number >= 3 is expected. It comes from another PROJ installation.
2025-07-11 13:27:41,072 - fiona._env - DEBUG - GDAL_DATA found in environment.
2025-07-11 13:27:41,074 - fiona._env - DEBUG - PROJ data found in package: path='P:\\corp\\central_clones\\python_geopandas\\Lib\\site-packages\\fiona\\proj_data'.
2025-07-11 13:27:41,074 - fiona.ogrext - DEBUG - Got coordinate system
2025-07-11 13:27:41,087 - fiona.ogrext - DEBUG - Got coordinate system
2025-07-11 13:27:41,111 - fiona._env - WARNING - PROJ: proj_identify: P:\corp\central_clones\python_geopandas\Lib\site-packages\fiona\proj_data\proj.db contains DATABASE.LAYOUT.VERSION.MINOR = 2 whereas a number >= 3 is expected. It comes from another PROJ installation.
2025-07-11 13:27:41,112 - fiona.ogrext - DEBUG - OLC_FASTSETNEXTBYINDEX: 1
2025-07-11 13:27:41,112 - fiona.ogrext - DEBUG - OLC_FASTFEATURECOUNT: 1
2025-07-11 13:27:41,112 - fiona.ogrext - DEBUG - Next index: 0
2025-07-11 13:27:41,112 - fiona.ogrext - DEBUG - Next index: 1
2025-07-11 13:27:41,149 - fiona.collection - DEBUG - Flushed buffer
2025-07-11 13:27:41,151 - fiona.collection - DEBUG - Stopped session
2025-07-11 13:27:41,291 - fiona._env - DEBUG - GDAL_DATA found in environment.
2025-07-11 13:27:41,293 - fiona._env - DEBUG - PROJ data found in package: path='P:\\corp\\central_clones\\python_geopandas\\Lib\\site-packages\\fiona\\proj_data'.
2025-07-11 13:27:43,164 - fiona._env - WARNING - PROJ: proj_identify: P:\corp\central_clones\python_geopandas\Lib\site-packages\fiona\proj_data\proj.db contains DATABASE.LAYOUT.VERSION.MINOR = 2 whereas a number >= 3 is expected. It comes from another PROJ installation.
2025-07-11 13:27:49,674 - fiona._env - WARNING - PROJ: proj_identify: P:\corp\central_clones\python_geopandas\Lib\site-packages\fiona\proj_data\proj.db contains DATABASE.LAYOUT.VERSION.MINOR = 2 whereas a number >= 3 is expected. It comes from another PROJ installation.
2025-07-11 13:27:50,128 - fiona._env - WARNING - PROJ: proj_identify: P:\corp\central_clones\python_geopandas\Lib\site-packages\fiona\proj_data\proj.db contains DATABASE.LAYOUT.VERSION.MINOR = 2 whereas a number >= 3 is expected. It comes from another PROJ installation.
2025-07-11 13:27:51,171 - fiona._env - DEBUG - GDAL_DATA found in environment.
2025-07-11 13:27:51,173 - fiona._env - DEBUG - PROJ data found in package: path='P:\\corp\\central_clones\\python_geopandas\\Lib\\site-packages\\fiona\\proj_data'.
2025-07-11 13:27:51,174 - fiona.ogrext - DEBUG - Got coordinate system
2025-07-11 13:27:51,187 - fiona.ogrext - DEBUG - Got coordinate system
2025-07-11 13:27:51,212 - fiona._env - WARNING - PROJ: proj_identify: P:\corp\central_clones\python_geopandas\Lib\site-packages\fiona\proj_data\proj.db contains DATABASE.LAYOUT.VERSION.MINOR = 2 whereas a number >= 3 is expected. It comes from another PROJ installation.
2025-07-11 13:27:51,212 - fiona.ogrext - DEBUG - OLC_FASTSETNEXTBYINDEX: 1
2025-07-11 13:27:51,213 - fiona.ogrext - DEBUG - OLC_FASTFEATURECOUNT: 1
2025-07-11 13:27:51,213 - fiona.ogrext - DEBUG - Next index: 0
2025-07-11 13:27:51,246 - fiona.collection - DEBUG - Flushed buffer
2025-07-11 13:27:51,248 - fiona.collection - DEBUG - Stopped session
2025-07-11 13:27:51,269 - fiona._env - DEBUG - GDAL_DATA found in environment.
2025-07-11 13:27:51,270 - fiona._env - DEBUG - PROJ data found in package: path='P:\\corp\\central_clones\\python_geopandas\\Lib\\site-packages\\fiona\\proj_data'.
2025-07-11 13:27:52,963 - fiona._env - WARNING - PROJ: proj_identify: P:\corp\central_clones\python_geopandas\Lib\site-packages\fiona\proj_data\proj.db contains DATABASE.LAYOUT.VERSION.MINOR = 2 whereas a number >= 3 is expected. It comes from another PROJ installation.
2025-07-11 13:27:59,455 - fiona._env - WARNING - PROJ: proj_identify: P:\corp\central_clones\python_geopandas\Lib\site-packages\fiona\proj_data\proj.db contains DATABASE.LAYOUT.VERSION.MINOR = 2 whereas a number >= 3 is expected. It comes from another PROJ installation.
2025-07-11 13:28:00,035 - fiona._env - WARNING - PROJ: proj_identify: P:\corp\central_clones\python_geopandas\Lib\site-packages\fiona\proj_data\proj.db contains DATABASE.LAYOUT.VERSION.MINOR = 2 whereas a number >= 3 is expected. It comes from another PROJ installation.
2025-07-11 13:28:01,280 - fiona._env - DEBUG - GDAL_DATA found in environment.
2025-07-11 13:28:01,282 - fiona._env - DEBUG - PROJ data found in package: path='P:\\corp\\central_clones\\python_geopandas\\Lib\\site-packages\\fiona\\proj_data'.
2025-07-11 13:28:01,283 - fiona.ogrext - DEBUG - Got coordinate system
2025-07-11 13:28:01,298 - fiona.ogrext - DEBUG - Got coordinate system
2025-07-11 13:28:01,330 - fiona._env - WARNING - PROJ: proj_identify: P:\corp\central_clones\python_geopandas\Lib\site-packages\fiona\proj_data\proj.db contains DATABASE.LAYOUT.VERSION.MINOR = 2 whereas a number >= 3 is expected. It comes from another PROJ installation.
2025-07-11 13:28:01,330 - fiona.ogrext - DEBUG - OLC_FASTSETNEXTBYINDEX: 1
2025-07-11 13:28:01,331 - fiona.ogrext - DEBUG - OLC_FASTFEATURECOUNT: 1
2025-07-11 13:28:01,331 - fiona.ogrext - DEBUG - Next index: 0
2025-07-11 13:28:01,373 - fiona.collection - DEBUG - Flushed buffer
2025-07-11 13:28:01,376 - fiona.collection - DEBUG - Stopped session
2025-07-11 13:28:01,399 - fiona._env - DEBUG - GDAL_DATA found in environment.
2025-07-11 13:28:01,401 - fiona._env - DEBUG - PROJ data found in package: path='P:\\corp\\central_clones\\python_geopandas\\Lib\\site-packages\\fiona\\proj_data'.
2025-07-11 13:28:03,171 - fiona._env - WARNING - PROJ: proj_identify: P:\corp\central_clones\python_geopandas\Lib\site-packages\fiona\proj_data\proj.db contains DATABASE.LAYOUT.VERSION.MINOR = 2 whereas a number >= 3 is expected. It comes from another PROJ installation.
2025-07-11 13:28:09,582 - fiona._env - WARNING - PROJ: proj_identify: P:\corp\central_clones\python_geopandas\Lib\site-packages\fiona\proj_data\proj.db contains DATABASE.LAYOUT.VERSION.MINOR = 2 whereas a number >= 3 is expected. It comes from another PROJ installation.
2025-07-11 13:28:10,040 - fiona._env - WARNING - PROJ: proj_identify: P:\corp\central_clones\python_geopandas\Lib\site-packages\fiona\proj_data\proj.db contains DATABASE.LAYOUT.VERSION.MINOR = 2 whereas a number >= 3 is expected. It comes from another PROJ installation.
2025-07-11 13:28:11,067 - fiona._env - DEBUG - GDAL_DATA found in environment.
2025-07-11 13:28:11,068 - fiona._env - DEBUG - PROJ data found in package: path='P:\\corp\\central_clones\\python_geopandas\\Lib\\site-packages\\fiona\\proj_data'.
2025-07-11 13:28:11,069 - fiona.ogrext - DEBUG - Got coordinate system
2025-07-11 13:28:11,081 - fiona.ogrext - DEBUG - Got coordinate system
2025-07-11 13:28:11,106 - fiona._env - WARNING - PROJ: proj_identify: P:\corp\central_clones\python_geopandas\Lib\site-packages\fiona\proj_data\proj.db contains DATABASE.LAYOUT.VERSION.MINOR = 2 whereas a number >= 3 is expected. It comes from another PROJ installation.
2025-07-11 13:28:11,107 - fiona.ogrext - DEBUG - OLC_FASTSETNEXTBYINDEX: 1
2025-07-11 13:28:11,107 - fiona.ogrext - DEBUG - OLC_FASTFEATURECOUNT: 1
2025-07-11 13:28:11,107 - fiona.ogrext - DEBUG - Next index: 0
2025-07-11 13:28:11,142 - fiona.collection - DEBUG - Flushed buffer
2025-07-11 13:28:11,144 - fiona.collection - DEBUG - Stopped session
2025-07-11 13:28:11,164 - fiona._env - DEBUG - GDAL_DATA found in environment.
2025-07-11 13:28:11,166 - fiona._env - DEBUG - PROJ data found in package: path='P:\\corp\\central_clones\\python_geopandas\\Lib\\site-packages\\fiona\\proj_data'.
2025-07-11 13:28:12,716 - fiona._env - WARNING - PROJ: proj_identify: P:\corp\central_clones\python_geopandas\Lib\site-packages\fiona\proj_data\proj.db contains DATABASE.LAYOUT.VERSION.MINOR = 2 whereas a number >= 3 is expected. It comes from another PROJ installation.
2025-07-11 13:28:18,147 - fiona._env - WARNING - PROJ: proj_identify: P:\corp\central_clones\python_geopandas\Lib\site-packages\fiona\proj_data\proj.db contains DATABASE.LAYOUT.VERSION.MINOR = 2 whereas a number >= 3 is expected. It comes from another PROJ installation.
2025-07-11 13:28:18,625 - fiona._env - WARNING - PROJ: proj_identify: P:\corp\central_clones\python_geopandas\Lib\site-packages\fiona\proj_data\proj.db contains DATABASE.LAYOUT.VERSION.MINOR = 2 whereas a number >= 3 is expected. It comes from another PROJ installation.
2025-07-11 13:28:19,687 - fiona._env - DEBUG - GDAL_DATA found in environment.
2025-07-11 13:28:19,689 - fiona._env - DEBUG - PROJ data found in package: path='P:\\corp\\central_clones\\python_geopandas\\Lib\\site-packages\\fiona\\proj_data'.
2025-07-11 13:28:19,690 - fiona.ogrext - DEBUG - Got coordinate system
2025-07-11 13:28:19,706 - fiona.ogrext - DEBUG - Got coordinate system
2025-07-11 13:28:19,731 - fiona._env - WARNING - PROJ: proj_identify: P:\corp\central_clones\python_geopandas\Lib\site-packages\fiona\proj_data\proj.db contains DATABASE.LAYOUT.VERSION.MINOR = 2 whereas a number >= 3 is expected. It comes from another PROJ installation.
2025-07-11 13:28:19,732 - fiona.ogrext - DEBUG - OLC_FASTSETNEXTBYINDEX: 1
2025-07-11 13:28:19,732 - fiona.ogrext - DEBUG - OLC_FASTFEATURECOUNT: 1
2025-07-11 13:28:19,732 - fiona.ogrext - DEBUG - Next index: 0
2025-07-11 13:28:19,733 - fiona.ogrext - DEBUG - Next index: 1
2025-07-11 13:28:19,734 - fiona.ogrext - DEBUG - Next index: 2
2025-07-11 13:28:19,735 - fiona.ogrext - DEBUG - Next index: 3
2025-07-11 13:28:19,736 - fiona.ogrext - DEBUG - Next index: 4
2025-07-11 13:28:19,737 - fiona.ogrext - DEBUG - Next index: 5
2025-07-11 13:28:19,738 - fiona.ogrext - DEBUG - Next index: 6
2025-07-11 13:28:19,774 - fiona.collection - DEBUG - Flushed buffer
2025-07-11 13:28:19,776 - fiona.collection - DEBUG - Stopped session
2025-07-11 13:28:19,924 - fiona._env - DEBUG - GDAL_DATA found in environment.
2025-07-11 13:28:19,926 - fiona._env - DEBUG - PROJ data found in package: path='P:\\corp\\central_clones\\python_geopandas\\Lib\\site-packages\\fiona\\proj_data'.
2025-07-11 13:28:21,394 - fiona._env - WARNING - PROJ: proj_identify: P:\corp\central_clones\python_geopandas\Lib\site-packages\fiona\proj_data\proj.db contains DATABASE.LAYOUT.VERSION.MINOR = 2 whereas a number >= 3 is expected. It comes from another PROJ installation.
2025-07-11 13:28:26,907 - fiona._env - WARNING - PROJ: proj_identify: P:\corp\central_clones\python_geopandas\Lib\site-packages\fiona\proj_data\proj.db contains DATABASE.LAYOUT.VERSION.MINOR = 2 whereas a number >= 3 is expected. It comes from another PROJ installation.
2025-07-11 13:28:27,364 - fiona._env - WARNING - PROJ: proj_identify: P:\corp\central_clones\python_geopandas\Lib\site-packages\fiona\proj_data\proj.db contains DATABASE.LAYOUT.VERSION.MINOR = 2 whereas a number >= 3 is expected. It comes from another PROJ installation.
2025-07-11 13:28:28,425 - fiona._env - DEBUG - GDAL_DATA found in environment.
2025-07-11 13:28:28,427 - fiona._env - DEBUG - PROJ data found in package: path='P:\\corp\\central_clones\\python_geopandas\\Lib\\site-packages\\fiona\\proj_data'.
2025-07-11 13:28:28,427 - fiona.ogrext - DEBUG - Got coordinate system
2025-07-11 13:28:28,441 - fiona.ogrext - DEBUG - Got coordinate system
2025-07-11 13:28:28,464 - fiona._env - WARNING - PROJ: proj_identify: P:\corp\central_clones\python_geopandas\Lib\site-packages\fiona\proj_data\proj.db contains DATABASE.LAYOUT.VERSION.MINOR = 2 whereas a number >= 3 is expected. It comes from another PROJ installation.
2025-07-11 13:28:28,465 - fiona.ogrext - DEBUG - OLC_FASTSETNEXTBYINDEX: 1
2025-07-11 13:28:28,465 - fiona.ogrext - DEBUG - OLC_FASTFEATURECOUNT: 1
2025-07-11 13:28:28,466 - fiona.ogrext - DEBUG - Next index: 0
2025-07-11 13:28:28,499 - fiona.collection - DEBUG - Flushed buffer
2025-07-11 13:28:28,501 - fiona.collection - DEBUG - Stopped session
2025-07-11 13:28:28,526 - fiona._env - DEBUG - GDAL_DATA found in environment.
2025-07-11 13:28:28,527 - fiona._env - DEBUG - PROJ data found in package: path='P:\\corp\\central_clones\\python_geopandas\\Lib\\site-packages\\fiona\\proj_data'.
2025-07-11 13:28:30,048 - fiona._env - WARNING - PROJ: proj_identify: P:\corp\central_clones\python_geopandas\Lib\site-packages\fiona\proj_data\proj.db contains DATABASE.LAYOUT.VERSION.MINOR = 2 whereas a number >= 3 is expected. It comes from another PROJ installation.
2025-07-11 13:28:35,504 - fiona._env - WARNING - PROJ: proj_identify: P:\corp\central_clones\python_geopandas\Lib\site-packages\fiona\proj_data\proj.db contains DATABASE.LAYOUT.VERSION.MINOR = 2 whereas a number >= 3 is expected. It comes from another PROJ installation.
2025-07-11 13:28:35,944 - fiona._env - WARNING - PROJ: proj_identify: P:\corp\central_clones\python_geopandas\Lib\site-packages\fiona\proj_data\proj.db contains DATABASE.LAYOUT.VERSION.MINOR = 2 whereas a number >= 3 is expected. It comes from another PROJ installation.
2025-07-11 13:28:36,954 - fiona._env - DEBUG - GDAL_DATA found in environment.
2025-07-11 13:28:36,955 - fiona._env - DEBUG - PROJ data found in package: path='P:\\corp\\central_clones\\python_geopandas\\Lib\\site-packages\\fiona\\proj_data'.
2025-07-11 13:28:36,956 - fiona.ogrext - DEBUG - Got coordinate system
2025-07-11 13:28:36,968 - fiona.ogrext - DEBUG - Got coordinate system
2025-07-11 13:28:36,991 - fiona._env - WARNING - PROJ: proj_identify: P:\corp\central_clones\python_geopandas\Lib\site-packages\fiona\proj_data\proj.db contains DATABASE.LAYOUT.VERSION.MINOR = 2 whereas a number >= 3 is expected. It comes from another PROJ installation.
2025-07-11 13:28:36,992 - fiona.ogrext - DEBUG - OLC_FASTSETNEXTBYINDEX: 1
2025-07-11 13:28:36,992 - fiona.ogrext - DEBUG - OLC_FASTFEATURECOUNT: 1
2025-07-11 13:28:36,992 - fiona.ogrext - DEBUG - Next index: 0
2025-07-11 13:28:37,027 - fiona.collection - DEBUG - Flushed buffer
2025-07-11 13:28:37,029 - fiona.collection - DEBUG - Stopped session
2025-07-11 13:28:37,049 - fiona._env - DEBUG - GDAL_DATA found in environment.
2025-07-11 13:28:37,050 - fiona._env - DEBUG - PROJ data found in package: path='P:\\corp\\central_clones\\python_geopandas\\Lib\\site-packages\\fiona\\proj_data'.
2025-07-11 13:28:38,519 - fiona._env - WARNING - PROJ: proj_identify: P:\corp\central_clones\python_geopandas\Lib\site-packages\fiona\proj_data\proj.db contains DATABASE.LAYOUT.VERSION.MINOR = 2 whereas a number >= 3 is expected. It comes from another PROJ installation.
2025-07-11 13:28:44,299 - fiona._env - WARNING - PROJ: proj_identify: P:\corp\central_clones\python_geopandas\Lib\site-packages\fiona\proj_data\proj.db contains DATABASE.LAYOUT.VERSION.MINOR = 2 whereas a number >= 3 is expected. It comes from another PROJ installation.
2025-07-11 13:28:44,743 - fiona._env - WARNING - PROJ: proj_identify: P:\corp\central_clones\python_geopandas\Lib\site-packages\fiona\proj_data\proj.db contains DATABASE.LAYOUT.VERSION.MINOR = 2 whereas a number >= 3 is expected. It comes from another PROJ installation.
2025-07-11 13:28:45,761 - fiona._env - DEBUG - GDAL_DATA found in environment.
2025-07-11 13:28:45,763 - fiona._env - DEBUG - PROJ data found in package: path='P:\\corp\\central_clones\\python_geopandas\\Lib\\site-packages\\fiona\\proj_data'.
2025-07-11 13:28:45,763 - fiona.ogrext - DEBUG - Got coordinate system
2025-07-11 13:28:45,777 - fiona.ogrext - DEBUG - Got coordinate system
2025-07-11 13:28:45,800 - fiona._env - WARNING - PROJ: proj_identify: P:\corp\central_clones\python_geopandas\Lib\site-packages\fiona\proj_data\proj.db contains DATABASE.LAYOUT.VERSION.MINOR = 2 whereas a number >= 3 is expected. It comes from another PROJ installation.
2025-07-11 13:28:45,801 - fiona.ogrext - DEBUG - OLC_FASTSETNEXTBYINDEX: 1
2025-07-11 13:28:45,801 - fiona.ogrext - DEBUG - OLC_FASTFEATURECOUNT: 1
2025-07-11 13:28:45,802 - fiona.ogrext - DEBUG - Next index: 0
2025-07-11 13:28:45,837 - fiona.collection - DEBUG - Flushed buffer
2025-07-11 13:28:45,839 - fiona.collection - DEBUG - Stopped session
2025-07-11 13:28:45,858 - fiona._env - DEBUG - GDAL_DATA found in environment.
2025-07-11 13:28:45,860 - fiona._env - DEBUG - PROJ data found in package: path='P:\\corp\\central_clones\\python_geopandas\\Lib\\site-packages\\fiona\\proj_data'.
2025-07-11 13:28:47,558 - fiona._env - WARNING - PROJ: proj_identify: P:\corp\central_clones\python_geopandas\Lib\site-packages\fiona\proj_data\proj.db contains DATABASE.LAYOUT.VERSION.MINOR = 2 whereas a number >= 3 is expected. It comes from another PROJ installation.
2025-07-11 13:28:53,425 - fiona._env - WARNING - PROJ: proj_identify: P:\corp\central_clones\python_geopandas\Lib\site-packages\fiona\proj_data\proj.db contains DATABASE.LAYOUT.VERSION.MINOR = 2 whereas a number >= 3 is expected. It comes from another PROJ installation.
2025-07-11 13:28:53,871 - fiona._env - WARNING - PROJ: proj_identify: P:\corp\central_clones\python_geopandas\Lib\site-packages\fiona\proj_data\proj.db contains DATABASE.LAYOUT.VERSION.MINOR = 2 whereas a number >= 3 is expected. It comes from another PROJ installation.
2025-07-11 13:28:54,893 - fiona._env - DEBUG - GDAL_DATA found in environment.
2025-07-11 13:28:54,894 - fiona._env - DEBUG - PROJ data found in package: path='P:\\corp\\central_clones\\python_geopandas\\Lib\\site-packages\\fiona\\proj_data'.
2025-07-11 13:28:54,895 - fiona.ogrext - DEBUG - Got coordinate system
2025-07-11 13:28:54,907 - fiona.ogrext - DEBUG - Got coordinate system
2025-07-11 13:28:54,930 - fiona._env - WARNING - PROJ: proj_identify: P:\corp\central_clones\python_geopandas\Lib\site-packages\fiona\proj_data\proj.db contains DATABASE.LAYOUT.VERSION.MINOR = 2 whereas a number >= 3 is expected. It comes from another PROJ installation.
2025-07-11 13:28:54,930 - fiona.ogrext - DEBUG - OLC_FASTSETNEXTBYINDEX: 1
2025-07-11 13:28:54,931 - fiona.ogrext - DEBUG - OLC_FASTFEATURECOUNT: 1
2025-07-11 13:28:54,931 - fiona.ogrext - DEBUG - Next index: 0
2025-07-11 13:28:54,965 - fiona.collection - DEBUG - Flushed buffer
2025-07-11 13:28:54,968 - fiona.collection - DEBUG - Stopped session
2025-07-11 13:28:54,988 - fiona._env - DEBUG - GDAL_DATA found in environment.
2025-07-11 13:28:54,989 - fiona._env - DEBUG - PROJ data found in package: path='P:\\corp\\central_clones\\python_geopandas\\Lib\\site-packages\\fiona\\proj_data'.
2025-07-11 13:28:56,458 - fiona._env - WARNING - PROJ: proj_identify: P:\corp\central_clones\python_geopandas\Lib\site-packages\fiona\proj_data\proj.db contains DATABASE.LAYOUT.VERSION.MINOR = 2 whereas a number >= 3 is expected. It comes from another PROJ installation.
2025-07-11 13:29:01,957 - fiona._env - WARNING - PROJ: proj_identify: P:\corp\central_clones\python_geopandas\Lib\site-packages\fiona\proj_data\proj.db contains DATABASE.LAYOUT.VERSION.MINOR = 2 whereas a number >= 3 is expected. It comes from another PROJ installation.
2025-07-11 13:29:02,467 - fiona._env - WARNING - PROJ: proj_identify: P:\corp\central_clones\python_geopandas\Lib\site-packages\fiona\proj_data\proj.db contains DATABASE.LAYOUT.VERSION.MINOR = 2 whereas a number >= 3 is expected. It comes from another PROJ installation.
2025-07-11 13:29:03,609 - fiona._env - DEBUG - GDAL_DATA found in environment.
2025-07-11 13:29:03,611 - fiona._env - DEBUG - PROJ data found in package: path='P:\\corp\\central_clones\\python_geopandas\\Lib\\site-packages\\fiona\\proj_data'.
2025-07-11 13:29:03,612 - fiona.ogrext - DEBUG - Got coordinate system
2025-07-11 13:29:03,624 - fiona.ogrext - DEBUG - Got coordinate system
2025-07-11 13:29:03,647 - fiona._env - WARNING - PROJ: proj_identify: P:\corp\central_clones\python_geopandas\Lib\site-packages\fiona\proj_data\proj.db contains DATABASE.LAYOUT.VERSION.MINOR = 2 whereas a number >= 3 is expected. It comes from another PROJ installation.
2025-07-11 13:29:03,647 - fiona.ogrext - DEBUG - OLC_FASTSETNEXTBYINDEX: 1
2025-07-11 13:29:03,648 - fiona.ogrext - DEBUG - OLC_FASTFEATURECOUNT: 1
2025-07-11 13:29:03,648 - fiona.ogrext - DEBUG - Next index: 0
2025-07-11 13:29:03,683 - fiona.collection - DEBUG - Flushed buffer
2025-07-11 13:29:03,685 - fiona.collection - DEBUG - Stopped session
2025-07-11 13:29:03,705 - fiona._env - DEBUG - GDAL_DATA found in environment.
2025-07-11 13:29:03,706 - fiona._env - DEBUG - PROJ data found in package: path='P:\\corp\\central_clones\\python_geopandas\\Lib\\site-packages\\fiona\\proj_data'.
2025-07-11 13:29:05,218 - fiona._env - WARNING - PROJ: proj_identify: P:\corp\central_clones\python_geopandas\Lib\site-packages\fiona\proj_data\proj.db contains DATABASE.LAYOUT.VERSION.MINOR = 2 whereas a number >= 3 is expected. It comes from another PROJ installation.
2025-07-11 13:29:11,090 - fiona._env - WARNING - PROJ: proj_identify: P:\corp\central_clones\python_geopandas\Lib\site-packages\fiona\proj_data\proj.db contains DATABASE.LAYOUT.VERSION.MINOR = 2 whereas a number >= 3 is expected. It comes from another PROJ installation.
2025-07-11 13:29:11,538 - fiona._env - WARNING - PROJ: proj_identify: P:\corp\central_clones\python_geopandas\Lib\site-packages\fiona\proj_data\proj.db contains DATABASE.LAYOUT.VERSION.MINOR = 2 whereas a number >= 3 is expected. It comes from another PROJ installation.
2025-07-11 13:29:12,586 - fiona._env - DEBUG - GDAL_DATA found in environment.
2025-07-11 13:29:12,587 - fiona._env - DEBUG - PROJ data found in package: path='P:\\corp\\central_clones\\python_geopandas\\Lib\\site-packages\\fiona\\proj_data'.
2025-07-11 13:29:12,588 - fiona.ogrext - DEBUG - Got coordinate system
2025-07-11 13:29:12,601 - fiona.ogrext - DEBUG - Got coordinate system
2025-07-11 13:29:12,627 - fiona._env - WARNING - PROJ: proj_identify: P:\corp\central_clones\python_geopandas\Lib\site-packages\fiona\proj_data\proj.db contains DATABASE.LAYOUT.VERSION.MINOR = 2 whereas a number >= 3 is expected. It comes from another PROJ installation.
2025-07-11 13:29:12,628 - fiona.ogrext - DEBUG - OLC_FASTSETNEXTBYINDEX: 1
2025-07-11 13:29:12,628 - fiona.ogrext - DEBUG - OLC_FASTFEATURECOUNT: 1
2025-07-11 13:29:12,629 - fiona.ogrext - DEBUG - Next index: 0
2025-07-11 13:29:12,663 - fiona.collection - DEBUG - Flushed buffer
2025-07-11 13:29:12,666 - fiona.collection - DEBUG - Stopped session
2025-07-11 13:29:12,687 - fiona._env - DEBUG - GDAL_DATA found in environment.
2025-07-11 13:29:12,688 - fiona._env - DEBUG - PROJ data found in package: path='P:\\corp\\central_clones\\python_geopandas\\Lib\\site-packages\\fiona\\proj_data'.
2025-07-11 13:29:14,303 - fiona._env - WARNING - PROJ: proj_identify: P:\corp\central_clones\python_geopandas\Lib\site-packages\fiona\proj_data\proj.db contains DATABASE.LAYOUT.VERSION.MINOR = 2 whereas a number >= 3 is expected. It comes from another PROJ installation.
2025-07-11 13:29:19,806 - fiona._env - WARNING - PROJ: proj_identify: P:\corp\central_clones\python_geopandas\Lib\site-packages\fiona\proj_data\proj.db contains DATABASE.LAYOUT.VERSION.MINOR = 2 whereas a number >= 3 is expected. It comes from another PROJ installation.
2025-07-11 13:29:20,253 - fiona._env - WARNING - PROJ: proj_identify: P:\corp\central_clones\python_geopandas\Lib\site-packages\fiona\proj_data\proj.db contains DATABASE.LAYOUT.VERSION.MINOR = 2 whereas a number >= 3 is expected. It comes from another PROJ installation.
2025-07-11 13:29:21,259 - fiona._env - DEBUG - GDAL_DATA found in environment.
2025-07-11 13:29:21,261 - fiona._env - DEBUG - PROJ data found in package: path='P:\\corp\\central_clones\\python_geopandas\\Lib\\site-packages\\fiona\\proj_data'.
2025-07-11 13:29:21,261 - fiona.ogrext - DEBUG - Got coordinate system
2025-07-11 13:29:21,274 - fiona.ogrext - DEBUG - Got coordinate system
2025-07-11 13:29:21,310 - fiona._env - WARNING - PROJ: proj_identify: P:\corp\central_clones\python_geopandas\Lib\site-packages\fiona\proj_data\proj.db contains DATABASE.LAYOUT.VERSION.MINOR = 2 whereas a number >= 3 is expected. It comes from another PROJ installation.
2025-07-11 13:29:21,311 - fiona.ogrext - DEBUG - OLC_FASTSETNEXTBYINDEX: 1
2025-07-11 13:29:21,311 - fiona.ogrext - DEBUG - OLC_FASTFEATURECOUNT: 1
2025-07-11 13:29:21,312 - fiona.ogrext - DEBUG - Next index: 0
2025-07-11 13:29:21,346 - fiona.collection - DEBUG - Flushed buffer
2025-07-11 13:29:21,348 - fiona.collection - DEBUG - Stopped session
2025-07-11 13:29:21,368 - fiona._env - DEBUG - GDAL_DATA found in environment.
2025-07-11 13:29:21,371 - fiona._env - DEBUG - PROJ data found in package: path='P:\\corp\\central_clones\\python_geopandas\\Lib\\site-packages\\fiona\\proj_data'.
2025-07-11 13:29:23,031 - fiona._env - WARNING - PROJ: proj_identify: P:\corp\central_clones\python_geopandas\Lib\site-packages\fiona\proj_data\proj.db contains DATABASE.LAYOUT.VERSION.MINOR = 2 whereas a number >= 3 is expected. It comes from another PROJ installation.
2025-07-11 13:29:28,723 - fiona._env - WARNING - PROJ: proj_identify: P:\corp\central_clones\python_geopandas\Lib\site-packages\fiona\proj_data\proj.db contains DATABASE.LAYOUT.VERSION.MINOR = 2 whereas a number >= 3 is expected. It comes from another PROJ installation.
2025-07-11 13:29:29,193 - fiona._env - WARNING - PROJ: proj_identify: P:\corp\central_clones\python_geopandas\Lib\site-packages\fiona\proj_data\proj.db contains DATABASE.LAYOUT.VERSION.MINOR = 2 whereas a number >= 3 is expected. It comes from another PROJ installation.
2025-07-11 13:29:30,290 - fiona._env - DEBUG - GDAL_DATA found in environment.
2025-07-11 13:29:30,291 - fiona._env - DEBUG - PROJ data found in package: path='P:\\corp\\central_clones\\python_geopandas\\Lib\\site-packages\\fiona\\proj_data'.
2025-07-11 13:29:30,292 - fiona.ogrext - DEBUG - Got coordinate system
2025-07-11 13:29:30,304 - fiona.ogrext - DEBUG - Got coordinate system
2025-07-11 13:29:30,330 - fiona._env - WARNING - PROJ: proj_identify: P:\corp\central_clones\python_geopandas\Lib\site-packages\fiona\proj_data\proj.db contains DATABASE.LAYOUT.VERSION.MINOR = 2 whereas a number >= 3 is expected. It comes from another PROJ installation.
2025-07-11 13:29:30,330 - fiona.ogrext - DEBUG - OLC_FASTSETNEXTBYINDEX: 1
2025-07-11 13:29:30,331 - fiona.ogrext - DEBUG - OLC_FASTFEATURECOUNT: 1
2025-07-11 13:29:30,332 - fiona.ogrext - DEBUG - Next index: 0
2025-07-11 13:29:30,365 - fiona.collection - DEBUG - Flushed buffer
2025-07-11 13:29:30,368 - fiona.collection - DEBUG - Stopped session
2025-07-11 13:29:30,388 - fiona._env - DEBUG - GDAL_DATA found in environment.
2025-07-11 13:29:30,389 - fiona._env - DEBUG - PROJ data found in package: path='P:\\corp\\central_clones\\python_geopandas\\Lib\\site-packages\\fiona\\proj_data'.
2025-07-11 13:29:32,129 - fiona._env - WARNING - PROJ: proj_identify: P:\corp\central_clones\python_geopandas\Lib\site-packages\fiona\proj_data\proj.db contains DATABASE.LAYOUT.VERSION.MINOR = 2 whereas a number >= 3 is expected. It comes from another PROJ installation.
2025-07-11 13:29:37,643 - fiona._env - WARNING - PROJ: proj_identify: P:\corp\central_clones\python_geopandas\Lib\site-packages\fiona\proj_data\proj.db contains DATABASE.LAYOUT.VERSION.MINOR = 2 whereas a number >= 3 is expected. It comes from another PROJ installation.
2025-07-11 13:29:38,123 - fiona._env - WARNING - PROJ: proj_identify: P:\corp\central_clones\python_geopandas\Lib\site-packages\fiona\proj_data\proj.db contains DATABASE.LAYOUT.VERSION.MINOR = 2 whereas a number >= 3 is expected. It comes from another PROJ installation.
2025-07-11 13:29:39,155 - fiona._env - DEBUG - GDAL_DATA found in environment.
2025-07-11 13:29:39,158 - fiona._env - DEBUG - PROJ data found in package: path='P:\\corp\\central_clones\\python_geopandas\\Lib\\site-packages\\fiona\\proj_data'.
2025-07-11 13:29:39,159 - fiona.ogrext - DEBUG - Got coordinate system
2025-07-11 13:29:39,171 - fiona.ogrext - DEBUG - Got coordinate system
2025-07-11 13:29:39,194 - fiona._env - WARNING - PROJ: proj_identify: P:\corp\central_clones\python_geopandas\Lib\site-packages\fiona\proj_data\proj.db contains DATABASE.LAYOUT.VERSION.MINOR = 2 whereas a number >= 3 is expected. It comes from another PROJ installation.
2025-07-11 13:29:39,194 - fiona.ogrext - DEBUG - OLC_FASTSETNEXTBYINDEX: 1
2025-07-11 13:29:39,195 - fiona.ogrext - DEBUG - OLC_FASTFEATURECOUNT: 1
2025-07-11 13:29:39,195 - fiona.ogrext - DEBUG - Next index: 0
2025-07-11 13:29:39,228 - fiona.collection - DEBUG - Flushed buffer
2025-07-11 13:29:39,230 - fiona.collection - DEBUG - Stopped session
2025-07-11 13:29:39,250 - fiona._env - DEBUG - GDAL_DATA found in environment.
2025-07-11 13:29:39,251 - fiona._env - DEBUG - PROJ data found in package: path='P:\\corp\\central_clones\\python_geopandas\\Lib\\site-packages\\fiona\\proj_data'.
2025-07-11 13:29:40,707 - fiona._env - WARNING - PROJ: proj_identify: P:\corp\central_clones\python_geopandas\Lib\site-packages\fiona\proj_data\proj.db contains DATABASE.LAYOUT.VERSION.MINOR = 2 whereas a number >= 3 is expected. It comes from another PROJ installation.
2025-07-11 13:29:46,209 - fiona._env - WARNING - PROJ: proj_identify: P:\corp\central_clones\python_geopandas\Lib\site-packages\fiona\proj_data\proj.db contains DATABASE.LAYOUT.VERSION.MINOR = 2 whereas a number >= 3 is expected. It comes from another PROJ installation.
2025-07-11 13:29:46,689 - fiona._env - WARNING - PROJ: proj_identify: P:\corp\central_clones\python_geopandas\Lib\site-packages\fiona\proj_data\proj.db contains DATABASE.LAYOUT.VERSION.MINOR = 2 whereas a number >= 3 is expected. It comes from another PROJ installation.
2025-07-11 13:29:47,755 - fiona._env - DEBUG - GDAL_DATA found in environment.
2025-07-11 13:29:47,757 - fiona._env - DEBUG - PROJ data found in package: path='P:\\corp\\central_clones\\python_geopandas\\Lib\\site-packages\\fiona\\proj_data'.
2025-07-11 13:29:47,757 - fiona.ogrext - DEBUG - Got coordinate system
2025-07-11 13:29:47,770 - fiona.ogrext - DEBUG - Got coordinate system
2025-07-11 13:29:47,793 - fiona._env - WARNING - PROJ: proj_identify: P:\corp\central_clones\python_geopandas\Lib\site-packages\fiona\proj_data\proj.db contains DATABASE.LAYOUT.VERSION.MINOR = 2 whereas a number >= 3 is expected. It comes from another PROJ installation.
2025-07-11 13:29:47,794 - fiona.ogrext - DEBUG - OLC_FASTSETNEXTBYINDEX: 1
2025-07-11 13:29:47,794 - fiona.ogrext - DEBUG - OLC_FASTFEATURECOUNT: 1
2025-07-11 13:29:47,795 - fiona.ogrext - DEBUG - Next index: 0
2025-07-11 13:29:47,828 - fiona.collection - DEBUG - Flushed buffer
2025-07-11 13:29:47,830 - fiona.collection - DEBUG - Stopped session
2025-07-11 13:29:47,849 - fiona._env - DEBUG - GDAL_DATA found in environment.
2025-07-11 13:29:47,851 - fiona._env - DEBUG - PROJ data found in package: path='P:\\corp\\central_clones\\python_geopandas\\Lib\\site-packages\\fiona\\proj_data'.
2025-07-11 13:29:49,357 - fiona._env - WARNING - PROJ: proj_identify: P:\corp\central_clones\python_geopandas\Lib\site-packages\fiona\proj_data\proj.db contains DATABASE.LAYOUT.VERSION.MINOR = 2 whereas a number >= 3 is expected. It comes from another PROJ installation.
2025-07-11 13:29:55,149 - fiona._env - WARNING - PROJ: proj_identify: P:\corp\central_clones\python_geopandas\Lib\site-packages\fiona\proj_data\proj.db contains DATABASE.LAYOUT.VERSION.MINOR = 2 whereas a number >= 3 is expected. It comes from another PROJ installation.
2025-07-11 13:29:55,617 - fiona._env - WARNING - PROJ: proj_identify: P:\corp\central_clones\python_geopandas\Lib\site-packages\fiona\proj_data\proj.db contains DATABASE.LAYOUT.VERSION.MINOR = 2 whereas a number >= 3 is expected. It comes from another PROJ installation.
2025-07-11 13:29:56,666 - fiona._env - DEBUG - GDAL_DATA found in environment.
2025-07-11 13:29:56,668 - fiona._env - DEBUG - PROJ data found in package: path='P:\\corp\\central_clones\\python_geopandas\\Lib\\site-packages\\fiona\\proj_data'.
2025-07-11 13:29:56,668 - fiona.ogrext - DEBUG - Got coordinate system
2025-07-11 13:29:56,682 - fiona.ogrext - DEBUG - Got coordinate system
2025-07-11 13:29:56,707 - fiona._env - WARNING - PROJ: proj_identify: P:\corp\central_clones\python_geopandas\Lib\site-packages\fiona\proj_data\proj.db contains DATABASE.LAYOUT.VERSION.MINOR = 2 whereas a number >= 3 is expected. It comes from another PROJ installation.
2025-07-11 13:29:56,707 - fiona.ogrext - DEBUG - OLC_FASTSETNEXTBYINDEX: 1
2025-07-11 13:29:56,708 - fiona.ogrext - DEBUG - OLC_FASTFEATURECOUNT: 1
2025-07-11 13:29:56,708 - fiona.ogrext - DEBUG - Next index: 0
2025-07-11 13:29:56,741 - fiona.collection - DEBUG - Flushed buffer
2025-07-11 13:29:56,743 - fiona.collection - DEBUG - Stopped session
2025-07-11 13:29:56,764 - fiona._env - DEBUG - GDAL_DATA found in environment.
2025-07-11 13:29:56,766 - fiona._env - DEBUG - PROJ data found in package: path='P:\\corp\\central_clones\\python_geopandas\\Lib\\site-packages\\fiona\\proj_data'.
2025-07-11 13:29:58,392 - fiona._env - WARNING - PROJ: proj_identify: P:\corp\central_clones\python_geopandas\Lib\site-packages\fiona\proj_data\proj.db contains DATABASE.LAYOUT.VERSION.MINOR = 2 whereas a number >= 3 is expected. It comes from another PROJ installation.
2025-07-11 13:30:04,418 - fiona._env - WARNING - PROJ: proj_identify: P:\corp\central_clones\python_geopandas\Lib\site-packages\fiona\proj_data\proj.db contains DATABASE.LAYOUT.VERSION.MINOR = 2 whereas a number >= 3 is expected. It comes from another PROJ installation.
2025-07-11 13:30:04,885 - fiona._env - WARNING - PROJ: proj_identify: P:\corp\central_clones\python_geopandas\Lib\site-packages\fiona\proj_data\proj.db contains DATABASE.LAYOUT.VERSION.MINOR = 2 whereas a number >= 3 is expected. It comes from another PROJ installation.
2025-07-11 13:30:06,081 - fiona._env - DEBUG - GDAL_DATA found in environment.
2025-07-11 13:30:06,083 - fiona._env - DEBUG - PROJ data found in package: path='P:\\corp\\central_clones\\python_geopandas\\Lib\\site-packages\\fiona\\proj_data'.
2025-07-11 13:30:06,084 - fiona.ogrext - DEBUG - Got coordinate system
2025-07-11 13:30:06,097 - fiona.ogrext - DEBUG - Got coordinate system
2025-07-11 13:30:06,126 - fiona._env - WARNING - PROJ: proj_identify: P:\corp\central_clones\python_geopandas\Lib\site-packages\fiona\proj_data\proj.db contains DATABASE.LAYOUT.VERSION.MINOR = 2 whereas a number >= 3 is expected. It comes from another PROJ installation.
2025-07-11 13:30:06,127 - fiona.ogrext - DEBUG - OLC_FASTSETNEXTBYINDEX: 1
2025-07-11 13:30:06,127 - fiona.ogrext - DEBUG - OLC_FASTFEATURECOUNT: 1
2025-07-11 13:30:06,127 - fiona.ogrext - DEBUG - Next index: 0
2025-07-11 13:30:06,164 - fiona.collection - DEBUG - Flushed buffer
2025-07-11 13:30:06,167 - fiona.collection - DEBUG - Stopped session
2025-07-11 13:30:06,192 - fiona._env - DEBUG - GDAL_DATA found in environment.
2025-07-11 13:30:06,194 - fiona._env - DEBUG - PROJ data found in package: path='P:\\corp\\central_clones\\python_geopandas\\Lib\\site-packages\\fiona\\proj_data'.
2025-07-11 13:30:07,691 - fiona._env - WARNING - PROJ: proj_identify: P:\corp\central_clones\python_geopandas\Lib\site-packages\fiona\proj_data\proj.db contains DATABASE.LAYOUT.VERSION.MINOR = 2 whereas a number >= 3 is expected. It comes from another PROJ installation.
2025-07-11 13:30:12,941 - fiona._env - WARNING - PROJ: proj_identify: P:\corp\central_clones\python_geopandas\Lib\site-packages\fiona\proj_data\proj.db contains DATABASE.LAYOUT.VERSION.MINOR = 2 whereas a number >= 3 is expected. It comes from another PROJ installation.
2025-07-11 13:30:13,406 - fiona._env - WARNING - PROJ: proj_identify: P:\corp\central_clones\python_geopandas\Lib\site-packages\fiona\proj_data\proj.db contains DATABASE.LAYOUT.VERSION.MINOR = 2 whereas a number >= 3 is expected. It comes from another PROJ installation.
2025-07-11 13:30:14,500 - fiona._env - DEBUG - GDAL_DATA found in environment.
2025-07-11 13:30:14,503 - fiona._env - DEBUG - PROJ data found in package: path='P:\\corp\\central_clones\\python_geopandas\\Lib\\site-packages\\fiona\\proj_data'.
2025-07-11 13:30:14,503 - fiona.ogrext - DEBUG - Got coordinate system
2025-07-11 13:30:14,518 - fiona.ogrext - DEBUG - Got coordinate system
2025-07-11 13:30:14,545 - fiona._env - WARNING - PROJ: proj_identify: P:\corp\central_clones\python_geopandas\Lib\site-packages\fiona\proj_data\proj.db contains DATABASE.LAYOUT.VERSION.MINOR = 2 whereas a number >= 3 is expected. It comes from another PROJ installation.
2025-07-11 13:30:14,546 - fiona.ogrext - DEBUG - OLC_FASTSETNEXTBYINDEX: 1
2025-07-11 13:30:14,546 - fiona.ogrext - DEBUG - OLC_FASTFEATURECOUNT: 1
2025-07-11 13:30:14,547 - fiona.ogrext - DEBUG - Next index: 0
2025-07-11 13:30:14,580 - fiona.collection - DEBUG - Flushed buffer
2025-07-11 13:30:14,582 - fiona.collection - DEBUG - Stopped session
2025-07-11 13:30:14,602 - fiona._env - DEBUG - GDAL_DATA found in environment.
2025-07-11 13:30:14,604 - fiona._env - DEBUG - PROJ data found in package: path='P:\\corp\\central_clones\\python_geopandas\\Lib\\site-packages\\fiona\\proj_data'.
2025-07-11 13:30:16,089 - fiona._env - WARNING - PROJ: proj_identify: P:\corp\central_clones\python_geopandas\Lib\site-packages\fiona\proj_data\proj.db contains DATABASE.LAYOUT.VERSION.MINOR = 2 whereas a number >= 3 is expected. It comes from another PROJ installation.
2025-07-11 13:30:21,210 - fiona._env - WARNING - PROJ: proj_identify: P:\corp\central_clones\python_geopandas\Lib\site-packages\fiona\proj_data\proj.db contains DATABASE.LAYOUT.VERSION.MINOR = 2 whereas a number >= 3 is expected. It comes from another PROJ installation.
2025-07-11 13:30:21,641 - fiona._env - WARNING - PROJ: proj_identify: P:\corp\central_clones\python_geopandas\Lib\site-packages\fiona\proj_data\proj.db contains DATABASE.LAYOUT.VERSION.MINOR = 2 whereas a number >= 3 is expected. It comes from another PROJ installation.
2025-07-11 13:30:22,599 - fiona._env - DEBUG - GDAL_DATA found in environment.
2025-07-11 13:30:22,600 - fiona._env - DEBUG - PROJ data found in package: path='P:\\corp\\central_clones\\python_geopandas\\Lib\\site-packages\\fiona\\proj_data'.
2025-07-11 13:30:22,601 - fiona.ogrext - DEBUG - Got coordinate system
2025-07-11 13:30:22,613 - fiona.ogrext - DEBUG - Got coordinate system
2025-07-11 13:30:22,635 - fiona._env - WARNING - PROJ: proj_identify: P:\corp\central_clones\python_geopandas\Lib\site-packages\fiona\proj_data\proj.db contains DATABASE.LAYOUT.VERSION.MINOR = 2 whereas a number >= 3 is expected. It comes from another PROJ installation.
2025-07-11 13:30:22,636 - fiona.ogrext - DEBUG - OLC_FASTSETNEXTBYINDEX: 1
2025-07-11 13:30:22,636 - fiona.ogrext - DEBUG - OLC_FASTFEATURECOUNT: 1
2025-07-11 13:30:22,636 - fiona.ogrext - DEBUG - Next index: 0
2025-07-11 13:30:22,670 - fiona.collection - DEBUG - Flushed buffer
2025-07-11 13:30:22,672 - fiona.collection - DEBUG - Stopped session
2025-07-11 13:30:22,691 - fiona._env - DEBUG - GDAL_DATA found in environment.
2025-07-11 13:30:22,693 - fiona._env - DEBUG - PROJ data found in package: path='P:\\corp\\central_clones\\python_geopandas\\Lib\\site-packages\\fiona\\proj_data'.
2025-07-11 13:30:24,169 - fiona._env - WARNING - PROJ: proj_identify: P:\corp\central_clones\python_geopandas\Lib\site-packages\fiona\proj_data\proj.db contains DATABASE.LAYOUT.VERSION.MINOR = 2 whereas a number >= 3 is expected. It comes from another PROJ installation.
2025-07-11 13:30:28,960 - fiona._env - WARNING - PROJ: proj_identify: P:\corp\central_clones\python_geopandas\Lib\site-packages\fiona\proj_data\proj.db contains DATABASE.LAYOUT.VERSION.MINOR = 2 whereas a number >= 3 is expected. It comes from another PROJ installation.
2025-07-11 13:30:29,365 - fiona._env - WARNING - PROJ: proj_identify: P:\corp\central_clones\python_geopandas\Lib\site-packages\fiona\proj_data\proj.db contains DATABASE.LAYOUT.VERSION.MINOR = 2 whereas a number >= 3 is expected. It comes from another PROJ installation.
2025-07-11 13:30:30,285 - fiona._env - DEBUG - GDAL_DATA found in environment.
2025-07-11 13:30:30,287 - fiona._env - DEBUG - PROJ data found in package: path='P:\\corp\\central_clones\\python_geopandas\\Lib\\site-packages\\fiona\\proj_data'.
2025-07-11 13:30:30,287 - fiona.ogrext - DEBUG - Got coordinate system
2025-07-11 13:30:30,299 - fiona.ogrext - DEBUG - Got coordinate system
2025-07-11 13:30:30,320 - fiona._env - WARNING - PROJ: proj_identify: P:\corp\central_clones\python_geopandas\Lib\site-packages\fiona\proj_data\proj.db contains DATABASE.LAYOUT.VERSION.MINOR = 2 whereas a number >= 3 is expected. It comes from another PROJ installation.
2025-07-11 13:30:30,321 - fiona.ogrext - DEBUG - OLC_FASTSETNEXTBYINDEX: 1
2025-07-11 13:30:30,321 - fiona.ogrext - DEBUG - OLC_FASTFEATURECOUNT: 1
2025-07-11 13:30:30,322 - fiona.ogrext - DEBUG - Next index: 0
2025-07-11 13:30:30,355 - fiona.collection - DEBUG - Flushed buffer
2025-07-11 13:30:30,357 - fiona.collection - DEBUG - Stopped session
2025-07-11 13:30:30,377 - fiona._env - DEBUG - GDAL_DATA found in environment.
2025-07-11 13:30:30,379 - fiona._env - DEBUG - PROJ data found in package: path='P:\\corp\\central_clones\\python_geopandas\\Lib\\site-packages\\fiona\\proj_data'.
2025-07-11 13:30:31,976 - fiona._env - WARNING - PROJ: proj_identify: P:\corp\central_clones\python_geopandas\Lib\site-packages\fiona\proj_data\proj.db contains DATABASE.LAYOUT.VERSION.MINOR = 2 whereas a number >= 3 is expected. It comes from another PROJ installation.
2025-07-11 13:30:36,884 - fiona._env - WARNING - PROJ: proj_identify: P:\corp\central_clones\python_geopandas\Lib\site-packages\fiona\proj_data\proj.db contains DATABASE.LAYOUT.VERSION.MINOR = 2 whereas a number >= 3 is expected. It comes from another PROJ installation.
2025-07-11 13:30:37,280 - fiona._env - WARNING - PROJ: proj_identify: P:\corp\central_clones\python_geopandas\Lib\site-packages\fiona\proj_data\proj.db contains DATABASE.LAYOUT.VERSION.MINOR = 2 whereas a number >= 3 is expected. It comes from another PROJ installation.
2025-07-11 13:30:38,218 - fiona._env - DEBUG - GDAL_DATA found in environment.
2025-07-11 13:30:38,220 - fiona._env - DEBUG - PROJ data found in package: path='P:\\corp\\central_clones\\python_geopandas\\Lib\\site-packages\\fiona\\proj_data'.
2025-07-11 13:30:38,220 - fiona.ogrext - DEBUG - Got coordinate system
2025-07-11 13:30:38,234 - fiona.ogrext - DEBUG - Got coordinate system
2025-07-11 13:30:38,256 - fiona._env - WARNING - PROJ: proj_identify: P:\corp\central_clones\python_geopandas\Lib\site-packages\fiona\proj_data\proj.db contains DATABASE.LAYOUT.VERSION.MINOR = 2 whereas a number >= 3 is expected. It comes from another PROJ installation.
2025-07-11 13:30:38,256 - fiona.ogrext - DEBUG - OLC_FASTSETNEXTBYINDEX: 1
2025-07-11 13:30:38,257 - fiona.ogrext - DEBUG - OLC_FASTFEATURECOUNT: 1
2025-07-11 13:30:38,257 - fiona.ogrext - DEBUG - Next index: 0
2025-07-11 13:30:38,290 - fiona.collection - DEBUG - Flushed buffer
2025-07-11 13:30:38,293 - fiona.collection - DEBUG - Stopped session
2025-07-11 13:30:38,313 - fiona._env - DEBUG - GDAL_DATA found in environment.
2025-07-11 13:30:38,315 - fiona._env - DEBUG - PROJ data found in package: path='P:\\corp\\central_clones\\python_geopandas\\Lib\\site-packages\\fiona\\proj_data'.
2025-07-11 13:30:39,809 - fiona._env - WARNING - PROJ: proj_identify: P:\corp\central_clones\python_geopandas\Lib\site-packages\fiona\proj_data\proj.db contains DATABASE.LAYOUT.VERSION.MINOR = 2 whereas a number >= 3 is expected. It comes from another PROJ installation.
2025-07-11 13:30:44,507 - fiona._env - WARNING - PROJ: proj_identify: P:\corp\central_clones\python_geopandas\Lib\site-packages\fiona\proj_data\proj.db contains DATABASE.LAYOUT.VERSION.MINOR = 2 whereas a number >= 3 is expected. It comes from another PROJ installation.
2025-07-11 13:30:44,894 - fiona._env - WARNING - PROJ: proj_identify: P:\corp\central_clones\python_geopandas\Lib\site-packages\fiona\proj_data\proj.db contains DATABASE.LAYOUT.VERSION.MINOR = 2 whereas a number >= 3 is expected. It comes from another PROJ installation.
2025-07-11 13:30:45,777 - fiona._env - DEBUG - GDAL_DATA found in environment.
2025-07-11 13:30:45,778 - fiona._env - DEBUG - PROJ data found in package: path='P:\\corp\\central_clones\\python_geopandas\\Lib\\site-packages\\fiona\\proj_data'.
2025-07-11 13:30:45,779 - fiona.ogrext - DEBUG - Got coordinate system
2025-07-11 13:30:45,790 - fiona.ogrext - DEBUG - Got coordinate system
2025-07-11 13:30:45,811 - fiona._env - WARNING - PROJ: proj_identify: P:\corp\central_clones\python_geopandas\Lib\site-packages\fiona\proj_data\proj.db contains DATABASE.LAYOUT.VERSION.MINOR = 2 whereas a number >= 3 is expected. It comes from another PROJ installation.
2025-07-11 13:30:45,812 - fiona.ogrext - DEBUG - OLC_FASTSETNEXTBYINDEX: 1
2025-07-11 13:30:45,812 - fiona.ogrext - DEBUG - OLC_FASTFEATURECOUNT: 1
2025-07-11 13:30:45,812 - fiona.ogrext - DEBUG - Next index: 0
2025-07-11 13:30:45,847 - fiona.collection - DEBUG - Flushed buffer
2025-07-11 13:30:45,849 - fiona.collection - DEBUG - Stopped session
2025-07-11 13:30:45,869 - fiona._env - DEBUG - GDAL_DATA found in environment.
2025-07-11 13:30:45,870 - fiona._env - DEBUG - PROJ data found in package: path='P:\\corp\\central_clones\\python_geopandas\\Lib\\site-packages\\fiona\\proj_data'.
2025-07-11 13:30:47,395 - fiona._env - WARNING - PROJ: proj_identify: P:\corp\central_clones\python_geopandas\Lib\site-packages\fiona\proj_data\proj.db contains DATABASE.LAYOUT.VERSION.MINOR = 2 whereas a number >= 3 is expected. It comes from another PROJ installation.
2025-07-11 13:30:52,062 - fiona._env - WARNING - PROJ: proj_identify: P:\corp\central_clones\python_geopandas\Lib\site-packages\fiona\proj_data\proj.db contains DATABASE.LAYOUT.VERSION.MINOR = 2 whereas a number >= 3 is expected. It comes from another PROJ installation.
2025-07-11 13:30:52,454 - fiona._env - WARNING - PROJ: proj_identify: P:\corp\central_clones\python_geopandas\Lib\site-packages\fiona\proj_data\proj.db contains DATABASE.LAYOUT.VERSION.MINOR = 2 whereas a number >= 3 is expected. It comes from another PROJ installation.
2025-07-11 13:30:53,356 - fiona._env - DEBUG - GDAL_DATA found in environment.
2025-07-11 13:30:53,357 - fiona._env - DEBUG - PROJ data found in package: path='P:\\corp\\central_clones\\python_geopandas\\Lib\\site-packages\\fiona\\proj_data'.
2025-07-11 13:30:53,358 - fiona.ogrext - DEBUG - Got coordinate system
2025-07-11 13:30:53,370 - fiona.ogrext - DEBUG - Got coordinate system
2025-07-11 13:30:53,391 - fiona._env - WARNING - PROJ: proj_identify: P:\corp\central_clones\python_geopandas\Lib\site-packages\fiona\proj_data\proj.db contains DATABASE.LAYOUT.VERSION.MINOR = 2 whereas a number >= 3 is expected. It comes from another PROJ installation.
2025-07-11 13:30:53,391 - fiona.ogrext - DEBUG - OLC_FASTSETNEXTBYINDEX: 1
2025-07-11 13:30:53,391 - fiona.ogrext - DEBUG - OLC_FASTFEATURECOUNT: 1
2025-07-11 13:30:53,392 - fiona.ogrext - DEBUG - Next index: 0
2025-07-11 13:30:53,428 - fiona.collection - DEBUG - Flushed buffer
2025-07-11 13:30:53,430 - fiona.collection - DEBUG - Stopped session
2025-07-11 13:30:53,454 - fiona._env - DEBUG - GDAL_DATA found in environment.
2025-07-11 13:30:53,456 - fiona._env - DEBUG - PROJ data found in package: path='P:\\corp\\central_clones\\python_geopandas\\Lib\\site-packages\\fiona\\proj_data'.
2025-07-11 13:30:54,934 - fiona._env - WARNING - PROJ: proj_identify: P:\corp\central_clones\python_geopandas\Lib\site-packages\fiona\proj_data\proj.db contains DATABASE.LAYOUT.VERSION.MINOR = 2 whereas a number >= 3 is expected. It comes from another PROJ installation.
2025-07-11 13:30:59,674 - fiona._env - WARNING - PROJ: proj_identify: P:\corp\central_clones\python_geopandas\Lib\site-packages\fiona\proj_data\proj.db contains DATABASE.LAYOUT.VERSION.MINOR = 2 whereas a number >= 3 is expected. It comes from another PROJ installation.
2025-07-11 13:31:00,077 - fiona._env - WARNING - PROJ: proj_identify: P:\corp\central_clones\python_geopandas\Lib\site-packages\fiona\proj_data\proj.db contains DATABASE.LAYOUT.VERSION.MINOR = 2 whereas a number >= 3 is expected. It comes from another PROJ installation.
2025-07-11 13:31:00,988 - fiona._env - DEBUG - GDAL_DATA found in environment.
2025-07-11 13:31:00,990 - fiona._env - DEBUG - PROJ data found in package: path='P:\\corp\\central_clones\\python_geopandas\\Lib\\site-packages\\fiona\\proj_data'.
2025-07-11 13:31:00,990 - fiona.ogrext - DEBUG - Got coordinate system
2025-07-11 13:31:01,001 - fiona.ogrext - DEBUG - Got coordinate system
2025-07-11 13:31:01,022 - fiona._env - WARNING - PROJ: proj_identify: P:\corp\central_clones\python_geopandas\Lib\site-packages\fiona\proj_data\proj.db contains DATABASE.LAYOUT.VERSION.MINOR = 2 whereas a number >= 3 is expected. It comes from another PROJ installation.
2025-07-11 13:31:01,023 - fiona.ogrext - DEBUG - OLC_FASTSETNEXTBYINDEX: 1
2025-07-11 13:31:01,023 - fiona.ogrext - DEBUG - OLC_FASTFEATURECOUNT: 1
2025-07-11 13:31:01,024 - fiona.ogrext - DEBUG - Next index: 0
2025-07-11 13:31:01,024 - fiona.ogrext - DEBUG - Next index: 1
2025-07-11 13:31:01,025 - fiona.ogrext - DEBUG - Next index: 2
2025-07-11 13:31:01,026 - fiona.ogrext - DEBUG - Next index: 3
2025-07-11 13:31:01,027 - fiona.ogrext - DEBUG - Next index: 4
2025-07-11 13:31:01,029 - fiona.ogrext - DEBUG - Next index: 5
2025-07-11 13:31:01,030 - fiona.ogrext - DEBUG - Next index: 6
2025-07-11 13:31:01,031 - fiona.ogrext - DEBUG - Next index: 7
2025-07-11 13:31:01,032 - fiona.ogrext - DEBUG - Next index: 8
2025-07-11 13:31:01,068 - fiona.collection - DEBUG - Flushed buffer
2025-07-11 13:31:01,070 - fiona.collection - DEBUG - Stopped session
2025-07-11 13:31:01,234 - fiona._env - DEBUG - GDAL_DATA found in environment.
2025-07-11 13:31:01,236 - fiona._env - DEBUG - PROJ data found in package: path='P:\\corp\\central_clones\\python_geopandas\\Lib\\site-packages\\fiona\\proj_data'.
2025-07-11 13:31:02,722 - fiona._env - WARNING - PROJ: proj_identify: P:\corp\central_clones\python_geopandas\Lib\site-packages\fiona\proj_data\proj.db contains DATABASE.LAYOUT.VERSION.MINOR = 2 whereas a number >= 3 is expected. It comes from another PROJ installation.
2025-07-11 13:31:07,449 - fiona._env - WARNING - PROJ: proj_identify: P:\corp\central_clones\python_geopandas\Lib\site-packages\fiona\proj_data\proj.db contains DATABASE.LAYOUT.VERSION.MINOR = 2 whereas a number >= 3 is expected. It comes from another PROJ installation.
2025-07-11 13:31:07,839 - fiona._env - WARNING - PROJ: proj_identify: P:\corp\central_clones\python_geopandas\Lib\site-packages\fiona\proj_data\proj.db contains DATABASE.LAYOUT.VERSION.MINOR = 2 whereas a number >= 3 is expected. It comes from another PROJ installation.
2025-07-11 13:31:08,747 - fiona._env - DEBUG - GDAL_DATA found in environment.
2025-07-11 13:31:08,748 - fiona._env - DEBUG - PROJ data found in package: path='P:\\corp\\central_clones\\python_geopandas\\Lib\\site-packages\\fiona\\proj_data'.
2025-07-11 13:31:08,749 - fiona.ogrext - DEBUG - Got coordinate system
2025-07-11 13:31:08,761 - fiona.ogrext - DEBUG - Got coordinate system
2025-07-11 13:31:08,782 - fiona._env - WARNING - PROJ: proj_identify: P:\corp\central_clones\python_geopandas\Lib\site-packages\fiona\proj_data\proj.db contains DATABASE.LAYOUT.VERSION.MINOR = 2 whereas a number >= 3 is expected. It comes from another PROJ installation.
2025-07-11 13:31:08,783 - fiona.ogrext - DEBUG - OLC_FASTSETNEXTBYINDEX: 1
2025-07-11 13:31:08,783 - fiona.ogrext - DEBUG - OLC_FASTFEATURECOUNT: 1
2025-07-11 13:31:08,783 - fiona.ogrext - DEBUG - Next index: 0
2025-07-11 13:31:08,818 - fiona.collection - DEBUG - Flushed buffer
2025-07-11 13:31:08,820 - fiona.collection - DEBUG - Stopped session
2025-07-11 13:31:08,839 - fiona._env - DEBUG - GDAL_DATA found in environment.
2025-07-11 13:31:08,841 - fiona._env - DEBUG - PROJ data found in package: path='P:\\corp\\central_clones\\python_geopandas\\Lib\\site-packages\\fiona\\proj_data'.
2025-07-11 13:31:10,370 - fiona._env - WARNING - PROJ: proj_identify: P:\corp\central_clones\python_geopandas\Lib\site-packages\fiona\proj_data\proj.db contains DATABASE.LAYOUT.VERSION.MINOR = 2 whereas a number >= 3 is expected. It comes from another PROJ installation.
2025-07-11 13:31:15,502 - fiona._env - WARNING - PROJ: proj_identify: P:\corp\central_clones\python_geopandas\Lib\site-packages\fiona\proj_data\proj.db contains DATABASE.LAYOUT.VERSION.MINOR = 2 whereas a number >= 3 is expected. It comes from another PROJ installation.
2025-07-11 13:31:15,920 - fiona._env - WARNING - PROJ: proj_identify: P:\corp\central_clones\python_geopandas\Lib\site-packages\fiona\proj_data\proj.db contains DATABASE.LAYOUT.VERSION.MINOR = 2 whereas a number >= 3 is expected. It comes from another PROJ installation.
2025-07-11 13:31:16,907 - fiona._env - DEBUG - GDAL_DATA found in environment.
2025-07-11 13:31:16,909 - fiona._env - DEBUG - PROJ data found in package: path='P:\\corp\\central_clones\\python_geopandas\\Lib\\site-packages\\fiona\\proj_data'.
2025-07-11 13:31:16,910 - fiona.ogrext - DEBUG - Got coordinate system
2025-07-11 13:31:16,921 - fiona.ogrext - DEBUG - Got coordinate system
2025-07-11 13:31:16,943 - fiona._env - WARNING - PROJ: proj_identify: P:\corp\central_clones\python_geopandas\Lib\site-packages\fiona\proj_data\proj.db contains DATABASE.LAYOUT.VERSION.MINOR = 2 whereas a number >= 3 is expected. It comes from another PROJ installation.
2025-07-11 13:31:16,944 - fiona.ogrext - DEBUG - OLC_FASTSETNEXTBYINDEX: 1
2025-07-11 13:31:16,945 - fiona.ogrext - DEBUG - OLC_FASTFEATURECOUNT: 1
2025-07-11 13:31:16,945 - fiona.ogrext - DEBUG - Next index: 0
2025-07-11 13:31:16,980 - fiona.collection - DEBUG - Flushed buffer
2025-07-11 13:31:16,982 - fiona.collection - DEBUG - Stopped session
2025-07-11 13:31:17,002 - fiona._env - DEBUG - GDAL_DATA found in environment.
2025-07-11 13:31:17,004 - fiona._env - DEBUG - PROJ data found in package: path='P:\\corp\\central_clones\\python_geopandas\\Lib\\site-packages\\fiona\\proj_data'.
2025-07-11 13:31:18,549 - fiona._env - WARNING - PROJ: proj_identify: P:\corp\central_clones\python_geopandas\Lib\site-packages\fiona\proj_data\proj.db contains DATABASE.LAYOUT.VERSION.MINOR = 2 whereas a number >= 3 is expected. It comes from another PROJ installation.
2025-07-11 13:31:23,292 - fiona._env - WARNING - PROJ: proj_identify: P:\corp\central_clones\python_geopandas\Lib\site-packages\fiona\proj_data\proj.db contains DATABASE.LAYOUT.VERSION.MINOR = 2 whereas a number >= 3 is expected. It comes from another PROJ installation.
2025-07-11 13:31:23,694 - fiona._env - WARNING - PROJ: proj_identify: P:\corp\central_clones\python_geopandas\Lib\site-packages\fiona\proj_data\proj.db contains DATABASE.LAYOUT.VERSION.MINOR = 2 whereas a number >= 3 is expected. It comes from another PROJ installation.
2025-07-11 13:31:24,598 - fiona._env - DEBUG - GDAL_DATA found in environment.
2025-07-11 13:31:24,600 - fiona._env - DEBUG - PROJ data found in package: path='P:\\corp\\central_clones\\python_geopandas\\Lib\\site-packages\\fiona\\proj_data'.
2025-07-11 13:31:24,601 - fiona.ogrext - DEBUG - Got coordinate system
2025-07-11 13:31:24,612 - fiona.ogrext - DEBUG - Got coordinate system
2025-07-11 13:31:24,632 - fiona._env - WARNING - PROJ: proj_identify: P:\corp\central_clones\python_geopandas\Lib\site-packages\fiona\proj_data\proj.db contains DATABASE.LAYOUT.VERSION.MINOR = 2 whereas a number >= 3 is expected. It comes from another PROJ installation.
2025-07-11 13:31:24,633 - fiona.ogrext - DEBUG - OLC_FASTSETNEXTBYINDEX: 1
2025-07-11 13:31:24,633 - fiona.ogrext - DEBUG - OLC_FASTFEATURECOUNT: 1
2025-07-11 13:31:24,634 - fiona.ogrext - DEBUG - Next index: 0
2025-07-11 13:31:24,668 - fiona.collection - DEBUG - Flushed buffer
2025-07-11 13:31:24,670 - fiona.collection - DEBUG - Stopped session
2025-07-11 13:31:24,690 - fiona._env - DEBUG - GDAL_DATA found in environment.
2025-07-11 13:31:24,692 - fiona._env - DEBUG - PROJ data found in package: path='P:\\corp\\central_clones\\python_geopandas\\Lib\\site-packages\\fiona\\proj_data'.
2025-07-11 13:31:26,203 - fiona._env - WARNING - PROJ: proj_identify: P:\corp\central_clones\python_geopandas\Lib\site-packages\fiona\proj_data\proj.db contains DATABASE.LAYOUT.VERSION.MINOR = 2 whereas a number >= 3 is expected. It comes from another PROJ installation.
2025-07-11 13:31:31,731 - fiona._env - WARNING - PROJ: proj_identify: P:\corp\central_clones\python_geopandas\Lib\site-packages\fiona\proj_data\proj.db contains DATABASE.LAYOUT.VERSION.MINOR = 2 whereas a number >= 3 is expected. It comes from another PROJ installation.
2025-07-11 13:31:32,210 - fiona._env - WARNING - PROJ: proj_identify: P:\corp\central_clones\python_geopandas\Lib\site-packages\fiona\proj_data\proj.db contains DATABASE.LAYOUT.VERSION.MINOR = 2 whereas a number >= 3 is expected. It comes from another PROJ installation.
2025-07-11 13:31:33,313 - fiona._env - DEBUG - GDAL_DATA found in environment.
2025-07-11 13:31:33,315 - fiona._env - DEBUG - PROJ data found in package: path='P:\\corp\\central_clones\\python_geopandas\\Lib\\site-packages\\fiona\\proj_data'.
2025-07-11 13:31:33,316 - fiona.ogrext - DEBUG - Got coordinate system
2025-07-11 13:31:33,328 - fiona.ogrext - DEBUG - Got coordinate system
2025-07-11 13:31:33,353 - fiona._env - WARNING - PROJ: proj_identify: P:\corp\central_clones\python_geopandas\Lib\site-packages\fiona\proj_data\proj.db contains DATABASE.LAYOUT.VERSION.MINOR = 2 whereas a number >= 3 is expected. It comes from another PROJ installation.
2025-07-11 13:31:33,354 - fiona.ogrext - DEBUG - OLC_FASTSETNEXTBYINDEX: 1
2025-07-11 13:31:33,354 - fiona.ogrext - DEBUG - OLC_FASTFEATURECOUNT: 1
2025-07-11 13:31:33,355 - fiona.ogrext - DEBUG - Next index: 0
2025-07-11 13:31:33,389 - fiona.collection - DEBUG - Flushed buffer
2025-07-11 13:31:33,391 - fiona.collection - DEBUG - Stopped session
2025-07-11 13:31:33,412 - fiona._env - DEBUG - GDAL_DATA found in environment.
2025-07-11 13:31:33,413 - fiona._env - DEBUG - PROJ data found in package: path='P:\\corp\\central_clones\\python_geopandas\\Lib\\site-packages\\fiona\\proj_data'.
2025-07-11 13:31:34,890 - fiona._env - WARNING - PROJ: proj_identify: P:\corp\central_clones\python_geopandas\Lib\site-packages\fiona\proj_data\proj.db contains DATABASE.LAYOUT.VERSION.MINOR = 2 whereas a number >= 3 is expected. It comes from another PROJ installation.
2025-07-11 13:31:40,607 - fiona._env - WARNING - PROJ: proj_identify: P:\corp\central_clones\python_geopandas\Lib\site-packages\fiona\proj_data\proj.db contains DATABASE.LAYOUT.VERSION.MINOR = 2 whereas a number >= 3 is expected. It comes from another PROJ installation.
2025-07-11 13:31:41,134 - fiona._env - WARNING - PROJ: proj_identify: P:\corp\central_clones\python_geopandas\Lib\site-packages\fiona\proj_data\proj.db contains DATABASE.LAYOUT.VERSION.MINOR = 2 whereas a number >= 3 is expected. It comes from another PROJ installation.
2025-07-11 13:31:42,194 - fiona._env - DEBUG - GDAL_DATA found in environment.
2025-07-11 13:31:42,195 - fiona._env - DEBUG - PROJ data found in package: path='P:\\corp\\central_clones\\python_geopandas\\Lib\\site-packages\\fiona\\proj_data'.
2025-07-11 13:31:42,196 - fiona.ogrext - DEBUG - Got coordinate system
2025-07-11 13:31:42,209 - fiona.ogrext - DEBUG - Got coordinate system
2025-07-11 13:31:42,233 - fiona._env - WARNING - PROJ: proj_identify: P:\corp\central_clones\python_geopandas\Lib\site-packages\fiona\proj_data\proj.db contains DATABASE.LAYOUT.VERSION.MINOR = 2 whereas a number >= 3 is expected. It comes from another PROJ installation.
2025-07-11 13:31:42,234 - fiona.ogrext - DEBUG - OLC_FASTSETNEXTBYINDEX: 1
2025-07-11 13:31:42,234 - fiona.ogrext - DEBUG - OLC_FASTFEATURECOUNT: 1
2025-07-11 13:31:42,234 - fiona.ogrext - DEBUG - Next index: 0
2025-07-11 13:31:42,269 - fiona.collection - DEBUG - Flushed buffer
2025-07-11 13:31:42,271 - fiona.collection - DEBUG - Stopped session
2025-07-11 13:31:42,291 - fiona._env - DEBUG - GDAL_DATA found in environment.
2025-07-11 13:31:42,292 - fiona._env - DEBUG - PROJ data found in package: path='P:\\corp\\central_clones\\python_geopandas\\Lib\\site-packages\\fiona\\proj_data'.
2025-07-11 13:31:43,777 - fiona._env - WARNING - PROJ: proj_identify: P:\corp\central_clones\python_geopandas\Lib\site-packages\fiona\proj_data\proj.db contains DATABASE.LAYOUT.VERSION.MINOR = 2 whereas a number >= 3 is expected. It comes from another PROJ installation.
2025-07-11 13:31:49,316 - fiona._env - WARNING - PROJ: proj_identify: P:\corp\central_clones\python_geopandas\Lib\site-packages\fiona\proj_data\proj.db contains DATABASE.LAYOUT.VERSION.MINOR = 2 whereas a number >= 3 is expected. It comes from another PROJ installation.
2025-07-11 13:31:49,757 - fiona._env - WARNING - PROJ: proj_identify: P:\corp\central_clones\python_geopandas\Lib\site-packages\fiona\proj_data\proj.db contains DATABASE.LAYOUT.VERSION.MINOR = 2 whereas a number >= 3 is expected. It comes from another PROJ installation.
2025-07-11 13:31:50,776 - fiona._env - DEBUG - GDAL_DATA found in environment.
2025-07-11 13:31:50,778 - fiona._env - DEBUG - PROJ data found in package: path='P:\\corp\\central_clones\\python_geopandas\\Lib\\site-packages\\fiona\\proj_data'.
2025-07-11 13:31:50,779 - fiona.ogrext - DEBUG - Got coordinate system
2025-07-11 13:31:50,791 - fiona.ogrext - DEBUG - Got coordinate system
2025-07-11 13:31:50,815 - fiona._env - WARNING - PROJ: proj_identify: P:\corp\central_clones\python_geopandas\Lib\site-packages\fiona\proj_data\proj.db contains DATABASE.LAYOUT.VERSION.MINOR = 2 whereas a number >= 3 is expected. It comes from another PROJ installation.
2025-07-11 13:31:50,816 - fiona.ogrext - DEBUG - OLC_FASTSETNEXTBYINDEX: 1
2025-07-11 13:31:50,816 - fiona.ogrext - DEBUG - OLC_FASTFEATURECOUNT: 1
2025-07-11 13:31:50,816 - fiona.ogrext - DEBUG - Next index: 0
2025-07-11 13:31:50,850 - fiona.collection - DEBUG - Flushed buffer
2025-07-11 13:31:50,853 - fiona.collection - DEBUG - Stopped session
2025-07-11 13:31:50,873 - fiona._env - DEBUG - GDAL_DATA found in environment.
2025-07-11 13:31:50,874 - fiona._env - DEBUG - PROJ data found in package: path='P:\\corp\\central_clones\\python_geopandas\\Lib\\site-packages\\fiona\\proj_data'.
2025-07-11 13:31:52,350 - fiona._env - WARNING - PROJ: proj_identify: P:\corp\central_clones\python_geopandas\Lib\site-packages\fiona\proj_data\proj.db contains DATABASE.LAYOUT.VERSION.MINOR = 2 whereas a number >= 3 is expected. It comes from another PROJ installation.
2025-07-11 13:31:57,943 - fiona._env - WARNING - PROJ: proj_identify: P:\corp\central_clones\python_geopandas\Lib\site-packages\fiona\proj_data\proj.db contains DATABASE.LAYOUT.VERSION.MINOR = 2 whereas a number >= 3 is expected. It comes from another PROJ installation.
2025-07-11 13:31:58,385 - fiona._env - WARNING - PROJ: proj_identify: P:\corp\central_clones\python_geopandas\Lib\site-packages\fiona\proj_data\proj.db contains DATABASE.LAYOUT.VERSION.MINOR = 2 whereas a number >= 3 is expected. It comes from another PROJ installation.
2025-07-11 13:31:59,415 - fiona._env - DEBUG - GDAL_DATA found in environment.
2025-07-11 13:31:59,416 - fiona._env - DEBUG - PROJ data found in package: path='P:\\corp\\central_clones\\python_geopandas\\Lib\\site-packages\\fiona\\proj_data'.
2025-07-11 13:31:59,417 - fiona.ogrext - DEBUG - Got coordinate system
2025-07-11 13:31:59,429 - fiona.ogrext - DEBUG - Got coordinate system
2025-07-11 13:31:59,456 - fiona._env - WARNING - PROJ: proj_identify: P:\corp\central_clones\python_geopandas\Lib\site-packages\fiona\proj_data\proj.db contains DATABASE.LAYOUT.VERSION.MINOR = 2 whereas a number >= 3 is expected. It comes from another PROJ installation.
2025-07-11 13:31:59,456 - fiona.ogrext - DEBUG - OLC_FASTSETNEXTBYINDEX: 1
2025-07-11 13:31:59,457 - fiona.ogrext - DEBUG - OLC_FASTFEATURECOUNT: 1
2025-07-11 13:31:59,457 - fiona.ogrext - DEBUG - Next index: 0
2025-07-11 13:31:59,490 - fiona.collection - DEBUG - Flushed buffer
2025-07-11 13:31:59,492 - fiona.collection - DEBUG - Stopped session
2025-07-11 13:31:59,514 - fiona._env - DEBUG - GDAL_DATA found in environment.
2025-07-11 13:31:59,516 - fiona._env - DEBUG - PROJ data found in package: path='P:\\corp\\central_clones\\python_geopandas\\Lib\\site-packages\\fiona\\proj_data'.
2025-07-11 13:32:00,998 - fiona._env - WARNING - PROJ: proj_identify: P:\corp\central_clones\python_geopandas\Lib\site-packages\fiona\proj_data\proj.db contains DATABASE.LAYOUT.VERSION.MINOR = 2 whereas a number >= 3 is expected. It comes from another PROJ installation.
2025-07-11 13:32:06,666 - fiona._env - WARNING - PROJ: proj_identify: P:\corp\central_clones\python_geopandas\Lib\site-packages\fiona\proj_data\proj.db contains DATABASE.LAYOUT.VERSION.MINOR = 2 whereas a number >= 3 is expected. It comes from another PROJ installation.
2025-07-11 13:32:07,112 - fiona._env - WARNING - PROJ: proj_identify: P:\corp\central_clones\python_geopandas\Lib\site-packages\fiona\proj_data\proj.db contains DATABASE.LAYOUT.VERSION.MINOR = 2 whereas a number >= 3 is expected. It comes from another PROJ installation.
2025-07-11 13:32:08,130 - fiona._env - DEBUG - GDAL_DATA found in environment.
2025-07-11 13:32:08,131 - fiona._env - DEBUG - PROJ data found in package: path='P:\\corp\\central_clones\\python_geopandas\\Lib\\site-packages\\fiona\\proj_data'.
2025-07-11 13:32:08,132 - fiona.ogrext - DEBUG - Got coordinate system
2025-07-11 13:32:08,144 - fiona.ogrext - DEBUG - Got coordinate system
2025-07-11 13:32:08,181 - fiona._env - WARNING - PROJ: proj_identify: P:\corp\central_clones\python_geopandas\Lib\site-packages\fiona\proj_data\proj.db contains DATABASE.LAYOUT.VERSION.MINOR = 2 whereas a number >= 3 is expected. It comes from another PROJ installation.
2025-07-11 13:32:08,181 - fiona.ogrext - DEBUG - OLC_FASTSETNEXTBYINDEX: 1
2025-07-11 13:32:08,181 - fiona.ogrext - DEBUG - OLC_FASTFEATURECOUNT: 1
2025-07-11 13:32:08,182 - fiona.ogrext - DEBUG - Next index: 0
2025-07-11 13:32:08,214 - fiona.collection - DEBUG - Flushed buffer
2025-07-11 13:32:08,217 - fiona.collection - DEBUG - Stopped session
2025-07-11 13:32:08,236 - fiona._env - DEBUG - GDAL_DATA found in environment.
2025-07-11 13:32:08,238 - fiona._env - DEBUG - PROJ data found in package: path='P:\\corp\\central_clones\\python_geopandas\\Lib\\site-packages\\fiona\\proj_data'.
2025-07-11 13:32:09,773 - fiona._env - WARNING - PROJ: proj_identify: P:\corp\central_clones\python_geopandas\Lib\site-packages\fiona\proj_data\proj.db contains DATABASE.LAYOUT.VERSION.MINOR = 2 whereas a number >= 3 is expected. It comes from another PROJ installation.
2025-07-11 13:32:15,170 - fiona._env - WARNING - PROJ: proj_identify: P:\corp\central_clones\python_geopandas\Lib\site-packages\fiona\proj_data\proj.db contains DATABASE.LAYOUT.VERSION.MINOR = 2 whereas a number >= 3 is expected. It comes from another PROJ installation.
2025-07-11 13:32:15,620 - fiona._env - WARNING - PROJ: proj_identify: P:\corp\central_clones\python_geopandas\Lib\site-packages\fiona\proj_data\proj.db contains DATABASE.LAYOUT.VERSION.MINOR = 2 whereas a number >= 3 is expected. It comes from another PROJ installation.
2025-07-11 13:32:16,710 - fiona._env - DEBUG - GDAL_DATA found in environment.
2025-07-11 13:32:16,711 - fiona._env - DEBUG - PROJ data found in package: path='P:\\corp\\central_clones\\python_geopandas\\Lib\\site-packages\\fiona\\proj_data'.
2025-07-11 13:32:16,712 - fiona.ogrext - DEBUG - Got coordinate system
2025-07-11 13:32:16,727 - fiona.ogrext - DEBUG - Got coordinate system
2025-07-11 13:32:16,752 - fiona._env - WARNING - PROJ: proj_identify: P:\corp\central_clones\python_geopandas\Lib\site-packages\fiona\proj_data\proj.db contains DATABASE.LAYOUT.VERSION.MINOR = 2 whereas a number >= 3 is expected. It comes from another PROJ installation.
2025-07-11 13:32:16,752 - fiona.ogrext - DEBUG - OLC_FASTSETNEXTBYINDEX: 1
2025-07-11 13:32:16,752 - fiona.ogrext - DEBUG - OLC_FASTFEATURECOUNT: 1
2025-07-11 13:32:16,753 - fiona.ogrext - DEBUG - Next index: 0
2025-07-11 13:32:16,786 - fiona.collection - DEBUG - Flushed buffer
2025-07-11 13:32:16,788 - fiona.collection - DEBUG - Stopped session
2025-07-11 13:32:16,808 - fiona._env - DEBUG - GDAL_DATA found in environment.
2025-07-11 13:32:16,810 - fiona._env - DEBUG - PROJ data found in package: path='P:\\corp\\central_clones\\python_geopandas\\Lib\\site-packages\\fiona\\proj_data'.
2025-07-11 13:32:18,337 - fiona._env - WARNING - PROJ: proj_identify: P:\corp\central_clones\python_geopandas\Lib\site-packages\fiona\proj_data\proj.db contains DATABASE.LAYOUT.VERSION.MINOR = 2 whereas a number >= 3 is expected. It comes from another PROJ installation.
2025-07-11 13:32:23,557 - fiona._env - WARNING - PROJ: proj_identify: P:\corp\central_clones\python_geopandas\Lib\site-packages\fiona\proj_data\proj.db contains DATABASE.LAYOUT.VERSION.MINOR = 2 whereas a number >= 3 is expected. It comes from another PROJ installation.
2025-07-11 13:32:23,969 - fiona._env - WARNING - PROJ: proj_identify: P:\corp\central_clones\python_geopandas\Lib\site-packages\fiona\proj_data\proj.db contains DATABASE.LAYOUT.VERSION.MINOR = 2 whereas a number >= 3 is expected. It comes from another PROJ installation.
2025-07-11 13:32:24,902 - fiona._env - DEBUG - GDAL_DATA found in environment.
2025-07-11 13:32:24,903 - fiona._env - DEBUG - PROJ data found in package: path='P:\\corp\\central_clones\\python_geopandas\\Lib\\site-packages\\fiona\\proj_data'.
2025-07-11 13:32:24,904 - fiona.ogrext - DEBUG - Got coordinate system
2025-07-11 13:32:24,916 - fiona.ogrext - DEBUG - Got coordinate system
2025-07-11 13:32:24,939 - fiona._env - WARNING - PROJ: proj_identify: P:\corp\central_clones\python_geopandas\Lib\site-packages\fiona\proj_data\proj.db contains DATABASE.LAYOUT.VERSION.MINOR = 2 whereas a number >= 3 is expected. It comes from another PROJ installation.
2025-07-11 13:32:24,940 - fiona.ogrext - DEBUG - OLC_FASTSETNEXTBYINDEX: 1
2025-07-11 13:32:24,940 - fiona.ogrext - DEBUG - OLC_FASTFEATURECOUNT: 1
2025-07-11 13:32:24,940 - fiona.ogrext - DEBUG - Next index: 0
2025-07-11 13:32:24,973 - fiona.collection - DEBUG - Flushed buffer
2025-07-11 13:32:24,976 - fiona.collection - DEBUG - Stopped session
2025-07-11 13:32:24,996 - fiona._env - DEBUG - GDAL_DATA found in environment.
2025-07-11 13:32:24,998 - fiona._env - DEBUG - PROJ data found in package: path='P:\\corp\\central_clones\\python_geopandas\\Lib\\site-packages\\fiona\\proj_data'.
2025-07-11 13:32:26,516 - fiona._env - WARNING - PROJ: proj_identify: P:\corp\central_clones\python_geopandas\Lib\site-packages\fiona\proj_data\proj.db contains DATABASE.LAYOUT.VERSION.MINOR = 2 whereas a number >= 3 is expected. It comes from another PROJ installation.
2025-07-11 13:32:31,542 - fiona._env - WARNING - PROJ: proj_identify: P:\corp\central_clones\python_geopandas\Lib\site-packages\fiona\proj_data\proj.db contains DATABASE.LAYOUT.VERSION.MINOR = 2 whereas a number >= 3 is expected. It comes from another PROJ installation.
2025-07-11 13:32:31,939 - fiona._env - WARNING - PROJ: proj_identify: P:\corp\central_clones\python_geopandas\Lib\site-packages\fiona\proj_data\proj.db contains DATABASE.LAYOUT.VERSION.MINOR = 2 whereas a number >= 3 is expected. It comes from another PROJ installation.
2025-07-11 13:32:32,860 - fiona._env - DEBUG - GDAL_DATA found in environment.
2025-07-11 13:32:32,862 - fiona._env - DEBUG - PROJ data found in package: path='P:\\corp\\central_clones\\python_geopandas\\Lib\\site-packages\\fiona\\proj_data'.
2025-07-11 13:32:32,863 - fiona.ogrext - DEBUG - Got coordinate system
2025-07-11 13:32:32,874 - fiona.ogrext - DEBUG - Got coordinate system
2025-07-11 13:32:32,895 - fiona._env - WARNING - PROJ: proj_identify: P:\corp\central_clones\python_geopandas\Lib\site-packages\fiona\proj_data\proj.db contains DATABASE.LAYOUT.VERSION.MINOR = 2 whereas a number >= 3 is expected. It comes from another PROJ installation.
2025-07-11 13:32:32,896 - fiona.ogrext - DEBUG - OLC_FASTSETNEXTBYINDEX: 1
2025-07-11 13:32:32,896 - fiona.ogrext - DEBUG - OLC_FASTFEATURECOUNT: 1
2025-07-11 13:32:32,897 - fiona.ogrext - DEBUG - Next index: 0
2025-07-11 13:32:32,930 - fiona.collection - DEBUG - Flushed buffer
2025-07-11 13:32:32,932 - fiona.collection - DEBUG - Stopped session
2025-07-11 13:32:32,952 - fiona._env - DEBUG - GDAL_DATA found in environment.
2025-07-11 13:32:32,954 - fiona._env - DEBUG - PROJ data found in package: path='P:\\corp\\central_clones\\python_geopandas\\Lib\\site-packages\\fiona\\proj_data'.
2025-07-11 13:32:34,464 - fiona._env - WARNING - PROJ: proj_identify: P:\corp\central_clones\python_geopandas\Lib\site-packages\fiona\proj_data\proj.db contains DATABASE.LAYOUT.VERSION.MINOR = 2 whereas a number >= 3 is expected. It comes from another PROJ installation.
2025-07-11 13:32:39,229 - fiona._env - WARNING - PROJ: proj_identify: P:\corp\central_clones\python_geopandas\Lib\site-packages\fiona\proj_data\proj.db contains DATABASE.LAYOUT.VERSION.MINOR = 2 whereas a number >= 3 is expected. It comes from another PROJ installation.
2025-07-11 13:32:39,626 - fiona._env - WARNING - PROJ: proj_identify: P:\corp\central_clones\python_geopandas\Lib\site-packages\fiona\proj_data\proj.db contains DATABASE.LAYOUT.VERSION.MINOR = 2 whereas a number >= 3 is expected. It comes from another PROJ installation.
2025-07-11 13:32:40,532 - fiona._env - DEBUG - GDAL_DATA found in environment.
2025-07-11 13:32:40,533 - fiona._env - DEBUG - PROJ data found in package: path='P:\\corp\\central_clones\\python_geopandas\\Lib\\site-packages\\fiona\\proj_data'.
2025-07-11 13:32:40,534 - fiona.ogrext - DEBUG - Got coordinate system
2025-07-11 13:32:40,545 - fiona.ogrext - DEBUG - Got coordinate system
2025-07-11 13:32:40,566 - fiona._env - WARNING - PROJ: proj_identify: P:\corp\central_clones\python_geopandas\Lib\site-packages\fiona\proj_data\proj.db contains DATABASE.LAYOUT.VERSION.MINOR = 2 whereas a number >= 3 is expected. It comes from another PROJ installation.
2025-07-11 13:32:40,567 - fiona.ogrext - DEBUG - OLC_FASTSETNEXTBYINDEX: 1
2025-07-11 13:32:40,567 - fiona.ogrext - DEBUG - OLC_FASTFEATURECOUNT: 1
2025-07-11 13:32:40,568 - fiona.ogrext - DEBUG - Next index: 0
2025-07-11 13:32:40,601 - fiona.collection - DEBUG - Flushed buffer
2025-07-11 13:32:40,603 - fiona.collection - DEBUG - Stopped session
2025-07-11 13:32:40,623 - fiona._env - DEBUG - GDAL_DATA found in environment.
2025-07-11 13:32:40,624 - fiona._env - DEBUG - PROJ data found in package: path='P:\\corp\\central_clones\\python_geopandas\\Lib\\site-packages\\fiona\\proj_data'.
2025-07-11 13:32:42,112 - fiona._env - WARNING - PROJ: proj_identify: P:\corp\central_clones\python_geopandas\Lib\site-packages\fiona\proj_data\proj.db contains DATABASE.LAYOUT.VERSION.MINOR = 2 whereas a number >= 3 is expected. It comes from another PROJ installation.
2025-07-11 13:32:46,778 - fiona._env - WARNING - PROJ: proj_identify: P:\corp\central_clones\python_geopandas\Lib\site-packages\fiona\proj_data\proj.db contains DATABASE.LAYOUT.VERSION.MINOR = 2 whereas a number >= 3 is expected. It comes from another PROJ installation.
2025-07-11 13:32:47,168 - fiona._env - WARNING - PROJ: proj_identify: P:\corp\central_clones\python_geopandas\Lib\site-packages\fiona\proj_data\proj.db contains DATABASE.LAYOUT.VERSION.MINOR = 2 whereas a number >= 3 is expected. It comes from another PROJ installation.
2025-07-11 13:32:48,069 - fiona._env - DEBUG - GDAL_DATA found in environment.
2025-07-11 13:32:48,071 - fiona._env - DEBUG - PROJ data found in package: path='P:\\corp\\central_clones\\python_geopandas\\Lib\\site-packages\\fiona\\proj_data'.
2025-07-11 13:32:48,071 - fiona.ogrext - DEBUG - Got coordinate system
2025-07-11 13:32:48,083 - fiona.ogrext - DEBUG - Got coordinate system
2025-07-11 13:32:48,104 - fiona._env - WARNING - PROJ: proj_identify: P:\corp\central_clones\python_geopandas\Lib\site-packages\fiona\proj_data\proj.db contains DATABASE.LAYOUT.VERSION.MINOR = 2 whereas a number >= 3 is expected. It comes from another PROJ installation.
2025-07-11 13:32:48,104 - fiona.ogrext - DEBUG - OLC_FASTSETNEXTBYINDEX: 1
2025-07-11 13:32:48,105 - fiona.ogrext - DEBUG - OLC_FASTFEATURECOUNT: 1
2025-07-11 13:32:48,105 - fiona.ogrext - DEBUG - Next index: 0
2025-07-11 13:32:48,139 - fiona.collection - DEBUG - Flushed buffer
2025-07-11 13:32:48,142 - fiona.collection - DEBUG - Stopped session
2025-07-11 13:32:48,162 - fiona._env - DEBUG - GDAL_DATA found in environment.
2025-07-11 13:32:48,163 - fiona._env - DEBUG - PROJ data found in package: path='P:\\corp\\central_clones\\python_geopandas\\Lib\\site-packages\\fiona\\proj_data'.
2025-07-11 13:32:49,641 - fiona._env - WARNING - PROJ: proj_identify: P:\corp\central_clones\python_geopandas\Lib\site-packages\fiona\proj_data\proj.db contains DATABASE.LAYOUT.VERSION.MINOR = 2 whereas a number >= 3 is expected. It comes from another PROJ installation.
2025-07-11 13:32:54,398 - fiona._env - WARNING - PROJ: proj_identify: P:\corp\central_clones\python_geopandas\Lib\site-packages\fiona\proj_data\proj.db contains DATABASE.LAYOUT.VERSION.MINOR = 2 whereas a number >= 3 is expected. It comes from another PROJ installation.
2025-07-11 13:32:54,801 - fiona._env - WARNING - PROJ: proj_identify: P:\corp\central_clones\python_geopandas\Lib\site-packages\fiona\proj_data\proj.db contains DATABASE.LAYOUT.VERSION.MINOR = 2 whereas a number >= 3 is expected. It comes from another PROJ installation.
2025-07-11 13:32:55,694 - fiona._env - DEBUG - GDAL_DATA found in environment.
2025-07-11 13:32:55,695 - fiona._env - DEBUG - PROJ data found in package: path='P:\\corp\\central_clones\\python_geopandas\\Lib\\site-packages\\fiona\\proj_data'.
2025-07-11 13:32:55,696 - fiona.ogrext - DEBUG - Got coordinate system
2025-07-11 13:32:55,707 - fiona.ogrext - DEBUG - Got coordinate system
2025-07-11 13:32:55,728 - fiona._env - WARNING - PROJ: proj_identify: P:\corp\central_clones\python_geopandas\Lib\site-packages\fiona\proj_data\proj.db contains DATABASE.LAYOUT.VERSION.MINOR = 2 whereas a number >= 3 is expected. It comes from another PROJ installation.
2025-07-11 13:32:55,728 - fiona.ogrext - DEBUG - OLC_FASTSETNEXTBYINDEX: 1
2025-07-11 13:32:55,729 - fiona.ogrext - DEBUG - OLC_FASTFEATURECOUNT: 1
2025-07-11 13:32:55,729 - fiona.ogrext - DEBUG - Next index: 0
2025-07-11 13:32:55,763 - fiona.collection - DEBUG - Flushed buffer
2025-07-11 13:32:55,765 - fiona.collection - DEBUG - Stopped session
2025-07-11 13:32:55,786 - fiona._env - DEBUG - GDAL_DATA found in environment.
2025-07-11 13:32:55,787 - fiona._env - DEBUG - PROJ data found in package: path='P:\\corp\\central_clones\\python_geopandas\\Lib\\site-packages\\fiona\\proj_data'.
2025-07-11 13:32:57,265 - fiona._env - WARNING - PROJ: proj_identify: P:\corp\central_clones\python_geopandas\Lib\site-packages\fiona\proj_data\proj.db contains DATABASE.LAYOUT.VERSION.MINOR = 2 whereas a number >= 3 is expected. It comes from another PROJ installation.
2025-07-11 13:33:02,776 - fiona._env - WARNING - PROJ: proj_identify: P:\corp\central_clones\python_geopandas\Lib\site-packages\fiona\proj_data\proj.db contains DATABASE.LAYOUT.VERSION.MINOR = 2 whereas a number >= 3 is expected. It comes from another PROJ installation.
2025-07-11 13:33:03,328 - fiona._env - WARNING - PROJ: proj_identify: P:\corp\central_clones\python_geopandas\Lib\site-packages\fiona\proj_data\proj.db contains DATABASE.LAYOUT.VERSION.MINOR = 2 whereas a number >= 3 is expected. It comes from another PROJ installation.
2025-07-11 13:33:04,476 - fiona._env - DEBUG - GDAL_DATA found in environment.
2025-07-11 13:33:04,477 - fiona._env - DEBUG - PROJ data found in package: path='P:\\corp\\central_clones\\python_geopandas\\Lib\\site-packages\\fiona\\proj_data'.
2025-07-11 13:33:04,478 - fiona.ogrext - DEBUG - Got coordinate system
2025-07-11 13:33:04,493 - fiona.ogrext - DEBUG - Got coordinate system
2025-07-11 13:33:04,516 - fiona._env - WARNING - PROJ: proj_identify: P:\corp\central_clones\python_geopandas\Lib\site-packages\fiona\proj_data\proj.db contains DATABASE.LAYOUT.VERSION.MINOR = 2 whereas a number >= 3 is expected. It comes from another PROJ installation.
2025-07-11 13:33:04,518 - fiona.ogrext - DEBUG - OLC_FASTSETNEXTBYINDEX: 1
2025-07-11 13:33:04,519 - fiona.ogrext - DEBUG - OLC_FASTFEATURECOUNT: 1
2025-07-11 13:33:04,520 - fiona.ogrext - DEBUG - Next index: 0
2025-07-11 13:33:04,561 - fiona.collection - DEBUG - Flushed buffer
2025-07-11 13:33:04,563 - fiona.collection - DEBUG - Stopped session
2025-07-11 13:33:04,586 - fiona._env - DEBUG - GDAL_DATA found in environment.
2025-07-11 13:33:04,587 - fiona._env - DEBUG - PROJ data found in package: path='P:\\corp\\central_clones\\python_geopandas\\Lib\\site-packages\\fiona\\proj_data'.
2025-07-11 13:33:06,664 - fiona._env - WARNING - PROJ: proj_identify: P:\corp\central_clones\python_geopandas\Lib\site-packages\fiona\proj_data\proj.db contains DATABASE.LAYOUT.VERSION.MINOR = 2 whereas a number >= 3 is expected. It comes from another PROJ installation.
2025-07-11 13:33:12,213 - fiona._env - WARNING - PROJ: proj_identify: P:\corp\central_clones\python_geopandas\Lib\site-packages\fiona\proj_data\proj.db contains DATABASE.LAYOUT.VERSION.MINOR = 2 whereas a number >= 3 is expected. It comes from another PROJ installation.
2025-07-11 13:33:12,612 - fiona._env - WARNING - PROJ: proj_identify: P:\corp\central_clones\python_geopandas\Lib\site-packages\fiona\proj_data\proj.db contains DATABASE.LAYOUT.VERSION.MINOR = 2 whereas a number >= 3 is expected. It comes from another PROJ installation.
2025-07-11 13:33:13,550 - fiona._env - DEBUG - GDAL_DATA found in environment.
2025-07-11 13:33:13,551 - fiona._env - DEBUG - PROJ data found in package: path='P:\\corp\\central_clones\\python_geopandas\\Lib\\site-packages\\fiona\\proj_data'.
2025-07-11 13:33:13,552 - fiona.ogrext - DEBUG - Got coordinate system
2025-07-11 13:33:13,564 - fiona.ogrext - DEBUG - Got coordinate system
2025-07-11 13:33:13,586 - fiona._env - WARNING - PROJ: proj_identify: P:\corp\central_clones\python_geopandas\Lib\site-packages\fiona\proj_data\proj.db contains DATABASE.LAYOUT.VERSION.MINOR = 2 whereas a number >= 3 is expected. It comes from another PROJ installation.
2025-07-11 13:33:13,586 - fiona.ogrext - DEBUG - OLC_FASTSETNEXTBYINDEX: 1
2025-07-11 13:33:13,587 - fiona.ogrext - DEBUG - OLC_FASTFEATURECOUNT: 1
2025-07-11 13:33:13,587 - fiona.ogrext - DEBUG - Next index: 0
2025-07-11 13:33:13,620 - fiona.collection - DEBUG - Flushed buffer
2025-07-11 13:33:13,623 - fiona.collection - DEBUG - Stopped session
2025-07-11 13:33:13,643 - fiona._env - DEBUG - GDAL_DATA found in environment.
2025-07-11 13:33:13,645 - fiona._env - DEBUG - PROJ data found in package: path='P:\\corp\\central_clones\\python_geopandas\\Lib\\site-packages\\fiona\\proj_data'.
2025-07-11 13:33:15,188 - fiona._env - WARNING - PROJ: proj_identify: P:\corp\central_clones\python_geopandas\Lib\site-packages\fiona\proj_data\proj.db contains DATABASE.LAYOUT.VERSION.MINOR = 2 whereas a number >= 3 is expected. It comes from another PROJ installation.
2025-07-11 13:33:20,001 - fiona._env - WARNING - PROJ: proj_identify: P:\corp\central_clones\python_geopandas\Lib\site-packages\fiona\proj_data\proj.db contains DATABASE.LAYOUT.VERSION.MINOR = 2 whereas a number >= 3 is expected. It comes from another PROJ installation.
2025-07-11 13:33:20,400 - fiona._env - WARNING - PROJ: proj_identify: P:\corp\central_clones\python_geopandas\Lib\site-packages\fiona\proj_data\proj.db contains DATABASE.LAYOUT.VERSION.MINOR = 2 whereas a number >= 3 is expected. It comes from another PROJ installation.
2025-07-11 13:33:21,316 - fiona._env - DEBUG - GDAL_DATA found in environment.
2025-07-11 13:33:21,317 - fiona._env - DEBUG - PROJ data found in package: path='P:\\corp\\central_clones\\python_geopandas\\Lib\\site-packages\\fiona\\proj_data'.
2025-07-11 13:33:21,318 - fiona.ogrext - DEBUG - Got coordinate system
2025-07-11 13:33:21,329 - fiona.ogrext - DEBUG - Got coordinate system
2025-07-11 13:33:21,350 - fiona._env - WARNING - PROJ: proj_identify: P:\corp\central_clones\python_geopandas\Lib\site-packages\fiona\proj_data\proj.db contains DATABASE.LAYOUT.VERSION.MINOR = 2 whereas a number >= 3 is expected. It comes from another PROJ installation.
2025-07-11 13:33:21,350 - fiona.ogrext - DEBUG - OLC_FASTSETNEXTBYINDEX: 1
2025-07-11 13:33:21,351 - fiona.ogrext - DEBUG - OLC_FASTFEATURECOUNT: 1
2025-07-11 13:33:21,351 - fiona.ogrext - DEBUG - Next index: 0
2025-07-11 13:33:21,385 - fiona.collection - DEBUG - Flushed buffer
2025-07-11 13:33:21,387 - fiona.collection - DEBUG - Stopped session
2025-07-11 13:33:21,406 - fiona._env - DEBUG - GDAL_DATA found in environment.
2025-07-11 13:33:21,408 - fiona._env - DEBUG - PROJ data found in package: path='P:\\corp\\central_clones\\python_geopandas\\Lib\\site-packages\\fiona\\proj_data'.
2025-07-11 13:33:22,916 - fiona._env - WARNING - PROJ: proj_identify: P:\corp\central_clones\python_geopandas\Lib\site-packages\fiona\proj_data\proj.db contains DATABASE.LAYOUT.VERSION.MINOR = 2 whereas a number >= 3 is expected. It comes from another PROJ installation.
2025-07-11 13:33:27,769 - fiona._env - WARNING - PROJ: proj_identify: P:\corp\central_clones\python_geopandas\Lib\site-packages\fiona\proj_data\proj.db contains DATABASE.LAYOUT.VERSION.MINOR = 2 whereas a number >= 3 is expected. It comes from another PROJ installation.
2025-07-11 13:33:28,225 - fiona._env - WARNING - PROJ: proj_identify: P:\corp\central_clones\python_geopandas\Lib\site-packages\fiona\proj_data\proj.db contains DATABASE.LAYOUT.VERSION.MINOR = 2 whereas a number >= 3 is expected. It comes from another PROJ installation.
2025-07-11 13:33:29,234 - fiona._env - DEBUG - GDAL_DATA found in environment.
2025-07-11 13:33:29,235 - fiona._env - DEBUG - PROJ data found in package: path='P:\\corp\\central_clones\\python_geopandas\\Lib\\site-packages\\fiona\\proj_data'.
2025-07-11 13:33:29,236 - fiona.ogrext - DEBUG - Got coordinate system
2025-07-11 13:33:29,247 - fiona.ogrext - DEBUG - Got coordinate system
2025-07-11 13:33:29,269 - fiona._env - WARNING - PROJ: proj_identify: P:\corp\central_clones\python_geopandas\Lib\site-packages\fiona\proj_data\proj.db contains DATABASE.LAYOUT.VERSION.MINOR = 2 whereas a number >= 3 is expected. It comes from another PROJ installation.
2025-07-11 13:33:29,269 - fiona.ogrext - DEBUG - OLC_FASTSETNEXTBYINDEX: 1
2025-07-11 13:33:29,270 - fiona.ogrext - DEBUG - OLC_FASTFEATURECOUNT: 1
2025-07-11 13:33:29,270 - fiona.ogrext - DEBUG - Next index: 0
2025-07-11 13:33:29,303 - fiona.collection - DEBUG - Flushed buffer
2025-07-11 13:33:29,305 - fiona.collection - DEBUG - Stopped session
2025-07-11 13:33:29,326 - fiona._env - DEBUG - GDAL_DATA found in environment.
2025-07-11 13:33:29,327 - fiona._env - DEBUG - PROJ data found in package: path='P:\\corp\\central_clones\\python_geopandas\\Lib\\site-packages\\fiona\\proj_data'.
2025-07-11 13:33:30,826 - fiona._env - WARNING - PROJ: proj_identify: P:\corp\central_clones\python_geopandas\Lib\site-packages\fiona\proj_data\proj.db contains DATABASE.LAYOUT.VERSION.MINOR = 2 whereas a number >= 3 is expected. It comes from another PROJ installation.
2025-07-11 13:33:35,920 - fiona._env - WARNING - PROJ: proj_identify: P:\corp\central_clones\python_geopandas\Lib\site-packages\fiona\proj_data\proj.db contains DATABASE.LAYOUT.VERSION.MINOR = 2 whereas a number >= 3 is expected. It comes from another PROJ installation.
2025-07-11 13:33:36,365 - fiona._env - WARNING - PROJ: proj_identify: P:\corp\central_clones\python_geopandas\Lib\site-packages\fiona\proj_data\proj.db contains DATABASE.LAYOUT.VERSION.MINOR = 2 whereas a number >= 3 is expected. It comes from another PROJ installation.
2025-07-11 13:33:37,312 - fiona._env - DEBUG - GDAL_DATA found in environment.
2025-07-11 13:33:37,314 - fiona._env - DEBUG - PROJ data found in package: path='P:\\corp\\central_clones\\python_geopandas\\Lib\\site-packages\\fiona\\proj_data'.
2025-07-11 13:33:37,314 - fiona.ogrext - DEBUG - Got coordinate system
2025-07-11 13:33:37,326 - fiona.ogrext - DEBUG - Got coordinate system
2025-07-11 13:33:37,348 - fiona._env - WARNING - PROJ: proj_identify: P:\corp\central_clones\python_geopandas\Lib\site-packages\fiona\proj_data\proj.db contains DATABASE.LAYOUT.VERSION.MINOR = 2 whereas a number >= 3 is expected. It comes from another PROJ installation.
2025-07-11 13:33:37,349 - fiona.ogrext - DEBUG - OLC_FASTSETNEXTBYINDEX: 1
2025-07-11 13:33:37,349 - fiona.ogrext - DEBUG - OLC_FASTFEATURECOUNT: 1
2025-07-11 13:33:37,349 - fiona.ogrext - DEBUG - Next index: 0
2025-07-11 13:33:37,383 - fiona.collection - DEBUG - Flushed buffer
2025-07-11 13:33:37,385 - fiona.collection - DEBUG - Stopped session
2025-07-11 13:33:37,405 - fiona._env - DEBUG - GDAL_DATA found in environment.
2025-07-11 13:33:37,407 - fiona._env - DEBUG - PROJ data found in package: path='P:\\corp\\central_clones\\python_geopandas\\Lib\\site-packages\\fiona\\proj_data'.
2025-07-11 13:33:38,906 - fiona._env - WARNING - PROJ: proj_identify: P:\corp\central_clones\python_geopandas\Lib\site-packages\fiona\proj_data\proj.db contains DATABASE.LAYOUT.VERSION.MINOR = 2 whereas a number >= 3 is expected. It comes from another PROJ installation.
2025-07-11 13:33:43,717 - fiona._env - WARNING - PROJ: proj_identify: P:\corp\central_clones\python_geopandas\Lib\site-packages\fiona\proj_data\proj.db contains DATABASE.LAYOUT.VERSION.MINOR = 2 whereas a number >= 3 is expected. It comes from another PROJ installation.
2025-07-11 13:33:44,114 - fiona._env - WARNING - PROJ: proj_identify: P:\corp\central_clones\python_geopandas\Lib\site-packages\fiona\proj_data\proj.db contains DATABASE.LAYOUT.VERSION.MINOR = 2 whereas a number >= 3 is expected. It comes from another PROJ installation.
2025-07-11 13:33:45,023 - fiona._env - DEBUG - GDAL_DATA found in environment.
2025-07-11 13:33:45,024 - fiona._env - DEBUG - PROJ data found in package: path='P:\\corp\\central_clones\\python_geopandas\\Lib\\site-packages\\fiona\\proj_data'.
2025-07-11 13:33:45,025 - fiona.ogrext - DEBUG - Got coordinate system
2025-07-11 13:33:45,036 - fiona.ogrext - DEBUG - Got coordinate system
2025-07-11 13:33:45,058 - fiona._env - WARNING - PROJ: proj_identify: P:\corp\central_clones\python_geopandas\Lib\site-packages\fiona\proj_data\proj.db contains DATABASE.LAYOUT.VERSION.MINOR = 2 whereas a number >= 3 is expected. It comes from another PROJ installation.
2025-07-11 13:33:45,058 - fiona.ogrext - DEBUG - OLC_FASTSETNEXTBYINDEX: 1
2025-07-11 13:33:45,059 - fiona.ogrext - DEBUG - OLC_FASTFEATURECOUNT: 1
2025-07-11 13:33:45,059 - fiona.ogrext - DEBUG - Next index: 0
2025-07-11 13:33:45,093 - fiona.collection - DEBUG - Flushed buffer
2025-07-11 13:33:45,096 - fiona.collection - DEBUG - Stopped session
2025-07-11 13:33:45,115 - fiona._env - DEBUG - GDAL_DATA found in environment.
2025-07-11 13:33:45,116 - fiona._env - DEBUG - PROJ data found in package: path='P:\\corp\\central_clones\\python_geopandas\\Lib\\site-packages\\fiona\\proj_data'.
2025-07-11 13:33:46,645 - fiona._env - WARNING - PROJ: proj_identify: P:\corp\central_clones\python_geopandas\Lib\site-packages\fiona\proj_data\proj.db contains DATABASE.LAYOUT.VERSION.MINOR = 2 whereas a number >= 3 is expected. It comes from another PROJ installation.
2025-07-11 13:33:51,378 - fiona._env - WARNING - PROJ: proj_identify: P:\corp\central_clones\python_geopandas\Lib\site-packages\fiona\proj_data\proj.db contains DATABASE.LAYOUT.VERSION.MINOR = 2 whereas a number >= 3 is expected. It comes from another PROJ installation.
2025-07-11 13:33:51,771 - fiona._env - WARNING - PROJ: proj_identify: P:\corp\central_clones\python_geopandas\Lib\site-packages\fiona\proj_data\proj.db contains DATABASE.LAYOUT.VERSION.MINOR = 2 whereas a number >= 3 is expected. It comes from another PROJ installation.
2025-07-11 13:33:52,678 - fiona._env - DEBUG - GDAL_DATA found in environment.
2025-07-11 13:33:52,679 - fiona._env - DEBUG - PROJ data found in package: path='P:\\corp\\central_clones\\python_geopandas\\Lib\\site-packages\\fiona\\proj_data'.
2025-07-11 13:33:52,680 - fiona.ogrext - DEBUG - Got coordinate system
2025-07-11 13:33:52,691 - fiona.ogrext - DEBUG - Got coordinate system
2025-07-11 13:33:52,712 - fiona._env - WARNING - PROJ: proj_identify: P:\corp\central_clones\python_geopandas\Lib\site-packages\fiona\proj_data\proj.db contains DATABASE.LAYOUT.VERSION.MINOR = 2 whereas a number >= 3 is expected. It comes from another PROJ installation.
2025-07-11 13:33:52,713 - fiona.ogrext - DEBUG - OLC_FASTSETNEXTBYINDEX: 1
2025-07-11 13:33:52,713 - fiona.ogrext - DEBUG - OLC_FASTFEATURECOUNT: 1
2025-07-11 13:33:52,713 - fiona.ogrext - DEBUG - Next index: 0
2025-07-11 13:33:52,747 - fiona.collection - DEBUG - Flushed buffer
2025-07-11 13:33:52,749 - fiona.collection - DEBUG - Stopped session
2025-07-11 13:33:52,773 - fiona._env - DEBUG - GDAL_DATA found in environment.
2025-07-11 13:33:52,775 - fiona._env - DEBUG - PROJ data found in package: path='P:\\corp\\central_clones\\python_geopandas\\Lib\\site-packages\\fiona\\proj_data'.
2025-07-11 13:33:54,264 - fiona._env - WARNING - PROJ: proj_identify: P:\corp\central_clones\python_geopandas\Lib\site-packages\fiona\proj_data\proj.db contains DATABASE.LAYOUT.VERSION.MINOR = 2 whereas a number >= 3 is expected. It comes from another PROJ installation.
2025-07-11 13:33:59,977 - fiona._env - WARNING - PROJ: proj_identify: P:\corp\central_clones\python_geopandas\Lib\site-packages\fiona\proj_data\proj.db contains DATABASE.LAYOUT.VERSION.MINOR = 2 whereas a number >= 3 is expected. It comes from another PROJ installation.
2025-07-11 13:34:00,543 - fiona._env - WARNING - PROJ: proj_identify: P:\corp\central_clones\python_geopandas\Lib\site-packages\fiona\proj_data\proj.db contains DATABASE.LAYOUT.VERSION.MINOR = 2 whereas a number >= 3 is expected. It comes from another PROJ installation.
2025-07-11 13:34:01,945 - fiona._env - DEBUG - GDAL_DATA found in environment.
2025-07-11 13:34:01,947 - fiona._env - DEBUG - PROJ data found in package: path='P:\\corp\\central_clones\\python_geopandas\\Lib\\site-packages\\fiona\\proj_data'.
2025-07-11 13:34:01,948 - fiona.ogrext - DEBUG - Got coordinate system
2025-07-11 13:34:01,963 - fiona.ogrext - DEBUG - Got coordinate system
2025-07-11 13:34:01,994 - fiona._env - WARNING - PROJ: proj_identify: P:\corp\central_clones\python_geopandas\Lib\site-packages\fiona\proj_data\proj.db contains DATABASE.LAYOUT.VERSION.MINOR = 2 whereas a number >= 3 is expected. It comes from another PROJ installation.
2025-07-11 13:34:01,995 - fiona.ogrext - DEBUG - OLC_FASTSETNEXTBYINDEX: 1
2025-07-11 13:34:01,995 - fiona.ogrext - DEBUG - OLC_FASTFEATURECOUNT: 1
2025-07-11 13:34:01,996 - fiona.ogrext - DEBUG - Next index: 0
2025-07-11 13:34:02,041 - fiona.collection - DEBUG - Flushed buffer
2025-07-11 13:34:02,044 - fiona.collection - DEBUG - Stopped session
2025-07-11 13:34:02,075 - fiona._env - DEBUG - GDAL_DATA found in environment.
2025-07-11 13:34:02,077 - fiona._env - DEBUG - PROJ data found in package: path='P:\\corp\\central_clones\\python_geopandas\\Lib\\site-packages\\fiona\\proj_data'.
2025-07-11 13:34:04,106 - fiona._env - WARNING - PROJ: proj_identify: P:\corp\central_clones\python_geopandas\Lib\site-packages\fiona\proj_data\proj.db contains DATABASE.LAYOUT.VERSION.MINOR = 2 whereas a number >= 3 is expected. It comes from another PROJ installation.
2025-07-11 13:34:08,971 - fiona._env - WARNING - PROJ: proj_identify: P:\corp\central_clones\python_geopandas\Lib\site-packages\fiona\proj_data\proj.db contains DATABASE.LAYOUT.VERSION.MINOR = 2 whereas a number >= 3 is expected. It comes from another PROJ installation.
2025-07-11 13:34:09,364 - fiona._env - WARNING - PROJ: proj_identify: P:\corp\central_clones\python_geopandas\Lib\site-packages\fiona\proj_data\proj.db contains DATABASE.LAYOUT.VERSION.MINOR = 2 whereas a number >= 3 is expected. It comes from another PROJ installation.
2025-07-11 13:34:10,279 - fiona._env - DEBUG - GDAL_DATA found in environment.
2025-07-11 13:34:10,280 - fiona._env - DEBUG - PROJ data found in package: path='P:\\corp\\central_clones\\python_geopandas\\Lib\\site-packages\\fiona\\proj_data'.
2025-07-11 13:34:10,281 - fiona.ogrext - DEBUG - Got coordinate system
2025-07-11 13:34:10,292 - fiona.ogrext - DEBUG - Got coordinate system
2025-07-11 13:34:10,313 - fiona._env - WARNING - PROJ: proj_identify: P:\corp\central_clones\python_geopandas\Lib\site-packages\fiona\proj_data\proj.db contains DATABASE.LAYOUT.VERSION.MINOR = 2 whereas a number >= 3 is expected. It comes from another PROJ installation.
2025-07-11 13:34:10,314 - fiona.ogrext - DEBUG - OLC_FASTSETNEXTBYINDEX: 1
2025-07-11 13:34:10,314 - fiona.ogrext - DEBUG - OLC_FASTFEATURECOUNT: 1
2025-07-11 13:34:10,314 - fiona.ogrext - DEBUG - Next index: 0
2025-07-11 13:34:10,349 - fiona.collection - DEBUG - Flushed buffer
2025-07-11 13:34:10,351 - fiona.collection - DEBUG - Stopped session
2025-07-11 13:34:10,372 - fiona._env - DEBUG - GDAL_DATA found in environment.
2025-07-11 13:34:10,373 - fiona._env - DEBUG - PROJ data found in package: path='P:\\corp\\central_clones\\python_geopandas\\Lib\\site-packages\\fiona\\proj_data'.
2025-07-11 13:34:11,931 - fiona._env - WARNING - PROJ: proj_identify: P:\corp\central_clones\python_geopandas\Lib\site-packages\fiona\proj_data\proj.db contains DATABASE.LAYOUT.VERSION.MINOR = 2 whereas a number >= 3 is expected. It comes from another PROJ installation.
2025-07-11 13:34:16,721 - fiona._env - WARNING - PROJ: proj_identify: P:\corp\central_clones\python_geopandas\Lib\site-packages\fiona\proj_data\proj.db contains DATABASE.LAYOUT.VERSION.MINOR = 2 whereas a number >= 3 is expected. It comes from another PROJ installation.
2025-07-11 13:34:17,121 - fiona._env - WARNING - PROJ: proj_identify: P:\corp\central_clones\python_geopandas\Lib\site-packages\fiona\proj_data\proj.db contains DATABASE.LAYOUT.VERSION.MINOR = 2 whereas a number >= 3 is expected. It comes from another PROJ installation.
2025-07-11 13:34:18,039 - fiona._env - DEBUG - GDAL_DATA found in environment.
2025-07-11 13:34:18,041 - fiona._env - DEBUG - PROJ data found in package: path='P:\\corp\\central_clones\\python_geopandas\\Lib\\site-packages\\fiona\\proj_data'.
2025-07-11 13:34:18,042 - fiona.ogrext - DEBUG - Got coordinate system
2025-07-11 13:34:18,053 - fiona.ogrext - DEBUG - Got coordinate system
2025-07-11 13:34:18,074 - fiona._env - WARNING - PROJ: proj_identify: P:\corp\central_clones\python_geopandas\Lib\site-packages\fiona\proj_data\proj.db contains DATABASE.LAYOUT.VERSION.MINOR = 2 whereas a number >= 3 is expected. It comes from another PROJ installation.
2025-07-11 13:34:18,074 - fiona.ogrext - DEBUG - OLC_FASTSETNEXTBYINDEX: 1
2025-07-11 13:34:18,075 - fiona.ogrext - DEBUG - OLC_FASTFEATURECOUNT: 1
2025-07-11 13:34:18,075 - fiona.ogrext - DEBUG - Next index: 0
2025-07-11 13:34:18,110 - fiona.collection - DEBUG - Flushed buffer
2025-07-11 13:34:18,112 - fiona.collection - DEBUG - Stopped session
2025-07-11 13:34:18,132 - fiona._env - DEBUG - GDAL_DATA found in environment.
2025-07-11 13:34:18,134 - fiona._env - DEBUG - PROJ data found in package: path='P:\\corp\\central_clones\\python_geopandas\\Lib\\site-packages\\fiona\\proj_data'.
2025-07-11 13:34:19,639 - fiona._env - WARNING - PROJ: proj_identify: P:\corp\central_clones\python_geopandas\Lib\site-packages\fiona\proj_data\proj.db contains DATABASE.LAYOUT.VERSION.MINOR = 2 whereas a number >= 3 is expected. It comes from another PROJ installation.
2025-07-11 13:34:24,562 - fiona._env - WARNING - PROJ: proj_identify: P:\corp\central_clones\python_geopandas\Lib\site-packages\fiona\proj_data\proj.db contains DATABASE.LAYOUT.VERSION.MINOR = 2 whereas a number >= 3 is expected. It comes from another PROJ installation.
2025-07-11 13:34:24,979 - fiona._env - WARNING - PROJ: proj_identify: P:\corp\central_clones\python_geopandas\Lib\site-packages\fiona\proj_data\proj.db contains DATABASE.LAYOUT.VERSION.MINOR = 2 whereas a number >= 3 is expected. It comes from another PROJ installation.
2025-07-11 13:34:25,907 - fiona._env - DEBUG - GDAL_DATA found in environment.
2025-07-11 13:34:25,909 - fiona._env - DEBUG - PROJ data found in package: path='P:\\corp\\central_clones\\python_geopandas\\Lib\\site-packages\\fiona\\proj_data'.
2025-07-11 13:34:25,910 - fiona.ogrext - DEBUG - Got coordinate system
2025-07-11 13:34:25,921 - fiona.ogrext - DEBUG - Got coordinate system
2025-07-11 13:34:25,943 - fiona._env - WARNING - PROJ: proj_identify: P:\corp\central_clones\python_geopandas\Lib\site-packages\fiona\proj_data\proj.db contains DATABASE.LAYOUT.VERSION.MINOR = 2 whereas a number >= 3 is expected. It comes from another PROJ installation.
2025-07-11 13:34:25,944 - fiona.ogrext - DEBUG - OLC_FASTSETNEXTBYINDEX: 1
2025-07-11 13:34:25,944 - fiona.ogrext - DEBUG - OLC_FASTFEATURECOUNT: 1
2025-07-11 13:34:25,944 - fiona.ogrext - DEBUG - Next index: 0
2025-07-11 13:34:25,979 - fiona.collection - DEBUG - Flushed buffer
2025-07-11 13:34:25,981 - fiona.collection - DEBUG - Stopped session
2025-07-11 13:34:26,001 - fiona._env - DEBUG - GDAL_DATA found in environment.
2025-07-11 13:34:26,004 - fiona._env - DEBUG - PROJ data found in package: path='P:\\corp\\central_clones\\python_geopandas\\Lib\\site-packages\\fiona\\proj_data'.
2025-07-11 13:34:27,515 - fiona._env - WARNING - PROJ: proj_identify: P:\corp\central_clones\python_geopandas\Lib\site-packages\fiona\proj_data\proj.db contains DATABASE.LAYOUT.VERSION.MINOR = 2 whereas a number >= 3 is expected. It comes from another PROJ installation.
2025-07-11 13:34:33,404 - fiona._env - WARNING - PROJ: proj_identify: P:\corp\central_clones\python_geopandas\Lib\site-packages\fiona\proj_data\proj.db contains DATABASE.LAYOUT.VERSION.MINOR = 2 whereas a number >= 3 is expected. It comes from another PROJ installation.
2025-07-11 13:34:33,945 - fiona._env - WARNING - PROJ: proj_identify: P:\corp\central_clones\python_geopandas\Lib\site-packages\fiona\proj_data\proj.db contains DATABASE.LAYOUT.VERSION.MINOR = 2 whereas a number >= 3 is expected. It comes from another PROJ installation.
2025-07-11 13:34:35,165 - fiona._env - DEBUG - GDAL_DATA found in environment.
2025-07-11 13:34:35,167 - fiona._env - DEBUG - PROJ data found in package: path='P:\\corp\\central_clones\\python_geopandas\\Lib\\site-packages\\fiona\\proj_data'.
2025-07-11 13:34:35,168 - fiona.ogrext - DEBUG - Got coordinate system
2025-07-11 13:34:35,182 - fiona.ogrext - DEBUG - Got coordinate system
2025-07-11 13:34:35,209 - fiona._env - WARNING - PROJ: proj_identify: P:\corp\central_clones\python_geopandas\Lib\site-packages\fiona\proj_data\proj.db contains DATABASE.LAYOUT.VERSION.MINOR = 2 whereas a number >= 3 is expected. It comes from another PROJ installation.
2025-07-11 13:34:35,210 - fiona.ogrext - DEBUG - OLC_FASTSETNEXTBYINDEX: 1
2025-07-11 13:34:35,210 - fiona.ogrext - DEBUG - OLC_FASTFEATURECOUNT: 1
2025-07-11 13:34:35,210 - fiona.ogrext - DEBUG - Next index: 0
2025-07-11 13:34:35,252 - fiona.collection - DEBUG - Flushed buffer
2025-07-11 13:34:35,256 - fiona.collection - DEBUG - Stopped session
2025-07-11 13:34:35,279 - fiona._env - DEBUG - GDAL_DATA found in environment.
2025-07-11 13:34:35,281 - fiona._env - DEBUG - PROJ data found in package: path='P:\\corp\\central_clones\\python_geopandas\\Lib\\site-packages\\fiona\\proj_data'.
2025-07-11 13:34:36,969 - fiona._env - WARNING - PROJ: proj_identify: P:\corp\central_clones\python_geopandas\Lib\site-packages\fiona\proj_data\proj.db contains DATABASE.LAYOUT.VERSION.MINOR = 2 whereas a number >= 3 is expected. It comes from another PROJ installation.
2025-07-11 13:34:42,557 - fiona._env - WARNING - PROJ: proj_identify: P:\corp\central_clones\python_geopandas\Lib\site-packages\fiona\proj_data\proj.db contains DATABASE.LAYOUT.VERSION.MINOR = 2 whereas a number >= 3 is expected. It comes from another PROJ installation.
2025-07-11 13:34:42,965 - fiona._env - WARNING - PROJ: proj_identify: P:\corp\central_clones\python_geopandas\Lib\site-packages\fiona\proj_data\proj.db contains DATABASE.LAYOUT.VERSION.MINOR = 2 whereas a number >= 3 is expected. It comes from another PROJ installation.
2025-07-11 13:34:43,905 - fiona._env - DEBUG - GDAL_DATA found in environment.
2025-07-11 13:34:43,907 - fiona._env - DEBUG - PROJ data found in package: path='P:\\corp\\central_clones\\python_geopandas\\Lib\\site-packages\\fiona\\proj_data'.
2025-07-11 13:34:43,907 - fiona.ogrext - DEBUG - Got coordinate system
2025-07-11 13:34:43,919 - fiona.ogrext - DEBUG - Got coordinate system
2025-07-11 13:34:43,941 - fiona._env - WARNING - PROJ: proj_identify: P:\corp\central_clones\python_geopandas\Lib\site-packages\fiona\proj_data\proj.db contains DATABASE.LAYOUT.VERSION.MINOR = 2 whereas a number >= 3 is expected. It comes from another PROJ installation.
2025-07-11 13:34:43,941 - fiona.ogrext - DEBUG - OLC_FASTSETNEXTBYINDEX: 1
2025-07-11 13:34:43,942 - fiona.ogrext - DEBUG - OLC_FASTFEATURECOUNT: 1
2025-07-11 13:34:43,942 - fiona.ogrext - DEBUG - Next index: 0
2025-07-11 13:34:43,942 - fiona.ogrext - DEBUG - Next index: 1
2025-07-11 13:34:43,979 - fiona.collection - DEBUG - Flushed buffer
2025-07-11 13:34:43,981 - fiona.collection - DEBUG - Stopped session
2025-07-11 13:34:44,123 - fiona._env - DEBUG - GDAL_DATA found in environment.
2025-07-11 13:34:44,125 - fiona._env - DEBUG - PROJ data found in package: path='P:\\corp\\central_clones\\python_geopandas\\Lib\\site-packages\\fiona\\proj_data'.
2025-07-11 13:34:45,645 - fiona._env - WARNING - PROJ: proj_identify: P:\corp\central_clones\python_geopandas\Lib\site-packages\fiona\proj_data\proj.db contains DATABASE.LAYOUT.VERSION.MINOR = 2 whereas a number >= 3 is expected. It comes from another PROJ installation.
2025-07-11 13:34:51,438 - fiona._env - WARNING - PROJ: proj_identify: P:\corp\central_clones\python_geopandas\Lib\site-packages\fiona\proj_data\proj.db contains DATABASE.LAYOUT.VERSION.MINOR = 2 whereas a number >= 3 is expected. It comes from another PROJ installation.
2025-07-11 13:34:51,842 - fiona._env - WARNING - PROJ: proj_identify: P:\corp\central_clones\python_geopandas\Lib\site-packages\fiona\proj_data\proj.db contains DATABASE.LAYOUT.VERSION.MINOR = 2 whereas a number >= 3 is expected. It comes from another PROJ installation.
2025-07-11 13:34:52,767 - fiona._env - DEBUG - GDAL_DATA found in environment.
2025-07-11 13:34:52,768 - fiona._env - DEBUG - PROJ data found in package: path='P:\\corp\\central_clones\\python_geopandas\\Lib\\site-packages\\fiona\\proj_data'.
2025-07-11 13:34:52,769 - fiona.ogrext - DEBUG - Got coordinate system
2025-07-11 13:34:52,780 - fiona.ogrext - DEBUG - Got coordinate system
2025-07-11 13:34:52,801 - fiona._env - WARNING - PROJ: proj_identify: P:\corp\central_clones\python_geopandas\Lib\site-packages\fiona\proj_data\proj.db contains DATABASE.LAYOUT.VERSION.MINOR = 2 whereas a number >= 3 is expected. It comes from another PROJ installation.
2025-07-11 13:34:52,802 - fiona.ogrext - DEBUG - OLC_FASTSETNEXTBYINDEX: 1
2025-07-11 13:34:52,802 - fiona.ogrext - DEBUG - OLC_FASTFEATURECOUNT: 1
2025-07-11 13:34:52,802 - fiona.ogrext - DEBUG - Next index: 0
2025-07-11 13:34:52,837 - fiona.collection - DEBUG - Flushed buffer
2025-07-11 13:34:52,839 - fiona.collection - DEBUG - Stopped session
2025-07-11 13:34:52,859 - fiona._env - DEBUG - GDAL_DATA found in environment.
2025-07-11 13:34:52,861 - fiona._env - DEBUG - PROJ data found in package: path='P:\\corp\\central_clones\\python_geopandas\\Lib\\site-packages\\fiona\\proj_data'.
2025-07-11 13:34:54,372 - fiona._env - WARNING - PROJ: proj_identify: P:\corp\central_clones\python_geopandas\Lib\site-packages\fiona\proj_data\proj.db contains DATABASE.LAYOUT.VERSION.MINOR = 2 whereas a number >= 3 is expected. It comes from another PROJ installation.
2025-07-11 13:34:59,590 - fiona._env - WARNING - PROJ: proj_identify: P:\corp\central_clones\python_geopandas\Lib\site-packages\fiona\proj_data\proj.db contains DATABASE.LAYOUT.VERSION.MINOR = 2 whereas a number >= 3 is expected. It comes from another PROJ installation.
2025-07-11 13:34:59,993 - fiona._env - WARNING - PROJ: proj_identify: P:\corp\central_clones\python_geopandas\Lib\site-packages\fiona\proj_data\proj.db contains DATABASE.LAYOUT.VERSION.MINOR = 2 whereas a number >= 3 is expected. It comes from another PROJ installation.
2025-07-11 13:35:00,942 - fiona._env - DEBUG - GDAL_DATA found in environment.
2025-07-11 13:35:00,944 - fiona._env - DEBUG - PROJ data found in package: path='P:\\corp\\central_clones\\python_geopandas\\Lib\\site-packages\\fiona\\proj_data'.
2025-07-11 13:35:00,944 - fiona.ogrext - DEBUG - Got coordinate system
2025-07-11 13:35:00,955 - fiona.ogrext - DEBUG - Got coordinate system
2025-07-11 13:35:00,977 - fiona._env - WARNING - PROJ: proj_identify: P:\corp\central_clones\python_geopandas\Lib\site-packages\fiona\proj_data\proj.db contains DATABASE.LAYOUT.VERSION.MINOR = 2 whereas a number >= 3 is expected. It comes from another PROJ installation.
2025-07-11 13:35:00,977 - fiona.ogrext - DEBUG - OLC_FASTSETNEXTBYINDEX: 1
2025-07-11 13:35:00,977 - fiona.ogrext - DEBUG - OLC_FASTFEATURECOUNT: 1
2025-07-11 13:35:00,978 - fiona.ogrext - DEBUG - Next index: 0
2025-07-11 13:35:00,978 - fiona.ogrext - DEBUG - Next index: 1
2025-07-11 13:35:01,012 - fiona.collection - DEBUG - Flushed buffer
2025-07-11 13:35:01,014 - fiona.collection - DEBUG - Stopped session
2025-07-11 13:35:01,151 - fiona._env - DEBUG - GDAL_DATA found in environment.
2025-07-11 13:35:01,153 - fiona._env - DEBUG - PROJ data found in package: path='P:\\corp\\central_clones\\python_geopandas\\Lib\\site-packages\\fiona\\proj_data'.
2025-07-11 13:35:02,687 - fiona._env - WARNING - PROJ: proj_identify: P:\corp\central_clones\python_geopandas\Lib\site-packages\fiona\proj_data\proj.db contains DATABASE.LAYOUT.VERSION.MINOR = 2 whereas a number >= 3 is expected. It comes from another PROJ installation.
2025-07-11 13:35:07,596 - fiona._env - WARNING - PROJ: proj_identify: P:\corp\central_clones\python_geopandas\Lib\site-packages\fiona\proj_data\proj.db contains DATABASE.LAYOUT.VERSION.MINOR = 2 whereas a number >= 3 is expected. It comes from another PROJ installation.
2025-07-11 13:35:08,048 - fiona._env - WARNING - PROJ: proj_identify: P:\corp\central_clones\python_geopandas\Lib\site-packages\fiona\proj_data\proj.db contains DATABASE.LAYOUT.VERSION.MINOR = 2 whereas a number >= 3 is expected. It comes from another PROJ installation.
2025-07-11 13:35:08,962 - fiona._env - DEBUG - GDAL_DATA found in environment.
2025-07-11 13:35:08,964 - fiona._env - DEBUG - PROJ data found in package: path='P:\\corp\\central_clones\\python_geopandas\\Lib\\site-packages\\fiona\\proj_data'.
2025-07-11 13:35:08,965 - fiona.ogrext - DEBUG - Got coordinate system
2025-07-11 13:35:08,976 - fiona.ogrext - DEBUG - Got coordinate system
2025-07-11 13:35:08,997 - fiona._env - WARNING - PROJ: proj_identify: P:\corp\central_clones\python_geopandas\Lib\site-packages\fiona\proj_data\proj.db contains DATABASE.LAYOUT.VERSION.MINOR = 2 whereas a number >= 3 is expected. It comes from another PROJ installation.
2025-07-11 13:35:08,998 - fiona.ogrext - DEBUG - OLC_FASTSETNEXTBYINDEX: 1
2025-07-11 13:35:08,998 - fiona.ogrext - DEBUG - OLC_FASTFEATURECOUNT: 1
2025-07-11 13:35:08,998 - fiona.ogrext - DEBUG - Next index: 0
2025-07-11 13:35:09,031 - fiona.collection - DEBUG - Flushed buffer
2025-07-11 13:35:09,033 - fiona.collection - DEBUG - Stopped session
2025-07-11 13:35:09,057 - fiona._env - DEBUG - GDAL_DATA found in environment.
2025-07-11 13:35:09,058 - fiona._env - DEBUG - PROJ data found in package: path='P:\\corp\\central_clones\\python_geopandas\\Lib\\site-packages\\fiona\\proj_data'.
2025-07-11 13:35:10,510 - fiona._env - WARNING - PROJ: proj_identify: P:\corp\central_clones\python_geopandas\Lib\site-packages\fiona\proj_data\proj.db contains DATABASE.LAYOUT.VERSION.MINOR = 2 whereas a number >= 3 is expected. It comes from another PROJ installation.
2025-07-11 13:35:15,365 - fiona._env - WARNING - PROJ: proj_identify: P:\corp\central_clones\python_geopandas\Lib\site-packages\fiona\proj_data\proj.db contains DATABASE.LAYOUT.VERSION.MINOR = 2 whereas a number >= 3 is expected. It comes from another PROJ installation.
2025-07-11 13:35:15,787 - fiona._env - WARNING - PROJ: proj_identify: P:\corp\central_clones\python_geopandas\Lib\site-packages\fiona\proj_data\proj.db contains DATABASE.LAYOUT.VERSION.MINOR = 2 whereas a number >= 3 is expected. It comes from another PROJ installation.
2025-07-11 13:35:16,696 - fiona._env - DEBUG - GDAL_DATA found in environment.
2025-07-11 13:35:16,697 - fiona._env - DEBUG - PROJ data found in package: path='P:\\corp\\central_clones\\python_geopandas\\Lib\\site-packages\\fiona\\proj_data'.
2025-07-11 13:35:16,698 - fiona.ogrext - DEBUG - Got coordinate system
2025-07-11 13:35:16,710 - fiona.ogrext - DEBUG - Got coordinate system
2025-07-11 13:35:16,732 - fiona._env - WARNING - PROJ: proj_identify: P:\corp\central_clones\python_geopandas\Lib\site-packages\fiona\proj_data\proj.db contains DATABASE.LAYOUT.VERSION.MINOR = 2 whereas a number >= 3 is expected. It comes from another PROJ installation.
2025-07-11 13:35:16,733 - fiona.ogrext - DEBUG - OLC_FASTSETNEXTBYINDEX: 1
2025-07-11 13:35:16,733 - fiona.ogrext - DEBUG - OLC_FASTFEATURECOUNT: 1
2025-07-11 13:35:16,734 - fiona.ogrext - DEBUG - Next index: 0
2025-07-11 13:35:16,770 - fiona.collection - DEBUG - Flushed buffer
2025-07-11 13:35:16,772 - fiona.collection - DEBUG - Stopped session
2025-07-11 13:35:16,796 - fiona._env - DEBUG - GDAL_DATA found in environment.
2025-07-11 13:35:16,797 - fiona._env - DEBUG - PROJ data found in package: path='P:\\corp\\central_clones\\python_geopandas\\Lib\\site-packages\\fiona\\proj_data'.
2025-07-11 13:35:18,273 - fiona._env - WARNING - PROJ: proj_identify: P:\corp\central_clones\python_geopandas\Lib\site-packages\fiona\proj_data\proj.db contains DATABASE.LAYOUT.VERSION.MINOR = 2 whereas a number >= 3 is expected. It comes from another PROJ installation.
2025-07-11 13:35:23,934 - fiona._env - WARNING - PROJ: proj_identify: P:\corp\central_clones\python_geopandas\Lib\site-packages\fiona\proj_data\proj.db contains DATABASE.LAYOUT.VERSION.MINOR = 2 whereas a number >= 3 is expected. It comes from another PROJ installation.
2025-07-11 13:35:24,482 - fiona._env - WARNING - PROJ: proj_identify: P:\corp\central_clones\python_geopandas\Lib\site-packages\fiona\proj_data\proj.db contains DATABASE.LAYOUT.VERSION.MINOR = 2 whereas a number >= 3 is expected. It comes from another PROJ installation.
2025-07-11 13:35:25,768 - fiona._env - DEBUG - GDAL_DATA found in environment.
2025-07-11 13:35:25,770 - fiona._env - DEBUG - PROJ data found in package: path='P:\\corp\\central_clones\\python_geopandas\\Lib\\site-packages\\fiona\\proj_data'.
2025-07-11 13:35:25,771 - fiona.ogrext - DEBUG - Got coordinate system
2025-07-11 13:35:25,794 - fiona.ogrext - DEBUG - Got coordinate system
2025-07-11 13:35:25,829 - fiona._env - WARNING - PROJ: proj_identify: P:\corp\central_clones\python_geopandas\Lib\site-packages\fiona\proj_data\proj.db contains DATABASE.LAYOUT.VERSION.MINOR = 2 whereas a number >= 3 is expected. It comes from another PROJ installation.
2025-07-11 13:35:25,830 - fiona.ogrext - DEBUG - OLC_FASTSETNEXTBYINDEX: 1
2025-07-11 13:35:25,830 - fiona.ogrext - DEBUG - OLC_FASTFEATURECOUNT: 1
2025-07-11 13:35:25,831 - fiona.ogrext - DEBUG - Next index: 0
2025-07-11 13:35:25,888 - fiona.collection - DEBUG - Flushed buffer
2025-07-11 13:35:25,891 - fiona.collection - DEBUG - Stopped session
2025-07-11 13:35:25,923 - fiona._env - DEBUG - GDAL_DATA found in environment.
2025-07-11 13:35:25,927 - fiona._env - DEBUG - PROJ data found in package: path='P:\\corp\\central_clones\\python_geopandas\\Lib\\site-packages\\fiona\\proj_data'.
2025-07-11 13:35:27,653 - fiona._env - WARNING - PROJ: proj_identify: P:\corp\central_clones\python_geopandas\Lib\site-packages\fiona\proj_data\proj.db contains DATABASE.LAYOUT.VERSION.MINOR = 2 whereas a number >= 3 is expected. It comes from another PROJ installation.
2025-07-11 13:35:32,961 - fiona._env - WARNING - PROJ: proj_identify: P:\corp\central_clones\python_geopandas\Lib\site-packages\fiona\proj_data\proj.db contains DATABASE.LAYOUT.VERSION.MINOR = 2 whereas a number >= 3 is expected. It comes from another PROJ installation.
2025-07-11 13:35:33,404 - fiona._env - WARNING - PROJ: proj_identify: P:\corp\central_clones\python_geopandas\Lib\site-packages\fiona\proj_data\proj.db contains DATABASE.LAYOUT.VERSION.MINOR = 2 whereas a number >= 3 is expected. It comes from another PROJ installation.
2025-07-11 13:35:34,333 - fiona._env - DEBUG - GDAL_DATA found in environment.
2025-07-11 13:35:34,335 - fiona._env - DEBUG - PROJ data found in package: path='P:\\corp\\central_clones\\python_geopandas\\Lib\\site-packages\\fiona\\proj_data'.
2025-07-11 13:35:34,335 - fiona.ogrext - DEBUG - Got coordinate system
2025-07-11 13:35:34,346 - fiona.ogrext - DEBUG - Got coordinate system
2025-07-11 13:35:34,367 - fiona._env - WARNING - PROJ: proj_identify: P:\corp\central_clones\python_geopandas\Lib\site-packages\fiona\proj_data\proj.db contains DATABASE.LAYOUT.VERSION.MINOR = 2 whereas a number >= 3 is expected. It comes from another PROJ installation.
2025-07-11 13:35:34,368 - fiona.ogrext - DEBUG - OLC_FASTSETNEXTBYINDEX: 1
2025-07-11 13:35:34,368 - fiona.ogrext - DEBUG - OLC_FASTFEATURECOUNT: 1
2025-07-11 13:35:34,368 - fiona.ogrext - DEBUG - Next index: 0
2025-07-11 13:35:34,404 - fiona.collection - DEBUG - Flushed buffer
2025-07-11 13:35:34,406 - fiona.collection - DEBUG - Stopped session
2025-07-11 13:35:34,426 - fiona._env - DEBUG - GDAL_DATA found in environment.
2025-07-11 13:35:34,428 - fiona._env - DEBUG - PROJ data found in package: path='P:\\corp\\central_clones\\python_geopandas\\Lib\\site-packages\\fiona\\proj_data'.
2025-07-11 13:35:35,907 - fiona._env - WARNING - PROJ: proj_identify: P:\corp\central_clones\python_geopandas\Lib\site-packages\fiona\proj_data\proj.db contains DATABASE.LAYOUT.VERSION.MINOR = 2 whereas a number >= 3 is expected. It comes from another PROJ installation.
2025-07-11 13:35:40,970 - fiona._env - WARNING - PROJ: proj_identify: P:\corp\central_clones\python_geopandas\Lib\site-packages\fiona\proj_data\proj.db contains DATABASE.LAYOUT.VERSION.MINOR = 2 whereas a number >= 3 is expected. It comes from another PROJ installation.
2025-07-11 13:35:41,387 - fiona._env - WARNING - PROJ: proj_identify: P:\corp\central_clones\python_geopandas\Lib\site-packages\fiona\proj_data\proj.db contains DATABASE.LAYOUT.VERSION.MINOR = 2 whereas a number >= 3 is expected. It comes from another PROJ installation.
2025-07-11 13:35:42,309 - fiona._env - DEBUG - GDAL_DATA found in environment.
2025-07-11 13:35:42,311 - fiona._env - DEBUG - PROJ data found in package: path='P:\\corp\\central_clones\\python_geopandas\\Lib\\site-packages\\fiona\\proj_data'.
2025-07-11 13:35:42,312 - fiona.ogrext - DEBUG - Got coordinate system
2025-07-11 13:35:42,324 - fiona.ogrext - DEBUG - Got coordinate system
2025-07-11 13:35:42,347 - fiona._env - WARNING - PROJ: proj_identify: P:\corp\central_clones\python_geopandas\Lib\site-packages\fiona\proj_data\proj.db contains DATABASE.LAYOUT.VERSION.MINOR = 2 whereas a number >= 3 is expected. It comes from another PROJ installation.
2025-07-11 13:35:42,347 - fiona.ogrext - DEBUG - OLC_FASTSETNEXTBYINDEX: 1
2025-07-11 13:35:42,348 - fiona.ogrext - DEBUG - OLC_FASTFEATURECOUNT: 1
2025-07-11 13:35:42,348 - fiona.ogrext - DEBUG - Next index: 0
2025-07-11 13:35:42,384 - fiona.collection - DEBUG - Flushed buffer
2025-07-11 13:35:42,387 - fiona.collection - DEBUG - Stopped session
2025-07-11 13:35:42,407 - fiona._env - DEBUG - GDAL_DATA found in environment.
2025-07-11 13:35:42,409 - fiona._env - DEBUG - PROJ data found in package: path='P:\\corp\\central_clones\\python_geopandas\\Lib\\site-packages\\fiona\\proj_data'.
2025-07-11 13:35:43,878 - fiona._env - WARNING - PROJ: proj_identify: P:\corp\central_clones\python_geopandas\Lib\site-packages\fiona\proj_data\proj.db contains DATABASE.LAYOUT.VERSION.MINOR = 2 whereas a number >= 3 is expected. It comes from another PROJ installation.
2025-07-11 13:35:48,855 - fiona._env - WARNING - PROJ: proj_identify: P:\corp\central_clones\python_geopandas\Lib\site-packages\fiona\proj_data\proj.db contains DATABASE.LAYOUT.VERSION.MINOR = 2 whereas a number >= 3 is expected. It comes from another PROJ installation.
2025-07-11 13:35:49,267 - fiona._env - WARNING - PROJ: proj_identify: P:\corp\central_clones\python_geopandas\Lib\site-packages\fiona\proj_data\proj.db contains DATABASE.LAYOUT.VERSION.MINOR = 2 whereas a number >= 3 is expected. It comes from another PROJ installation.
2025-07-11 13:35:50,242 - fiona._env - DEBUG - GDAL_DATA found in environment.
2025-07-11 13:35:50,244 - fiona._env - DEBUG - PROJ data found in package: path='P:\\corp\\central_clones\\python_geopandas\\Lib\\site-packages\\fiona\\proj_data'.
2025-07-11 13:35:50,245 - fiona.ogrext - DEBUG - Got coordinate system
2025-07-11 13:35:50,256 - fiona.ogrext - DEBUG - Got coordinate system
2025-07-11 13:35:50,278 - fiona._env - WARNING - PROJ: proj_identify: P:\corp\central_clones\python_geopandas\Lib\site-packages\fiona\proj_data\proj.db contains DATABASE.LAYOUT.VERSION.MINOR = 2 whereas a number >= 3 is expected. It comes from another PROJ installation.
2025-07-11 13:35:50,278 - fiona.ogrext - DEBUG - OLC_FASTSETNEXTBYINDEX: 1
2025-07-11 13:35:50,279 - fiona.ogrext - DEBUG - OLC_FASTFEATURECOUNT: 1
2025-07-11 13:35:50,279 - fiona.ogrext - DEBUG - Next index: 0
2025-07-11 13:35:50,315 - fiona.collection - DEBUG - Flushed buffer
2025-07-11 13:35:50,317 - fiona.collection - DEBUG - Stopped session
2025-07-11 13:35:50,338 - fiona._env - DEBUG - GDAL_DATA found in environment.
2025-07-11 13:35:50,339 - fiona._env - DEBUG - PROJ data found in package: path='P:\\corp\\central_clones\\python_geopandas\\Lib\\site-packages\\fiona\\proj_data'.
2025-07-11 13:35:52,767 - fiona._env - WARNING - PROJ: proj_identify: P:\corp\central_clones\python_geopandas\Lib\site-packages\fiona\proj_data\proj.db contains DATABASE.LAYOUT.VERSION.MINOR = 2 whereas a number >= 3 is expected. It comes from another PROJ installation.
2025-07-11 13:35:58,405 - fiona._env - WARNING - PROJ: proj_identify: P:\corp\central_clones\python_geopandas\Lib\site-packages\fiona\proj_data\proj.db contains DATABASE.LAYOUT.VERSION.MINOR = 2 whereas a number >= 3 is expected. It comes from another PROJ installation.
2025-07-11 13:35:58,885 - fiona._env - WARNING - PROJ: proj_identify: P:\corp\central_clones\python_geopandas\Lib\site-packages\fiona\proj_data\proj.db contains DATABASE.LAYOUT.VERSION.MINOR = 2 whereas a number >= 3 is expected. It comes from another PROJ installation.
2025-07-11 13:35:59,950 - fiona._env - DEBUG - GDAL_DATA found in environment.
2025-07-11 13:35:59,953 - fiona._env - DEBUG - PROJ data found in package: path='P:\\corp\\central_clones\\python_geopandas\\Lib\\site-packages\\fiona\\proj_data'.
2025-07-11 13:35:59,953 - fiona.ogrext - DEBUG - Got coordinate system
2025-07-11 13:35:59,964 - fiona.ogrext - DEBUG - Got coordinate system
2025-07-11 13:35:59,986 - fiona._env - WARNING - PROJ: proj_identify: P:\corp\central_clones\python_geopandas\Lib\site-packages\fiona\proj_data\proj.db contains DATABASE.LAYOUT.VERSION.MINOR = 2 whereas a number >= 3 is expected. It comes from another PROJ installation.
2025-07-11 13:35:59,987 - fiona.ogrext - DEBUG - OLC_FASTSETNEXTBYINDEX: 1
2025-07-11 13:35:59,987 - fiona.ogrext - DEBUG - OLC_FASTFEATURECOUNT: 1
2025-07-11 13:35:59,988 - fiona.ogrext - DEBUG - Next index: 0
2025-07-11 13:36:00,023 - fiona.collection - DEBUG - Flushed buffer
2025-07-11 13:36:00,025 - fiona.collection - DEBUG - Stopped session
2025-07-11 13:36:00,045 - fiona._env - DEBUG - GDAL_DATA found in environment.
2025-07-11 13:36:00,046 - fiona._env - DEBUG - PROJ data found in package: path='P:\\corp\\central_clones\\python_geopandas\\Lib\\site-packages\\fiona\\proj_data'.
2025-07-11 13:36:02,051 - fiona._env - WARNING - PROJ: proj_identify: P:\corp\central_clones\python_geopandas\Lib\site-packages\fiona\proj_data\proj.db contains DATABASE.LAYOUT.VERSION.MINOR = 2 whereas a number >= 3 is expected. It comes from another PROJ installation.
2025-07-11 13:36:07,458 - fiona._env - WARNING - PROJ: proj_identify: P:\corp\central_clones\python_geopandas\Lib\site-packages\fiona\proj_data\proj.db contains DATABASE.LAYOUT.VERSION.MINOR = 2 whereas a number >= 3 is expected. It comes from another PROJ installation.
2025-07-11 13:36:07,945 - fiona._env - WARNING - PROJ: proj_identify: P:\corp\central_clones\python_geopandas\Lib\site-packages\fiona\proj_data\proj.db contains DATABASE.LAYOUT.VERSION.MINOR = 2 whereas a number >= 3 is expected. It comes from another PROJ installation.
2025-07-11 13:36:08,906 - fiona._env - DEBUG - GDAL_DATA found in environment.
2025-07-11 13:36:08,908 - fiona._env - DEBUG - PROJ data found in package: path='P:\\corp\\central_clones\\python_geopandas\\Lib\\site-packages\\fiona\\proj_data'.
2025-07-11 13:36:08,909 - fiona.ogrext - DEBUG - Got coordinate system
2025-07-11 13:36:08,924 - fiona.ogrext - DEBUG - Got coordinate system
2025-07-11 13:36:08,955 - fiona._env - WARNING - PROJ: proj_identify: P:\corp\central_clones\python_geopandas\Lib\site-packages\fiona\proj_data\proj.db contains DATABASE.LAYOUT.VERSION.MINOR = 2 whereas a number >= 3 is expected. It comes from another PROJ installation.
2025-07-11 13:36:08,956 - fiona.ogrext - DEBUG - OLC_FASTSETNEXTBYINDEX: 1
2025-07-11 13:36:08,956 - fiona.ogrext - DEBUG - OLC_FASTFEATURECOUNT: 1
2025-07-11 13:36:08,957 - fiona.ogrext - DEBUG - Next index: 0
2025-07-11 13:36:08,994 - fiona.collection - DEBUG - Flushed buffer
2025-07-11 13:36:08,997 - fiona.collection - DEBUG - Stopped session
2025-07-11 13:36:09,021 - fiona._env - DEBUG - GDAL_DATA found in environment.
2025-07-11 13:36:09,023 - fiona._env - DEBUG - PROJ data found in package: path='P:\\corp\\central_clones\\python_geopandas\\Lib\\site-packages\\fiona\\proj_data'.
2025-07-11 13:36:10,478 - fiona._env - WARNING - PROJ: proj_identify: P:\corp\central_clones\python_geopandas\Lib\site-packages\fiona\proj_data\proj.db contains DATABASE.LAYOUT.VERSION.MINOR = 2 whereas a number >= 3 is expected. It comes from another PROJ installation.
2025-07-11 13:36:15,220 - fiona._env - WARNING - PROJ: proj_identify: P:\corp\central_clones\python_geopandas\Lib\site-packages\fiona\proj_data\proj.db contains DATABASE.LAYOUT.VERSION.MINOR = 2 whereas a number >= 3 is expected. It comes from another PROJ installation.
2025-07-11 13:36:15,622 - fiona._env - WARNING - PROJ: proj_identify: P:\corp\central_clones\python_geopandas\Lib\site-packages\fiona\proj_data\proj.db contains DATABASE.LAYOUT.VERSION.MINOR = 2 whereas a number >= 3 is expected. It comes from another PROJ installation.
2025-07-11 13:36:16,554 - fiona._env - DEBUG - GDAL_DATA found in environment.
2025-07-11 13:36:16,556 - fiona._env - DEBUG - PROJ data found in package: path='P:\\corp\\central_clones\\python_geopandas\\Lib\\site-packages\\fiona\\proj_data'.
2025-07-11 13:36:16,557 - fiona.ogrext - DEBUG - Got coordinate system
2025-07-11 13:36:16,572 - fiona.ogrext - DEBUG - Got coordinate system
2025-07-11 13:36:16,601 - fiona._env - WARNING - PROJ: proj_identify: P:\corp\central_clones\python_geopandas\Lib\site-packages\fiona\proj_data\proj.db contains DATABASE.LAYOUT.VERSION.MINOR = 2 whereas a number >= 3 is expected. It comes from another PROJ installation.
2025-07-11 13:36:16,601 - fiona.ogrext - DEBUG - OLC_FASTSETNEXTBYINDEX: 1
2025-07-11 13:36:16,602 - fiona.ogrext - DEBUG - OLC_FASTFEATURECOUNT: 1
2025-07-11 13:36:16,602 - fiona.ogrext - DEBUG - Next index: 0
2025-07-11 13:36:16,638 - fiona.collection - DEBUG - Flushed buffer
2025-07-11 13:36:16,640 - fiona.collection - DEBUG - Stopped session
2025-07-11 13:36:16,662 - fiona._env - DEBUG - GDAL_DATA found in environment.
2025-07-11 13:36:16,663 - fiona._env - DEBUG - PROJ data found in package: path='P:\\corp\\central_clones\\python_geopandas\\Lib\\site-packages\\fiona\\proj_data'.
2025-07-11 13:36:18,226 - fiona._env - WARNING - PROJ: proj_identify: P:\corp\central_clones\python_geopandas\Lib\site-packages\fiona\proj_data\proj.db contains DATABASE.LAYOUT.VERSION.MINOR = 2 whereas a number >= 3 is expected. It comes from another PROJ installation.
2025-07-11 13:36:22,981 - fiona._env - WARNING - PROJ: proj_identify: P:\corp\central_clones\python_geopandas\Lib\site-packages\fiona\proj_data\proj.db contains DATABASE.LAYOUT.VERSION.MINOR = 2 whereas a number >= 3 is expected. It comes from another PROJ installation.
2025-07-11 13:36:23,382 - fiona._env - WARNING - PROJ: proj_identify: P:\corp\central_clones\python_geopandas\Lib\site-packages\fiona\proj_data\proj.db contains DATABASE.LAYOUT.VERSION.MINOR = 2 whereas a number >= 3 is expected. It comes from another PROJ installation.
2025-07-11 13:36:24,277 - fiona._env - DEBUG - GDAL_DATA found in environment.
2025-07-11 13:36:24,279 - fiona._env - DEBUG - PROJ data found in package: path='P:\\corp\\central_clones\\python_geopandas\\Lib\\site-packages\\fiona\\proj_data'.
2025-07-11 13:36:24,279 - fiona.ogrext - DEBUG - Got coordinate system
2025-07-11 13:36:24,291 - fiona.ogrext - DEBUG - Got coordinate system
2025-07-11 13:36:24,313 - fiona._env - WARNING - PROJ: proj_identify: P:\corp\central_clones\python_geopandas\Lib\site-packages\fiona\proj_data\proj.db contains DATABASE.LAYOUT.VERSION.MINOR = 2 whereas a number >= 3 is expected. It comes from another PROJ installation.
2025-07-11 13:36:24,313 - fiona.ogrext - DEBUG - OLC_FASTSETNEXTBYINDEX: 1
2025-07-11 13:36:24,314 - fiona.ogrext - DEBUG - OLC_FASTFEATURECOUNT: 1
2025-07-11 13:36:24,314 - fiona.ogrext - DEBUG - Next index: 0
2025-07-11 13:36:24,347 - fiona.collection - DEBUG - Flushed buffer
2025-07-11 13:36:24,350 - fiona.collection - DEBUG - Stopped session
2025-07-11 13:36:24,373 - fiona._env - DEBUG - GDAL_DATA found in environment.
2025-07-11 13:36:24,374 - fiona._env - DEBUG - PROJ data found in package: path='P:\\corp\\central_clones\\python_geopandas\\Lib\\site-packages\\fiona\\proj_data'.
2025-07-11 13:36:26,099 - fiona._env - WARNING - PROJ: proj_identify: P:\corp\central_clones\python_geopandas\Lib\site-packages\fiona\proj_data\proj.db contains DATABASE.LAYOUT.VERSION.MINOR = 2 whereas a number >= 3 is expected. It comes from another PROJ installation.
2025-07-11 13:36:30,909 - fiona._env - WARNING - PROJ: proj_identify: P:\corp\central_clones\python_geopandas\Lib\site-packages\fiona\proj_data\proj.db contains DATABASE.LAYOUT.VERSION.MINOR = 2 whereas a number >= 3 is expected. It comes from another PROJ installation.
2025-07-11 13:36:31,308 - fiona._env - WARNING - PROJ: proj_identify: P:\corp\central_clones\python_geopandas\Lib\site-packages\fiona\proj_data\proj.db contains DATABASE.LAYOUT.VERSION.MINOR = 2 whereas a number >= 3 is expected. It comes from another PROJ installation.
2025-07-11 13:36:32,213 - fiona._env - DEBUG - GDAL_DATA found in environment.
2025-07-11 13:36:32,215 - fiona._env - DEBUG - PROJ data found in package: path='P:\\corp\\central_clones\\python_geopandas\\Lib\\site-packages\\fiona\\proj_data'.
2025-07-11 13:36:32,215 - fiona.ogrext - DEBUG - Got coordinate system
2025-07-11 13:36:32,227 - fiona.ogrext - DEBUG - Got coordinate system
2025-07-11 13:36:32,249 - fiona._env - WARNING - PROJ: proj_identify: P:\corp\central_clones\python_geopandas\Lib\site-packages\fiona\proj_data\proj.db contains DATABASE.LAYOUT.VERSION.MINOR = 2 whereas a number >= 3 is expected. It comes from another PROJ installation.
2025-07-11 13:36:32,249 - fiona.ogrext - DEBUG - OLC_FASTSETNEXTBYINDEX: 1
2025-07-11 13:36:32,250 - fiona.ogrext - DEBUG - OLC_FASTFEATURECOUNT: 1
2025-07-11 13:36:32,250 - fiona.ogrext - DEBUG - Next index: 0
2025-07-11 13:36:32,286 - fiona.collection - DEBUG - Flushed buffer
2025-07-11 13:36:32,288 - fiona.collection - DEBUG - Stopped session
2025-07-11 13:36:32,308 - fiona._env - DEBUG - GDAL_DATA found in environment.
2025-07-11 13:36:32,310 - fiona._env - DEBUG - PROJ data found in package: path='P:\\corp\\central_clones\\python_geopandas\\Lib\\site-packages\\fiona\\proj_data'.
2025-07-11 13:36:33,880 - fiona._env - WARNING - PROJ: proj_identify: P:\corp\central_clones\python_geopandas\Lib\site-packages\fiona\proj_data\proj.db contains DATABASE.LAYOUT.VERSION.MINOR = 2 whereas a number >= 3 is expected. It comes from another PROJ installation.
2025-07-11 13:36:38,529 - fiona._env - WARNING - PROJ: proj_identify: P:\corp\central_clones\python_geopandas\Lib\site-packages\fiona\proj_data\proj.db contains DATABASE.LAYOUT.VERSION.MINOR = 2 whereas a number >= 3 is expected. It comes from another PROJ installation.
2025-07-11 13:36:38,912 - fiona._env - WARNING - PROJ: proj_identify: P:\corp\central_clones\python_geopandas\Lib\site-packages\fiona\proj_data\proj.db contains DATABASE.LAYOUT.VERSION.MINOR = 2 whereas a number >= 3 is expected. It comes from another PROJ installation.
2025-07-11 13:36:39,805 - fiona._env - DEBUG - GDAL_DATA found in environment.
2025-07-11 13:36:39,807 - fiona._env - DEBUG - PROJ data found in package: path='P:\\corp\\central_clones\\python_geopandas\\Lib\\site-packages\\fiona\\proj_data'.
2025-07-11 13:36:39,808 - fiona.ogrext - DEBUG - Got coordinate system
2025-07-11 13:36:39,818 - fiona.ogrext - DEBUG - Got coordinate system
2025-07-11 13:36:39,839 - fiona._env - WARNING - PROJ: proj_identify: P:\corp\central_clones\python_geopandas\Lib\site-packages\fiona\proj_data\proj.db contains DATABASE.LAYOUT.VERSION.MINOR = 2 whereas a number >= 3 is expected. It comes from another PROJ installation.
2025-07-11 13:36:39,840 - fiona.ogrext - DEBUG - OLC_FASTSETNEXTBYINDEX: 1
2025-07-11 13:36:39,840 - fiona.ogrext - DEBUG - OLC_FASTFEATURECOUNT: 1
2025-07-11 13:36:39,840 - fiona.ogrext - DEBUG - Next index: 0
2025-07-11 13:36:39,876 - fiona.collection - DEBUG - Flushed buffer
2025-07-11 13:36:39,879 - fiona.collection - DEBUG - Stopped session
2025-07-11 13:36:39,899 - fiona._env - DEBUG - GDAL_DATA found in environment.
2025-07-11 13:36:39,900 - fiona._env - DEBUG - PROJ data found in package: path='P:\\corp\\central_clones\\python_geopandas\\Lib\\site-packages\\fiona\\proj_data'.
2025-07-11 13:36:41,379 - fiona._env - WARNING - PROJ: proj_identify: P:\corp\central_clones\python_geopandas\Lib\site-packages\fiona\proj_data\proj.db contains DATABASE.LAYOUT.VERSION.MINOR = 2 whereas a number >= 3 is expected. It comes from another PROJ installation.
2025-07-11 13:36:46,028 - fiona._env - WARNING - PROJ: proj_identify: P:\corp\central_clones\python_geopandas\Lib\site-packages\fiona\proj_data\proj.db contains DATABASE.LAYOUT.VERSION.MINOR = 2 whereas a number >= 3 is expected. It comes from another PROJ installation.
2025-07-11 13:36:46,418 - fiona._env - WARNING - PROJ: proj_identify: P:\corp\central_clones\python_geopandas\Lib\site-packages\fiona\proj_data\proj.db contains DATABASE.LAYOUT.VERSION.MINOR = 2 whereas a number >= 3 is expected. It comes from another PROJ installation.
2025-07-11 13:36:47,321 - fiona._env - DEBUG - GDAL_DATA found in environment.
2025-07-11 13:36:47,322 - fiona._env - DEBUG - PROJ data found in package: path='P:\\corp\\central_clones\\python_geopandas\\Lib\\site-packages\\fiona\\proj_data'.
2025-07-11 13:36:47,323 - fiona.ogrext - DEBUG - Got coordinate system
2025-07-11 13:36:47,334 - fiona.ogrext - DEBUG - Got coordinate system
2025-07-11 13:36:47,355 - fiona._env - WARNING - PROJ: proj_identify: P:\corp\central_clones\python_geopandas\Lib\site-packages\fiona\proj_data\proj.db contains DATABASE.LAYOUT.VERSION.MINOR = 2 whereas a number >= 3 is expected. It comes from another PROJ installation.
2025-07-11 13:36:47,356 - fiona.ogrext - DEBUG - OLC_FASTSETNEXTBYINDEX: 1
2025-07-11 13:36:47,356 - fiona.ogrext - DEBUG - OLC_FASTFEATURECOUNT: 1
2025-07-11 13:36:47,356 - fiona.ogrext - DEBUG - Next index: 0
2025-07-11 13:36:47,392 - fiona.collection - DEBUG - Flushed buffer
2025-07-11 13:36:47,395 - fiona.collection - DEBUG - Stopped session
2025-07-11 13:36:47,414 - fiona._env - DEBUG - GDAL_DATA found in environment.
2025-07-11 13:36:47,416 - fiona._env - DEBUG - PROJ data found in package: path='P:\\corp\\central_clones\\python_geopandas\\Lib\\site-packages\\fiona\\proj_data'.
2025-07-11 13:36:48,947 - fiona._env - WARNING - PROJ: proj_identify: P:\corp\central_clones\python_geopandas\Lib\site-packages\fiona\proj_data\proj.db contains DATABASE.LAYOUT.VERSION.MINOR = 2 whereas a number >= 3 is expected. It comes from another PROJ installation.
2025-07-11 13:36:53,569 - fiona._env - WARNING - PROJ: proj_identify: P:\corp\central_clones\python_geopandas\Lib\site-packages\fiona\proj_data\proj.db contains DATABASE.LAYOUT.VERSION.MINOR = 2 whereas a number >= 3 is expected. It comes from another PROJ installation.
2025-07-11 13:36:53,960 - fiona._env - WARNING - PROJ: proj_identify: P:\corp\central_clones\python_geopandas\Lib\site-packages\fiona\proj_data\proj.db contains DATABASE.LAYOUT.VERSION.MINOR = 2 whereas a number >= 3 is expected. It comes from another PROJ installation.
2025-07-11 13:36:54,886 - fiona._env - DEBUG - GDAL_DATA found in environment.
2025-07-11 13:36:54,888 - fiona._env - DEBUG - PROJ data found in package: path='P:\\corp\\central_clones\\python_geopandas\\Lib\\site-packages\\fiona\\proj_data'.
2025-07-11 13:36:54,888 - fiona.ogrext - DEBUG - Got coordinate system
2025-07-11 13:36:54,900 - fiona.ogrext - DEBUG - Got coordinate system
2025-07-11 13:36:54,921 - fiona._env - WARNING - PROJ: proj_identify: P:\corp\central_clones\python_geopandas\Lib\site-packages\fiona\proj_data\proj.db contains DATABASE.LAYOUT.VERSION.MINOR = 2 whereas a number >= 3 is expected. It comes from another PROJ installation.
2025-07-11 13:36:54,921 - fiona.ogrext - DEBUG - OLC_FASTSETNEXTBYINDEX: 1
2025-07-11 13:36:54,922 - fiona.ogrext - DEBUG - OLC_FASTFEATURECOUNT: 1
2025-07-11 13:36:54,922 - fiona.ogrext - DEBUG - Next index: 0
2025-07-11 13:36:54,958 - fiona.collection - DEBUG - Flushed buffer
2025-07-11 13:36:54,961 - fiona.collection - DEBUG - Stopped session
2025-07-11 13:36:54,981 - fiona._env - DEBUG - GDAL_DATA found in environment.
2025-07-11 13:36:54,983 - fiona._env - DEBUG - PROJ data found in package: path='P:\\corp\\central_clones\\python_geopandas\\Lib\\site-packages\\fiona\\proj_data'.
2025-07-11 13:36:56,446 - fiona._env - WARNING - PROJ: proj_identify: P:\corp\central_clones\python_geopandas\Lib\site-packages\fiona\proj_data\proj.db contains DATABASE.LAYOUT.VERSION.MINOR = 2 whereas a number >= 3 is expected. It comes from another PROJ installation.
2025-07-11 13:37:01,108 - fiona._env - WARNING - PROJ: proj_identify: P:\corp\central_clones\python_geopandas\Lib\site-packages\fiona\proj_data\proj.db contains DATABASE.LAYOUT.VERSION.MINOR = 2 whereas a number >= 3 is expected. It comes from another PROJ installation.
2025-07-11 13:37:01,502 - fiona._env - WARNING - PROJ: proj_identify: P:\corp\central_clones\python_geopandas\Lib\site-packages\fiona\proj_data\proj.db contains DATABASE.LAYOUT.VERSION.MINOR = 2 whereas a number >= 3 is expected. It comes from another PROJ installation.
2025-07-11 13:37:02,438 - fiona._env - DEBUG - GDAL_DATA found in environment.
2025-07-11 13:37:02,440 - fiona._env - DEBUG - PROJ data found in package: path='P:\\corp\\central_clones\\python_geopandas\\Lib\\site-packages\\fiona\\proj_data'.
2025-07-11 13:37:02,440 - fiona.ogrext - DEBUG - Got coordinate system
2025-07-11 13:37:02,452 - fiona.ogrext - DEBUG - Got coordinate system
2025-07-11 13:37:02,472 - fiona._env - WARNING - PROJ: proj_identify: P:\corp\central_clones\python_geopandas\Lib\site-packages\fiona\proj_data\proj.db contains DATABASE.LAYOUT.VERSION.MINOR = 2 whereas a number >= 3 is expected. It comes from another PROJ installation.
2025-07-11 13:37:02,473 - fiona.ogrext - DEBUG - OLC_FASTSETNEXTBYINDEX: 1
2025-07-11 13:37:02,473 - fiona.ogrext - DEBUG - OLC_FASTFEATURECOUNT: 1
2025-07-11 13:37:02,474 - fiona.ogrext - DEBUG - Next index: 0
2025-07-11 13:37:02,510 - fiona.collection - DEBUG - Flushed buffer
2025-07-11 13:37:02,512 - fiona.collection - DEBUG - Stopped session
2025-07-11 13:37:02,531 - fiona._env - DEBUG - GDAL_DATA found in environment.
2025-07-11 13:37:02,533 - fiona._env - DEBUG - PROJ data found in package: path='P:\\corp\\central_clones\\python_geopandas\\Lib\\site-packages\\fiona\\proj_data'.
2025-07-11 13:37:04,099 - fiona._env - WARNING - PROJ: proj_identify: P:\corp\central_clones\python_geopandas\Lib\site-packages\fiona\proj_data\proj.db contains DATABASE.LAYOUT.VERSION.MINOR = 2 whereas a number >= 3 is expected. It comes from another PROJ installation.
2025-07-11 13:37:09,224 - fiona._env - WARNING - PROJ: proj_identify: P:\corp\central_clones\python_geopandas\Lib\site-packages\fiona\proj_data\proj.db contains DATABASE.LAYOUT.VERSION.MINOR = 2 whereas a number >= 3 is expected. It comes from another PROJ installation.
2025-07-11 13:37:09,684 - fiona._env - WARNING - PROJ: proj_identify: P:\corp\central_clones\python_geopandas\Lib\site-packages\fiona\proj_data\proj.db contains DATABASE.LAYOUT.VERSION.MINOR = 2 whereas a number >= 3 is expected. It comes from another PROJ installation.
2025-07-11 13:37:10,646 - fiona._env - DEBUG - GDAL_DATA found in environment.
2025-07-11 13:37:10,648 - fiona._env - DEBUG - PROJ data found in package: path='P:\\corp\\central_clones\\python_geopandas\\Lib\\site-packages\\fiona\\proj_data'.
2025-07-11 13:37:10,649 - fiona.ogrext - DEBUG - Got coordinate system
2025-07-11 13:37:10,660 - fiona.ogrext - DEBUG - Got coordinate system
2025-07-11 13:37:10,682 - fiona._env - WARNING - PROJ: proj_identify: P:\corp\central_clones\python_geopandas\Lib\site-packages\fiona\proj_data\proj.db contains DATABASE.LAYOUT.VERSION.MINOR = 2 whereas a number >= 3 is expected. It comes from another PROJ installation.
2025-07-11 13:37:10,683 - fiona.ogrext - DEBUG - OLC_FASTSETNEXTBYINDEX: 1
2025-07-11 13:37:10,683 - fiona.ogrext - DEBUG - OLC_FASTFEATURECOUNT: 1
2025-07-11 13:37:10,683 - fiona.ogrext - DEBUG - Next index: 0
2025-07-11 13:37:10,719 - fiona.collection - DEBUG - Flushed buffer
2025-07-11 13:37:10,722 - fiona.collection - DEBUG - Stopped session
2025-07-11 13:37:10,741 - fiona._env - DEBUG - GDAL_DATA found in environment.
2025-07-11 13:37:10,743 - fiona._env - DEBUG - PROJ data found in package: path='P:\\corp\\central_clones\\python_geopandas\\Lib\\site-packages\\fiona\\proj_data'.
2025-07-11 13:37:12,223 - fiona._env - WARNING - PROJ: proj_identify: P:\corp\central_clones\python_geopandas\Lib\site-packages\fiona\proj_data\proj.db contains DATABASE.LAYOUT.VERSION.MINOR = 2 whereas a number >= 3 is expected. It comes from another PROJ installation.
2025-07-11 13:37:17,290 - fiona._env - WARNING - PROJ: proj_identify: P:\corp\central_clones\python_geopandas\Lib\site-packages\fiona\proj_data\proj.db contains DATABASE.LAYOUT.VERSION.MINOR = 2 whereas a number >= 3 is expected. It comes from another PROJ installation.
2025-07-11 13:37:17,752 - fiona._env - WARNING - PROJ: proj_identify: P:\corp\central_clones\python_geopandas\Lib\site-packages\fiona\proj_data\proj.db contains DATABASE.LAYOUT.VERSION.MINOR = 2 whereas a number >= 3 is expected. It comes from another PROJ installation.
2025-07-11 13:37:18,828 - fiona._env - DEBUG - GDAL_DATA found in environment.
2025-07-11 13:37:18,830 - fiona._env - DEBUG - PROJ data found in package: path='P:\\corp\\central_clones\\python_geopandas\\Lib\\site-packages\\fiona\\proj_data'.
2025-07-11 13:37:18,830 - fiona.ogrext - DEBUG - Got coordinate system
2025-07-11 13:37:18,843 - fiona.ogrext - DEBUG - Got coordinate system
2025-07-11 13:37:18,867 - fiona._env - WARNING - PROJ: proj_identify: P:\corp\central_clones\python_geopandas\Lib\site-packages\fiona\proj_data\proj.db contains DATABASE.LAYOUT.VERSION.MINOR = 2 whereas a number >= 3 is expected. It comes from another PROJ installation.
2025-07-11 13:37:18,867 - fiona.ogrext - DEBUG - OLC_FASTSETNEXTBYINDEX: 1
2025-07-11 13:37:18,868 - fiona.ogrext - DEBUG - OLC_FASTFEATURECOUNT: 1
2025-07-11 13:37:18,868 - fiona.ogrext - DEBUG - Next index: 0
2025-07-11 13:37:18,910 - fiona.collection - DEBUG - Flushed buffer
2025-07-11 13:37:18,913 - fiona.collection - DEBUG - Stopped session
2025-07-11 13:37:18,935 - fiona._env - DEBUG - GDAL_DATA found in environment.
2025-07-11 13:37:18,937 - fiona._env - DEBUG - PROJ data found in package: path='P:\\corp\\central_clones\\python_geopandas\\Lib\\site-packages\\fiona\\proj_data'.
2025-07-11 13:37:20,613 - fiona._env - WARNING - PROJ: proj_identify: P:\corp\central_clones\python_geopandas\Lib\site-packages\fiona\proj_data\proj.db contains DATABASE.LAYOUT.VERSION.MINOR = 2 whereas a number >= 3 is expected. It comes from another PROJ installation.
2025-07-11 13:37:26,115 - fiona._env - WARNING - PROJ: proj_identify: P:\corp\central_clones\python_geopandas\Lib\site-packages\fiona\proj_data\proj.db contains DATABASE.LAYOUT.VERSION.MINOR = 2 whereas a number >= 3 is expected. It comes from another PROJ installation.
2025-07-11 13:37:26,567 - fiona._env - WARNING - PROJ: proj_identify: P:\corp\central_clones\python_geopandas\Lib\site-packages\fiona\proj_data\proj.db contains DATABASE.LAYOUT.VERSION.MINOR = 2 whereas a number >= 3 is expected. It comes from another PROJ installation.
2025-07-11 13:37:27,721 - fiona._env - DEBUG - GDAL_DATA found in environment.
2025-07-11 13:37:27,723 - fiona._env - DEBUG - PROJ data found in package: path='P:\\corp\\central_clones\\python_geopandas\\Lib\\site-packages\\fiona\\proj_data'.
2025-07-11 13:37:27,724 - fiona.ogrext - DEBUG - Got coordinate system
2025-07-11 13:37:27,735 - fiona.ogrext - DEBUG - Got coordinate system
2025-07-11 13:37:27,757 - fiona._env - WARNING - PROJ: proj_identify: P:\corp\central_clones\python_geopandas\Lib\site-packages\fiona\proj_data\proj.db contains DATABASE.LAYOUT.VERSION.MINOR = 2 whereas a number >= 3 is expected. It comes from another PROJ installation.
2025-07-11 13:37:27,758 - fiona.ogrext - DEBUG - OLC_FASTSETNEXTBYINDEX: 1
2025-07-11 13:37:27,758 - fiona.ogrext - DEBUG - OLC_FASTFEATURECOUNT: 1
2025-07-11 13:37:27,758 - fiona.ogrext - DEBUG - Next index: 0
2025-07-11 13:37:27,793 - fiona.collection - DEBUG - Flushed buffer
2025-07-11 13:37:27,795 - fiona.collection - DEBUG - Stopped session
2025-07-11 13:37:27,815 - fiona._env - DEBUG - GDAL_DATA found in environment.
2025-07-11 13:37:27,817 - fiona._env - DEBUG - PROJ data found in package: path='P:\\corp\\central_clones\\python_geopandas\\Lib\\site-packages\\fiona\\proj_data'.
2025-07-11 13:37:29,350 - fiona._env - WARNING - PROJ: proj_identify: P:\corp\central_clones\python_geopandas\Lib\site-packages\fiona\proj_data\proj.db contains DATABASE.LAYOUT.VERSION.MINOR = 2 whereas a number >= 3 is expected. It comes from another PROJ installation.
2025-07-11 13:37:36,158 - fiona._env - WARNING - PROJ: proj_identify: P:\corp\central_clones\python_geopandas\Lib\site-packages\fiona\proj_data\proj.db contains DATABASE.LAYOUT.VERSION.MINOR = 2 whereas a number >= 3 is expected. It comes from another PROJ installation.
2025-07-11 13:37:36,585 - fiona._env - WARNING - PROJ: proj_identify: P:\corp\central_clones\python_geopandas\Lib\site-packages\fiona\proj_data\proj.db contains DATABASE.LAYOUT.VERSION.MINOR = 2 whereas a number >= 3 is expected. It comes from another PROJ installation.
2025-07-11 13:37:37,523 - fiona._env - DEBUG - GDAL_DATA found in environment.
2025-07-11 13:37:37,525 - fiona._env - DEBUG - PROJ data found in package: path='P:\\corp\\central_clones\\python_geopandas\\Lib\\site-packages\\fiona\\proj_data'.
2025-07-11 13:37:37,525 - fiona.ogrext - DEBUG - Got coordinate system
2025-07-11 13:37:37,537 - fiona.ogrext - DEBUG - Got coordinate system
2025-07-11 13:37:37,558 - fiona._env - WARNING - PROJ: proj_identify: P:\corp\central_clones\python_geopandas\Lib\site-packages\fiona\proj_data\proj.db contains DATABASE.LAYOUT.VERSION.MINOR = 2 whereas a number >= 3 is expected. It comes from another PROJ installation.
2025-07-11 13:37:37,558 - fiona.ogrext - DEBUG - OLC_FASTSETNEXTBYINDEX: 1
2025-07-11 13:37:37,559 - fiona.ogrext - DEBUG - OLC_FASTFEATURECOUNT: 1
2025-07-11 13:37:37,559 - fiona.ogrext - DEBUG - Next index: 0
2025-07-11 13:37:37,592 - fiona.collection - DEBUG - Flushed buffer
2025-07-11 13:37:37,594 - fiona.collection - DEBUG - Stopped session
2025-07-11 13:37:37,615 - fiona._env - DEBUG - GDAL_DATA found in environment.
2025-07-11 13:37:37,617 - fiona._env - DEBUG - PROJ data found in package: path='P:\\corp\\central_clones\\python_geopandas\\Lib\\site-packages\\fiona\\proj_data'.
2025-07-11 13:37:39,141 - fiona._env - WARNING - PROJ: proj_identify: P:\corp\central_clones\python_geopandas\Lib\site-packages\fiona\proj_data\proj.db contains DATABASE.LAYOUT.VERSION.MINOR = 2 whereas a number >= 3 is expected. It comes from another PROJ installation.
2025-07-11 13:37:43,935 - fiona._env - WARNING - PROJ: proj_identify: P:\corp\central_clones\python_geopandas\Lib\site-packages\fiona\proj_data\proj.db contains DATABASE.LAYOUT.VERSION.MINOR = 2 whereas a number >= 3 is expected. It comes from another PROJ installation.
2025-07-11 13:37:44,344 - fiona._env - WARNING - PROJ: proj_identify: P:\corp\central_clones\python_geopandas\Lib\site-packages\fiona\proj_data\proj.db contains DATABASE.LAYOUT.VERSION.MINOR = 2 whereas a number >= 3 is expected. It comes from another PROJ installation.
2025-07-11 13:37:45,276 - fiona._env - DEBUG - GDAL_DATA found in environment.
2025-07-11 13:37:45,278 - fiona._env - DEBUG - PROJ data found in package: path='P:\\corp\\central_clones\\python_geopandas\\Lib\\site-packages\\fiona\\proj_data'.
2025-07-11 13:37:45,279 - fiona.ogrext - DEBUG - Got coordinate system
2025-07-11 13:37:45,292 - fiona.ogrext - DEBUG - Got coordinate system
2025-07-11 13:37:45,315 - fiona._env - WARNING - PROJ: proj_identify: P:\corp\central_clones\python_geopandas\Lib\site-packages\fiona\proj_data\proj.db contains DATABASE.LAYOUT.VERSION.MINOR = 2 whereas a number >= 3 is expected. It comes from another PROJ installation.
2025-07-11 13:37:45,315 - fiona.ogrext - DEBUG - OLC_FASTSETNEXTBYINDEX: 1
2025-07-11 13:37:45,316 - fiona.ogrext - DEBUG - OLC_FASTFEATURECOUNT: 1
2025-07-11 13:37:45,316 - fiona.ogrext - DEBUG - Next index: 0
2025-07-11 13:37:45,349 - fiona.collection - DEBUG - Flushed buffer
2025-07-11 13:37:45,352 - fiona.collection - DEBUG - Stopped session
2025-07-11 13:44:46,733 - Process Job Mp: worker_0 - INFO - Process Job Mp: MakeAutomatedStatusSpreadsheet_ast completed successfully.
2025-07-11 13:44:46,733 - logging_setup - INFO - 

2025-07-11 13:44:46,734 - logging_setup - INFO - ##########################################################################################################################
2025-07-11 13:44:46,734 - logging_setup - INFO - #
2025-07-11 13:44:46,734 - logging_setup - INFO - Running Add Job Results from Load Jobs Function
2025-07-11 13:44:46,735 - logging_setup - INFO - #
2025-07-11 13:44:46,735 - logging_setup - INFO - ##########################################################################################################################
2025-07-11 13:44:46,735 - logging_setup - INFO - 

2025-07-11 13:44:46,753 - logging_setup - INFO - Add Job Result - Workbook loaded
2025-07-11 13:44:46,753 - logging_setup - INFO - Add Job Result - 'ast_condition' column found in the spreadsheet.
2025-07-11 13:44:46,754 - logging_setup - INFO - Add Job Result - Calculated Excel row index as 2 for job index 0
2025-07-11 13:44:46,754 - logging_setup - INFO - Add Job Result - Updated Job 0 with condition 'COMPLETE'.
2025-07-11 13:44:46,778 - logging_setup - INFO - Add Job Result - Saving Workbook with updated condition
2025-07-11 13:44:46,779 - Process Job Mp: worker_0 - INFO - Process Job Mp: Capturing arcpy messages...
2025-07-11 13:44:46,780 - Process Job Mp: worker_0 - INFO - arcpy messages: Start Time: July 11, 2025 12:41:21 PM
======================================================================
Batch Ast V3 --  Checking for ArcGIS Pro Advanced license _TEST
======================================================================
Batch Ast V3 - Now Running \\spatialfiles.bcgov\work\srm\nel\Local\Geomatics\Workarea\csostad\GitHubAutoAST\gss_authorizations\autoast\auto_ast_v3_Breville_folium_maps\automated_status_sheet_call_routine_arcpro.py
======================================================================

Reading Arguments
======================================================================
Batch Ast V3 -  Checking existence of GDB
Full_Path: \\spatialfiles.bcgov\work\srm\nel\Local\Geomatics\Workarea\csostad\Statusing\july11_v3_no_auto\aoi_boundary.gdb
creating \\spatialfiles.bcgov\work\srm\nel\Local\Geomatics\Workarea\csostad\Statusing\july11_v3_no_auto\aoi_boundary.gdb
======================================================================
Batch Ast V3 - Checking BCGW Credentials - may take a minute to process...
======================================================================
Ratch Ast V3 -Running Validation
The analysis will be run on all 1 feature(s), since no features were selected.
======================================================================
PASSED ARGUMENTS:
region                              west_coast                                                                                                                                                                                                                                                     
output_dir_same_as_input            false                                                                                                                                                                                                                                                          
output_directory                    \\spatialfiles.bcgov\work\srm\nel\Local\Geomatics\Workarea\csostad\Statusing\july11_v3_no_auto                                                                                                                                                                 
crown_file_number                                                                                                                                                                                                                                                                                  
disposition_number                                                                                                                                                                                                                                                                                 
parcel_number                                                                                                                                                                                                                                                                                      
dont_overwrite_outputs              false                                                                                                                                                                                                                                                          
skip_conflicts_and_constraints      false                                                                                                                                                                                                                                                          
debug_version                       false                                                                                                                                                                                                                                                          
suppress_map_creation               false                                                                                                                                                                                                                                                          
======================================================================
Setting hard-coded variables
======================================================================
Checking AOI
   getting AOI boundary from feature layer -- copying to GDB
======================================================================
Checking for possible errors in AOI shape
   is this shape multipart ?     no
   are there multiple polygons ?     no
   are there lots of vertices ?     no
   are there possible problems with you input FC ?     no
======================================================================
Preparing to pass variables
Passing variables
======================================================================
*** Running Universal Overlap Tool ***
======================================================================
Deleting fields from AOI to avoid conflicts...
======================================================================
Assigning English names to list positions
======================================================================
Splitting the arguments into individual variables
The input criteria are:
    analyize_this_featureclass = \\spatialfiles.bcgov\work\srm\nel\Local\Geomatics\Workarea\csostad\Statusing\july11_v3_no_auto\aoi_boundary.gdb\aoi
    create_subreports_on_this_field = 
    what_type_of_overlap_to_run = 
    xls_file_for_analysis_input = \\giswhse.env.gov.bc.ca\whse_np\corp\script_whse\python\Utility_Misc\Ready\statusing_tools_arcpro\statusing_input_spreadsheets\one_status_common_datasets.xlsx
    report_header1 = 
    report_header2 = 
    report_header3 = 
    report_header4 = 
    subreports_on_seperate_sheets = 
    directory_to_store_output = \\spatialfiles.bcgov\work\srm\nel\Local\Geomatics\Workarea\csostad\Statusing\july11_v3_no_auto
    summary_fields_on_seperate_lines = 
    dont_overwrite_data_and_maps = false
    xls_file_for_analysis_input2 = \\giswhse.env.gov.bc.ca\whse_np\corp\script_whse\python\Utility_Misc\Ready\statusing_tools_arcpro\statusing_input_spreadsheets\one_status_west_coast_specific.xlsx
    disclaimer = INTERNAL PROVINCIAL GOVERNMENT USE ONLY
    suppress_map_creation = false
    region = west_coast
    crown_file_number = 
    disposition_number = 
    parcel_number = 
    run_as_fcbc = true
    add_maps_to_current = false
======================================================================
Writing log file 
Set Environment Time is 0
======================================================================
Creating working directories, geodatabases, variables
======================================================================
Batch Ast V3 - Copying the AOI into the working .GDB
    Creating the raw AOI 
    Creating the final AOI 
Create GDB Time is 7
======================================================================
Reading the input XLS files
    Reading input spreadsheet #1 - 
\\giswhse.env.gov.bc.ca\whse_np\corp\script_whse\python\Utility_Misc\Ready\statusing_tools_arcpro\statusing_input_spreadsheets\one_status_common_datasets.xlsx
    Reading input spreadsheet #2 - 
\\giswhse.env.gov.bc.ca\whse_np\corp\script_whse\python\Utility_Misc\Ready\statusing_tools_arcpro\statusing_input_spreadsheets\one_status_west_coast_specific.xlsx
    Merging Spreadsheets
    Creating Master Control List
Read Inputs Time is 0
======================================================================
Clipping the input datasets to the AOI
Workspace set to: \\spatialfiles.bcgov\work\srm\nel\Local\Geomatics\Workarea\csostad\GitHubAutoAST\gss_authorizations\autoast\auto_ast_v3_Breville_folium_maps\connection\bcgw.sde
    Creating the buffered AOI's
    Buffering the AOI at 38 meters
    Buffering the AOI at 5 meters
    Buffering the AOI at 50 meters
    Buffering the AOI at 35 meters
    Buffering the AOI at 2000 meters
    Buffering the AOI at 500 meters
    Buffering the AOI at 5000 meters
    Buffering the AOI at 1000 meters
    Buffering the AOI at 250 meters
    Buffering the AOI at 200 meters
    Buffering the AOI at 150 meters
    Buffering the AOI at 100 meters
    Buffering the AOI at 501 meters
 INSIDE UOT -    SDE = \\spatialfiles.bcgov\work\srm\nel\Local\Geomatics\Workarea\csostad\GitHubAutoAST\gss_authorizations\autoast\auto_ast_v3_Breville_folium_maps\connection\bcgw.sde
    Intersecting the input featuresets
    intersecting 1 of 268     bcgw.sde\WHSE_BASEMAPPING.FWA_STREAM_NETWORKS_SP
    intersecting 2 of 268     bcgw.sde\WHSE_BASEMAPPING.TRIM_WATER_LINES
    intersecting 3 of 268     bcgw.sde\WHSE_BASEMAPPING.DRA_DGTL_ROAD_ATLAS_MPAR_SP
    intersecting 4 of 268     bcgw.sde\WHSE_FOREST_TENURE.FTEN_ROAD_SECTION_LINES_SVW
    intersecting 5 of 268     bcgw.sde\WHSE_FOREST_TENURE.FTEN_ROAD_SECTION_LINES_SVW
    intersecting 6 of 268     bcgw.sde\WHSE_TANTALIS.TA_SURVEYED_ROW_PARCELS_SVW
    intersecting 7 of 268     bcgw.sde\WHSE_TANTALIS.TA_CROWN_RIGHTS_OF_WAY_SVW
    intersecting 8 of 268     bcgw.sde\WHSE_BASEMAPPING.GBA_RAILWAY_TRACKS_SP
    intersecting 9 of 268     bcgw.sde\WHSE_BASEMAPPING.GBA_RAILWAY_CROSSINGS_SP
    intersecting 10 of 268     bcgw.sde\WHSE_BASEMAPPING.FWA_STREAM_NETWORKS_SP
    intersecting 11 of 268     bcgw.sde\WHSE_BASEMAPPING.TRIM_WATER_LINES
    intersecting 12 of 268     bcgw.sde\WHSE_BASEMAPPING.DRA_DGTL_ROAD_ATLAS_MPAR_SP
    intersecting 13 of 268     bcgw.sde\WHSE_BASEMAPPING.DRA_DGTL_ROAD_ATLAS_MPAR_SP
    intersecting 14 of 268     bcgw.sde\WHSE_FOREST_TENURE.FTEN_ROAD_SECTION_LINES_SVW
    intersecting 15 of 268     bcgw.sde\WHSE_TANTALIS.TA_SURVEYED_ROW_PARCELS_SVW
    intersecting 16 of 268     bcgw.sde\WHSE_TANTALIS.TA_CROWN_RIGHTS_OF_WAY_SVW
    intersecting 17 of 268     bcgw.sde\WHSE_TANTALIS.TEMP_TRANSPORT
    intersecting 18 of 268     bcgw.sde\WHSE_BASEMAPPING.GBA_RAILWAY_TRACKS_SP
    intersecting 19 of 268     bcgw.sde\WHSE_BASEMAPPING.GBA_RAILWAY_CROSSINGS_SP
    intersecting 20 of 268     bcgw.sde\WHSE_ADMIN_BOUNDARIES.CLAB_INDIAN_RESERVES
    intersecting 21 of 268     bcgw.sde\WHSE_ADMIN_BOUNDARIES.ADM_INDIAN_RESERVES_BANDS_SP
    intersecting 22 of 268     bcgw.sde\WHSE_ADMIN_BOUNDARIES.CLAB_NATIONAL_PARKS
    intersecting 23 of 268     bcgw.sde\WHSE_TANTALIS.TA_PARK_ECORES_PA_SVW
    intersecting 24 of 268     bcgw.sde\WHSE_TANTALIS.TA_CONSERVANCY_AREAS_SVW
    intersecting 25 of 268     bcgw.sde\WHSE_LEGAL_ADMIN_BOUNDARIES.WCL_CONSERVATION_LANDS_SP
    intersecting 26 of 268     bcgw.sde\WHSE_LEGAL_ADMIN_BOUNDARIES.WCL_CONSERVATION_AREAS_NGO_SP
    intersecting 27 of 268     bcgw.sde\WHSE_ADMIN_BOUNDARIES.PIP_CONSULTATION_AREAS_SP
    intersecting 28 of 268     bcgw.sde\REG_LEGAL_AND_ADMIN_BOUNDARIES.QSOI_BC_REGIONS
    intersecting 29 of 268     bcgw.sde\WHSE_HUMAN_CULTURAL_ECONOMIC.FNIRS_AGREEMENT_BOUNDARY_SVW
    intersecting 30 of 268     bcgw.sde\WHSE_HUMAN_CULTURAL_ECONOMIC.TUS_TRAD_USE_STUDY_POLY_MVW
    intersecting 31 of 268     bcgw.sde\WHSE_HUMAN_CULTURAL_ECONOMIC.TUS_TRD_USE_STD_SITE_POINT_MVW
    intersecting 32 of 268     bcgw.sde\WHSE_HUMAN_CULTURAL_ECONOMIC.TUS_TRD_USE_STD_SITE_LINE_MVW
    intersecting 33 of 268     bcgw.sde\WHSE_HUMAN_CULTURAL_ECONOMIC.TUS_TRD_USE_STD_SITE_POLY_MVW
    intersecting 34 of 268     bcgw.sde\WHSE_ADMIN_BOUNDARIES.FADM_TSA
    intersecting 35 of 268     bcgw.sde\WHSE_TANTALIS.TA_SURVEY_PARCELS_SVW
    intersecting 36 of 268     bcgw.sde\WHSE_TANTALIS.TA_SURVEY_PARCELS_SVW
    intersecting 37 of 268     bcgw.sde\WHSE_CADASTRE.PMBC_PARCEL_FABRIC_POLY_FA_SVW
    intersecting 38 of 268     bcgw.sde\WHSE_MINERAL_TENURE.MTA_CROWN_GRANT_MIN_CLAIM_SVW
    intersecting 39 of 268     bcgw.sde\WHSE_TANTALIS.TA_CROWN_TENURES_SVW
    intersecting 40 of 268     bcgw.sde\WHSE_TANTALIS.TA_CROWN_TENURES_SVW
    intersecting 41 of 268     bcgw.sde\WHSE_TANTALIS.TA_CROWN_TENURES_SVW
    intersecting 42 of 268     bcgw.sde\WHSE_TANTALIS.TA_CROWN_TENURES_SVW
    intersecting 43 of 268     bcgw.sde\WHSE_TANTALIS.TA_CROWN_LEASES_SVW
    intersecting 44 of 268     bcgw.sde\WHSE_TANTALIS.TA_ACQUISITIONS_SVW
    intersecting 45 of 268     bcgw.sde\WHSE_TANTALIS.TA_REVERSIONS_SVW
    intersecting 46 of 268     bcgw.sde\WHSE_LEGAL_ADMIN_BOUNDARIES.ILRR_LAND_ACT_TRNSFR_CNTRL_SVW
    intersecting 47 of 268     bcgw.sde\WHSE_WILDLIFE_MANAGEMENT.WAA_GUIDE_OUTFITTER_AREA_SVW
    intersecting 48 of 268     bcgw.sde\WHSE_WILDLIFE_MANAGEMENT.WAA_TRAPLINE_AREAS_SP
    intersecting 49 of 268     bcgw.sde\WHSE_FOREST_TENURE.FTEN_ROAD_SECTION_LINES_SVW
    intersecting 50 of 268     bcgw.sde\WHSE_FOREST_TENURE.FTEN_ROAD_SECTION_LINES_SVW
    intersecting 51 of 268     bcgw.sde\WHSE_FOREST_TENURE.FTEN_SPEC_ACCESS_RD_LINES_SVW
    intersecting 52 of 268     bcgw.sde\WHSE_FOREST_TENURE.FTEN_SPEC_ACCESS_RD_POLY_SVW
    intersecting 53 of 268     bcgw.sde\WHSE_FOREST_TENURE.FTEN_RANGE_POLY_SVW
    intersecting 54 of 268     bcgw.sde\WHSE_FOREST_TENURE.FTEN_HARVEST_AUTH_POLY_SVW 
    intersecting 55 of 268     bcgw.sde\WHSE_FOREST_TENURE.FTEN_CUT_BLOCK_POLY_SVW
    intersecting 56 of 268     bcgw.sde\WHSE_FOREST_TENURE.FTEN_COMM_SITE_POLY_SVW
    intersecting 57 of 268     bcgw.sde\WHSE_FOREST_TENURE.FTEN_REAL_PROPERTY_POLY_SVW
    intersecting 58 of 268     bcgw.sde\WHSE_FOREST_TENURE.FTEN_SPEC_USE_PERMIT_POLY_SVW
    intersecting 59 of 268     bcgw.sde\WHSE_FOREST_TENURE.FTEN_TIMBER_LICENCE_POLY_SVW
    intersecting 60 of 268     bcgw.sde\WHSE_FOREST_TENURE.FTEN_TL_REMAINING_POLY_SVW
    intersecting 61 of 268     bcgw.sde\WHSE_FOREST_TENURE.FTEN_TL_ELIMINATION_POLY_SVW
    intersecting 62 of 268     bcgw.sde\WHSE_FOREST_TENURE.FTEN_MANAGED_LICENCE_POLY_SVW
    intersecting 63 of 268     bcgw.sde\WHSE_FOREST_TENURE.FTEN_FREE_USE_PERMIT_POLY_SVW
    intersecting 64 of 268     bcgw.sde\WHSE_FOREST_TENURE.FTEN_MAP_NOTATN_LINES_SVW
    intersecting 65 of 268     bcgw.sde\WHSE_FOREST_TENURE.FTEN_MAP_NOTATN_POLY_SVW
    intersecting 66 of 268     bcgw.sde\WHSE_FOREST_TENURE.FTEN_MAP_NOTATN_POINTS_SVW
    intersecting 67 of 268     bcgw.sde\WHSE_ADMIN_BOUNDARIES.FADM_TFL
    intersecting 68 of 268     bcgw.sde\WHSE_ADMIN_BOUNDARIES.FADM_TFL_ADDITION
    intersecting 69 of 268     bcgw.sde\WHSE_ADMIN_BOUNDARIES.FADM_TFL_DELETION
    intersecting 70 of 268     bcgw.sde\WHSE_ADMIN_BOUNDARIES.FADM_TFL_SCHED_A
    intersecting 71 of 268     bcgw.sde\WHSE_FOREST_VEGETATION.RESPROJ_RSRCH_INSTLTNS_GOV_SVW
    intersecting 72 of 268     bcgw.sde\WHSE_FOREST_VEGETATION.ISMC_PSP_ACTIVE_SITES_SP
    intersecting 73 of 268     bcgw.sde\WHSE_FOREST_TENURE.FTEN_RECREATION_POLY_SVW
    intersecting 74 of 268     bcgw.sde\WHSE_FOREST_TENURE.FTEN_RECREATION_LINES_SVW
    intersecting 75 of 268     bcgw.sde\WHSE_HUMAN_CULTURAL_ECONOMIC.RST_SECTION_58_ORDERS_POINT
    intersecting 76 of 268     bcgw.sde\WHSE_HUMAN_CULTURAL_ECONOMIC.RST_SECTION_58_ORDERS_LINE
    intersecting 77 of 268     bcgw.sde\WHSE_HUMAN_CULTURAL_ECONOMIC.RST_SECTION_58_ORDERS_POLY
    intersecting 78 of 268     bcgw.sde\WHSE_FOREST_VEGETATION.RSLT_OPENING_SVW
    intersecting 79 of 268     bcgw.sde\WHSE_FOREST_VEGETATION.RSLT_FOREST_COVER_RESERVE_SVW
    intersecting 80 of 268     bcgw.sde\WHSE_BASEMAPPING.GBA_METEOROLOGICAL_LOCS_SP
    intersecting 81 of 268     bcgw.sde\WHSE_ENVIRONMENTAL_MONITORING.ENVCAN_HYDROMETRIC_STN_SP
    intersecting 82 of 268     bcgw.sde\WHSE_WATER_MANAGEMENT.WLS_WATER_NOTATION_STREAMS_SP
    intersecting 83 of 268     bcgw.sde\WHSE_WATER_MANAGEMENT.WLS_WATER_NOTATION_AQUIFERS_SP
    intersecting 84 of 268     bcgw.sde\WHSE_WATER_MANAGEMENT.WLS_WATER_RIGHTS_LICENCES_SP
    intersecting 85 of 268     bcgw.sde\WHSE_WATER_MANAGEMENT.WLS_WATER_RIGHTS_APPLICTNS_SP
    intersecting 86 of 268     bcgw.sde\WHSE_WATER_MANAGEMENT.WLS_WATER_LICENCED_WRK_LINE_SP
    intersecting 87 of 268     bcgw.sde\WHSE_WATER_MANAGEMENT.WLS_WATER_LICENCED_WRK_LOC_SP
    intersecting 88 of 268     bcgw.sde\WHSE_WATER_MANAGEMENT.WLS_LICENCE_WITH_PARCELS_ISP
    intersecting 89 of 268     bcgw.sde\WHSE_WATER_MANAGEMENT.WLS_WATER_APPROVALS_GOV_SVW
    intersecting 90 of 268     bcgw.sde\WHSE_WATER_MANAGEMENT.WLS_RESERVOIR_PMT_LICENSEE_SP
    intersecting 91 of 268     bcgw.sde\WHSE_WATER_MANAGEMENT.WRIS_DAMS_PUBLIC_SVW
    intersecting 92 of 268     bcgw.sde\WHSE_MINERAL_TENURE.MTA_ACQUIRED_TENURE_SVW
    intersecting 93 of 268     bcgw.sde\WHSE_MINERAL_TENURE.MTA_ACQUIRED_TENURE_SVW
    intersecting 94 of 268     bcgw.sde\WHSE_MINERAL_TENURE.MTA_ACQUIRED_TENURE_SVW
    intersecting 95 of 268     bcgw.sde\WHSE_MINERAL_TENURE.HSP_MJR_MINES_PERMTTD_AREAS_SP
    intersecting 96 of 268     bcgw.sde\WHSE_MINERAL_TENURE.HSP_NOTICE_OF_WORK_PA_POINT_SV
    intersecting 97 of 268     bcgw.sde\WHSE_MINERAL_TENURE.HSP_NOTICE_OF_WORK_PA_POINT_SV
    intersecting 98 of 268     bcgw.sde\WHSE_MINERAL_TENURE.MTA_ACQUIRED_TENURE_SVW
    intersecting 99 of 268     bcgw.sde\WHSE_MINERAL_TENURE.PTSA_PETROLEUM_TITLE_POLY
    intersecting 100 of 268     bcgw.sde\WHSE_LAND_AND_NATURAL_RESOURCE.FOSS_IMPORTANT_FOSSIL_AREAS_SP
    intersecting 101 of 268     bcgw.sde\WHSE_WASTE.SITE_ENV_RMDTN_SITES_GOV_SVW
    intersecting 102 of 268     bcgw.sde\WHSE_WASTE.BC_ENV_MONITOR_LOCNS
    intersecting 103 of 268     bcgw.sde\WHSE_ARCHAEOLOGY.RAAD_TFM_SITES_SVW
    intersecting 104 of 268     bcgw.sde\WHSE_ARCHAEOLOGY.RAAD_TFM_SITES_SVW
    intersecting 105 of 268     bcgw.sde\WHSE_HUMAN_CULTURAL_ECONOMIC.HIST_HISTORIC_ENVIRONMNT_FA_SP
    intersecting 106 of 268     bcgw.sde\WHSE_HUMAN_CULTURAL_ECONOMIC.HIST_HISTORIC_ENVIRONMNT_FA_SP
    intersecting 107 of 268     \\spatialfiles.bcgov\work\!Shared_Access\IPCA\IPCA_AST.gdb\AST_interim_IPCA
    intersecting 108 of 268     bcgw.sde\WHSE_LEGAL_ADMIN_BOUNDARIES.OATS_ALR_POLYS
    intersecting 109 of 268     bcgw.sde\WHSE_TANTALIS.TEMP_TRANSPORT
    intersecting 110 of 268     bcgw.sde\REG_LEGAL_AND_ADMIN_BOUNDARIES.REC_TENURE_ALPINE_SKI_AREAS_SP
    intersecting 111 of 268     bcgw.sde\WHSE_WILDLIFE_INVENTORY.AMA_SNOWMOBILE_MGMT_AREAS_SP
    intersecting 112 of 268     bcgw.sde\WHSE_MINERAL_TENURE.MTA_SITE_SP
    intersecting 113 of 268     bcgw.sde\WHSE_MINERAL_TENURE.MTA_SITE_SP
    intersecting 114 of 268     bcgw.sde\WHSE_TERRESTRIAL_ECOLOGY.BIOT_OCCR_NON_SENS_AREA_SVW
    intersecting 115 of 268     bcgw.sde\WHSE_TERRESTRIAL_ECOLOGY.BIOT_OCCR_MASKED_SENS_AREA_SP
    intersecting 116 of 268     bcgw.sde\WHSE_WATER_MANAGEMENT.WLS_COMMUNITY_WS_PUB_SVW
    intersecting 117 of 268     bcgw.sde\WHSE_BASEMAPPING.CWB_FLOODPLAINS_BC_AREA_SVW
    intersecting 118 of 268     bcgw.sde\WHSE_WATER_MANAGEMENT.GW_WATER_WELLS_WRBC_SVW
    intersecting 119 of 268     bcgw.sde\WHSE_WATER_MANAGEMENT.GW_AQUIFERS_CLASSIFICATION_SVW
    intersecting 120 of 268     bcgw.sde\WHSE_WATER_MANAGEMENT.WLS_WATER_RESERVATION_SV
    intersecting 121 of 268     bcgw.sde\WHSE_WATER_MANAGEMENT.WLS_WATER_NOTATION_SV
    intersecting 122 of 268     bcgw.sde\WHSE_WATER_MANAGEMENT.WLS_NON_TRIM_HYDRGRPH_LINE_SVW
    intersecting 123 of 268     bcgw.sde\WHSE_WATER_MANAGEMENT.FPW_APPURTENANT_STRUCTURE_SVW
    intersecting 124 of 268     bcgw.sde\WHSE_WATER_MANAGEMENT.SSL_SNOW_MSS_LOCS_SP
    intersecting 125 of 268     bcgw.sde\WHSE_WATER_MANAGEMENT.SSL_SNOW_ASWS_STNS_SP
    intersecting 126 of 268     bcgw.sde\WHSE_WILDLIFE_MANAGEMENT.WCP_WILDLIFE_HABITAT_AREA_POLY
    intersecting 127 of 268     bcgw.sde\WHSE_WILDLIFE_MANAGEMENT.WCP_WHA_PROPOSED_SP
    intersecting 128 of 268     bcgw.sde\WHSE_WILDLIFE_MANAGEMENT.WCP_UNGULATE_WINTER_RANGE_SP
    intersecting 129 of 268     bcgw.sde\WHSE_WILDLIFE_MANAGEMENT.WCP_UNGULATE_WINTER_RANGE_SP
    intersecting 130 of 268     bcgw.sde\WHSE_WILDLIFE_MANAGEMENT.WCP_UNG_WNTR_RNG_PROPOSED_SP
    intersecting 131 of 268     bcgw.sde\WHSE_WILDLIFE_MANAGEMENT.WCP_WILDLIFE_HABITAT_AREA_POLY
    intersecting 132 of 268     bcgw.sde\WHSE_WILDLIFE_MANAGEMENT.WCP_UNGULATE_WINTER_RANGE_SP
    intersecting 133 of 268     bcgw.sde\WHSE_WILDLIFE_MANAGEMENT.WCP_FISH_SENS_WS_PROPOSED_SP
    intersecting 134 of 268     bcgw.sde\WHSE_WILDLIFE_MANAGEMENT.WCP_FISH_SENSITIVE_WS_POLY
    intersecting 135 of 268     bcgw.sde\WHSE_WILDLIFE_MANAGEMENT.WCP_CRITICAL_HABITAT_SP
    intersecting 136 of 268     bcgw.sde\WHSE_WILDLIFE_MANAGEMENT.CRIMS_EELGRASSES
    intersecting 137 of 268     bcgw.sde\WHSE_WILDLIFE_MANAGEMENT.CRIMS_KELP_BEDS
    intersecting 138 of 268     bcgw.sde\WHSE_TANTALIS.TA_WILDLIFE_MGMT_AREAS_SVW
    intersecting 139 of 268     bcgw.sde\WHSE_WILDLIFE_MANAGEMENT.WAA_WILDLIFE_MGMT_UNITS_SVW
    intersecting 140 of 268     bcgw.sde\WHSE_ADMIN_BOUNDARIES.FADM_PROV_FOREST
    intersecting 141 of 268     bcgw.sde\WHSE_ADMIN_BOUNDARIES.FADM_PROV_FOREST_ADDITION
    intersecting 142 of 268     bcgw.sde\WHSE_ADMIN_BOUNDARIES.FADM_PROV_FOREST_DELETION
    intersecting 143 of 268     bcgw.sde\WHSE_ADMIN_BOUNDARIES.FADM_PROV_FOREST_EXCLUSION
    intersecting 144 of 268     bcgw.sde\WHSE_TERRESTRIAL_ECOLOGY.STE_TER_PROJECT_BOUNDARIES_SVW
    intersecting 145 of 268     bcgw.sde\WHSE_LAND_USE_PLANNING.RMP_LANDSCAPE_UNIT_SVW
    intersecting 146 of 268     bcgw.sde\WHSE_LAND_USE_PLANNING.RMP_STRGC_LAND_RSRCE_PLAN_SVW
    intersecting 147 of 268     bcgw.sde\WHSE_LAND_USE_PLANNING.RMP_OGMA_LEGAL_CURRENT_SVW
    intersecting 148 of 268     bcgw.sde\WHSE_LAND_USE_PLANNING.RMP_OGMA_NON_LEGAL_CURRENT_SVW
    intersecting 149 of 268     bcgw.sde\WHSE_FOREST_VEGETATION.OGSR_PRIORITY_DEF_AREA_CUR_SP
    intersecting 150 of 268     bcgw.sde\WHSE_LAND_USE_PLANNING.RMP_PLAN_LEGAL_POLY_SVW
    intersecting 151 of 268     bcgw.sde\WHSE_LAND_USE_PLANNING.RMP_PLAN_LEGAL_POINT_SVW
    intersecting 152 of 268     bcgw.sde\WHSE_LAND_USE_PLANNING.RMP_PLAN_LEGAL_LINE_SVW
    intersecting 153 of 268     bcgw.sde\WHSE_LAND_USE_PLANNING.RMP_PLAN_NON_LEGAL_POLY_SVW
    intersecting 154 of 268     bcgw.sde\WHSE_LAND_USE_PLANNING.RMP_PLAN_NON_LEGAL_POINT_SVW
    intersecting 155 of 268     bcgw.sde\WHSE_LAND_USE_PLANNING.RMP_PLAN_NON_LEGAL_LINE_SVW
    intersecting 156 of 268     bcgw.sde\WHSE_ARCHAEOLOGY.RAAD_AOA_PROVINCIAL
    intersecting 157 of 268     bcgw.sde\WHSE_ARCHAEOLOGY.RAAD_INFORMED_CONTRIBUTORS_SV
    intersecting 158 of 268     bcgw.sde\WHSE_FISH.FISS_FISH_OBSRVTN_PNT_SP
    intersecting 159 of 268     bcgw.sde\WHSE_FISH.FISS_FISH_OBSRVTN_PNT_SP
    intersecting 160 of 268     bcgw.sde\WHSE_FISH.FISS_HIST_FISH_DST_PNT_PUB_SVW
    intersecting 161 of 268     bcgw.sde\WHSE_FISH.FISS_HIST_FISH_DST_PNT_PUB_SVW
    intersecting 162 of 268     bcgw.sde\WHSE_FOREST_VEGETATION.BEC_BIOGEOCLIMATIC_20K_SPG
    intersecting 163 of 268     bcgw.sde\WHSE_TANTALIS.TA_CROWN_TENURES_SVW
    intersecting 164 of 268     bcgw.sde\WHSE_MINERAL_TENURE.OG_ROAD_AREA_PERMIT_SP
    intersecting 165 of 268     bcgw.sde\WHSE_MINERAL_TENURE.OG_ROAD_AREA_APPL_SP
    intersecting 166 of 268     bcgw.sde\WHSE_MINERAL_TENURE.OG_WELL_FACILITY_PERMIT_SP
    intersecting 167 of 268     bcgw.sde\WHSE_MINERAL_TENURE.OG_WELL_FACILITY_APPL_SP
    intersecting 168 of 268     bcgw.sde\WHSE_MINERAL_TENURE.OG_PIPELINE_AREA_PERMIT_SP
    intersecting 169 of 268     bcgw.sde\WHSE_MINERAL_TENURE.OG_PIPELINE_AREA_APPL_SP
    intersecting 170 of 268     bcgw.sde\WHSE_MINERAL_TENURE.OG_PIPELINE_AREA_PERMIT_SP
    intersecting 171 of 268     bcgw.sde\WHSE_MINERAL_TENURE.OG_PIPELINE_AREA_APPL_SP
    intersecting 172 of 268     bcgw.sde\WHSE_MINERAL_TENURE.OG_CONSTR_CORRIDOR_APPL_SP
    intersecting 173 of 268     bcgw.sde\WHSE_MINERAL_TENURE.OG_GEOPHYSICAL_PERMIT_SP
    intersecting 174 of 268     bcgw.sde\WHSE_MINERAL_TENURE.OG_GEOPHYSICAL_APPL_SP
    intersecting 175 of 268     bcgw.sde\WHSE_MINERAL_TENURE.OG_FACILITY_LOCATNS_PERMIT_SP
    intersecting 176 of 268     bcgw.sde\WHSE_MINERAL_TENURE.OG_ASSOC_ANCILLARY_PERMIT_SP
    intersecting 177 of 268     bcgw.sde\WHSE_MINERAL_TENURE.OG_ASSOC_ANCILLARY_APPL_SP
    intersecting 178 of 268     bcgw.sde\WHSE_MINERAL_TENURE.OG_SUMP_LOCATIONS_SP
    intersecting 179 of 268     bcgw.sde\WHSE_MINERAL_TENURE.OG_WASTE_DISP_SITES_PRE2016_SP
    intersecting 180 of 268     bcgw.sde\WHSE_MINERAL_TENURE.OG_WATER_SOURCE_PERMIT_SP
    intersecting 181 of 268     bcgw.sde\WHSE_MINERAL_TENURE.OG_WATER_SOURCE_APPL_SP
    intersecting 182 of 268     bcgw.sde\WHSE_MINERAL_TENURE.OG_PETRLM_DEV_RDS_PRE06_GOV_SP
    intersecting 183 of 268     bcgw.sde\WHSE_MINERAL_TENURE.OG_FACILITY_LOCATNS_PRE2016_SP
    intersecting 184 of 268     bcgw.sde\WHSE_HUMAN_CULTURAL_ECONOMIC.FNT_AREAS_OF_INTEREST_SP
    intersecting 185 of 268     bcgw.sde\WHSE_ADMIN_BOUNDARIES.TADM_MOT_DISTRICT_BNDRY_POLY
    intersecting 186 of 268     bcgw.sde\WHSE_ADMIN_BOUNDARIES.EADM_WLAP_REGION_BND_AREA_SVW
    intersecting 187 of 268     bcgw.sde\WHSE_ADMIN_BOUNDARIES.BCHA_HEALTH_AUTHORITY_BNDRY_SP
    intersecting 188 of 268     bcgw.sde\WHSE_TANTALIS.TA_LAND_DISTRICTS_SVW
    intersecting 189 of 268     bcgw.sde\WHSE_LEGAL_ADMIN_BOUNDARIES.ABMS_REGIONAL_DISTRICTS_SP
    intersecting 190 of 268     bcgw.sde\WHSE_TANTALIS.TA_MGMT_AREAS_SPATIAL_SVW
    intersecting 191 of 268     bcgw.sde\WHSE_ADMIN_BOUNDARIES.ADM_NR_DISTRICTS_SP
    intersecting 192 of 268     bcgw.sde\WHSE_ADMIN_BOUNDARIES.ADM_NR_REGIONS_SP
    intersecting 193 of 268     bcgw.sde\WHSE_ADMIN_BOUNDARIES.ADM_NR_AREAS_SP 
    intersecting 194 of 268     bcgw.sde\WHSE_ADMIN_BOUNDARIES.LWADM_WATMGMT_DIST_AREA_SVW
    intersecting 195 of 268     bcgw.sde\WHSE_ADMIN_BOUNDARIES.LWADM_WATMGMT_PREC_AREA_SVW
    intersecting 196 of 268     bcgw.sde\WHSE_LEGAL_ADMIN_BOUNDARIES.ABMS_MUNICIPALITIES_SP
    intersecting 197 of 268     bcgw.sde\WHSE_HUMAN_CULTURAL_ECONOMIC.FNT_NANWAKOLAS_MATRIX_SP
    intersecting 198 of 268     bcgw.sde\WHSE_LEGAL_ADMIN_BOUNDARIES.FNT_TREATY_LAND_SP
    intersecting 199 of 268     bcgw.sde\WHSE_LEGAL_ADMIN_BOUNDARIES.FNT_TREATY_RELATED_LAND_SP
    intersecting 200 of 268     bcgw.sde\WHSE_LEGAL_ADMIN_BOUNDARIES.FNT_TREATY_AREA_SP
    intersecting 201 of 268     bcgw.sde\WHSE_TANTALIS.TA_LAND_CLAIM_STLMNT_AREAS_SVW
    intersecting 202 of 268     bcgw.sde\WHSE_LEGAL_ADMIN_BOUNDARIES.ABMS_LGL_ADMIN_AREAS_SVW
    intersecting 203 of 268     bcgw.sde\WHSE_TANTALIS.TA_PARK_ECORES_PA_SVW
    intersecting 204 of 268     bcgw.sde\WHSE_TANTALIS.TA_PARK_ECORES_PA_SVW
    intersecting 205 of 268     bcgw.sde\WHSE_TANTALIS.TA_CONSERVANCY_AREAS_SVW
    intersecting 206 of 268     bcgw.sde\WHSE_TANTALIS.TA_WILDLIFE_MGMT_AREAS_SVW
    intersecting 207 of 268     \\spatialfiles.bcgov\work\lwbc\visr\Workarea\FCBC_VISR\Regional_Datasets\CFN_Consolidated_Bdy\CFN_Boundary_Jul_2012.shp
    intersecting 208 of 268     bcgw.sde\WHSE_ADMIN_BOUNDARIES.CLAB_INDIAN_RESERVES
    intersecting 209 of 268     \\spatialfiles.bcgov\work\lwbc\visr\Workarea\FCBC_VISR\Regional_Datasets\Harbour_Authorities\BC_Small_Harbour_Authorities_50m_buffer_BCAlbers.shp
    intersecting 210 of 268     bcgw.sde\WHSE_LEGAL_ADMIN_BOUNDARIES.FNT_TREATY_SIDE_AGREEMENTS_SP
    intersecting 211 of 268     \\spatialfiles.bcgov\work\lwbc\visr\Workarea\FCBC_VISR\Regional_Datasets\Nuchatlaht_Claim_Area\Nuchatlaht_Claim_Area_as_of_Feb2018.shp
    intersecting 212 of 268     \\spatialfiles.bcgov\work\lwbc\visr\Workarea\FCBC_VISR\Regional_Datasets\Nuchatlaht_Claim_Area_1K_Buffer\Nuchatlaht_Claim_Area_1km_Buffer_as_of_Feb2018.shp
    intersecting 213 of 268     \\spatialfiles.bcgov\work\lwbc\visr\Workarea\FCBC_VISR\Regional_Datasets\MIRR_NOI_Namgis_Tlowitsis\Namgis_Tlowitsis_NOIs_Oct2019_Final.shp
    intersecting 214 of 268     \\spatialfiles.bcgov\work\lwbc\visr\Workarea\FCBC_VISR\Regional_Datasets\MIRR_NOI_Wei_Wai_Kum_ITA_Oct2019\Wei_Wai_Kum_ITA_Oct2019.shp
    intersecting 215 of 268     \\spatialfiles.bcgov\Work\lwbc\visr\Workarea\FCBC_VISR\Regional_Datasets\MIRR_NOI_GNN\GNN_Offer_Lands.shp
    intersecting 216 of 268     \\spatialfiles.bcgov\Work\lwbc\visr\Workarea\FCBC_VISR\Regional_Datasets\MIRR_NOI_Wuikinuxv_Jun2020\Wuikinuxv_LAT_2020-06-11.shp
    intersecting 217 of 268     bcgw.sde\WHSE_HUMAN_CULTURAL_ECONOMIC.FNT_AREAS_OF_INTEREST_SP
    intersecting 218 of 268     bcgw.sde\WHSE_ADMIN_BOUNDARIES.FADM_DESIGNATED_AREAS
    intersecting 219 of 268     bcgw.sde\WHSE_ARCHAEOLOGY.RAAD_TFM_SITES_SVW
    intersecting 220 of 268     bcgw.sde\WHSE_ARCHAEOLOGY.RAAD_TFM_SITES_SVW
    intersecting 221 of 268     bcgw.sde\WHSE_ARCHAEOLOGY.RAAD_TFM_SITES_SVW
    intersecting 222 of 268     bcgw.sde\WHSE_ARCHAEOLOGY.RAAD_TFM_SITES_SVW
    intersecting 223 of 268     bcgw.sde\WHSE_ARCHAEOLOGY.RAAD_TFM_SITES_SVW
    intersecting 224 of 268     bcgw.sde\WHSE_ARCHAEOLOGY.RAAD_TFM_SITES_SVW
    intersecting 225 of 268     bcgw.sde\WHSE_ARCHAEOLOGY.RAAD_AOA_PROVINCIAL
    intersecting 226 of 268     bcgw.sde\REG_HUMAN_CULTURAL_ECONOMIC.RAAD_AOA_CULT_MOD_TREE_SP
    intersecting 227 of 268     \\spatialfiles.bcgov\work\lwbc\visr\Workarea\FCBC_VISR\Regional_Datasets\MM_Reserves\MM_Reserve.shp
    intersecting 228 of 268     bcgw.sde\WHSE_WILDLIFE_MANAGEMENT.CRIMS_KELP_BEDS
    intersecting 229 of 268     bcgw.sde\WHSE_WILDLIFE_MANAGEMENT.CRIMS_KELP_BEDS
    intersecting 230 of 268     \\spatialfiles.bcgov\Work\lwbc\visr\Workarea\FCBC_VISR\Regional_Datasets\Eelgrass_Inventory_within_IslandsTrust_Areas\BullKelp_islandTrust_2022.shp
    intersecting 231 of 268     \\spatialfiles.bcgov\Work\lwbc\visr\Workarea\FCBC_VISR\Regional_Datasets\Eelgrass_Inventory_within_IslandsTrust_Areas\BullKelp_islandTrust_2022.shp
    intersecting 232 of 268     bcgw.sde\WHSE_WILDLIFE_MANAGEMENT.CRIMS_EELGRASSES
    intersecting 233 of 268     bcgw.sde\WHSE_WILDLIFE_MANAGEMENT.CRIMS_EELGRASSES
    intersecting 234 of 268     \\spatialfiles.bcgov\work\lwbc\visr\Workarea\FCBC_VISR\Regional_Datasets\Eelgrass_Inventory_within_IslandsTrust_Areas\Eelgrass_islandTrust_2022.shp
    intersecting 235 of 268     \\spatialfiles.bcgov\work\lwbc\visr\Workarea\FCBC_VISR\Regional_Datasets\Eelgrass_Inventory_within_IslandsTrust_Areas\Eelgrass_islandTrust_2022.shp
    intersecting 236 of 268     \\spatialfiles.bcgov\work\lwbc\visr\Workarea\FCBC_VISR\Regional_Datasets\Killer_Whale_EBSA\DFO_BC_RES_KILLER_WHALE_IA_SOG.shp
    intersecting 237 of 268     \\spatialfiles.bcgov\work\lwbc\visr\Workarea\FCBC_VISR\Regional_Datasets\Killer_Whale_EBSA\DFO_BC_IA_RES_KILERWHAL_PNCIMA.shp
    intersecting 238 of 268     \\spatialfiles.bcgov\Work\lwbc\visr\Workarea\FCBC_VISR\Regional_Datasets\DFO\DFO_SARA_CritHab_2022_KillerWhale.shp
    intersecting 239 of 268     bcgw.sde\WHSE_WILDLIFE_MANAGEMENT.CRIMS_CLAM_BEDS
    intersecting 240 of 268     bcgw.sde\WHSE_WILDLIFE_MANAGEMENT.CRIMS_HERRING_SPAWN
    intersecting 241 of 268     bcgw.sde\WHSE_WATER_MANAGEMENT.WLS_WATER_RIGHTS_LICENCES_SP
    intersecting 242 of 268     bcgw.sde\WHSE_TANTALIS.TA_CROWN_TENURES_SVW
    intersecting 243 of 268     bcgw.sde\WHSE_TANTALIS.TA_CROWN_TENURES_SVW
    intersecting 244 of 268     bcgw.sde\WHSE_TANTALIS.TA_CROWN_TENURES_SVW
    intersecting 245 of 268     bcgw.sde\WHSE_TANTALIS.TA_CROWN_TENURES_SVW
    intersecting 246 of 268     bcgw.sde\WHSE_TANTALIS.TA_CROWN_TENURES_SVW
    intersecting 247 of 268     bcgw.sde\WHSE_TANTALIS.TA_CROWN_TENURES_SVW
    intersecting 248 of 268     bcgw.sde\WHSE_ADMIN_BOUNDARIES.CLP_UTILITY_PRICING_ZONES_SP
    intersecting 249 of 268     bcgw.sde\WHSE_LEGAL_ADMIN_BOUNDARIES.LUAA_LOG_HNDLNG_PTNTL_SITES_SP
    intersecting 250 of 268     bcgw.sde\WHSE_FOREST_TENURE.FTEN_RECREATION_POLY_SVW
    intersecting 251 of 268     bcgw.sde\WHSE_LAND_USE_PLANNING.RMP_PLAN_NON_LEGAL_POLY_SVW
    intersecting 252 of 268     bcgw.sde\WHSE_LAND_USE_PLANNING.RMP_PLAN_NON_LEGAL_POLY_SVW
    intersecting 253 of 268     bcgw.sde\WHSE_LAND_USE_PLANNING.RMP_PLAN_NON_LEGAL_POLY_SVW
    intersecting 254 of 268     bcgw.sde\WHSE_LAND_USE_PLANNING.RMP_PLAN_NON_LEGAL_POLY_SVW
    intersecting 255 of 268     \\spatialfiles.bcgov\Work\lwbc\visr\Workarea\FCBC_VISR\DFO_Data\Classification\commondata\shapefiles\ECCC_Classification_20171116.shp
    intersecting 256 of 268     \\spatialfiles.bcgov\Work\lwbc\visr\Workarea\FCBC_VISR\Regional_Datasets\Gwani_project_area\Gwani_prj_area.shp
    intersecting 257 of 268     \\spatialfiles.bcgov\Work\lwbc\visr\Workarea\Shared_Data\MAMU\Spatial Data\MAMU_LUOR.gdb\MAMU_LUOR_SuitableHabitat_NonCorporate
    intersecting 258 of 268     \\spatialfiles.bcgov\work\srm\nan\Workarea\Aquaculture\data\Outgoing\HarvestAreas_20201216_final\HarvestAreas_20201216_final.shp
    intersecting 259 of 268     bcgw.sde\WHSE_LAND_USE_PLANNING.RMP_PLAN_LEGAL_POLY_SVW
    intersecting 260 of 268     bcgw.sde\WHSE_LAND_USE_PLANNING.RMP_PLAN_LEGAL_POLY_SVW
    intersecting 261 of 268     bcgw.sde\WHSE_LAND_USE_PLANNING.RMP_PLAN_LEGAL_POLY_SVW
    intersecting 262 of 268     bcgw.sde\WHSE_LAND_USE_PLANNING.RMP_PLAN_LEGAL_POLY_SVW
    intersecting 263 of 268     bcgw.sde\WHSE_LAND_USE_PLANNING.RMP_PLAN_LEGAL_POLY_SVW
    intersecting 264 of 268     bcgw.sde\WHSE_LAND_USE_PLANNING.RMP_PLAN_LEGAL_POLY_SVW
    intersecting 265 of 268     bcgw.sde\WHSE_FOREST_TENURE.BCTS_OPERATING_AREAS_SP
    intersecting 266 of 268     bcgw.sde\WHSE_FOREST_VEGETATION.REC_KARST_INV_SVW
    intersecting 267 of 268     \\spatialfiles.bcgov\work\srm\nan\Local\Data\HaidaGwaii\DevelopmentAreas\DevelopmentAreaBaseData.shp
    intersecting 268 of 268     bcgw.sde\WHSE_BASEMAPPING.FWA_COASTLINES_SP
Clip Data Time is 1019
Generating HTML maps
Make Maps Time is 2341
======================================================================
Creating the final output spreadsheet
    writing spreadsheet row 1 of 268      Crossed by River or Creek FWA
    writing spreadsheet row 2 of 268      Crossed by River or Creek TRIM
    writing spreadsheet row 3 of 268      Crossed by Road or Highway DRA
    writing spreadsheet row 4 of 268      Crossed by FSR or Permit Roads
    writing spreadsheet row 5 of 268      Crossed by FSR or Permit Roads within right of way allowance
    writing spreadsheet row 6 of 268      Crossed by Surveyed Right of way
    writing spreadsheet row 7 of 268      Crossed by Right of way
    writing spreadsheet row 8 of 268      Crossed by Railway Tracks
    writing spreadsheet row 9 of 268      Crossed by Railway Crossings
    writing spreadsheet row 10 of 268      Adjoined by River or Creek FWA
    writing spreadsheet row 11 of 268      Adjoined by River or Creek TRIM
    writing spreadsheet row 12 of 268      Adjoined by Highway DRA
    writing spreadsheet row 13 of 268      Adjoined by Road DRA
    writing spreadsheet row 14 of 268      Adjoined by FSR or Permit Roads
    writing spreadsheet row 15 of 268      Adjoined by Surveyed Right of way
    writing spreadsheet row 16 of 268      Adjoined by Right of way
    writing spreadsheet row 17 of 268      Adjoined by Transportation Corridors
    writing spreadsheet row 18 of 268      Adjoined by Railway Tracks
    writing spreadsheet row 19 of 268      Adjoined by Railway Crossings
    writing spreadsheet row 20 of 268      Indian Reserves
    writing spreadsheet row 21 of 268      IR within 2 km
    writing spreadsheet row 22 of 268      National Park
    writing spreadsheet row 23 of 268      Park and Protected Areas
    writing spreadsheet row 24 of 268      Conservancy Areas
    writing spreadsheet row 25 of 268      Conservation Lands including Wildlife Managment Areas
    writing spreadsheet row 26 of 268      NGO Conservation Areas
    writing spreadsheet row 27 of 268      Consultative Areas
    writing spreadsheet row 28 of 268      First Nation Statement of Intent Boundaries 
    writing spreadsheet row 29 of 268      MFR First Nation Agreement Boundaries
    writing spreadsheet row 30 of 268      First Nation Traditional Use Study Area
    writing spreadsheet row 31 of 268      Traditional Use Points
    writing spreadsheet row 32 of 268      Traditional Use Lines
    writing spreadsheet row 33 of 268      Traditional Use Polygons
    writing spreadsheet row 34 of 268      Timber Supply Area and Blocks
    writing spreadsheet row 35 of 268      Primary Survey Parcels Tantalis
    writing spreadsheet row 36 of 268      Land Act Subdivisions Tantalis
    writing spreadsheet row 37 of 268      ParcelMap BC
    writing spreadsheet row 38 of 268      Crown Granted Mineral Claims
    writing spreadsheet row 39 of 268      Crown Tenure Tantalis Application
    writing spreadsheet row 40 of 268      Crown Tenure Tantalis Tenure
    writing spreadsheet row 41 of 268      Crown Tenure Inventory
    writing spreadsheet row 42 of 268      Crown Tenure PreTantalis
    writing spreadsheet row 43 of 268      Grazing Leases Tantalis 
    writing spreadsheet row 44 of 268      Crown Acquisitions
    writing spreadsheet row 45 of 268      Crown Reversions
    writing spreadsheet row 46 of 268      Transfers of Admin and Control
    writing spreadsheet row 47 of 268      Guide Outfitter
    writing spreadsheet row 48 of 268      Trapline
    writing spreadsheet row 49 of 268      FTEN Roads
    writing spreadsheet row 50 of 268      FTEN Roads within right of way allowance
    writing spreadsheet row 51 of 268      FTEN Special Access Roads Line
    writing spreadsheet row 52 of 268      FTEN Special Access Roads Poly
    writing spreadsheet row 53 of 268      FTEN Range Tenure 
    writing spreadsheet row 54 of 268      FTEN Harvest Authority
    writing spreadsheet row 55 of 268      FTEN Cut Blocks Current and Application
    writing spreadsheet row 56 of 268      FTEN Communication Sites
    writing spreadsheet row 57 of 268      FTEN Real Property Projects
    writing spreadsheet row 58 of 268      FTEN Special Use Permits
    writing spreadsheet row 59 of 268      FTEN Timber Licence Polygons
    writing spreadsheet row 60 of 268      FTEN Timber Licence Remaining Polygons
    writing spreadsheet row 61 of 268      FTEN Timber Licence Elimination Polygons
    writing spreadsheet row 62 of 268      FTEN Managed Licenses
    writing spreadsheet row 63 of 268      FTEN Free Use Permits
    writing spreadsheet row 64 of 268      FTEN Map Notation Lines
    writing spreadsheet row 65 of 268      FTEN Map Notation Polys
    writing spreadsheet row 66 of 268      FTEN Map Notation Points
    writing spreadsheet row 67 of 268      TFL
    writing spreadsheet row 68 of 268      TFL Additions
    writing spreadsheet row 69 of 268      TFL Deletions
    writing spreadsheet row 70 of 268      TFL Schedule A
    writing spreadsheet row 71 of 268      Research Plots
    writing spreadsheet row 72 of 268      Growth and Yield Plots
    writing spreadsheet row 73 of 268      FTEN Recreation Tenure Polys
    writing spreadsheet row 74 of 268      FTEN Recreation Tenure Lines
    writing spreadsheet row 75 of 268      Section 58 Recreation Order Points
    writing spreadsheet row 76 of 268      Section 58 Recreation Order Lines
    writing spreadsheet row 77 of 268      Section 58 Recreation Order Polygons
    writing spreadsheet row 78 of 268      RESULTS Openings
    writing spreadsheet row 79 of 268      RESULTS Reserves
    writing spreadsheet row 80 of 268      Climate Stations
    writing spreadsheet row 81 of 268      Hydrometric Stations
    writing spreadsheet row 82 of 268      Streams with Water Allocation Notations
    writing spreadsheet row 83 of 268      Aquifers with Water Allocation Notations
    writing spreadsheet row 84 of 268      Water Rights Licences
    writing spreadsheet row 85 of 268      Water Rights Applications
    writing spreadsheet row 86 of 268      Water Licenced Work Linear Features within 50m
    writing spreadsheet row 87 of 268      Water Licenced Work Point Features within 50m
    writing spreadsheet row 88 of 268      Land Parcels with Water Licences
    writing spreadsheet row 89 of 268      Water Approvals
    writing spreadsheet row 90 of 268      Reservoir Permits over Crown Land
    writing spreadsheet row 91 of 268      BC Dams
    writing spreadsheet row 92 of 268      Coal Application
    writing spreadsheet row 93 of 268      Coal Lease
    writing spreadsheet row 94 of 268      Coal Licence
    writing spreadsheet row 95 of 268      Permitted Mine Area for Major Mines
    writing spreadsheet row 96 of 268      NOW Centre Points within area of interest
    writing spreadsheet row 97 of 268      NOW Centre Points within 500 metres
    writing spreadsheet row 98 of 268      Mineral and Placer Tenures
    writing spreadsheet row 99 of 268      Petroleum Tenures
    writing spreadsheet row 100 of 268      Important Fossil Areas
    writing spreadsheet row 101 of 268      Environmental Remediation Sites
    writing spreadsheet row 102 of 268      Environmental Monitoring Stations
    writing spreadsheet row 103 of 268      Archaeology Sites
    writing spreadsheet row 104 of 268      Archaeology Sites within 50 metres
    writing spreadsheet row 105 of 268      Heritage Sites 
    writing spreadsheet row 106 of 268      Heritage Sites within 50 metres
    writing spreadsheet row 107 of 268      Indigenous Protected and Conserved Areas IPCA
    writing spreadsheet row 108 of 268      Agriculture Land Reserve
    writing spreadsheet row 109 of 268      Transportation Corridors
    writing spreadsheet row 110 of 268      Alpine Ski Areas
    writing spreadsheet row 111 of 268      Snowmobile Management Areas
    writing spreadsheet row 112 of 268      Reserve Mineral Sites
    writing spreadsheet row 113 of 268      Placer Reserve Sites
    writing spreadsheet row 114 of 268      Species and Ecosystems at Risk Public Occurrences
    writing spreadsheet row 115 of 268      Species and Ecosystems at Risk Masked Secured Occurrences
    writing spreadsheet row 116 of 268      Community Watersheds
    writing spreadsheet row 117 of 268      Flood Plains in BC
    writing spreadsheet row 118 of 268      Water Wells
    writing spreadsheet row 119 of 268      Ground Water Aquifers
    writing spreadsheet row 120 of 268      Water Reservations Points
    writing spreadsheet row 121 of 268      Water Allocation Notation Points
    writing spreadsheet row 122 of 268      Non Trim Hydrography
    writing spreadsheet row 123 of 268      Flood Protection Works Appurtenant Structures
    writing spreadsheet row 124 of 268      Active Snow Course Locations
    writing spreadsheet row 125 of 268      Active Snow Pillow Locations
    writing spreadsheet row 126 of 268      Wildlife Habitat Area Legal
    writing spreadsheet row 127 of 268      Wildlife Habitat Proposed
    writing spreadsheet row 128 of 268      Ungulate Winter Range Legal
    writing spreadsheet row 129 of 268      Ungulate Winter Range Legal with 5 km buffer
    writing spreadsheet row 130 of 268      Ungulate Winter Range Proposed
    writing spreadsheet row 131 of 268      Caribou Habitat Areas WHA GAR order
    writing spreadsheet row 132 of 268      Caribou Habitat Areas UWR GAR order
    writing spreadsheet row 133 of 268      Proposed Fisheries Sensitive Watersheds
    writing spreadsheet row 134 of 268      Approved Fisheries Sensitive Watersheds
    writing spreadsheet row 135 of 268      Critical Habitat for Federally listed Species at Risk
    writing spreadsheet row 136 of 268      Eelgrass Areas
    writing spreadsheet row 137 of 268      Kelp Beds
    writing spreadsheet row 138 of 268      Wildlife Management Areas
    writing spreadsheet row 139 of 268      Wildlife Management Units
    writing spreadsheet row 140 of 268      Provincial Forest
    writing spreadsheet row 141 of 268      Provincial Forest Additions
    writing spreadsheet row 142 of 268      Provincial Forest Deletions
    writing spreadsheet row 143 of 268      Provincial Forest Exclusions
    writing spreadsheet row 144 of 268      Terrain Mapping Project Boundaries
    writing spreadsheet row 145 of 268      Landscape Units
    writing spreadsheet row 146 of 268      Strategic Land Resource Plans
    writing spreadsheet row 147 of 268      Legal OGMA
    writing spreadsheet row 148 of 268      Non Legal OGMA
    writing spreadsheet row 149 of 268      Old Growth Recommended Harvest Deferral Areas
    writing spreadsheet row 150 of 268      Legal Strategic Land and Resource Planning Objectives polygons
    writing spreadsheet row 151 of 268      Legal Strategic Land and Resource Planning Objectives point
    writing spreadsheet row 152 of 268      Legal Strategic Land and Resource Planning Objectives line
    writing spreadsheet row 153 of 268      Non Legal Strategic Land and Resource Planning Features polygon
    writing spreadsheet row 154 of 268      Non Legal Strategic Land and Resource Planning Features point
    writing spreadsheet row 155 of 268      Non Legal Strategic Land and Resource Planning Features line
    writing spreadsheet row 156 of 268      Archaeological Potential
    writing spreadsheet row 157 of 268      Arch Potential Informed Contributors Layer
    writing spreadsheet row 158 of 268      Known Fish Observations
    writing spreadsheet row 159 of 268      Known Fish Observations within 5km
    writing spreadsheet row 160 of 268      Historic Known Fish Distribution Points with Spawning and Rearing
    writing spreadsheet row 161 of 268      Historic Known Fish Dist Points with Spawning and Rearing 5km buffer
    writing spreadsheet row 162 of 268      Biogeoclimatic Zone
    writing spreadsheet row 163 of 268      Energy Production Tenures Tantalis
    writing spreadsheet row 164 of 268      BCER Road Permit Areas
    writing spreadsheet row 165 of 268      BCER Road Application Areas
    writing spreadsheet row 166 of 268      BCER Well Facility Permits
    writing spreadsheet row 167 of 268      BCER Well Facility Applications
    writing spreadsheet row 168 of 268      BCER Pipeline Area Permits
    writing spreadsheet row 169 of 268      BCER Pipeline Area Applications
    writing spreadsheet row 170 of 268      BCER Pipeline Area Permits within 50m
    writing spreadsheet row 171 of 268      BCER Pipeline Area Applications within 50m
    writing spreadsheet row 172 of 268      BCER Construction Corridor
    writing spreadsheet row 173 of 268      BCER Seismic Permits
    writing spreadsheet row 174 of 268      BCER Seismic Applications
    writing spreadsheet row 175 of 268      BCER Facility Location Permits
    writing spreadsheet row 176 of 268      BCER Ancillary Permits
    writing spreadsheet row 177 of 268      BCER Ancillary Applications
    writing spreadsheet row 178 of 268      BCER Sump Locations
    writing spreadsheet row 179 of 268      BCER Waste Disposal Sites
    writing spreadsheet row 180 of 268      BCER Water Source Permits
    writing spreadsheet row 181 of 268      BCER Water Source Applications
    writing spreadsheet row 182 of 268      LEGACY BCER Petroleum Development Roads Pre 2006 within 50m
    writing spreadsheet row 183 of 268      LEGACY BCER Facility Locations Pre 2016
    writing spreadsheet row 184 of 268      AOI of First Nations Reconciliation Initiatives
    writing spreadsheet row 185 of 268      MOT District Boundaries
    writing spreadsheet row 186 of 268      MOE District Boundaries
    writing spreadsheet row 187 of 268      Health Authority Boundaries
    writing spreadsheet row 188 of 268      Land Districts
    writing spreadsheet row 189 of 268      Regional Districts
    writing spreadsheet row 190 of 268      Muskwa Kechika Management Area
    writing spreadsheet row 191 of 268      Natural Resource District
    writing spreadsheet row 192 of 268      Natural Resource Regions
    writing spreadsheet row 193 of 268      Natural Resource ADM Areas
    writing spreadsheet row 194 of 268      Water Management Districts
    writing spreadsheet row 195 of 268      Water Management Precincts
    writing spreadsheet row 196 of 268      Municipalities
    writing spreadsheet row 197 of 268      Nanwakolas Area Significance
    writing spreadsheet row 198 of 268      First Nation Treaty Lands
    writing spreadsheet row 199 of 268      First Nation Treaty Related Lands
    writing spreadsheet row 200 of 268      First Nation Treaty Areas
    writing spreadsheet row 201 of 268      Land Claim Settlement Areas
    writing spreadsheet row 202 of 268      Islands Trust Local Committee Areas
    writing spreadsheet row 203 of 268      Prov Parks and Eco Reserves within 1 km Radius
    writing spreadsheet row 204 of 268      Protected Areas and Recreation Areas within 1 km Radius
    writing spreadsheet row 205 of 268      Conservancy Areas within 1 km Radius
    writing spreadsheet row 206 of 268      Wildlife Management Areas within 1 km Radius
    writing spreadsheet row 207 of 268      Coastal First Nation Consolidated Boundary
    writing spreadsheet row 208 of 268      Indian Reserves within 5 km Radius
    writing spreadsheet row 209 of 268      Approx Small Craft Harbour Authority Locations 1 Km Radius
    writing spreadsheet row 210 of 268      Maanulth Important Harvest Areas
    writing spreadsheet row 211 of 268      Nuchatlaht Claim Area Feb2018
    writing spreadsheet row 212 of 268      Nuchatlaht Claim Area with 1 km buffer Feb2018
    writing spreadsheet row 213 of 268      MIRR NOIs for Namgis FN and Tlowitsis Nation
    writing spreadsheet row 214 of 268      MIRR NOI for Wei Wai Kum First Nation
    writing spreadsheet row 215 of 268      MIRR NOI for Gwasalanakwaxdaxw FN  July 2020
    writing spreadsheet row 216 of 268      MIRR NOI for Wuikinuxv FN Sept 2020
    writing spreadsheet row 217 of 268      AOI FN Reconciliation Initiatives
    writing spreadsheet row 218 of 268      Big Trees within Forest Administration Designated Area 
    writing spreadsheet row 219 of 268      Archaeological Sites within 1 km Radius
    writing spreadsheet row 220 of 268      Archaeological Sites within 500 m Radius
    writing spreadsheet row 221 of 268      Archaeological Sites within 250 m Radius
    writing spreadsheet row 222 of 268      Archaeological Sites within 200 m Radius
    writing spreadsheet row 223 of 268      Archaeological Sites within 150 m Radius
    writing spreadsheet row 224 of 268      Archaeological Sites within 100 m Radius
    writing spreadsheet row 225 of 268      Archaeology Overview Assessment Areas within 1 km Radius
    writing spreadsheet row 226 of 268      Campbell River NRD Archaeology Overview Assseement CMT Potential 
    writing spreadsheet row 227 of 268      Marble Murrelet Reserve Pre 2000
    writing spreadsheet row 228 of 268      Kelp Beds from CRIMS within 100 m Radius
    writing spreadsheet row 229 of 268      Kelp Beds from CRIMS within 1 km Radius
    writing spreadsheet row 230 of 268      Kelp Beds mapped by Islands Trust within 100m Radius update 2022
    writing spreadsheet row 231 of 268      Kelp Beds mapped by Islands Trust within 1 km Radius update 2022
    writing spreadsheet row 232 of 268      Eel Grass Beds from CRIMS within 100m Radius
    writing spreadsheet row 233 of 268      Eel Grass Beds from CRIMS within 1 km Radius
    writing spreadsheet row 234 of 268      Eel Grass Beds mapped by Islands Trust within 100m Radius update 2022
    writing spreadsheet row 235 of 268      Eel Grass Beds mapped by Islands Trust within 1 km Radius update 2022
    writing spreadsheet row 236 of 268      Killer Whale Significant Areas within WCVI and SOG
    writing spreadsheet row 237 of 268      Killer Whale Significant Areas within PNCIMA
    writing spreadsheet row 238 of 268      DFO Critical Habitat of Species at Risk Southern and Northern Resident Killer whales
    writing spreadsheet row 239 of 268      Clam Beds from CRIMS
    writing spreadsheet row 240 of 268      Herring Spawn from CRIMS
    writing spreadsheet row 241 of 268      Drinking Water within 500 meters
    writing spreadsheet row 242 of 268      Crown Land Tenure Tantalis within 150 meters
    writing spreadsheet row 243 of 268      Crown Land Application Tantalis within 150 meters
    writing spreadsheet row 244 of 268      Commercial Land Act Tenures of Interest within 1 km radius
    writing spreadsheet row 245 of 268      Commercial Land Act Applications of Interest within 1 km radius 
    writing spreadsheet row 246 of 268      Section 15 to 17 Land Act Reserve Tenures within 1 km radius 
    writing spreadsheet row 247 of 268      Section 15 to 17 Land Act Reserve Applications within 1 km radius
    writing spreadsheet row 248 of 268      Utility Pricing Zones
    writing spreadsheet row 249 of 268      Potential Log Handling BC Coast
    writing spreadsheet row 250 of 268      Recreation Sites and Reserves within One Kilometer Radius
    writing spreadsheet row 251 of 268      MaPPs Central Coast Marine Plan
    writing spreadsheet row 252 of 268      MaPPs Haida Gwaii Marine Plan
    writing spreadsheet row 253 of 268      MaPPs North Coast Marine Plan
    writing spreadsheet row 254 of 268      MaPPs North Vancouver Island Marine Plan
    writing spreadsheet row 255 of 268      Federal Classified Shellfish Harvest Areas Nov 2017
    writing spreadsheet row 256 of 268      Gwani Project Area
    writing spreadsheet row 257 of 268      MAMU Suitable habitat
    writing spreadsheet row 258 of 268      Aquaculture Plant Harvesting Areas
    writing spreadsheet row 259 of 268      Marbled Murrelet Reserves
    writing spreadsheet row 260 of 268      Northern Goshawk Reserves
    writing spreadsheet row 261 of 268      Northern Saw Whet Owl Reserves
    writing spreadsheet row 262 of 268      Sensitive Watersheds
    writing spreadsheet row 263 of 268      Cedar Stewardship Areas
    writing spreadsheet row 264 of 268      Forest Reserves
    writing spreadsheet row 265 of 268      BCTS Operating Areas
    writing spreadsheet row 266 of 268      Potential Karst Sites
    writing spreadsheet row 267 of 268      Development Areas
    writing spreadsheet row 268 of 268      Coastline
Make Spreadsheet Time is 289
======================================================================
======================================================================
======================================================================
Batch Ast V3 - Universal Overlap Tool finished running
Set Environment Time is 0
Create GDB Time is 7
Read Inputs Time is 0
Clip Data Time is 1019
Make Maps Time is 2341
Make Spreadsheet Time is 289
Total Run Time is 3658
======================================================================
*** Running Automated Status Tool ***
======================================================================
======================================================================
Batch Ast V3 - running the one status part 2 tool
======================================================================
Passed Inputs:
0: \\spatialfiles.bcgov\work\srm\nel\Local\Geomatics\Workarea\csostad\Statusing\july11_v3_no_auto
1: false
2: west_coast
3: 
4: 
5: 
6: \\spatialfiles.bcgov\work\srm\nel\Local\Geomatics\Workarea\csostad\Statusing\july11_v3_no_auto\aoi_boundary.gdb\aoi
======================================================================
======================================================================
The input criteria are:
data_path = \\spatialfiles.bcgov\work\srm\nel\Local\Geomatics\Workarea\csostad\Statusing\july11_v3_no_auto
analyize_this_featureclass = \\spatialfiles.bcgov\work\srm\nel\Local\Geomatics\Workarea\csostad\Statusing\july11_v3_no_auto\aoi_boundary.gdb\aoi
working_directory = \\spatialfiles.bcgov\work\srm\nel\Local\Geomatics\Workarea\csostad\Statusing\july11_v3_no_auto
dont_overwrite_outputs = false
region = west_coast
crown_lands_file = 
disposition_transaction = 
parcel_number = 
======================================================================
Batch Ast V3 - Creating working directories, geodatabases, variables
======================================================================
Batch Ast V3 - Copying the AOI into the working .GDB
.   Creating the raw AOI 
.   Creating the final AOI 
======================================================================
Buffering parcel boundary 
.  5m
.  25km
======================================================================
Gathering data needed to run tool
.  Parcel centroid
.  TA_DISPOSITION_TRANSACTIONS 
.  Getting input_of_raw_data\bc_arch_potential
.  Getting input_of_raw_data\bc_arch_sites
.     Calculating nearest input_of_raw_data\bc_arch_sites
.     performing join
.     Calculating necessary fields
.      Adding nears fields to parcel dataset
.  Getting input_of_raw_data\bc_indian_res
.     Calculating nearest input_of_raw_data\bc_indian_res
.     performing join
.     Calculating necessary fields
.      Adding nears fields to parcel dataset
.  Getting parcel mapsheet polys
.  Identitying for parcel_mapsheet_polys
.  Getting parcel for district
.  Identitying for parcel_for_district
.  Getting parcel municipality
.  Identitying for parcel_municipality
.  Getting parcel prov forest
.  Identitying for parcel_prov_forest
.  Getting parcel prov forest addition
.  Identitying for parcel_prov_forest_addition
.  Getting parcel prov forest deletion
.  Identitying for parcel_prov_forest_deletion
.  Getting parcel prov forest exclusion
.  Identitying for parcel_prov_forest_exclusion
.  Getting parcel assessment area
.  Identitying for parcel_assessment_area
.  Getting parcel land title district
.  Identitying for parcel_land_title_district
.  Getting parcel electoral district
.  Identitying for parcel_electoral_district
.  Getting parcel regional district
.  Identitying for parcel_regional_district
.  Getting parcel pins
.  Clipping for parcel_pins
.  Getting parcel pins adjacent
.  Clipping for parcel_pins_adjacent
.  Getting parcel pins right of way
.  Clipping for parcel_pins_right_of_way
.  Getting parcel alr
.  Clipping for parcel_alr
======================================================================
Creating the excel variables
   self.xl_nearest_ir:
      b'17.6', 17.6
      b'SECHELT BAND LANDS (COKQUENEETS) NO 23 - shish\xc3\xa1lh Nation', SECHELT BAND LANDS (COKQUENEETS) NO 23 - shishálh Nation
======================================================================
Creating the final output spreadsheet
.  Creating FILES section of the spreadsheet
.  Creating Applicant's section of the spreadsheet
.  Creating the LANDS section of the spreadsheet
.  Creating the ADJUDICATION section of the spreadsheet
.  Creating the MINES section of the spreadsheet
.  Creating the FORESTS section of the spreadsheet
.  Creating the WATER section of the spreadsheet
.  Creating the COMMENTS section of the spreadsheet
.  Creating the STATUS OF CONFLICT tab

Spreadsheet Created:
   \\spatialfiles.bcgov\work\srm\nel\Local\Geomatics\Workarea\csostad\Statusing\july11_v3_no_auto\one_status_tabs_1_and_2.xlsx
Starting the merge of two XLS files
.  loading the workbooks
.
.
Automated_status_sheet.xlsx is ready for you to use
\\spatialfiles.bcgov\work\srm\nel\Local\Geomatics\Workarea\csostad\Statusing\july11_v3_no_auto\automated_status_sheet.xlsx
.
.
Succeeded at July 11, 2025 1:44:46 PM (Elapsed Time: 1 hours 3 minutes 25 seconds)
